idx,shl_idf_cd,school_name,sido,gugun,crse_cd,확인여부,상태,총파일수,교육과정파일수,파일목록,저장폴더
1,3ff1adcc-33d2-42b6-908c-83c38614b136,제천상업고등학교,충청북도,제천시,04,Y,ok,3,3,2026학년도 3개 학년 교육과정 편제표(전학과).hwp | 2026학년도 입학생 교육과정 편제표(제천상고).xlsx | 2025학년도 입학생 교육과정 편제표(제천상업고)_능력단위전체_26.2.변경.xlsx,D:\project\MAPS\curriculum_files\충청북도\제천상업고등학교
2,2b0ae8b7-611f-4ecc-8969-8d482d40c51f,일신여자고등학교,충청북도,청주시 상당구,04,Y,ok,1,0,2026학년도 일신여고 연간학사일정.hwpx,D:\project\MAPS\curriculum_files\충청북도\일신여자고등학교
3,9e80c657-815b-4f10-b4b8-758618298091,산남고등학교,충청북도,청주시 서원구,04,Y,no_file,0,0,,
4,6c4dfed3-b851-466d-be4f-8ab4be171d0c,오창고등학교,충청북도,청주시 청원구,04,Y,no_file,0,0,,
5,7b6164bf-cfb8-404d-ba8f-e2868c43edf2,영동고등학교,충청북도,영동군,04,Y,ok,2,1,2026학년도 영동고 연간 학사 일정.pdf | 학교교육과정 편성·운영·평가계획.hwp,D:\project\MAPS\curriculum_files\충청북도\영동고등학교
6,7bd4db2d-7e53-49f4-802b-c2786acdd4d0,영동미래고등학교,충청북도,영동군,04,Y,no_file,0,0,,
7,75ed509f-324d-4523-a4f5-959471a3991c,진천상업고등학교,충청북도,진천군,04,Y,no_file,0,0,,
8,c3918940-a4c8-4c3a-9e97-fea145f65916,진천고등학교,충청북도,진천군,04,Y,no_file,0,0,,
9,b277f9a9-2933-424f-9870-043119f35c36,광명고등학교,경기도,광명시,04,Y,ok,3,1,2026학년도 광명고 학사일정 .pdf | 2025년 광명고 학교평가 결과보고서.pdf | 2026학년도 광명고 학교교육과정 편성 운영 평가 계획.pdf,D:\project\MAPS\curriculum_files\경기도\광명고등학교
10,3838560c-2da3-4f2a-8dd6-d75f77169490,광명북고등학교,경기도,광명시,04,Y,ok,1,0,2026학년도 학사일정.pdf,D:\project\MAPS\curriculum_files\경기도\광명북고등학교
11,1aedcc3e-e59f-4b4d-9ad9-0c0ac0ac1c4c,창의경영고등학교,경기도,광명시,04,Y,ok,1,1,2026학년도 학교교육과정 운영계획서(정보공시).pdf,D:\project\MAPS\curriculum_files\경기도\창의경영고등학교
12,67e83753-5deb-41a0-9c12-2e21fc4a440c,소하고등학교,경기도,광명시,04,Y,ok,3,2,2026학년도 학사일정.hwp | 2025 일반고 입학생 교육과정 편성표(소하고).xls | 2026 일반고 입학생 교육과정 편성표(소하고).xls,D:\project\MAPS\curriculum_files\경기도\소하고등학교
13,80d97ae8-b6e2-4811-af3a-e7f7f6f94f6b,충현고등학교,경기도,광명시,04,Y,ok,1,1,2026학년도 학교교육과정 운영계획(안)-개인정보 처리.hwp,D:\project\MAPS\curriculum_files\경기도\충현고등학교
14,a16419c3-ac41-4ff6-af42-1eae6166a332,광휘고등학교,경기도,광명시,04,Y,ok,2,1,"2026학년도 광휘고등학교 교육과정 편성, 운영, 평가 계획.hwp | 2026학년도 광휘고 학사 일정.xlsx",D:\project\MAPS\curriculum_files\경기도\광휘고등학교
15,19e9abd7-bab9-4926-a8b4-dfea7cd3f7db,운산고등학교,경기도,광명시,04,Y,no_file,0,0,,
16,ec3506b6-67cb-4650-8266-166e8417106b,은혜고등학교,경기도,평택시,04,Y,no_file,0,0,,
17,23f739fc-d22b-49f8-9f52-c4b091f865cb,태광고등학교,경기도,평택시,04,Y,ok,4,3,"2026학년도 학사일정 및 창체, SLAT(발송용).hwp | 2026학년도 입학생 교육과정 편제표_태광고 (공시).pdf | 2025학년도 입학생 교육과정 편제표_태광고 (공시).pdf | 2024학년도 입학생 교육과정 편제표 (공시).pdf",D:\project\MAPS\curriculum_files\경기도\태광고등학교
18,869ea306-bdde-48f1-bafb-fca48624cd16,평택여자고등학교,경기도,평택시,04,Y,ok,1,1,2026학년도 평택여고 학교교육과정 편성운영평가 계획.pdf,D:\project\MAPS\curriculum_files\경기도\평택여자고등학교
19,01c96bf8-9638-477f-951a-8c73f9d26317,안중고등학교,경기도,평택시,04,Y,no_file,0,0,,
20,994bdf47-46fa-4e57-90f4-3cb1817935b2,현화고등학교,경기도,평택시,04,Y,ok,1,0,2026학년도 현화고 학사일정(안).pdf,D:\project\MAPS\curriculum_files\경기도\현화고등학교
21,fe2ae495-e1a2-47a9-80b8-bd5d2815b928,동두천외국어고등학교,경기도,동두천시,04,Y,no_file,0,0,,
22,c6ae475d-1c98-493f-936a-eb0244b12687,동두천중앙고등학교,경기도,동두천시,04,Y,ok,1,1,2026 학교교육과정 운영 계획서.pdf,D:\project\MAPS\curriculum_files\경기도\동두천중앙고등학교
23,d2cea9b3-1151-4015-ade4-967228d6da78,신길고등학교,경기도,안산시 단원구,04,Y,ok,1,1,2026학년도 신길고 학교교육과정 편성·운영·평가 계획.pdf,D:\project\MAPS\curriculum_files\경기도\신길고등학교
24,f132fc5b-adea-42f7-9cb1-0ae853e22f02,초지고등학교,경기도,안산시 단원구,04,Y,ok,6,2,2026학년도 3월 특수학급 현장체험학습 실시 계획(안)(수정).hwp | 2026학년도 숙박형 현장체험학습(수련활동) 세부 운영 계획(안)수정.hwp | 2026학년도 학사일정(4.3.).hwp | 2026학년도 교육과정부 운영계획(안).hwp | 2026학년도 학교 교육과정 운영계획(안).hwp | 2026학년도 현장체험학습(수학여행) 세부운영계획(안).hwp,D:\project\MAPS\curriculum_files\경기도\초지고등학교
25,4b2bd028-8c2a-4b75-b1ba-ee2584cb38bf,대부고등학교,경기도,안산시 단원구,04,Y,ok,1,0,2026학년도 대부중고학교 통합학사 일정 변경(안)_0327.hwpx,D:\project\MAPS\curriculum_files\경기도\대부고등학교
26,1da0c262-fb48-441a-99d2-9c42c091c3c5,장안고등학교,경기도,수원시 장안구,04,Y,ok,1,0,※ 2026 체험활동 계획 목록(장안고).pdf,D:\project\MAPS\curriculum_files\경기도\장안고등학교
27,1f40a4ba-b9b7-4c9f-a80a-a70adaf307a2,수성고등학교,경기도,수원시 장안구,04,Y,ok,1,1,"2026학년도, 2025학년도, 2024학년도 일반고 교육과정 편제표(수성고).pdf",D:\project\MAPS\curriculum_files\경기도\수성고등학교
28,0491f38a-febd-4ed3-bcc8-bffc5667eb6b,수성고등학교부설방송통신고등학교,경기도,수원시 장안구,04,Y,no_file,0,0,,
29,42380cbf-dc8b-4458-aaca-250a8006f4fe,대평고등학교,경기도,수원시 장안구,04,Y,no_file,0,0,,
30,08262c74-65c9-4825-a5bd-1a13ab56463e,이의고등학교,경기도,수원시 영통구,04,Y,ok,1,1,2026학년도 학교 교육과정 운영계획.pdf,D:\project\MAPS\curriculum_files\경기도\이의고등학교
31,d6336780-3ee4-4d6c-8b12-410310d2ca16,경민비즈니스고등학교,경기도,의정부시,04,Y,ok,3,3,2025학년도 직업계고 입학생 교육과정 편제표(경민비즈니스고).xlsx | 2026학년도 직업계고 입학생 교육과정 편제표(경민비즈니스고).xlsx | 2024학년도 직업계고 입학생 교육과정 편제표(경민비즈니스고).xlsx,D:\project\MAPS\curriculum_files\경기도\경민비즈니스고등학교
32,8e8a3131-59b0-4648-8c32-d98e0fec8bad,경민IT고등학교,경기도,의정부시,04,Y,no_file,0,0,,
33,94b02707-854b-4839-a52c-634f68d0caf0,경민고등학교,경기도,의정부시,04,Y,no_file,0,0,,
34,54ba6446-1071-4afc-a300-243e5769be2d,한국모빌리티고등학교,경기도,의정부시,04,Y,ok,2,1,2026학년도 학교 교육과정 운영계획.hwpx | 2026학년도 연간시간운영계획.xlsx,D:\project\MAPS\curriculum_files\경기도\한국모빌리티고등학교
35,d707a7c3-09fd-434e-8168-54d1dbe38067,의정부광동고등학교,경기도,의정부시,04,Y,no_file,0,0,,
36,49adf7b6-9e05-403b-bacd-1b5d7bdf2efb,의정부여자고등학교,경기도,의정부시,04,Y,no_file,0,0,,
37,e73cf6eb-0019-4821-beca-df16f2df1fc6,의정부고등학교,경기도,의정부시,04,Y,no_file,0,0,,
38,9f97028f-a525-4968-81ed-d14c587ce9d8,평촌경영고등학교,경기도,안양시 동안구,04,Y,no_file,0,0,,
39,0836526a-cee0-4c46-9b9b-6baf1821264a,관양고등학교,경기도,안양시 동안구,04,Y,ok,1,0,2026학년도 관양고 연간학사일정.hwpx,D:\project\MAPS\curriculum_files\경기도\관양고등학교
40,592e7d26-cd95-4633-9ed8-d66bf8dbb6fe,인덕원고등학교,경기도,안양시 동안구,04,Y,ok,1,1,2026학년도 인덕원고 학교교육과정 편성·운영·평가 계획.hwpx,D:\project\MAPS\curriculum_files\경기도\인덕원고등학교
41,63d39a49-914c-4009-9764-3c05fcbc8181,과천여자고등학교,경기도,과천시,04,Y,ok,1,1,2026 과천여고 학교 교육과정 편제.hwpx,D:\project\MAPS\curriculum_files\경기도\과천여자고등학교
42,81db413f-6a40-4fd2-9f54-dcd309639ad1,과천외국어고등학교,경기도,과천시,04,Y,no_file,0,0,,
43,59df990c-e610-4658-94a1-0964d5d287e4,갈매고등학교,경기도,구리시,04,Y,no_file,0,0,,
44,b5acf74d-9fab-4a6e-b44c-4dc74da1c4fc,인창고등학교,경기도,구리시,04,Y,no_file,0,0,,
45,0ed77608-2942-4f21-ad79-00b8c5409892,서울삼육고등학교,경기도,구리시,04,Y,ok,1,0,2026학년도 서울삼육고 학사일정.pdf,D:\project\MAPS\curriculum_files\경기도\서울삼육고등학교
46,8a9eb53c-7019-47bd-a841-154077ada221,구리고등학교,경기도,구리시,04,Y,ok,2,1,(정보공시) 2026학년도 구리고 학사일정.hwpx | (정보공시) 2026학년도 구리고 학교교육과정 편성·운영·평가 계획.hwp,D:\project\MAPS\curriculum_files\경기도\구리고등학교
47,8552d980-7cda-45c5-90b7-610688eca0c8,수택고등학교,경기도,구리시,04,Y,no_file,0,0,,
48,61ecc0e8-bc4b-4bb6-9220-b72952039a84,금곡고등학교,경기도,남양주시,04,Y,no_file,0,0,,
49,499aa21f-2d59-4154-b01a-5cbfbb6bcb5a,보라고등학교,경기도,용인시 기흥구,04,Y,ok,1,0,2026학년도 보라고 연간학사일정.pdf,D:\project\MAPS\curriculum_files\경기도\보라고등학교
50,3515b280-22fd-4371-b105-999760a53e44,대지고등학교,경기도,용인시 수지구,04,Y,ok,1,0,2026학년도 대지고 연간학사일정.pdf,D:\project\MAPS\curriculum_files\경기도\대지고등학교
51,d16c2695-b72c-4a90-ac03-a853b247b347,죽전고등학교,경기도,용인시 수지구,04,Y,no_file,0,0,,
52,cdf32467-a152-42c5-87c5-f146dcf87529,현암고등학교,경기도,용인시 수지구,04,Y,ok,2,1,2026학년도 현암고 연간학사일정.pdf | 2026학년도 현암고 학교교육과정 편성·운영·평가계획.pdf,D:\project\MAPS\curriculum_files\경기도\현암고등학교
53,cf1005c1-9a65-4192-8b56-f97700574f9f,광탄고등학교,경기도,파주시,04,Y,ok,2,1,광탄고 일반학과 교육과정 편제표.hwpx | 2026학사일정.hwp,D:\project\MAPS\curriculum_files\경기도\광탄고등학교
54,aec937c6-f16f-4a67-bf76-cd60eb997be6,다산고등학교,경기도,이천시,04,Y,no_file,0,0,,
55,be938b0e-e9f5-44fe-b63a-8a0bf78b56cc,안성여자고등학교,경기도,안성시,04,Y,ok,4,3,"2026학년도 안성여자고등학교 연간학사일정.pdf | 안성여자고등학교 입학생 3개년 교육과정 편성표(2024~2026).pdf | 2026학년도 안성여자고등학교 연간 자율?자치, 동아리, 봉사 활동 편성?운영 계획.pdf | 2026학년도 안성여자고등학교 학교교육과정 편성 운영 및 평가에 관한 사항.pdf",D:\project\MAPS\curriculum_files\경기도\안성여자고등학교
56,c03c2035-a801-4ec9-81bd-e8d7ef4a1fa6,가온고등학교,경기도,안성시,04,Y,ok,1,0,2026학년도 가온고등학교 연간학사일정.pdf,D:\project\MAPS\curriculum_files\경기도\가온고등학교
57,435cacbd-686c-488a-81c5-7cf911a691ed,도농고등학교,경기도,남양주시,04,Y,ok,7,5,"2026학년도 일반고 입학생 교육과정 편제표.hwpx | 2026학년도 전학년 교육과정 편제표(2025.06.26).hwp | 2026학년도 도농고 창체 연간 운영 계획(안)_5월 1일 공휴일, 부서의견 반영.xlsx | 2026학년도 학사일정-노동절 공휴일 제정으로 인한 수정(안).hwp | 2024학년도 입학생 교육과정 편제표(변경 후)-미개설 및 2026.1학기 공동교육과정 반영.hwp | 2025학년도 입학생 교육과정 편제표(변경 후)-미개설 및 2026.1학기 공동교육과정 반영.hwp | 2026학년도 학교 교육과정 편성 운영계획(안)_수정.hwp",D:\project\MAPS\curriculum_files\경기도\도농고등학교
58,cf381dba-535e-45f8-a160-b1fb2c6efc58,별가람고등학교,경기도,남양주시,04,Y,ok,1,1,2026학년도 학교교육과정 편성운영평가 계획(안)-정보공시.hwp,D:\project\MAPS\curriculum_files\경기도\별가람고등학교
59,87f7cd05-956e-48be-a888-7fc7d6128948,별내고등학교,경기도,남양주시,04,Y,no_file,0,0,,
60,8b992cff-4c79-4d64-8e3c-947650f5b3d4,덕소고등학교,경기도,남양주시,04,Y,ok,1,0,2026학년도 덕소고등학교 연간학사 일정.hwp,D:\project\MAPS\curriculum_files\경기도\덕소고등학교
61,1bf3f651-5840-404c-a250-011d9ae52aae,퇴계원고등학교,경기도,남양주시,04,Y,ok,2,0,2026학년도 연간주요학사일정.pdf | 2026학년도 창체 운영 계획.pdf,D:\project\MAPS\curriculum_files\경기도\퇴계원고등학교
62,8e298802-302f-4d5d-881f-e252df0b88b5,운천고등학교,경기도,오산시,04,Y,ok,2,1,2026학년도 운천고 학사일정.xlsx | 2026학년도 운천고 학교 교육과정 편성 운영 평가 계획.hwp,D:\project\MAPS\curriculum_files\경기도\운천고등학교
63,fd110134-1700-4da7-bc72-3f8f91e98bff,세마고등학교,경기도,오산시,04,Y,ok,1,1,2026학년도 학교교육과정 편성·운영 및 평가에 관한 사항(세마고).pdf,D:\project\MAPS\curriculum_files\경기도\세마고등학교
64,f6cd63a0-358c-42ad-8676-3d908d89baa4,시흥고등학교,경기도,시흥시,04,Y,no_file,0,0,,
65,9393054e-f7a3-4f96-9774-ca007bb55745,경기자동차과학고등학교,경기도,시흥시,04,Y,ok,2,0,2026 창의적체험활동 계획.hwpx | 2026학년도 경기자동차과학고등학교 학사 운영 계획표.xlsx,D:\project\MAPS\curriculum_files\경기도\경기자동차과학고등학교
66,3f6396d9-7139-4a03-a8dd-8a8366fac0e1,흥진고등학교,경기도,군포시,04,Y,ok,2,1,2026학년도 1학기 공동교육과정 운영 계획.pdf | 2026학년도 소인수 선택과목 운영 계획.pdf,D:\project\MAPS\curriculum_files\경기도\흥진고등학교
67,f955d5da-f4a4-4578-8428-644d44fba443,군포고등학교,경기도,군포시,04,Y,ok,2,1,2026학년도 군포고 연간학사일정.xlsx | 2026학년도 군포고등학교 교육과정편성운영계획서.hwp,D:\project\MAPS\curriculum_files\경기도\군포고등학교
68,b95c0c13-e59e-4539-9fc7-d4633e017285,경기외국어고등학교,경기도,의왕시,04,Y,no_file,0,0,,
69,db3002bd-529f-4354-8ab6-eca174a1d5c5,우성고등학교,경기도,의왕시,04,Y,ok,2,1,2026학년도 우성고 학교교육과정 편성?운영?평가 계획.hwpx | 2026학년도 우성고 연간학사일정.hwp,D:\project\MAPS\curriculum_files\경기도\우성고등학교
70,226069a5-ccee-4938-a301-9b15adf1b7aa,모락고등학교,경기도,의왕시,04,Y,ok,1,0,2026학년도 모락고등학교 연간학사일정.pdf,D:\project\MAPS\curriculum_files\경기도\모락고등학교
71,da632131-00a6-4186-91a5-6cf4ced9ea1f,신장고등학교,경기도,하남시,04,Y,ok,9,5,"2026학년도 창의적체험활동 운영계획서.hwp | 2024학년도 입학생 교육과정 편제표(신장고).hwp | 2025학년도 입학생 교육과정 편제표(신장고).hwp | 2026학년도 교육과정 편성표(1,2,3학년 전체).hwp | 2026학년도 입학생 교육과정 편제표(신장고).hwp | (신장고등학교-4593 (첨부)) 2026학년도 동동통락 학교교육과정.hwp | (신장고등학교-3356 (첨부)) 2026학년도 1학년 현장 체험학습 시행 계획서-수정.hwp | (신장고등학교-3510 (첨부)) 2026학년도 2학년 1일형 체험학습 운영계획-수정.hwp | 2026학년도 연간학사 일정(변경).pdf",D:\project\MAPS\curriculum_files\경기도\신장고등학교
72,032b15e3-75ab-4179-a117-4f25ddda13e7,하남고등학교,경기도,하남시,04,Y,no_file,0,0,,
73,535be285-378d-495c-9724-b1ebd1375cb3,미사고등학교,경기도,하남시,04,Y,no_file,0,0,,
74,4a6ee946-6f27-4420-a3be-e563919089a7,미사강변고등학교,경기도,하남시,04,Y,ok,2,1,2026학년도 미사강변고등학교 연간학사일정.pdf | 2026학년도 미사강변고등학교 학교교육과정 편성·운영·평가 계획.pdf,D:\project\MAPS\curriculum_files\경기도\미사강변고등학교
75,cdd34c62-00ce-4325-9e42-d50aa98e2e49,위례고등학교,경기도,하남시,04,Y,no_file,0,0,,
76,5104c4d4-8d85-4492-9ca4-23396ab49db0,고양고등학교,경기도,고양시 덕양구,04,Y,ok,3,3,2024학년도 직업계고 입학생 교육과정 편제표_정보공시(수정).xlsx | 2025학년도 직업계고 입학생 교육과정 편제표_정보공시(수정).xlsx | 2026학년도 직업계고 입학생 교육과정 편제표_정보공시(수정).xlsx,D:\project\MAPS\curriculum_files\경기도\고양고등학교
77,fac29b05-555b-4ddf-919d-03618d6eefd0,무원고등학교,경기도,고양시 덕양구,04,Y,ok,6,3,2025학년도 [일반고] 입학생 교육과정 편제표(무원고등학교).hwpx | 2026학년도 [일반고] 입학생 교육과정 편제표(무원고등학교).hwpx | 2026학년도 3학년 1일형 주제별 체험학습 계획안.hwp | 2026학년도 창의적 체험활동 운영 계획.hwp | 2026학년도 학교 교육과정 계획서.hwpx | 2026학년도 학사일정.hwpx,D:\project\MAPS\curriculum_files\경기도\무원고등학교
78,3a81114a-f7f5-4c16-824f-7946b197f7b8,서정고등학교,경기도,고양시 덕양구,04,Y,ok,2,1,2026학년도 서정고 연간 학사일정.pdf | (정보공시)2026학년도 서정고 학교교육과정 편성·운영·평가 계획.pdf,D:\project\MAPS\curriculum_files\경기도\서정고등학교
79,d24e0e0e-e1fc-4c91-80f0-39a3a63d3f51,행신고등학교,경기도,고양시 덕양구,04,Y,ok,6,2,2026학년도 학사운영계획.pdf | 2024-2026학년도 입학생 교육과정 편제.pdf | 2026학년도 학년별 학교교육과정 편제표.pdf | 2026학년도 창의적 체험활동 연간 계획.pdf | 2026학년도 2학년 체험학습(수련활동) 세부 운영 계획.pdf | 2026학년도 연간 학사 일정 운영 계획.pdf,D:\project\MAPS\curriculum_files\경기도\행신고등학교
80,6081d554-20b2-4d01-bf62-980ba834b452,백양고등학교,경기도,고양시 덕양구,04,Y,ok,1,1,2026학년도 백양고등학교 학교교육과정 편성·운영·평가 계획.hwp,D:\project\MAPS\curriculum_files\경기도\백양고등학교
81,1e45b58e-50d8-4b90-9ecc-c3b5baa88c31,고양국제고등학교,경기도,고양시 일산동구,04,Y,ok,5,1,1-2 GGHS 편제표.pdf | 1-3 GGHS 창의적체험활동.pdf | 1-3 GGHS 체험활동 계획.pdf | 1-3 GGHS 학교평가.pdf | 2 GGHS 학사일정.pdf,D:\project\MAPS\curriculum_files\경기도\고양국제고등학교
82,2f7bd0a7-4158-461b-8deb-3d35c5ca6a3d,저현고등학교,경기도,고양시 일산동구,04,Y,no_file,0,0,,
83,d6ddc2b9-85d0-4188-a1b0-908a227bd8ae,안곡고등학교,경기도,고양시 일산동구,04,Y,no_file,0,0,,
84,00f989f9-07ce-4e17-abb1-68b6d60cc1ed,중산고등학교,경기도,고양시 일산동구,04,Y,ok,1,0,2026학년도 중산고 학사일정.pdf,D:\project\MAPS\curriculum_files\경기도\중산고등학교
85,d64dd5fc-0075-42b7-9c6c-0daba3f196ab,백석고등학교,경기도,고양시 일산동구,04,Y,ok,5,3,공동교육과정 운영.pdf | 교육과정 편제표.pdf | 교육과정의 성격 및 운영 방향.pdf | 창의적 체험 활동 운영.pdf | 학사 일정 운영 계획.pdf,D:\project\MAPS\curriculum_files\경기도\백석고등학교
86,ce98d249-f67e-4520-8713-1e55f30b2e28,정발고등학교,경기도,고양시 일산동구,04,Y,ok,1,1,2026학년도 학교 교육과정 편성·운영 및 평가에 관한 사항.hwp,D:\project\MAPS\curriculum_files\경기도\정발고등학교
87,ef446a37-561d-4b7f-adaa-2c6153061ed2,일산동고등학교,경기도,고양시 일산서구,04,Y,no_file,0,0,,
88,159bfc38-e79f-4b65-8b71-4d86557aa6f6,가좌고등학교,경기도,고양시 일산서구,04,Y,ok,1,1,2026학년도 가좌고 학교교육과정 편성운영.hwpx,D:\project\MAPS\curriculum_files\경기도\가좌고등학교
89,ac5286a2-3dd8-4c8c-9500-aeb6dc92aa2b,경화여자English Business고등학교,경기도,광주시,04,Y,ok,1,1,2026학년도 1차 공시_학교교육과정 편성 운영 및 평가에 관한 사항.hwpx,D:\project\MAPS\curriculum_files\경기도\경화여자English Business고등학교
90,ee93130b-e263-4caa-a0b2-25077d0d0ac0,광주고등학교,경기도,광주시,04,Y,ok,3,3,2026 일반고 입학생 교육과정 편성표(광주고).pdf | 2024학년도 입학생 교육과정 편제표_광주고(3-1공교반영).pdf | 2025 일반고 입학생 교육과정 편성표(광주고)2-1공교반영.pdf,D:\project\MAPS\curriculum_files\경기도\광주고등학교
91,fa550f28-7c52-48ea-923d-0b0d08ab014d,경화여자고등학교,경기도,광주시,04,Y,ok,1,0,2026 학사일정 계획(2.24.).pdf,D:\project\MAPS\curriculum_files\경기도\경화여자고등학교
92,b9f8290b-fb2a-416f-9ef5-f0cb5eab81c3,광남고등학교,경기도,광주시,04,Y,no_file,0,0,,
93,98087d82-ddc6-400e-b9f9-bec5fb5e2b04,오포고등학교,경기도,광주시,04,Y,ok,1,1,2026 오포고 교육과정계획서.pdf,D:\project\MAPS\curriculum_files\경기도\오포고등학교
94,87ada6a2-4ede-4b99-8ecb-f1d1938a19a1,곤지암고등학교,경기도,광주시,04,Y,ok,2,1,2026학년도 곤지암고 창의적체험활동 운영계획.pdf | 2026학년도 곤지암고 3개년 교육과정 편제표.pdf,D:\project\MAPS\curriculum_files\경기도\곤지암고등학교
95,7a1bc14d-4f69-49a4-92c2-7a6c8031fee5,양주고등학교,경기도,양주시,04,Y,ok,1,0,2026학년도 양주고등학교 학사일정.pdf,D:\project\MAPS\curriculum_files\경기도\양주고등학교
96,a91a5085-c366-4292-bfe5-1d088783465e,옥빛고등학교,경기도,양주시,04,Y,no_file,0,0,,
97,29e90fca-590d-48c8-8ed1-bb81cd966713,옥정고등학교,경기도,양주시,04,Y,no_file,0,0,,
98,1de4caa9-113d-4555-bf23-3f598919646c,양주백석고등학교,경기도,양주시,04,Y,ok,6,6,2026학년도 교육과정 위원회 규정.hwpx | 2026 학교 교육과정 편성 필수 연계교육(교과).xlsx | 2026 학교 교육과정 편성 필수연계교육(창체) 260317.xlsx | 2024학년도 입학생 교육과정 편성표(양주백석고)(260330).hwpx | 2025학년도 입학생 교육과정 편제표(양주백석고)_변경 후.hwpx | 2026학년도 입학생 교육과정 편제표(양주백석고)_변경 후.hwpx,D:\project\MAPS\curriculum_files\경기도\양주백석고등학교
99,5516e582-67d2-4cf7-a2ec-b7c906627b7c,포천고등학교,경기도,포천시,04,Y,ok,3,1,2026 포천고등학교 자율형 공립고 2.0 운영 계획서.pdf | 2026학년도 포천고등학교 연간학사일정.hwp | 2026 포천고등학교 학교교육과정 운영계획(수정).pdf,D:\project\MAPS\curriculum_files\경기도\포천고등학교
100,5d0e6a0b-f46c-413f-bbaf-c292ca02768a,동남고등학교,경기도,포천시,04,Y,ok,2,2,2025학년도 중등학교 입학생 교육과정 편제표(동남고).pdf | 2026학년도 중등학교 입학생 교육과정 편제표(동남고).pdf,D:\project\MAPS\curriculum_files\경기도\동남고등학교
101,6090c815-43d5-48a0-9dd3-38469182a3fe,죽산고등학교,경기도,안성시,04,Y,ok,2,0,2026학사일정 - 2026학년도 1학기(최종)_03.31.자 수정.pdf | 2026학사일정 - 2026학년도 2학기(최종)_03.31.자 수정.pdf,D:\project\MAPS\curriculum_files\경기도\죽산고등학교
102,10c36992-ee50-4e1e-a6fa-08f920fedeed,김포과학기술고등학교,경기도,김포시,04,Y,ok,1,1,2026학년도 김포과학기술고등학교 교육과정 운영계획.pdf,D:\project\MAPS\curriculum_files\경기도\김포과학기술고등학교
103,380bf720-84fe-4306-b957-4cbfffafd540,운양고등학교,경기도,김포시,04,Y,ok,1,0,2026학년도 학사일정.pdf,D:\project\MAPS\curriculum_files\경기도\운양고등학교
104,4e3f8e8d-4479-4d37-9321-e0acbba536f8,김포제일고등학교,경기도,김포시,04,Y,ok,1,0,2026 김포제일고 학사일정.pdf,D:\project\MAPS\curriculum_files\경기도\김포제일고등학교
105,4ecec858-74e5-4766-a3ca-db05fab006d8,풍무고등학교,경기도,김포시,04,Y,ok,1,0,2026학년도 학사일정 운영 계획(안).pdf,D:\project\MAPS\curriculum_files\경기도\풍무고등학교
106,48ec9590-9a3f-4ff5-aadd-4576ae193c81,하성고등학교,경기도,김포시,04,Y,ok,1,1,2026학년도 학사 일정 및 교육과정 시간 운영 계획_하성고.pdf,D:\project\MAPS\curriculum_files\경기도\하성고등학교
107,28b35fed-f8aa-4fc5-88b7-4c1f84cdd077,창원경일고등학교,경상남도,창원시 성산구,04,Y,no_file,0,0,,
108,2f00091e-5380-4f9c-b8a3-b0958406a11b,창원기계공업고등학교,경상남도,창원시 성산구,04,Y,ok,1,1,2026학년도 학교 교육과정 편성 및 운영 계획.hwp,D:\project\MAPS\curriculum_files\경상남도\창원기계공업고등학교
109,022ca028-6684-498a-9d22-d3c29c3b0165,지평고등학교,경기도,양평군,04,Y,ok,3,1,2026학년도 지평고 학교교육과정 운영 계획서.hwp | 2026학년도 지평고 체험활동 계획.hwpx | 2026학년도 지평고 연간학사일정.hwpx,D:\project\MAPS\curriculum_files\경기도\지평고등학교
110,9045fcea-0fda-4f7a-8291-2f55578b3a27,용문고등학교,경기도,양평군,04,Y,ok,1,0,2026학년도 용문고등학교 연간학사일정.pdf,D:\project\MAPS\curriculum_files\경기도\용문고등학교
111,3582b01c-c96d-465b-a080-ce5305a5f2f1,양평전자과학고등학교,경기도,양평군,04,Y,ok,1,0,2026학년도 학교주도 활동 시간 운영 계획(안).hwp,D:\project\MAPS\curriculum_files\경기도\양평전자과학고등학교
112,15b6ad8f-2c7a-4de2-b682-7b749dc145b2,수비고등학교,경상북도,영양군,04,Y,no_file,0,0,,
113,c7c57d10-2b63-4708-a259-aff17c4db473,진량고등학교,경상북도,경산시,04,Y,ok,1,1,2026학년도 전학년 교육과정 편성표(진량고).xlsx,D:\project\MAPS\curriculum_files\경상북도\진량고등학교
114,230b1aec-64c2-466e-b925-736266ed4d85,순심여자고등학교,경상북도,칠곡군,04,Y,ok,1,0,2026학년도 순심여고 학사일정.pdf,D:\project\MAPS\curriculum_files\경상북도\순심여자고등학교
115,15f3a21e-2311-4c3a-b971-30815bd63095,대아고등학교,경상남도,진주시,04,Y,no_file,0,0,,
116,53af68b8-77c3-4324-a7d8-9d3b8a79d3b5,창원과학고등학교,경상남도,창원시 의창구,04,Y,ok,1,1,2026학년도 창원과학고 학교교육과정 편성·운영·평가 계획.hwp,D:\project\MAPS\curriculum_files\경상남도\창원과학고등학교
117,9d5178ce-833c-44e1-846f-eeb4f427b485,창원고등학교,경상남도,창원시 의창구,04,Y,ok,1,1,2026. 학교 교육과정 편성 운영 및 평가에 관한 사항.pdf,D:\project\MAPS\curriculum_files\경상남도\창원고등학교
118,5df12bb5-f442-4685-a335-f854d931ad0e,경상고등학교,경상남도,창원시 의창구,04,Y,ok,1,0,2026학년도 경상고 연간학사일정.pdf,D:\project\MAPS\curriculum_files\경상남도\경상고등학교
119,6ef2ac81-ac66-44bd-b0c8-8f66c95baba0,창원명곡고등학교,경상남도,창원시 의창구,04,Y,no_file,0,0,,
120,45985b8f-0c1e-44fa-95d7-0730d7638761,창원명지여자고등학교,경상남도,창원시 의창구,04,Y,ok,1,0,2026학년도 창원명지여고 연간학사일정.pdf,D:\project\MAPS\curriculum_files\경상남도\창원명지여자고등학교
121,fece7460-a7d2-4f94-9e70-7f086260a8d7,경남관광고등학교,경상남도,창원시 의창구,04,Y,ok,2,1,2026학년도 경남관광고 학교교육과정 편성·운영·평가 계획.hwpx | 2026학년도 경남관광고 연간학사일정.xlsx,D:\project\MAPS\curriculum_files\경상남도\경남관광고등학교
122,4bde443e-58e1-41e7-83c4-80860d9c784c,창원봉림고등학교,경상남도,창원시 의창구,04,Y,ok,1,1,2026학년도 창원봉림고등학교 학교교육과정 편성·운영·평가 계획.hwp,D:\project\MAPS\curriculum_files\경상남도\창원봉림고등학교
123,9e46c383-145f-4b6d-8550-291f0c759f83,창원공업고등학교,경상남도,창원시 의창구,04,Y,ok,1,1,2026학년도 교육과정 연간 운영 계획(수정).hwp,D:\project\MAPS\curriculum_files\경상남도\창원공업고등학교
124,0aabf4f5-d9d0-4f86-8695-5b13a287c875,창원성민여자고등학교,경상남도,창원시 의창구,04,Y,ok,1,1,2026학년도 창원성민여고 학교교육과정 편성 운영 평가 계획.pdf,D:\project\MAPS\curriculum_files\경상남도\창원성민여자고등학교
125,4367f053-d5b5-4313-b08a-ffb5cf098681,창원경일여자고등학교,경상남도,창원시 성산구,04,Y,ok,2,1,2026학년도 학교교육과정 편성운영계획.pdf | 2026학년도 연간학사일정.pdf,D:\project\MAPS\curriculum_files\경상남도\창원경일여자고등학교
126,ddfc5877-cc63-4a13-87be-e70a1a92e4b7,창원중앙여자고등학교,경상남도,창원시 성산구,04,Y,ok,5,2,"(1)학교교육과정 편성, 운영의 기본 방향.hwp | (2)편제 및 시간 배당.hwp | (3) 2026학년도 창의적체험활동 연간 계획.xlsx | (4)교육과정 편성, 운영 계획-학교교육과정 편성, 운영, 평가(학교주도적 학교평가).hwp | (5)2026학년도 학사일정.hwp",D:\project\MAPS\curriculum_files\경상남도\창원중앙여자고등학교
127,b2aa50a4-2b07-43b5-83d9-a3c8bfa60fcc,창원사파고등학교,경상남도,창원시 성산구,04,Y,ok,1,0,2026학년도 연간학사일정 (창원사파고).hwp,D:\project\MAPS\curriculum_files\경상남도\창원사파고등학교
128,2cac182d-a243-439c-87e2-b1f5e2a76319,창원남산고등학교,경상남도,창원시 성산구,04,Y,no_file,0,0,,
129,f8579ae9-538d-48c9-b570-c7ee523d2868,창원용호고등학교,경상남도,창원시 성산구,04,Y,ok,5,2,2026학년도 창원용호고등학교 학교평가 추진 계획.pdf | 2026학년도 창원용호고등학교 창의적 체험활동 운영 계획.pdf | 2026학년도 창원용호고등학교 연간학사일정.pdf | 2026학년도 창원용호고등학교 학교교육과정 편성표.xlsx | 2026학년도 창원용호고등학교 학교교육과정 운영 규정.pdf,D:\project\MAPS\curriculum_files\경상남도\창원용호고등학교
130,1c92854a-5f55-4dce-a8d2-dd58e0e21309,창원중앙고등학교,경상남도,창원시 성산구,04,Y,ok,3,2,2026년 창원중앙고등학교 학사일정.hwp | 2026년 창원중앙고등학교 학교교육과정  편성?운영?평가 계획.hwpx | 2026학년도 창원중앙고등학교 학교교육과정 편성표.xlsx,D:\project\MAPS\curriculum_files\경상남도\창원중앙고등학교
131,1371ba36-03f7-43e1-ba5b-bb2992e61967,마산삼진고등학교,경상남도,창원시 마산합포구,04,Y,ok,3,3,2025학년도 입학생 학교교육과정 편성표(마산삼진고등학교).pdf | 2026학년도 입학생 학교교육과정 편성표(마산삼진고등학교).pdf | 2026학년도 전학년 학교교육과정 편성표(마산삼진고등학교).pdf,D:\project\MAPS\curriculum_files\경상남도\마산삼진고등학교
132,36953ba1-c681-46f1-b92b-a8646eaabafc,태봉고등학교,경상남도,창원시 마산합포구,04,Y,no_file,0,0,,
133,94678cfe-e6c4-4e11-81c4-79918f1f9dcb,마산구암고등학교,경상남도,창원시 마산회원구,04,Y,ok,1,0,2026학년도 마산구암고등학교 학사일정(수정).xlsx,D:\project\MAPS\curriculum_files\경상남도\마산구암고등학교
134,a6fbe2a4-8e95-47e5-b9a7-155d2bafe31f,창신고등학교,경상남도,창원시 마산회원구,04,Y,ok,1,1,2026학년도 창신고 학교교육과정 편성 운영·평가·계획.pdf,D:\project\MAPS\curriculum_files\경상남도\창신고등학교
135,1c578c63-7150-4677-8c0f-928d226bb80f,한일여자고등학교,경상남도,창원시 마산회원구,04,Y,ok,2,1,2026학년도 한일여자고등학교 연간 학사일정.xlsx | 2026학년도 한일여자고등학교 학교교육과정 편성 운영 및 평가 계획.hwp,D:\project\MAPS\curriculum_files\경상남도\한일여자고등학교
136,bc255147-bbc4-4b7a-a904-12914a76ad30,마산공업고등학교,경상남도,창원시 마산회원구,04,Y,ok,3,2,2026학년도 학사일정(최종).hwpx | 2026학년도 교육과정 편제 및 학점 배당표(전학과_전체학년).xlsx | 2026학년도 입학생 3개년 교육과정 편제 및 학점 배당표.xlsx,D:\project\MAPS\curriculum_files\경상남도\마산공업고등학교
137,82a96425-ac20-4578-8b40-073bb260cf19,마산무학여자고등학교,경상남도,창원시 마산회원구,04,Y,no_file,0,0,,
138,7bfc1ad8-5479-4662-8df7-f2ae93aa6a87,마산제일고등학교,경상남도,창원시 마산회원구,04,Y,ok,1,1,"2026. 학교교육과정 편성,운영 및 평가에 관한 사항(마산제일고).pdf",D:\project\MAPS\curriculum_files\경상남도\마산제일고등학교
139,3348c3e6-30d5-45f5-b9a0-22e3ed1f6d37,마산내서여자고등학교,경상남도,창원시 마산회원구,04,Y,ok,1,0,2026학년도 마산내서여고 연간 학사일정.hwp,D:\project\MAPS\curriculum_files\경상남도\마산내서여자고등학교
140,0408875e-1942-432d-937b-57cbe24f77ee,창원신월고등학교,경상남도,창원시 성산구,04,Y,ok,2,1,2026학년도 창원신월고등학교 연간학사일정.xlsx | 2026학년도 창원신월고등학교 학교교육과정 편성·운영 계획.pdf,D:\project\MAPS\curriculum_files\경상남도\창원신월고등학교
141,f81ccb24-b89a-4f75-8b49-0d5966339e9c,창원문성고등학교,경상남도,창원시 성산구,04,Y,ok,1,0,2026학년도 학교교육계획서(수정).hwp,D:\project\MAPS\curriculum_files\경상남도\창원문성고등학교
142,9d718b57-1361-4c78-bbec-ca82578a7101,창원여자고등학교,경상남도,창원시 성산구,04,Y,ok,2,1,2026학년도 창원여고 연간학사일정.pdf | 2026학년도 창원여고 학교교육과정 편성·운영·평가 계획.pdf,D:\project\MAPS\curriculum_files\경상남도\창원여자고등학교
143,7c219761-3065-4a5d-b3c6-a6d14bc08b2f,마산가포고등학교,경상남도,창원시 마산합포구,04,Y,ok,1,0,2026학년도 학사일정 운영안.hwp,D:\project\MAPS\curriculum_files\경상남도\마산가포고등학교
144,3acdb4af-96ae-4e99-8efe-3d6299c0a256,합포고등학교,경상남도,창원시 마산합포구,04,Y,ok,1,1,2026학년도 합포고 학교교육과정 편성·운영·평가 계획.pdf,D:\project\MAPS\curriculum_files\경상남도\합포고등학교
145,ff9f4f45-9cfb-43d6-bfde-38ad017e2473,마산제일여자고등학교,경상남도,창원시 마산합포구,04,Y,ok,2,1,2026학년도 마산제일여고 연간학사일정.hwpx | 2026학년도 학교교육과정 편성표.xlsx,D:\project\MAPS\curriculum_files\경상남도\마산제일여자고등학교
146,06af236e-3302-408c-8e17-a5b122070432,마산용마고등학교,경상남도,창원시 마산합포구,04,Y,ok,1,0,2026학년도 마산용마고 연간학사일정.xlsx,D:\project\MAPS\curriculum_files\경상남도\마산용마고등학교
147,e12ca052-1985-4b8b-b6e7-337d118c1e57,마산중앙고등학교,경상남도,창원시 마산합포구,04,Y,no_file,0,0,,
148,5449d258-feb4-471b-abce-2e08e441b894,마산고등학교부설방송통신고등학교,경상남도,창원시 마산합포구,04,Y,no_file,0,0,,
149,c9ab1ad8-57ba-4b51-971f-77b9b71eacfb,마산고등학교,경상남도,창원시 마산합포구,04,Y,ok,1,0,2026학년도 연간 학사일정.pdf,D:\project\MAPS\curriculum_files\경상남도\마산고등학교
150,4da77b20-f634-4631-9bd8-df03ae27d181,마산여자고등학교,경상남도,창원시 마산합포구,04,Y,no_file,0,0,,
151,de780806-fd99-4887-8020-feddba9f27e0,성지여자고등학교,경상남도,창원시 마산합포구,04,Y,ok,2,1,2026학년도 학사일정(성지여고).xlsx | 2026. 학교교육과정 편성 운영 및 평가 계획.hwpx,D:\project\MAPS\curriculum_files\경상남도\성지여자고등학교
152,da9bdb58-7656-4c2f-a831-333a7f13dcf0,창원북면고등학교,경상남도,창원시 의창구,04,Y,ok,1,1,2026학년도 창원북면고 학교교육과정 편성 운영 평가 계획.pdf,D:\project\MAPS\curriculum_files\경상남도\창원북면고등학교
153,71a1a414-3eda-4f55-96df-517e82adb248,창원대산고등학교,경상남도,창원시 의창구,04,Y,ok,1,0,2026학년도 연간학사일정(정보공시).xlsx,D:\project\MAPS\curriculum_files\경상남도\창원대산고등학교
154,1c334f41-5231-47aa-870b-51ec7cf8899e,창원토월고등학교,경상남도,창원시 성산구,04,Y,ok,1,0,2026학년도 창원토월고 연간학사일정(변경).pdf,D:\project\MAPS\curriculum_files\경상남도\창원토월고등학교
155,38e4494f-52b9-4a2b-af3f-eff50bd2bb94,창원남고등학교,경상남도,창원시 성산구,04,Y,no_file,0,0,,
156,cd291afc-42ea-4282-8690-cdcf965d431a,창원대암고등학교,경상남도,창원시 성산구,04,Y,ok,6,2,2026학년도 창원대암고등학교 학교평가 추진 계획.hwp | 2026학년도 창의적 체험활동 운영 계획.xlsx | 2026학년도 창원대암고등학교 학사일정(변경).hwpx | 2026. 학교교육과정 운영 규정.hwp | 2026학년도 학교교육과정 편성표(창원대암고).xlsx | 2025. 창원대암고 학교평가 결과 보고서.hwp,D:\project\MAPS\curriculum_files\경상남도\창원대암고등학교
157,4031628d-5f1f-41d5-a57e-6402eb01f065,함안고등학교,경상남도,함안군,04,Y,ok,1,0,2026학년도 함안고 학교교육계획서.hwpx,D:\project\MAPS\curriculum_files\경상남도\함안고등학교
158,c544abc5-77c2-4704-bce5-bfc32b9a3b10,명덕고등학교,경상남도,함안군,04,Y,no_file,0,0,,
159,0b151c45-e3fa-4e59-b929-d08cdab4cb91,군북고등학교,경상남도,함안군,04,Y,ok,1,0,2026학년도 군북고 연간학사일정.hwp,D:\project\MAPS\curriculum_files\경상남도\군북고등학교
160,711b381e-3534-4b34-b97d-b9208c635b94,경남로봇고등학교,경상남도,함안군,04,Y,ok,2,1,2026학년도 연간학사일정.hwp | 교육과정 편성 및 운영 계획.hwpx,D:\project\MAPS\curriculum_files\경상남도\경남로봇고등학교
161,f678a3c4-b03a-4bf7-a5b8-ebb7c26408b3,칠원고등학교,경상남도,함안군,04,Y,ok,1,0,2026학년도 칠원고 연간 학사일정 및 시수확보계획.hwpx,D:\project\MAPS\curriculum_files\경상남도\칠원고등학교
162,e16df895-167f-4506-b1e0-0c12aa846faf,창녕고등학교,경상남도,창녕군,04,Y,ok,1,1,2026학년도 창녕고등학교 학교교육과정 운영 규정.hwp,D:\project\MAPS\curriculum_files\경상남도\창녕고등학교
163,bbd2115a-921c-4e0a-9e02-e2e899ce832a,창녕여자고등학교,경상남도,창녕군,04,Y,no_file,0,0,,
164,b12b81d5-9a1a-432f-92a8-af2d20b3d1d0,창녕슈퍼텍고등학교,경상남도,창녕군,04,Y,ok,6,4,2026학년도 전학년 교육과정 편제 및 학점 배당표.xlsx | 2026학년도 연간학사일정 운영계획.hwp | 2026학년도 창의적 체험활동 운영계획.hwp | 2024학년도 입학생 3개년 교육과정 편제 및 학점배당표.xlsx | 2025학년도 입학생 3개년 교육과정 편제 및 학점배당표.xlsx | 2026학년도 입학생 3개년 교육과정 편제 및 학점배당표.xlsx,D:\project\MAPS\curriculum_files\경상남도\창녕슈퍼텍고등학교
165,083b9bdb-301a-49b1-92e2-f9466c39b4fe,남지고등학교,경상남도,창녕군,04,Y,ok,2,1,2026학년도 학사일정표.hwp | 2026학년도 학교교육과정 편성·운영 및 평가 계획.hwp,D:\project\MAPS\curriculum_files\경상남도\남지고등학교
166,3afc2d3f-21fa-4086-a9a5-d4b4dad52ddd,한국과학기술고등학교,경상남도,창녕군,04,Y,no_file,0,0,,
167,5410b017-1f96-42bd-83b5-da8414937f65,창녕대성고등학교,경상남도,창녕군,04,Y,no_file,0,0,,
168,11155bd3-000a-4594-82d0-897d8162a815,창녕옥야고등학교,경상남도,창녕군,04,Y,ok,1,0,창의적체험활동 계획.hwp,D:\project\MAPS\curriculum_files\경상남도\창녕옥야고등학교
169,33fceb29-5db4-4cf3-8763-26def23c729b,영산고등학교,경상남도,창녕군,04,Y,ok,1,1,2026학년도 학교교육과정 편성 운영 계획_정보공시용.hwpx,D:\project\MAPS\curriculum_files\경상남도\영산고등학교
170,1bc5db9e-b703-4cf6-b60a-20c24fa437de,의령고등학교,경상남도,의령군,04,Y,no_file,0,0,,
171,756fda9e-67a3-46e2-94e1-c01f93dfb71a,의령여자고등학교,경상남도,의령군,04,Y,ok,1,0,2026학년도 의령여고 연간학사일정.pdf,D:\project\MAPS\curriculum_files\경상남도\의령여자고등학교
172,6379961c-8b8b-4661-980d-0875e954ebe6,신반정보고등학교,경상남도,의령군,04,Y,ok,1,0,2026. 학사 일정(최종).hwp,D:\project\MAPS\curriculum_files\경상남도\신반정보고등학교
173,49485eb5-5211-4d87-9848-39834b508da4,거제고등학교,경상남도,거제시,04,Y,no_file,0,0,,
174,db32285c-8b5c-4781-896b-42f0833d289d,거제공업고등학교,경상남도,거제시,04,Y,ok,5,5,2024학년도 입학생 3개년 교육과정 편제 및 단위배당표(현 3학년).xlsx | 2025학년도 입학생 3개년 교육과정 편성 및 학점 배당표(현2학년).xlsx | 2026학년도 입학생 3개년 교육과정 편성 및 학점 배당표(현 1학년)(3.25).xlsx | 2026 교육과정 운영 평가 계획.hwpx | 2026 교육과정 편성 운영 계획.hwpx,D:\project\MAPS\curriculum_files\경상남도\거제공업고등학교
175,58385a20-2281-4e27-ba94-4fbf6757dacf,거제중앙고등학교,경상남도,거제시,04,Y,no_file,0,0,,
176,32f38aab-0fbd-461e-97ee-4bc11aaff2b1,거제상문고등학교,경상남도,거제시,04,Y,ok,2,1,2026학년도 거제상문고등학교 학교교육과정 편성운영 및 평가 계획.hwp | 2026학년도 거제상문고등학교 학사 일정.hwpx,D:\project\MAPS\curriculum_files\경상남도\거제상문고등학교
177,0ce404ed-aa64-4b9f-9184-9ac099f75683,거제제일고등학교,경상남도,거제시,04,Y,ok,1,1,2026학년도 학교교육과정 편성·운영·평가 계획.hwpx,D:\project\MAPS\curriculum_files\경상남도\거제제일고등학교
178,0e22c8af-7e52-450f-84df-9374849e8c8a,거제여자상업고등학교,경상남도,거제시,04,Y,ok,1,0,2026학년도 거제여상고 연간 학사일정.hwp,D:\project\MAPS\curriculum_files\경상남도\거제여자상업고등학교
179,934b9915-27b7-4b18-aca5-8fd570a8dd8c,삼천포여자고등학교,경상남도,사천시,04,Y,ok,1,0,2026학년도 학사일정.hwpx,D:\project\MAPS\curriculum_files\경상남도\삼천포여자고등학교
180,41f1c683-a10d-4575-bf3f-df9d30d91556,삼천포공업고등학교,경상남도,사천시,04,Y,no_file,0,0,,
181,1868d320-477b-4886-a148-15b421fce232,삼천포고등학교,경상남도,사천시,04,Y,no_file,0,0,,
182,04e9c68f-b721-4e38-84b5-551dc1f0d373,삼천포중앙고등학교,경상남도,사천시,04,Y,ok,2,1,2026학년도 삼천포중앙고 학교교육과정 편성·운영·평가 계획.pdf | 2026학년도 삼천포중앙고 연간 학사일정.pdf,D:\project\MAPS\curriculum_files\경상남도\삼천포중앙고등학교
183,f1383dc5-d1df-46b0-a771-4972a998e097,연초고등학교,경상남도,거제시,04,Y,ok,1,1,2026학년도 연초고 학교교육과정 편성?운영?평가 계획.hwp,D:\project\MAPS\curriculum_files\경상남도\연초고등학교
184,8faba3ba-74ea-44dd-995e-7661d480d728,거제옥포고등학교,경상남도,거제시,04,Y,ok,1,0,2026학년도 거제옥포고등학교 연간학사일정.pdf,D:\project\MAPS\curriculum_files\경상남도\거제옥포고등학교
185,89095b4f-6105-4a67-a913-09c539fbbd3f,경남산업고등학교,경상남도,거제시,04,Y,ok,1,1,"2026학년도 경남산업고 학교교육과정 편성,운영,평가 계획.pdf",D:\project\MAPS\curriculum_files\경상남도\경남산업고등학교
186,cda0fd02-9cc2-4004-b4c2-4cedf428a181,통영여자고등학교,경상남도,통영시,04,Y,ok,2,1,2026학년도 통영여자고등학교 연간학사일정.hwpx | 2026학년도 통영여자고등학교 학교교육과정 편성·운영·평가 계획.hwp,D:\project\MAPS\curriculum_files\경상남도\통영여자고등학교
187,a8c71691-dfde-4241-828e-d62f4933b910,충무고등학교,경상남도,통영시,04,Y,ok,1,0,2026학년도 충무고 연간학사일정(수정).pdf,D:\project\MAPS\curriculum_files\경상남도\충무고등학교
188,a9b35b9f-9f23-43ab-b481-7a6f96b4ad2f,통영고등학교,경상남도,통영시,04,Y,ok,3,1,2026학년도 교육과정 편성 운영 및 평가 계획.hwp | 2026학년도 창의적 체험활동 운영 계획.hwp | 2026. 학사일정(수업일수확보계획)(2026.04.08.).hwp,D:\project\MAPS\curriculum_files\경상남도\통영고등학교
189,566dd01c-0598-4130-b0b9-079f121899e1,사천고등학교,경상남도,사천시,04,Y,ok,2,1,2026학년도 사천고 학교교육과정 편성 운영 평가 계획.hwpx | 2026학년도 사천고 연간학사일정.hwpx,D:\project\MAPS\curriculum_files\경상남도\사천고등학교
190,6cf882d6-f429-42f9-a495-c31243325627,사천여자고등학교,경상남도,사천시,04,Y,ok,1,0,2026학년도 연간 학사일정.xlsx,D:\project\MAPS\curriculum_files\경상남도\사천여자고등학교
191,10cc2599-e00a-49a0-94a0-4b179c9a3e5b,경남자영고등학교,경상남도,사천시,04,Y,ok,2,1,2026학년도 학사일정.hwpx | 2026학년도 경남자영고 학교교육과정 편성·운영 및 평가계획.hwp,D:\project\MAPS\curriculum_files\경상남도\경남자영고등학교
192,095b5ebe-c369-4097-b41a-2b926c879184,양산남부고등학교,경상남도,양산시,04,Y,ok,2,1,2026학년도 양산남부고 학교교육과정 편성·운영·평가 계획.hwpx | 2026학년도 양산남부고 연간학사일정.hwpx,D:\project\MAPS\curriculum_files\경상남도\양산남부고등학교
193,f9b0b7c3-0926-4107-9f24-1527aa8b11e3,양산고등학교,경상남도,양산시,04,Y,ok,1,0,2026. 학사일정 계획(2026.04 수정).pdf,D:\project\MAPS\curriculum_files\경상남도\양산고등학교
194,843fd5f6-6f5e-499e-8201-d81b90b3e6b2,양산제일고등학교,경상남도,양산시,04,Y,no_file,0,0,,
195,1e87c216-2c50-4428-b29e-45344785c6f5,양산여자고등학교,경상남도,양산시,04,Y,ok,2,1,2026학년도 양산여자고등학교 학사일정표.pdf | 2026학년도 양산여자고등학교 학교교육과정 편성?운영?평가 계획표.pdf,D:\project\MAPS\curriculum_files\경상남도\양산여자고등학교
196,fb390a34-baec-4dc1-9cef-1a1586e86f6c,경남외국어고등학교,경상남도,양산시,04,Y,no_file,0,0,,
197,9c4f0735-6cfa-42a2-b71e-124786a9b8cd,서창고등학교,경상남도,양산시,04,Y,ok,1,0,2026학년도 학사일정 운영계획.pdf,D:\project\MAPS\curriculum_files\경상남도\서창고등학교
198,f6d2468c-3eab-45f4-9214-47d17e869450,효암고등학교,경상남도,양산시,04,Y,ok,1,1,2026 교육과정일수 확보계획_교육과정부(수정금지)-최종_v1.5(0130_제헌절반영).xlsx,D:\project\MAPS\curriculum_files\경상남도\효암고등학교
199,7286e992-9ba4-47ba-8bfb-cde462a1112b,충렬여자고등학교,경상남도,통영시,04,Y,no_file,0,0,,
200,231285bf-8580-4653-9179-c6643f4d2638,용남고등학교,경상남도,사천시,04,Y,ok,2,1,2026학년도연간학사일정.pdf | 2026학년도 학교교육과정 편성 운영 평가계획.xlsx,D:\project\MAPS\curriculum_files\경상남도\용남고등학교
201,0c4f31be-92f0-4abd-b244-c61defd564e6,웅상고등학교,경상남도,양산시,04,Y,ok,1,0,2026학년도 웅상고 연간학사일정.hwpx,D:\project\MAPS\curriculum_files\경상남도\웅상고등학교
202,490a8fcb-8857-4c85-ae5a-228019c71066,물금고등학교,경상남도,양산시,04,Y,no_file,0,0,,
203,fb92349b-0c96-41c5-a241-ec8805535d62,증산고등학교,경상남도,양산시,04,Y,ok,1,1,2026학년도 증산고 학교교육과정 편성·운영·평가 계획.hwp,D:\project\MAPS\curriculum_files\경상남도\증산고등학교
204,9b53b53b-f728-47b5-9e5a-664371abbee5,범어고등학교,경상남도,양산시,04,Y,ok,2,1,2026학년도 범어고 학사일정.pdf | 2026학년도 범어고 학교교육과정 편성?운영?평가 계획.pdf,D:\project\MAPS\curriculum_files\경상남도\범어고등학교
205,6c09aca7-3de3-4133-9d02-0aa8c6accb1f,사송고등학교,경상남도,양산시,04,Y,ok,1,0,2026학년도 창의적 체험활동 운영 계획(사송고).xlsx,D:\project\MAPS\curriculum_files\경상남도\사송고등학교
206,12d0ec8a-7177-45f1-9924-ddfb19b73311,양산인공지능고등학교,경상남도,양산시,04,Y,no_file,0,0,,
207,0b9bd425-3e0c-4707-bc86-a4a91a7bd43d,동원고등학교,경상남도,통영시,04,Y,ok,1,0,2026학년도 동원고 연간학사 일정.pdf,D:\project\MAPS\curriculum_files\경상남도\동원고등학교
208,d3265f1e-7467-4f88-b0d9-c49036beb637,곤양고등학교,경상남도,사천시,04,Y,ok,2,1,2026학년도 곤양고 학교교육과정 편성·운영·평가 계획.pdf | 2026학년도 곤양고 연간학사일정.pdf,D:\project\MAPS\curriculum_files\경상남도\곤양고등학교
209,e850f256-d960-4dd1-bcd8-bfaeb57cce90,보광고등학교,경상남도,양산시,04,Y,ok,2,1,2026학년도 학교교육과정 편성운영 계획.hwpx | 2026학년도 학사일정(확정).pdf,D:\project\MAPS\curriculum_files\경상남도\보광고등학교
210,2911db5a-f657-4982-8208-874c88fe6017,진해고등학교,경상남도,창원시 진해구,04,Y,no_file,0,0,,
211,a167fe75-f147-4534-906a-2cbe5ab0c7e4,진해여자고등학교,경상남도,창원시 진해구,04,Y,no_file,0,0,,
212,5fdb4d24-8872-4962-96d8-204add907b18,진해중앙고등학교,경상남도,창원시 진해구,04,Y,ok,1,1,2026학년도 진해중앙고 학교교육과정 편성·운영·평가 계획.hwp,D:\project\MAPS\curriculum_files\경상남도\진해중앙고등학교
213,3be04931-f0d2-4a43-ac39-6ff159e0ed0c,진해세화여자고등학교,경상남도,창원시 진해구,04,Y,ok,2,1,2026학년도 학사일정.pdf | 2026학년도 학교교육과정 편성 운영 평가계획(수정).pdf,D:\project\MAPS\curriculum_files\경상남도\진해세화여자고등학교
214,32e5786f-43a5-4ed0-a79a-191b798e961a,김해중앙여자고등학교,경상남도,김해시,04,Y,ok,1,0,2026학년도 김해중앙여고 연간학사일정.pdf,D:\project\MAPS\curriculum_files\경상남도\김해중앙여자고등학교
215,8208945a-b6b3-47cb-894a-f03f7ab29e21,김해여자고등학교,경상남도,김해시,04,Y,ok,2,1,2026학년도 학사일정 변경(안)(4.3 수정).xlsx | 학교교육과정편성운영 - 편집완료(4.6).pdf,D:\project\MAPS\curriculum_files\경상남도\김해여자고등학교
216,46b2a6a9-2a1e-4e8a-9c55-5a6c2a8b7fef,김해건설공업고등학교,경상남도,김해시,04,Y,no_file,0,0,,
217,44f4a8ae-fb25-4883-81da-d750913e2479,구산고등학교,경상남도,김해시,04,Y,ok,1,0,2026학년도 학사일정.hwp,D:\project\MAPS\curriculum_files\경상남도\구산고등학교
218,d20092d9-1ce4-4b9a-a348-b29db58c4b7d,김해분성고등학교,경상남도,김해시,04,Y,ok,1,0,2026. 김해분성고 연간학사일정.hwpx,D:\project\MAPS\curriculum_files\경상남도\김해분성고등학교
219,558417ac-caf2-4e5c-944c-e2c13c0b6ef7,김해분성여자고등학교,경상남도,김해시,04,Y,ok,2,0,2026학년도 김해분성여자고등학교 연간학사일정.hwpx | 2026학년도 김해분성여자고등학교 학교교육과정 편성·운영·평가계획(교과 체험활동 계획 포함).hwpx,D:\project\MAPS\curriculum_files\경상남도\김해분성여자고등학교
220,07fdf744-066e-4020-b3b2-37cb04568b85,김해가야고등학교,경상남도,김해시,04,Y,ok,2,1,2026학년도 김해가야고 연간학사일정.hwp | 2026학년도 김해가야고 학교교육과정 편성·운영·평가 계획.hwp,D:\project\MAPS\curriculum_files\경상남도\김해가야고등학교
221,fa6de91b-c245-45dc-8d96-68507690751d,김해경원고등학교,경상남도,김해시,04,Y,no_file,0,0,,
222,fb3cd889-79ae-4d78-9d0f-b1c77a96d69b,김해생명과학고등학교,경상남도,김해시,04,Y,ok,1,0,2026. 학사 일정표(김해생명과학고등학교-2589호).pdf,D:\project\MAPS\curriculum_files\경상남도\김해생명과학고등학교
223,8335e5c8-e740-43d9-8998-28daf9fca77f,김해제일고등학교,경상남도,김해시,04,Y,ok,2,1,2026학년도 김해제일고 연간학사일정.xlsx | 2026학년도 김해제일고 학교교육과정 편성·운영·평가 계획.hwp,D:\project\MAPS\curriculum_files\경상남도\김해제일고등학교
224,f5b4ec12-7ff4-4daa-aabe-ca9fd7c6c98c,김해임호고등학교,경상남도,김해시,04,Y,ok,1,0,2026학년도 학사일정.pdf,D:\project\MAPS\curriculum_files\경상남도\김해임호고등학교
225,d356870e-1314-42a1-bcd3-133300748c7b,웅천고등학교,경상남도,창원시 진해구,04,Y,ok,2,1,2026학년도 연간학사일정(정정).hwp | 2026학년도 학교교육과정 편성·운영·평가 계획(정정).hwp,D:\project\MAPS\curriculum_files\경상남도\웅천고등학교
226,a94037a4-caaf-43b1-a45a-8bdb27897359,진해용원고등학교,경상남도,창원시 진해구,04,Y,no_file,0,0,,
227,1723f796-6618-40aa-a041-e683ec9e87e8,김해고등학교,경상남도,김해시,04,Y,no_file,0,0,,
228,9c665e1a-48c6-4a03-a9e5-09d83981a274,김해영운고등학교,경상남도,김해시,04,Y,ok,3,1,2025. 학교주도적 학교평가 결과 보고서.hwp | 2026학년도 교육과정 운영 계획.hwp | 2026학년도 학사일정.pdf,D:\project\MAPS\curriculum_files\경상남도\김해영운고등학교
229,f869bdaf-045c-4815-a1dc-5f78d35c8cc1,김해삼방고등학교,경상남도,김해시,04,Y,ok,2,1,2026학년도 김해삼방고 연간학사일정.hwpx | 2026학년도 김해삼방고 학교교육과정 편성·운영·평가 계획.hwpx,D:\project\MAPS\curriculum_files\경상남도\김해삼방고등학교
230,90873895-4951-410a-a553-634f8d6c189b,김해한일여자고등학교,경상남도,김해시,04,Y,no_file,0,0,,
231,fb123df0-1898-4524-9a45-73168774ba39,장유고등학교,경상남도,김해시,04,Y,ok,1,1,2026학년도 학교교육과정 편성 운영 계획.hwp,D:\project\MAPS\curriculum_files\경상남도\장유고등학교
232,5c398f0f-3baa-4973-a41c-29ad8256069a,김해삼문고등학교,경상남도,김해시,04,Y,ok,1,1,2026. 학교교육과정 및 고교학점제 운영 계획.hwpx,D:\project\MAPS\curriculum_files\경상남도\김해삼문고등학교
233,94b4fcaf-79df-4d1e-98d0-dec62b5e5396,김해대청고등학교,경상남도,김해시,04,Y,ok,1,1,2026. 학교 교육과정 운영 편성 평가 계획(김해대청고).hwp,D:\project\MAPS\curriculum_files\경상남도\김해대청고등학교
234,09bb3bba-750e-4f71-9240-8a64753c2caa,김해외국어고등학교,경상남도,김해시,04,Y,ok,1,0,2026학년도 김해외고 연간 학사일정.pdf,D:\project\MAPS\curriculum_files\경상남도\김해외국어고등학교
235,d5c0f6ed-5ae6-4c6e-90e8-ca183ba16784,김해수남고등학교,경상남도,김해시,04,Y,no_file,0,0,,
236,8942c942-7a08-440f-92da-083faf31326b,김해율하고등학교,경상남도,김해시,04,Y,no_file,0,0,,
237,793a7e2e-a7b5-4bf5-a9ea-904b43a80dd8,진영고등학교,경상남도,김해시,04,Y,no_file,0,0,,
238,2a3fa27c-99bc-4164-b9a2-b032bf07415a,진영제일고등학교,경상남도,김해시,04,Y,ok,2,1,"2026학년도 진영제일고등학교 연간학사일정.pdf | 2026학년도 진영제일고등학교 교육과정 편성, 운영, 평가 계획.pdf",D:\project\MAPS\curriculum_files\경상남도\진영제일고등학교
239,012a1ece-e964-4dff-9a0f-f19866a0fd0a,진주고등학교부설방송통신고등학교,경상남도,진주시,04,Y,ok,1,0,2026학년도 방송통신고 학사 일정.pdf,D:\project\MAPS\curriculum_files\경상남도\진주고등학교부설방송통신고등학교
240,04a3a724-1b80-44cf-98df-81072342f33c,경진고등학교,경상남도,진주시,04,Y,ok,4,3,2026. 연도별 연간학사일정 계획안.pdf | 2026학년도 입학생 3개년 교육과정 편성 및 학정 배당표（경진고등학교）.xlsx | 2026학년도 전교생 교육과정 편제 및 학점 배당표.xlsx | 교육과정 편성 운영계획.hwpx,D:\project\MAPS\curriculum_files\경상남도\경진고등학교
241,6ec30691-a752-4014-a346-67323797b38e,진주고등학교,경상남도,진주시,04,Y,ok,3,1,2026학년도 학교교육과정편성운영평가계획.hwpx | 2025. 학교주도적 학교평가 결과보고서.hwp | 2026. 학교주도적 학교평가 추진 계획.hwp,D:\project\MAPS\curriculum_files\경상남도\진주고등학교
242,674510fa-5e33-4273-b95f-774035b8e8e6,진주여자고등학교,경상남도,진주시,04,Y,ok,9,5,2026학년도 학교교육과정 편제 및 시간배당 관리 보고서(진주여고).xlsx | 2024입학생 3개년 교육과정 편성표.xlsx | 2025입학생 3개년 교육과정 편성표.xlsx | 2026학년도 입학생 3개년 교육과정 편성표.xlsx | 2026창체계획_취합_3_30_구글시트용.xlsx | 2026. 학교 자율 교육과정 운영 계획.hwp | 2026학년도 연간 학사 운영계획(수정).hwp | 2026학년도 학교평가 추진 계획.hwp | 2025.진주여자고등학교 학교주도적평가 결과 보고서.hwp,D:\project\MAPS\curriculum_files\경상남도\진주여자고등학교
243,713e8bc5-53ec-4110-a8c9-4521f403eea4,진주중앙고등학교,경상남도,진주시,04,Y,no_file,0,0,,
244,75a14ced-3de2-44b9-be26-dc5ba42b5f89,진주제일여자고등학교,경상남도,진주시,04,Y,no_file,0,0,,
245,e6fed239-4d73-4524-a152-a4c35c5fa1f3,진주기계공업고등학교,경상남도,진주시,04,Y,no_file,0,0,,
246,31a638e5-82ab-47f9-aca6-1faaa5b49ee2,삼현여자고등학교,경상남도,진주시,04,Y,ok,2,1,2026학년도 삼현여고 학교교육과정 편성·운영·평가 계획.pdf | 2026학년도 삼현여고 연간학사일정.pdf,D:\project\MAPS\curriculum_files\경상남도\삼현여자고등학교
247,6fae9e8f-3932-4487-8ef7-7e3bb068ae9a,진주동명고등학교,경상남도,진주시,04,Y,ok,3,1,2026학년도 진주동명고등학교 학교교육과정 편성 운영 평가 계획.xlsx | 2026학년도 연간학사일정(2026.03.02.).hwp | 2026학년도 진주동명고등학교 체험활동 계획.hwpx,D:\project\MAPS\curriculum_files\경상남도\진주동명고등학교
248,9321af74-47a5-4036-8784-ef47d864a5ba,명신고등학교,경상남도,진주시,04,Y,no_file,0,0,,
249,300b411b-85a0-47f6-a00f-06746f2d572d,경남자동차고등학교,경상남도,진주시,04,Y,no_file,0,0,,
250,17174c37-2c29-4c76-b1fb-ea796b952c16,경남예술고등학교,경상남도,진주시,04,Y,ok,1,1,2026학년도 학교교육과정 편성 및 운영.hwp,D:\project\MAPS\curriculum_files\경상남도\경남예술고등학교
251,027e5d58-3c6f-42f4-af06-82f7ee272d79,선명여자고등학교,경상남도,진주시,04,Y,ok,2,1,2026학년도 선명여자고등학교 연간학사 운영일정.xlsx | 2026학년도 선명여자고등학교 학교 교육과정 편성운영 규정.hwp,D:\project\MAPS\curriculum_files\경상남도\선명여자고등학교
252,e977a017-f2a2-417b-a831-6c40ea003d5b,경해여자고등학교,경상남도,진주시,04,Y,no_file,0,0,,
253,3802332f-60d7-41b1-b242-67890a95419d,경상국립대학교사범대학부설고등학교,경상남도,진주시,04,Y,ok,2,1,2026학년도 학교교육과정 편성 및 운영 계획.pdf | 2026학년도 학사일정 운영(안).pdf,D:\project\MAPS\curriculum_files\경상남도\경상국립대학교사범대학부설고등학교
254,ad945015-635e-4635-8ac6-2536adf3fc8a,경남정보고등학교,경상남도,진주시,04,Y,no_file,0,0,,
255,cb95262c-cb84-47ca-a7f2-085d6e608abd,진양고등학교,경상남도,진주시,04,Y,no_file,0,0,,
256,05b929ab-1b37-4ed2-8ce9-3b2c917298b6,밀양여자고등학교,경상남도,밀양시,04,Y,ok,1,1,2026학년도 학교교육과정 편성·운영·평가 계획(밀양여자고등학교).pdf,D:\project\MAPS\curriculum_files\경상남도\밀양여자고등학교
257,b37b92cf-7b13-4c9a-af59-fad51f5da9be,밀성제일고등학교,경상남도,밀양시,04,Y,no_file,0,0,,
258,89810da9-b4e3-4e94-9e87-6e9451db12f0,밀성고등학교,경상남도,밀양시,04,Y,no_file,0,0,,
259,44576aaa-97ed-42ef-8b5f-08740209fedf,밀양고등학교,경상남도,밀양시,04,Y,ok,2,1,2026학년도 연간학사일정(안)(26. 3.5.).hwp | 정보공시(학교교육과정 편성운영 및 평가에 관한 사항).hwpx,D:\project\MAPS\curriculum_files\경상남도\밀양고등학교
260,a3a5eed3-8807-4cc3-9733-13f845ac5a2f,경남체육고등학교,경상남도,진주시,04,Y,no_file,0,0,,
261,273568a4-8aef-4d90-ba2a-d54c6f5fb700,경남과학고등학교,경상남도,진주시,04,Y,ok,2,1,2026학년도 학교교육과정.xlsx | 2026학년도 창의적 체험활동 연간 운영 계획.hwp,D:\project\MAPS\curriculum_files\경상남도\경남과학고등학교
262,1a699c47-1b3d-40f0-8693-b0418e45a63b,세종고등학교,경상남도,밀양시,04,Y,no_file,0,0,,
263,854afaaf-413f-4ba8-b059-d96d2877717f,삼랑진고등학교,경상남도,밀양시,04,Y,ok,1,0,2026학년도 수업일수 및 연간 학사일정.hwp,D:\project\MAPS\curriculum_files\경상남도\삼랑진고등학교
264,9ec29430-760d-4c35-9a18-5f3074672276,밀양동명고등학교,경상남도,밀양시,04,Y,ok,2,1,2026학년도 학교교육과정 편성·운영·평가 계획.hwp | 2026학년도 학사일정 및 수업일수 확보.hwp,D:\project\MAPS\curriculum_files\경상남도\밀양동명고등학교
265,a7a610be-0fae-486c-809f-76ac74a9ed5c,진주외국어고등학교,경상남도,진주시,04,Y,ok,1,0,2026학년도 진주외고 연간학사일정.pdf,D:\project\MAPS\curriculum_files\경상남도\진주외국어고등학교
266,85903973-f5b3-4097-974a-a7d694b3e666,대곡고등학교,경상남도,진주시,04,Y,no_file,0,0,,
267,264a1e97-6386-4df1-8cf2-930811a77636,한국나노마이스터고등학교,경상남도,밀양시,04,Y,ok,1,1,2026학년도 한국나노마이스터고 학교교육과정 편성·운영·평가 계획.pdf,D:\project\MAPS\curriculum_files\경상남도\한국나노마이스터고등학교
268,a2b5c474-6abe-4332-98c7-b42a1b792df0,진서고등학교,경상남도,진주시,04,Y,no_file,0,0,,
269,48ae8591-d370-4010-914d-d341c8adaf1e,해성고등학교,경상남도,거제시,04,Y,ok,1,1,2026. 교육과정 편성표 전학년 (3).pdf,D:\project\MAPS\curriculum_files\경상남도\해성고등학교
270,9d82318e-e42a-4461-bb71-c01683d38e47,영해고등학교,경상북도,영덕군,04,Y,ok,1,0,2026학년도 영해고등학교 학사력.hwp,D:\project\MAPS\curriculum_files\경상북도\영해고등학교
271,d7fd30a5-f08b-4c0a-8673-1fffd474c0ae,청도고등학교,경상북도,청도군,04,Y,ok,3,2,(청도고등학교-2258 (첨부)) 2026학년도 학교교육과정계획서2.pdf | (청도고등학교-2258 (첨부)) 2026학년도 학교교육과정계획서3.pdf | 2026 학사일정 및 수업일(시수) 편성(4.2. 노동절 반영).hwp,D:\project\MAPS\curriculum_files\경상북도\청도고등학교
272,b1670dbd-b7e8-4bd9-891f-e1941392b292,의성유니텍고등학교,경상북도,의성군,04,Y,ok,1,0,2026학년도 학사 일정.hwp,D:\project\MAPS\curriculum_files\경상북도\의성유니텍고등학교
273,4b437c42-9fbc-474d-8c50-c3c4d9a1f989,의성고등학교,경상북도,의성군,04,Y,ok,1,1,2026학년도 학교교육과정 편성·운영 및 평가 계획.pdf,D:\project\MAPS\curriculum_files\경상북도\의성고등학교
274,9088c567-c796-40ea-9e6e-476c69f79e01,금성고등학교,경상북도,의성군,04,Y,ok,3,2,학교교육과정편성운영평가계획(전년도평가결과_올해 평가계획).hwpx | 2026학년도 학사일정 운영 계획.hwp | 학교교육과정편성운영기본방향_편제및시간배당_창체계획.hwpx,D:\project\MAPS\curriculum_files\경상북도\금성고등학교
275,33c30ece-1a94-471a-adea-8edc8168d0b3,금성여자상업고등학교,경상북도,의성군,04,Y,no_file,0,0,,
276,3a5ab59c-5ef1-4bf1-af5a-3570592503e2,경북소프트웨어마이스터고등학교,경상북도,의성군,04,Y,ok,1,1,2026학년도 경북소프트웨어마이스터고 학교교육과정 편성 운영 및 평가.hwp,D:\project\MAPS\curriculum_files\경상북도\경북소프트웨어마이스터고등학교
277,5b3ba589-60f0-46c0-bd20-162417adda5e,성주고등학교,경상북도,성주군,04,Y,no_file,0,0,,
278,8443cf46-d0c3-4a1e-9bd4-975e48bf37fb,순심고등학교,경상북도,칠곡군,04,Y,ok,1,0,2026학년도 순심고등학교 학사일정.xlsx,D:\project\MAPS\curriculum_files\경상북도\순심고등학교
279,015837ba-de99-4d0a-ac2c-8322c2320000,문경공업고등학교,경상북도,문경시,04,Y,ok,1,1,2026학년도 교육과정 편제 및 단위배당표.xlsx,D:\project\MAPS\curriculum_files\경상북도\문경공업고등학교
280,f3674d0c-fe1e-475e-8c88-956572a41aa2,문경여자고등학교,경상북도,문경시,04,Y,no_file,0,0,,
281,a40b9538-3e33-41c2-bdd4-6d800b39e397,문창고등학교,경상북도,문경시,04,Y,ok,1,0,2026학년도 문창고 연간학사일정.pdf,D:\project\MAPS\curriculum_files\경상북도\문창고등학교
282,600a7e7a-9560-422e-b04b-9089acf36d46,동명고등학교,경상북도,칠곡군,04,Y,ok,2,1,2026학년도 동명중고 연간학사일정.pdf | 2026학년도 동명고 학교교육과정 편성·운영·평가 계획.pdf,D:\project\MAPS\curriculum_files\경상북도\동명고등학교
283,496ef859-bfec-4143-9d92-0e0834acb459,경북조리과학고등학교,경상북도,문경시,04,Y,ok,1,1,2026학년도 경북조리과학고 학교교육과정 편성·운영·평가 계획.pdf,D:\project\MAPS\curriculum_files\경상북도\경북조리과학고등학교
284,5c3c0d2f-c763-4519-826e-7cc9d3bfe768,문명고등학교,경상북도,경산시,04,Y,ok,1,1,2026학년도 학교교육과정 편성 운영 및 평가계획.pdf,D:\project\MAPS\curriculum_files\경상북도\문명고등학교
285,232c801f-2c7c-45c2-8dba-0390df3bd44b,경산과학고등학교,경상북도,경산시,04,Y,ok,2,2,2026학년도 입학생의 3개년 교육과정 편성표.pdf | 2026학년도 전학년 교육과정 편성표(경산과학고).pdf,D:\project\MAPS\curriculum_files\경상북도\경산과학고등학교
286,86740473-caa7-491b-99b2-98ab5900b486,하양여자고등학교,경상북도,경산시,04,Y,ok,2,1,"2026학년도 하양여자고등학교 봉사활동 운영계획.hwp | 2026학년도 학교교육계획 - 교육과정, 창체, 시수계획.hwpx",D:\project\MAPS\curriculum_files\경상북도\하양여자고등학교
287,1fb2018f-3593-462e-b863-9fbb28d183f3,안덕고등학교,경상북도,청송군,04,Y,no_file,0,0,,
288,5f1e9756-ff81-4e38-b636-9f8fad200ae2,영남삼육고등학교,경상북도,경산시,04,Y,no_file,0,0,,
289,d7ef620f-f68b-46d2-a72c-fb0fa0e28562,진보고등학교,경상북도,청송군,04,Y,ok,5,4,2025학년도 입학생 3개년 교육과정 편성표(최종).xlsx | 2026 1학기 온라인학교 학생 지도 및 관리 계획.hwp | 2026학년도 3학년 교육과정 편성표(최종).xlsx | 2026학년도 고1·고2 교육과정 편성표(최종).xlsx | 2026학년도 입학생 3개년 교육과정 편성표(최종).xlsx,D:\project\MAPS\curriculum_files\경상북도\진보고등학교
290,d531b27c-1b85-4420-b464-7e8148265abd,경북이커머스고등학교,경상북도,영덕군,04,Y,ok,1,1,2026학년도 입학생 3년간 교육과정.hwp,D:\project\MAPS\curriculum_files\경상북도\경북이커머스고등학교
291,69ebacd4-dcf6-458e-9661-b80261d83489,사곡고등학교,경상북도,구미시,04,Y,ok,1,0,2026학년도 사곡고등학교 학사일정(안).hwp,D:\project\MAPS\curriculum_files\경상북도\사곡고등학교
292,92996546-31a8-430e-8cdd-d7860f909089,상모고등학교,경상북도,구미시,04,Y,ok,1,1,"2026학년도 상모고등학교 학교교육과정 편성,운영 및 평가계획(수정).hwp",D:\project\MAPS\curriculum_files\경상북도\상모고등학교
293,e4460291-9a4d-4a2b-ab77-5bb8e39e2e99,경북생활과학고등학교,경상북도,구미시,04,Y,ok,2,1,2026학년도 창의적 체험활동 운영계획서.hwp | 2026학년도 전학년 교육과정편제표.xlsx,D:\project\MAPS\curriculum_files\경상북도\경북생활과학고등학교
294,e6b2a573-5f68-45b0-94de-193b6d95534f,영광여자고등학교,경상북도,영주시,04,Y,ok,1,1,2026학년도 교육과정 편성표(3학년).xlsx,D:\project\MAPS\curriculum_files\경상북도\영광여자고등학교
295,dd74325d-56e4-4152-85ad-66e8527df3a7,생초고등학교,경상남도,산청군,04,Y,no_file,0,0,,
296,0a2bb510-2a1a-48a6-b1d7-01f040cc7bdd,경호고등학교,경상남도,산청군,04,Y,no_file,0,0,,
297,925b74de-9684-4a80-80c8-f05f96cd9060,합천평화고등학교,경상남도,합천군,04,Y,ok,2,1,2026년 학사일정(2026.3.13.).hwpx | 2026학년도 합천평화고등학교 교육과정 운영 및 평가 (2026.03.24.).hwp,D:\project\MAPS\curriculum_files\경상남도\합천평화고등학교
298,42c0ff67-3279-4c0a-a479-c44dbbfe8490,덕산고등학교,경상남도,산청군,04,Y,no_file,0,0,,
299,ddd7aa10-a0a7-4e19-8f6f-cfc27d60462d,단성고등학교,경상남도,산청군,04,Y,ok,5,1,(단성고) 2026학년도 학교교육과정 편성표(4종).xlsx | 2026학년도 창의적 체험활동 연간활동계획.xlsx | 2026학년도 단성고 체험활동 계획.hwp | 2025학년도 학교평가결과보고서.hwpx | 2026. 학교주도적 학교평가 추진 계획.hwp,D:\project\MAPS\curriculum_files\경상남도\단성고등학교
300,8319cc1c-79c9-4ad0-aece-937d242003c6,삼가고등학교,경상남도,합천군,04,Y,no_file,0,0,,
301,10788749-f0b8-4e86-bfa1-db75534c9ffb,영천고등학교,경상북도,영천시,04,Y,ok,2,1,2026학년도 학사 일정.hwp | 2026학년도 교육과정 편성 운영 계획.hwp,D:\project\MAPS\curriculum_files\경상북도\영천고등학교
302,3facdd50-e01f-446e-afbf-a05f1b9903ae,영동고등학교,경상북도,영천시,04,Y,ok,1,1,2026학년도 영동고 학교교육과정 편성과 운영 및 평가 계획.pdf,D:\project\MAPS\curriculum_files\경상북도\영동고등학교
303,5857c11f-494d-4548-b0c3-36c462459601,포은고등학교,경상북도,영천시,04,Y,no_file,0,0,,
304,2231ef13-e883-4b5c-bd8e-cd6adc059396,경북바이오마이스터고등학교,경상북도,영천시,04,Y,no_file,0,0,,
305,a928e691-0a7b-4e01-bf4e-705f9bd7b8e2,지리산고등학교,경상남도,산청군,04,Y,no_file,0,0,,
306,286f8656-5bb0-49df-8c74-12f02b652e79,간디고등학교,경상남도,산청군,04,Y,no_file,0,0,,
307,ceee2de7-cd31-4693-864a-a6538cef0613,경남간호고등학교,경상남도,산청군,04,Y,no_file,0,0,,
308,4ac29571-4877-429a-9d22-27b066abbb6a,신등고등학교,경상남도,산청군,04,Y,ok,1,0,2026학년도 연간학사일정표(최종).xls,D:\project\MAPS\curriculum_files\경상남도\신등고등학교
309,e80cd87b-a390-4f16-b04c-b892b20aac9e,함양제일고등학교,경상남도,함양군,04,Y,no_file,0,0,,
310,5f511687-6ee1-41ee-95b4-e5e19045c524,함양고등학교,경상남도,함양군,04,Y,ok,1,1,2026학년도 함양고 학교 교육과정 편성 운영 평가 계획.hwp,D:\project\MAPS\curriculum_files\경상남도\함양고등학교
311,8f061dab-b85a-4417-a93f-84c926015e51,안의고등학교,경상남도,함양군,04,Y,ok,1,0,2026학년도 연간학사일정.hwpx,D:\project\MAPS\curriculum_files\경상남도\안의고등학교
312,53d8d3b2-7443-4c28-9657-9f530ca0fb29,포항제철공업고등학교,경상북도,포항시 남구,04,Y,ok,4,2,2. 2026학년도 포철공고 체험활동 계획.hwp | 3. 2026학년도 포철공고 연간학사일정.hwp | 2026학년도 입학생 3개년 직업계고 교육과정 편제표 및 실무과목 내용영역(포항제철공업고등학교).xlsx | 2026학년도 전학년 3개년 직업계고 교육과정 편제표 및 실무과목 내용영역(포항제철공업고등학교).xlsx,D:\project\MAPS\curriculum_files\경상북도\포항제철공업고등학교
313,3a97c52f-95ae-4621-9cfd-d53abc6b119a,경북과학고등학교,경상북도,포항시 남구,04,Y,ok,2,1,2026학년도 연간학사일정.hwp | 2026학년도 학교교육과정 편성운영 및 평가에 관한 사항.hwp,D:\project\MAPS\curriculum_files\경상북도\경북과학고등학교
314,e2f3e18a-b8a7-40b2-a6ba-1b808b5c0318,포항제철고등학교,경상북도,포항시 남구,04,Y,ok,1,1,2. [정보공시용]학교 교육과정의 편성 및 운영방향 .hwp,D:\project\MAPS\curriculum_files\경상북도\포항제철고등학교
315,e56b468b-7b1b-4582-ae04-0c89adb70112,남해제일고등학교,경상남도,남해군,04,Y,ok,1,0,2026학년도 남해제일고 연간학사일정.pdf,D:\project\MAPS\curriculum_files\경상남도\남해제일고등학교
316,a962706a-5afd-4c11-912f-9998a5939c1a,서상고등학교,경상남도,함양군,04,Y,ok,2,1,2026학년도 서상고등학교 학교교육과정 편성·운영·평가 계획.hwp | 2026학년도 서상고등학교 연간학사일정.hwp,D:\project\MAPS\curriculum_files\경상남도\서상고등학교
317,41e7b6c4-ec07-4a8e-b249-764f0457bccc,포항중앙여자고등학교,경상북도,포항시 북구,04,Y,ok,1,0,2026학년도 포항중앙여자고등학교 연간학사일정.hwp,D:\project\MAPS\curriculum_files\경상북도\포항중앙여자고등학교
318,7bd7426b-a834-48d4-9987-f8f1d5c75f1e,포항중앙고등학교,경상북도,포항시 북구,04,Y,ok,1,0,2026학년도 포항중앙고등학교 연간학사일정.pdf,D:\project\MAPS\curriculum_files\경상북도\포항중앙고등학교
319,b3fee2f9-bd29-44a4-87d5-e2085691cc79,유성여자고등학교,경상북도,포항시 북구,04,Y,ok,1,1,2026학년도 학교교육과정의 편성·운영·평가 계획.hwp,D:\project\MAPS\curriculum_files\경상북도\유성여자고등학교
320,932ec6ce-0576-4299-83d2-162f966c466a,대동고등학교,경상북도,포항시 북구,04,Y,ok,1,0,2026학년도 대동고 연간학사일정.hwp,D:\project\MAPS\curriculum_files\경상북도\대동고등학교
321,6e536b31-4ec4-478c-b0d9-4977c560d6cf,포항영신고등학교,경상북도,포항시 북구,04,Y,no_file,0,0,,
322,81de76ae-a4d5-4b01-8a34-38e008adb4ba,세화고등학교,경상북도,포항시 북구,04,Y,ok,2,1,2026학년도 세화고등학교 학교교육과정 편성·운영·평가 계획.hwp | 2026학년도 세화고등학교 연간학사일정.hwp,D:\project\MAPS\curriculum_files\경상북도\세화고등학교
323,e973898d-309c-47ff-8691-ba969686150d,두호고등학교,경상북도,포항시 북구,04,Y,ok,1,1,2026학년도 두호고 학교교육과정 편성?운영?평가 계획.hwp,D:\project\MAPS\curriculum_files\경상북도\두호고등학교
324,4d6e5ef2-1023-4029-bbe8-f2d0a1b38546,남해고등학교,경상남도,남해군,04,Y,ok,2,1,2026학년도 남해고 학교교육과정 편성·운영·평가 계획.xlsx | 2026학년도 남해고 학사일정.pdf,D:\project\MAPS\curriculum_files\경상남도\남해고등학교
325,1c568072-1eb2-4c64-b90e-383343e391f9,경남해양과학고등학교,경상남도,남해군,04,Y,no_file,0,0,,
326,09191d03-92b2-4d5d-be14-ba256fcdd48b,거창대성고등학교,경상남도,거창군,04,Y,ok,2,1,2026학년도 거창대성고 연간학사일정.hwp | 2026학년도 거창대성고 학교교육과정 편성·운영·평가 계획.pdf,D:\project\MAPS\curriculum_files\경상남도\거창대성고등학교
327,2658849c-37b6-477d-a7be-469be20ab269,거창고등학교,경상남도,거창군,04,Y,ok,1,0,2026학년도 거창고등학교 연간 학사일정.pdf,D:\project\MAPS\curriculum_files\경상남도\거창고등학교
328,64f47de0-dd5b-4252-bcc4-e1a1eaec9f92,거창여자고등학교,경상남도,거창군,04,Y,ok,2,1,학교교육과정 편성 운영 및 평가에 관한 사항.hwpx | 2026학년도 거창여고 학사일정.hwp,D:\project\MAPS\curriculum_files\경상남도\거창여자고등학교
329,de67f2cc-3f14-4f93-b4c6-89f09094e6f6,아림고등학교,경상남도,거창군,04,Y,ok,1,1,2026학년도 아림고 학교교육과정 편성·운영·평가 계획.hwpx,D:\project\MAPS\curriculum_files\경상남도\아림고등학교
330,b5a81031-81c0-4116-b79e-8142721bc3e9,대성일고등학교,경상남도,거창군,04,Y,no_file,0,0,,
331,bd90fac9-ecfb-4aa5-a7fc-9e1aae3f60c6,거창중앙고등학교,경상남도,거창군,04,Y,no_file,0,0,,
332,d3ca79d2-42cf-4e16-97c5-be997de2fcc3,포항보건고등학교,경상북도,포항시 북구,04,Y,ok,1,1,2026학년도 포항보건고 학교교육과정 편성운영평가계획.hwp,D:\project\MAPS\curriculum_files\경상북도\포항보건고등학교
333,37ff58ab-1521-4dc2-82b8-9b02c4626016,경주고등학교,경상북도,경주시,04,Y,no_file,0,0,,
334,7e08b893-e184-4f34-a753-2b65b62b78a7,남해해성고등학교,경상남도,남해군,04,Y,no_file,0,0,,
335,0452fe48-5680-4a3c-b0a0-844ed6334a4f,남해정보산업고등학교,경상남도,남해군,04,Y,no_file,0,0,,
336,8f6afcb8-724e-4896-9810-f5683d829b71,고성중앙고등학교,경상남도,고성군,04,Y,ok,1,0,2026학년도 고성중앙고 연간 학사 일정.hwpx,D:\project\MAPS\curriculum_files\경상남도\고성중앙고등학교
337,250afa2a-f670-4e88-ac5d-cccc6f38c250,철성고등학교,경상남도,고성군,04,Y,no_file,0,0,,
338,1f9f473d-3eeb-40f9-a831-a313e8352a43,계림고등학교,경상북도,경주시,04,Y,ok,1,0,2026학년도 계림고 연간 학사일정(4.9.수정).pdf,D:\project\MAPS\curriculum_files\경상북도\계림고등학교
339,4a3b25c0-d261-4aba-a4be-d7ba23b49f22,경주여자정보고등학교,경상북도,경주시,04,Y,ok,2,1,"2026학년도 경주여자정보고등학교 학교교육과정 편성, 운영, 평가 계획.hwp | 2026학년도 경주여자정보고등학교 연간학사일정.hwp",D:\project\MAPS\curriculum_files\경상북도\경주여자정보고등학교
340,170ad701-d2c5-4c2b-8c20-02e33b114d63,한국국제통상마이스터고등학교,경상북도,경주시,04,Y,no_file,0,0,,
341,ccc5d4c5-7cdc-428a-b9f9-4c53c15b2705,경북모빌리티고등학교,경상북도,경주시,04,Y,ok,4,3,2026학년도 경북모빌리티고등학교 연간 학사 일정.hwp | 2024학년도 입학생 교육과정 편제 및 학점 배당표.xlsx | 2025학년도 입학생 교육과정 편제 및 학점 배당표.xlsx | 2026학년도 입학생 교육과정 편제 및 학점 배당표.xlsx,D:\project\MAPS\curriculum_files\경상북도\경북모빌리티고등학교
342,87197022-9015-41b3-88ee-69f554b8d5e1,창선고등학교,경상남도,남해군,04,Y,ok,1,0,2026학년도 학사일정 운영계획.hwpx,D:\project\MAPS\curriculum_files\경상남도\창선고등학교
343,aaf244fe-923c-4ab7-8b06-fab12a567369,하동여자고등학교,경상남도,하동군,04,Y,no_file,0,0,,
344,76cf60d9-91f0-4a53-8f50-0cfbfb5c998d,하동고등학교,경상남도,하동군,04,Y,ok,4,1,2026학년도 하동고등학교 교육과정 편성 및 전학년 3개년 교육과정.pdf | 2026학년도 하동고등학교 수업시수 확보 계획 및 주요 학사일정.pdf | 2026학년도 창의적 체험활동 운영 계획.pdf | 2026학년도 교과학습 평가 및 관리계획.pdf,D:\project\MAPS\curriculum_files\경상남도\하동고등학교
345,67404c0d-bc02-421e-b188-e62344fd9052,경남항공고등학교,경상남도,고성군,04,Y,ok,2,1,2026학년도 연간 학사 운영 계획 .pdf | 학교 교육과정 편성·운영 기본 방향.pdf,D:\project\MAPS\curriculum_files\경상남도\경남항공고등학교
346,0b735153-5ef6-4a98-8e0d-b9735b0e5b42,경주여자고등학교,경상북도,경주시,04,Y,ok,1,1,2026학년도 경주여고 학교교육과정 편성·운영·평가 계획.hwp,D:\project\MAPS\curriculum_files\경상북도\경주여자고등학교
347,fa098f1a-3d9f-421d-9837-d667d2f7758b,거창승강기고등학교,경상남도,거창군,04,Y,ok,1,0,2026학년도 교육과정 운영 학사일정.hwp,D:\project\MAPS\curriculum_files\경상남도\거창승강기고등학교
348,7541b7b4-99a8-4d51-bc56-bce680f1da51,김천중앙고등학교,경상북도,김천시,04,Y,ok,1,1,2026학년도 학교교육과정편성운영계획.hwp,D:\project\MAPS\curriculum_files\경상북도\김천중앙고등학교
349,f2ab61e5-df4d-4294-af23-da6fe255a9f7,김천중앙고등학교부설방송통신고등학교,경상북도,김천시,04,Y,ok,1,0,2026학년도 김천방송고 연간(월별) 학사일정(안).hwp,D:\project\MAPS\curriculum_files\경상북도\김천중앙고등학교부설방송통신고등학교
350,80d25787-f662-4bf0-a909-98f71bfd0283,율곡고등학교,경상북도,김천시,04,Y,ok,1,1,"2026학년도 율곡고 학교교육과정 편성, 운영, 평가계획.hwp",D:\project\MAPS\curriculum_files\경상북도\율곡고등학교
351,c7f53d05-62c8-4a5a-8468-d7993e82e8f2,금남고등학교,경상남도,하동군,04,Y,ok,1,1,"2026학년도 금남고 학교교육과정 편성, 운영, 평가 계획.hwpx",D:\project\MAPS\curriculum_files\경상남도\금남고등학교
352,fd1b4261-51ec-42b3-ada6-9a2764e435ea,합천고등학교,경상남도,합천군,04,Y,ok,1,1,학교교육과정 편성 운영 및 평가에 관한 사항.hwp,D:\project\MAPS\curriculum_files\경상남도\합천고등학교
353,9f67638e-9ead-4cdb-8dd1-ba7ea0eb0685,합천여자고등학교,경상남도,합천군,04,Y,ok,1,1,2026학년도 교육과정부 연간계획서.hwp,D:\project\MAPS\curriculum_files\경상남도\합천여자고등학교
354,9240242a-a750-434a-8578-3cd22c092a91,김천상업고등학교,경상북도,김천시,04,Y,no_file,0,0,,
355,989b5f83-2432-4c50-8aae-4023c340a8ab,진교고등학교,경상남도,하동군,04,Y,ok,1,1,학교교육과정 편성·운영·평가 계획.hwp,D:\project\MAPS\curriculum_files\경상남도\진교고등학교
356,d5a06607-d5d8-4d02-a142-30b7350f5448,고성고등학교,경상남도,고성군,04,Y,ok,1,1,2026학년도 고성고 학교교육과정 편성·운영·평가 계획.hwp,D:\project\MAPS\curriculum_files\경상남도\고성고등학교
357,f3425fb8-d5b4-4af3-98ad-dd45680a0b2e,경일고등학교,경상북도,안동시,04,Y,ok,1,1,2026학년도 경일고 학교교육과정 편성 · 운영 · 평가계획.hwpx,D:\project\MAPS\curriculum_files\경상북도\경일고등학교
358,5469de7b-4de0-4799-8120-50cbfac10764,길원여자고등학교,경상북도,안동시,04,Y,ok,2,1,"2026학년도 학교교육과정 편성,운영,평가 계획.hwpx | 2026 연간 학사일정 및 수업일수(4.13.).hwp",D:\project\MAPS\curriculum_files\경상북도\길원여자고등학교
359,f3735c57-e18e-4d64-b6fd-28ad95a64cff,경안여자고등학교,경상북도,안동시,04,Y,ok,1,0,2026학년도 경안여고 연간학사일정.hwpx,D:\project\MAPS\curriculum_files\경상북도\경안여자고등학교
360,d4dc9ba0-8fb8-4d4b-aabe-e4d2bf38854b,성희여자고등학교,경상북도,안동시,04,Y,ok,1,0,2026학년도 학사일정.hwp,D:\project\MAPS\curriculum_files\경상북도\성희여자고등학교
361,fe52c768-1724-4bb3-821a-a4d85117f939,예일메디텍고등학교,경상북도,안동시,04,Y,ok,1,0,2026학년도 연간학사운영일정(예일메디텍고등학교).pdf,D:\project\MAPS\curriculum_files\경상북도\예일메디텍고등학교
362,431b382a-09fa-4dad-90b2-ba6aee62d9c8,옥종고등학교,경상남도,하동군,04,Y,ok,1,0,2026학년도 옥종고 연간학사일정.pdf,D:\project\MAPS\curriculum_files\경상남도\옥종고등학교
363,a1485434-5fdd-450a-99ef-a7c4b4b0754d,야로고등학교,경상남도,합천군,04,Y,no_file,0,0,,
364,13d2652c-ceec-49c7-9edc-4c67c99ebe81,산청고등학교,경상남도,산청군,04,Y,ok,3,1,2026학년도 산청고 연간학사일정.hwp | 2026학년도 산청고 창의적 체험활동 운영 계획.xlsx | 2026학년도 산청고 교육과정 편성·운영·평가 계획.hwp,D:\project\MAPS\curriculum_files\경상남도\산청고등학교
365,076c2ef8-5096-4057-988c-d433e2695087,산청고등학교(폐지),경상남도,산청군,04,Y,no_file,0,0,,
366,6548daa2-f88d-4907-a701-1d8fb17b5ede,초계고등학교,경상남도,합천군,04,Y,no_file,0,0,,
367,f31aa3a1-ce4d-4ad8-adc8-5634a512e068,달구벌고등학교,대구광역시,동구,04,Y,ok,1,0,2026학년도 달구벌고 학사일정 운영 계획.hwp,D:\project\MAPS\curriculum_files\대구광역시\달구벌고등학교
368,554858c6-6299-43a9-9973-b357bca0b8db,대구서부고등학교,대구광역시,서구,04,Y,ok,2,0,(대구서부고등학교-3892 (첨부)) 2026학년도 창의적 체험활동 운영 계획.pdf | (붙임1) 2026학년도 학사일정.pdf,D:\project\MAPS\curriculum_files\대구광역시\대구서부고등학교
369,a9f2034a-a798-4a6b-a4a3-4f600e39e513,계성고등학교,대구광역시,서구,04,Y,ok,1,1,2026학년도 학교교육과정 편성 평가운영계획.hwpx,D:\project\MAPS\curriculum_files\대구광역시\계성고등학교
370,033a8004-b65f-46f1-861f-e07e0cb7af5d,경덕여자고등학교,대구광역시,서구,04,Y,ok,2,1,2026학년도 경덕여자고등학교 연간학사일정.hwp | 2026학년도 경덕여자고등학교 교육과정 편성ㆍ운영 및 평가(수정).hwp,D:\project\MAPS\curriculum_files\대구광역시\경덕여자고등학교
371,87d09c5c-beb9-4230-ba91-c2faca2b4a96,경명여자고등학교,대구광역시,북구,04,Y,ok,2,1,2026학년도 경명여고 연간학사일정.pdf | 2026. 학교교육과정 편성ㆍ운영 및 평가 계획.pdf,D:\project\MAPS\curriculum_files\대구광역시\경명여자고등학교
372,5a6b23dd-2061-4756-875d-9835711e9519,칠성고등학교,대구광역시,북구,04,Y,ok,2,1,2026학년도 칠성고 학교교육과정 편성·운영·평가 계획.pdf | 2026학년도 칠성고 연간학사일정.pdf,D:\project\MAPS\curriculum_files\대구광역시\칠성고등학교
373,f0df4d3f-20f6-46e4-b45b-214828b50e99,경상여자고등학교,대구광역시,북구,04,Y,ok,1,1,2026학년도 경상여고 학교교육과정 편성·운영·평가 계획(정보공시용).hwp,D:\project\MAPS\curriculum_files\대구광역시\경상여자고등학교
374,35a84918-92f4-4819-b5c9-99f66c7666b0,정화여자고등학교,대구광역시,수성구,04,Y,ok,2,1,2026학년도 정화여자고등학교 교육과정 편성?운영 규정.hwp | 2026학년도 정화여고 학교교육계획서.hwp,D:\project\MAPS\curriculum_files\대구광역시\정화여자고등학교
375,7d44e792-bcdf-4332-9944-3150c2a4d53d,대구여자고등학교,대구광역시,수성구,04,Y,ok,1,1,2026학년도 대구여고 학교교육과정 편성ㆍ운영ㆍ평가 계획.hwp,D:\project\MAPS\curriculum_files\대구광역시\대구여자고등학교
376,2aa7e70f-2c96-49b6-9f16-e892a8f7e678,경신고등학교,대구광역시,수성구,04,Y,ok,2,1,2026학년도 학사일정(정보공시).pdf | 2026학년도 경신고등학교 학교교육과정 편성·운영·평가 계획(정보공시).pdf,D:\project\MAPS\curriculum_files\대구광역시\경신고등학교
377,a03e9879-db09-4948-a0f2-86121c105307,대구중앙고등학교,대구광역시,수성구,04,Y,ok,2,1,2026학년도 대구중앙고 연간학사일정_수정.pdf | 2026학년도 대구중앙고 학교교육과정 편성 운영 평가 계획_수정.pdf,D:\project\MAPS\curriculum_files\대구광역시\대구중앙고등학교
378,13f7e501-a3e1-4f79-acfa-fd2421d5921b,대구외국어고등학교,대구광역시,달서구,04,Y,ok,1,0,2026학년도 대구외고 연간학사일정.pdf,D:\project\MAPS\curriculum_files\대구광역시\대구외국어고등학교
379,ac63b9da-0614-45f9-9eff-90afb7d91bb7,성서고등학교,대구광역시,달서구,04,Y,ok,3,1,교육과정 편성 운영 계획.pdf | 창의적 체험활동 계획.pdf | 2026학년도 성서고 연간 학사일정.hwpx,D:\project\MAPS\curriculum_files\대구광역시\성서고등학교
380,2facfc2e-c1d0-45af-84fc-9e98b4e8dea6,경원고등학교,대구광역시,달서구,04,Y,ok,3,1,2026학년도 경원고등학교 학교교육과정 편성 및 운영.hwp | 2026학년도 창의적 체험활동 운영 계획.hwp | 2026학년도 학사일정.hwp,D:\project\MAPS\curriculum_files\대구광역시\경원고등학교
381,927188c3-17b8-4785-8c50-855e445a9342,성산고등학교,대구광역시,달서구,04,Y,ok,1,0,2026학년도 성산고 연간 학사 일정  .hwpx,D:\project\MAPS\curriculum_files\대구광역시\성산고등학교
382,5cf3a433-14b1-468e-8074-7dab9e203a71,대구하이텍고등학교,대구광역시,달서구,04,Y,no_file,0,0,,
383,dafc1e39-5418-45fa-821f-642ceb08faaf,상인고등학교,대구광역시,달서구,04,Y,ok,1,0,2026학년도 연간학사일정.hwp,D:\project\MAPS\curriculum_files\대구광역시\상인고등학교
384,6c898f9a-734f-44d0-bda5-9bf69fbc1939,경북기계공업고등학교,대구광역시,달서구,04,Y,ok,3,1,2026학년도 경북기계공고 교육과정 편제표.xlsx | 2026학년도 학사일정.pdf | 2026학년도 창의적 체험활동 운영 계획(4.17.수정).hwp,D:\project\MAPS\curriculum_files\대구광역시\경북기계공업고등학교
385,22ee96c1-6531-4592-81f5-47513acee465,대구상원고등학교,대구광역시,달서구,04,Y,ok,3,2,2026학년도 대구상원고 연간학사일정.hwpx | 2026학년도 교육과정 편성·운영 계획.xlsx | 학교교육과정 편성·운영·평가 계획.pdf,D:\project\MAPS\curriculum_files\대구광역시\대구상원고등학교
386,8bdad01a-917b-4b2a-a984-93012b224d8d,영남고등학교,대구광역시,달서구,04,Y,ok,1,1,2026학년도 학교교육과정 편성·운영 및 평가에 관한 사항.pdf,D:\project\MAPS\curriculum_files\대구광역시\영남고등학교
387,a962b97f-7eac-439a-82aa-04950261969e,대진고등학교,대구광역시,달서구,04,Y,ok,1,0,2026학년도 연간학사일정.hwpx,D:\project\MAPS\curriculum_files\대구광역시\대진고등학교
388,d518bd05-e8e7-4aa3-a646-13f9cf71bef6,대원고등학교,대구광역시,달성군,04,Y,ok,2,0,2026학년도 대원고 연간학사일정(수정).hwp | 2026학년도 창의적 체험활동 운영 계획(대원고).hwp,D:\project\MAPS\curriculum_files\대구광역시\대원고등학교
389,e508d1fe-8d64-40f4-b83e-3924a0027767,옥천고등학교,충청북도,옥천군,04,Y,ok,2,1,학사일정 수정.pdf | 2026학년도 학교 교육과정 편성·운영 및 학교 평가 계획(정보공시).pdf,D:\project\MAPS\curriculum_files\충청북도\옥천고등학교
390,6a878bcb-01eb-48d5-9343-a93529692a6b,제천산업고등학교,충청북도,제천시,04,Y,ok,2,1,2026학년도 학사일정.hwp | 2026학년도 학교교육과정 편성·운영·평가계획.hwp,D:\project\MAPS\curriculum_files\충청북도\제천산업고등학교
391,0526cc22-adf1-45b3-9683-74c7c81a40fe,심인고등학교,대구광역시,달성군,04,Y,ok,1,1,2026학년도 심인고 학교교육과정 편성·운영·평가 계획.hwp,D:\project\MAPS\curriculum_files\대구광역시\심인고등학교
392,0ece9bd2-2dec-4598-a769-435d8ab16c11,다사고등학교,대구광역시,달성군,04,Y,ok,4,3,2024학년도 교육과정 편제표.xlsx | 2025학년도 교육과정 편제표.xlsx | 2026학년도 교육과정 편제표.xlsx | 2026학년도 학사일정.hwpx,D:\project\MAPS\curriculum_files\대구광역시\다사고등학교
393,6c7a61b4-c639-40ba-b4d3-3d9c505c0ee8,전남여자고등학교부설방송통신고등학교,광주광역시,동구,04,Y,ok,1,0,2026학년도 전남여고부설방송통신고 주간과정 학교운영계획서.hwp,D:\project\MAPS\curriculum_files\광주광역시\전남여자고등학교부설방송통신고등학교
394,b93fc195-9f1d-403a-95e1-cd417bc82051,전남여자고등학교,광주광역시,동구,04,Y,no_file,0,0,,
395,9d8431bc-76b3-4e1c-9dd8-331ab6a10b75,광주고등학교부설방송통신고등학교,광주광역시,동구,04,Y,no_file,0,0,,
396,7be8548c-4999-411c-8df9-1fd111a1837f,광주고등학교,광주광역시,동구,04,Y,ok,1,1,2026학년도 광주고 학교교육과정 편성·운영·평가 계획.hwp,D:\project\MAPS\curriculum_files\광주광역시\광주고등학교
397,e2b61b1d-14bd-4668-8949-1e1c1bf5a41e,조선대학교여자고등학교,광주광역시,동구,04,Y,ok,1,0,2026학년도 학사일정.hwp,D:\project\MAPS\curriculum_files\광주광역시\조선대학교여자고등학교
398,bfbd65e4-1697-4f6d-804a-c5f2839eb22f,살레시오여자고등학교,광주광역시,동구,04,Y,ok,5,3,2. 2026학년도 입학생 3개년 교육과정 편제 및 학점 배당 편성표(살레시오여고).pdf | 3. 2025학년도 입학생 3개년 교육과정 편제 및 학점 배당 편성표(살레시오여고).pdf | 4. 2024학년도 입학생 3개년 교육과정 편제 및 학점 배당 편성표(살레시오여고).pdf | 2026학년도 학사력(3.6.).xlsx | 2026년 창체력(02.24.).xlsx,D:\project\MAPS\curriculum_files\광주광역시\살레시오여자고등학교
399,5887398d-8f35-47cc-8188-7f04a57a10d2,조선대학교부속고등학교,광주광역시,동구,04,Y,ok,1,0,2026학년도 조선대학교부속고등학교 연간학사일정.pdf,D:\project\MAPS\curriculum_files\광주광역시\조선대학교부속고등학교
400,a9b09f85-2cd1-4586-8076-2e146ee483d6,비슬고등학교,대구광역시,달성군,04,Y,ok,1,0,2026학년도 비슬고 연간학사일정.xlsx,D:\project\MAPS\curriculum_files\대구광역시\비슬고등학교
401,e523f8c3-da55-4edf-bd88-14957984d125,포산고등학교,대구광역시,달성군,04,Y,ok,1,0,2026학년도 포산고 연간학사일정.pdf,D:\project\MAPS\curriculum_files\대구광역시\포산고등학교
402,a37e817e-cee3-4a57-bdf8-2843a01b8a6f,현풍고등학교,대구광역시,달성군,04,Y,ok,6,4,2024학년도 현풍고 입학생 교육과정 편제표.pdf | 2025학년도 현풍고 입학생 교육과정 편제표.pdf | 2026학년도 현풍고 입학생 교육과정 편제표.pdf | 2026학년도 현풍고등학교 3개학년 편성표.pdf | 2026학년도 현풍고 창의적체험활동 운영 계획안(정보공시).pdf | 2026학년도 학사운영계획(2026.2.12.ver).hwpx,D:\project\MAPS\curriculum_files\대구광역시\현풍고등학교
403,247cba72-7038-47f1-b21f-4fb8eb0d00e6,달서고등학교,대구광역시,달성군,04,Y,no_file,0,0,,
404,8270e95a-7837-44b6-9ae4-e4f92e639f55,상일여자고등학교,광주광역시,서구,04,Y,ok,2,0,2026학년도 상일여자고등학교 연간학사일정(공휴일 반영).xlsx | 2026학년도 학교 자체평가 영역 및 평가 지표.hwp,D:\project\MAPS\curriculum_files\광주광역시\상일여자고등학교
405,8e36b24e-4426-44ca-b7dd-9657f927d713,상무고등학교,광주광역시,서구,04,Y,ok,2,1,2026학년도 상무고등학교 교육과정 운영계획.pdf | 2026학년도 상무고등학교 학사일정.pdf,D:\project\MAPS\curriculum_files\광주광역시\상무고등학교
406,03a38ca2-9850-4b88-9bc2-2d30873b26a7,광주서석고등학교,광주광역시,서구,04,Y,ok,1,1,"학교교육과정 편성,운영 및 평가에 관한 사항(광주서석고등학교).hwp",D:\project\MAPS\curriculum_files\광주광역시\광주서석고등학교
407,0054488c-4fa9-4679-9df9-94462f464bb3,광덕고등학교,광주광역시,서구,04,Y,ok,1,1,2-가 학교교육과정 편성 운영 및 평가.hwp,D:\project\MAPS\curriculum_files\광주광역시\광덕고등학교
408,b1ba6d3f-1e90-450d-a9fe-9ea76e366b1f,광주여자고등학교,광주광역시,서구,04,Y,ok,2,1,"2026 학교교육과정 편성,운영,평가 계획_광주여고.pdf | 2026 연간 학사일정_광주여고.pdf",D:\project\MAPS\curriculum_files\광주광역시\광주여자고등학교
409,91392a5b-5813-4f54-9d23-aa154c5094c1,전남고등학교,광주광역시,서구,04,Y,ok,2,1,2026학년도 전남고등학교 연간학사일정.pdf | 2026학년도 전남고등학교 학교교육과정 편성·운영·평가 계획.pdf,D:\project\MAPS\curriculum_files\광주광역시\전남고등학교
410,7ad47de3-7900-46af-9537-9065ab54006e,풍암고등학교,광주광역시,서구,04,Y,ok,1,0,2026 연간 학사 일정_풍암고(정보공시).pdf,D:\project\MAPS\curriculum_files\광주광역시\풍암고등학교
411,ada0a093-fe02-4696-9ee7-06d660bbf08f,광주대동고등학교,광주광역시,서구,04,Y,ok,2,1,학사력(2026학년도) 광주대동고등학교.hwp | 2026학년도 광주대동고등학교 교육과정 운영계획서.hwp,D:\project\MAPS\curriculum_files\광주광역시\광주대동고등학교
412,a0b40fec-0618-4cad-b4df-a5e481025592,대전여자상업고등학교,대전광역시,중구,04,Y,no_file,0,0,,
413,1ca3af55-1c91-4ab6-bda8-7d641624d09a,호수돈여자고등학교,대전광역시,중구,04,Y,ok,2,1,2026학년도 호수돈여자고등학교 학교교육과정 편성 운영 및 평가 계획.pdf | 2026학년도 호수돈여자고등학교 연간 학사일정(4.1.).pdf,D:\project\MAPS\curriculum_files\대전광역시\호수돈여자고등학교
414,80061689-c689-4a2a-9177-9132f7210d2d,대전대성고등학교,대전광역시,중구,04,Y,ok,1,0,2026학년도 대전대성고등학교 연간학사일정.pdf,D:\project\MAPS\curriculum_files\대전광역시\대전대성고등학교
415,e1f82143-b261-4a5a-96dd-6a87a9289fb6,충남여자고등학교,대전광역시,중구,04,Y,ok,2,1,2026학년도 충남여고 학교교육과정 편성·운영·평가 계획.hwp | 2026학년도 학사 일정(안).hwp,D:\project\MAPS\curriculum_files\대전광역시\충남여자고등학교
416,38fc2dac-b1c8-4e3e-89b7-1dac29376488,대전중앙고등학교,대전광역시,중구,04,Y,ok,7,4,2. 2026학년도 교육과정 편제.hwp | 3. 2026학년도 너두나두 공동교육과정 운영.hwp | 4. 2026학년도 학생주도활동시간 및 학교자율교육과정 운영.hwp | 5. 2026학년도 수업 일수 및 수업 시수 확보계획.hwp | 6. 2026학년도 창의적 체험활동 운영 계획.hwp | 7. 2026학년도 학교 교육과정 운영 평가 계획.hwp | 8. 2026학년도 학교 자체 평가 계획.hwp,D:\project\MAPS\curriculum_files\대전광역시\대전중앙고등학교
417,cbbfc3a8-0eba-47a2-aff3-346149af2469,대전고등학교,대전광역시,중구,04,Y,ok,1,0,2026학년도 대전고등학교 연간학사일정.hwpx,D:\project\MAPS\curriculum_files\대전광역시\대전고등학교
418,6ed8c632-ec43-4856-b5b8-f3cd94deeffd,대전성모여자고등학교,대전광역시,중구,04,Y,ok,1,0,2026학년도 대전성모여자고등학교 연간학사일정.pdf,D:\project\MAPS\curriculum_files\대전광역시\대전성모여자고등학교
419,d28fb983-d76f-4c33-933c-c1e961feee7a,대전고등학교부설방송통신고등학교,대전광역시,중구,04,Y,ok,2,1,2026학년도 대전고부설방송통신고 연간학사일정.hwpx | 2026학년도 대전고부설방송통신고 학교교육과정 편성.운영.평가계획.hwpx,D:\project\MAPS\curriculum_files\대전광역시\대전고등학교부설방송통신고등학교
420,d76e2841-ae74-4bfb-9649-8a6ecd361b0d,광주석산고등학교,광주광역시,남구,04,Y,no_file,0,0,,
421,28c73118-6108-45bd-ba46-6302caff452e,대광여자고등학교,광주광역시,남구,04,Y,no_file,0,0,,
422,8bc1cd38-ca5e-4f28-98e7-a6651fb06a95,호남삼육고등학교,광주광역시,남구,04,Y,ok,3,3,2026학년도 입학생 3개년 교육과정 편제 및 학점 배당 편성표_호남삼육고.pdf | 2025학년도 입학생 3개년 교육과정 편제 및 학점 배당 편성표_호남삼육고.pdf | 2024학년도 입학생 3개년 교육과정 편제 및 학점 배당 편성표_호남삼육고.pdf,D:\project\MAPS\curriculum_files\광주광역시\호남삼육고등학교
423,04973d92-ac13-4441-913a-7333a806f6fe,서진여자고등학교,광주광역시,남구,04,Y,ok,8,7,2024학년도 서진여고 입학생 보통과 교육과정 편성표.pdf | 2024학년도 서진여고 입학생 직업계고 교육과정 편성표.xlsx | 2025학년도 서진여고 입학생 보통과 교육과정 편성표.pdf | 2025학년도 서진여고 입학생 직업계고 교육과정 편성표.xlsx | 2026학년도 서진여고 입학생 보통과 교육과정 편성표.pdf | 2026학년도 서진여고 입학생 직업계고 교육과정 편성표.xlsx | 2026학년도 서진여고 학사일정.hwp | 2026학년도 서진여고 학교교육과정 편성 운영 및 평가에 관한 사항.pdf,D:\project\MAPS\curriculum_files\광주광역시\서진여자고등학교
424,b9ab37df-d386-4597-bbb5-b019c3aedc91,대성여자고등학교,광주광역시,남구,04,Y,ok,1,1,2026학년도 학교 교육과정 편성·운영 및 평가에  관한 사항.hwpx,D:\project\MAPS\curriculum_files\광주광역시\대성여자고등학교
425,ad8e2ee0-f729-4adb-b822-7e45239d0287,광주동성고등학교,광주광역시,남구,04,Y,ok,5,4,2026학년도 광주동성고등학교 창의적 체험활동 계획.hwpx | 광주동성고등학교 2026학년도전학년교육과정편성표.pdf | 광주동성고등학교 2024학년도입학생3개년교육과정편성표.pdf | 광주동성고등학교 2025학년도입학생3개년교육과정편성표.pdf | 광주동성고등학교 2026학년도입학생3개년교육과정편성표.pdf,D:\project\MAPS\curriculum_files\광주광역시\광주동성고등학교
426,767e07bf-bc3c-4558-811c-21c6b75cb368,광주여자상업고등학교,광주광역시,남구,04,Y,ok,1,0,2026학년도 광주여상 연간학사일정.hwp,D:\project\MAPS\curriculum_files\광주광역시\광주여자상업고등학교
427,f382a61f-d45a-4211-ae36-146c85ebcf59,송원미래인재고등학교,광주광역시,남구,04,Y,no_file,0,0,,
428,d3b8b67d-bc37-4295-9e4c-a6cf6ef5e979,광주인성고등학교,광주광역시,남구,04,Y,ok,4,2,2_편제 및 시간 배당.hwp | 3_3_학교교육과정 편성운영평가.hwp | 3-1_창의적 체험활동.hwp | 3-2_2026학년도 체험활동 계획.hwp,D:\project\MAPS\curriculum_files\광주광역시\광주인성고등학교
429,2d6122bc-6f32-49d9-8b13-1eeda29e3046,송원고등학교,광주광역시,남구,04,Y,ok,2,1,2026학년도 송원고등학교 학교교육과정 편성 운영 평가계획.hwp | 2026학년도 송원고등학교 연간학사일정.hwp,D:\project\MAPS\curriculum_files\광주광역시\송원고등학교
430,33151abd-76eb-47d3-ab00-d641bc7626bd,송원여자고등학교,광주광역시,남구,04,Y,ok,1,1,2026학년도 송원여자고등학교 학교교육과정 편성·운영·평가 계획.hwp,D:\project\MAPS\curriculum_files\광주광역시\송원여자고등학교
431,30b633ee-44e8-4525-91ca-cca238072169,광주수피아여자고등학교,광주광역시,남구,04,Y,ok,1,0,2026학년도 학사 일정.hwp,D:\project\MAPS\curriculum_files\광주광역시\광주수피아여자고등학교
432,ed039aad-590c-4582-8efa-85cc18d53a03,숭의과학기술고등학교,광주광역시,남구,04,Y,ok,1,1,1. 2026학년도 전 학년 교육과정 편성표.xlsx,D:\project\MAPS\curriculum_files\광주광역시\숭의과학기술고등학교
433,867f4438-73c5-46fe-b130-459d1c2a6259,동일미래과학고등학교,광주광역시,남구,04,Y,no_file,0,0,,
434,4e09eff5-0a74-4e49-97fc-79d2f5018170,설월여자고등학교,광주광역시,남구,04,Y,ok,1,1,2026_학교 교육과정 운영 계획(설월여고).pdf,D:\project\MAPS\curriculum_files\광주광역시\설월여자고등학교
435,dc005af8-0f02-4bfb-99a5-482ee21ecd47,문성고등학교,광주광역시,남구,04,Y,ok,1,0,2026학년도 연간 학사일정-문성고(26.2.20)).hwpx,D:\project\MAPS\curriculum_files\광주광역시\문성고등학교
436,4ea44d7e-6a46-49c5-bbd9-8a046f11f5e4,동아여자고등학교,광주광역시,남구,04,Y,ok,4,3,2025학년도 입학생 3개년 교육과정편성표_동아여고.pdf | 2026학년도 입학생 3개년 교육과정편성표_동아여고.pdf | 2026학년도 전학년 교육과정편성표_동아여고.pdf | 2026학년도 학사일정(수정).pdf,D:\project\MAPS\curriculum_files\광주광역시\동아여자고등학교
437,0746824c-9f4b-4e23-8d2d-d506cc57698a,대전가오고등학교,대전광역시,동구,04,Y,no_file,0,0,,
438,a1149f74-7822-467c-9ef1-0e2f20a777c7,대전여자고등학교,대전광역시,동구,04,Y,no_file,0,0,,
439,916615b2-03c4-4e83-9e27-05add21e933a,대전여자고등학교부설방송통신고등학교,대전광역시,동구,04,Y,no_file,0,0,,
440,ebc76e43-7b15-4dfa-a524-e019fc099569,동아마이스터고등학교,대전광역시,동구,04,Y,no_file,0,0,,
441,ae80be09-3698-4a6c-897b-e4769f72fa44,우송고등학교,대전광역시,동구,04,Y,ok,1,1,2026학년도 우송고등학교 학교교육과정 편성 운영 및 평가 계획.pdf,D:\project\MAPS\curriculum_files\대전광역시\우송고등학교
442,1505f2de-dc65-45b5-ac49-4b82c55a2753,명석고등학교,대전광역시,동구,04,Y,ok,1,0,2026학년도 명석고 연간학사일정.xlsx,D:\project\MAPS\curriculum_files\대전광역시\명석고등학교
443,0b7dfeb3-bb89-4176-83cd-07fd1608c1ca,대전대성여자고등학교,대전광역시,동구,04,Y,ok,1,0,2026학년도 연간 학사 일정(대전대성여자고등학교).hwp,D:\project\MAPS\curriculum_files\대전광역시\대전대성여자고등학교
444,8a510be0-c274-4dde-a69e-a7b66df527ec,계룡디지텍고등학교,대전광역시,동구,04,Y,ok,1,1,2026학년도 계룡디지텍고등학교 학교 교육과정 편성·운영·평가 계획.pdf,D:\project\MAPS\curriculum_files\대전광역시\계룡디지텍고등학교
445,3db3710a-7b5e-4f82-b34a-9074730cb4f6,보문고등학교,대전광역시,동구,04,Y,ok,1,0,2026학년도 보문고 연간학사일정.pdf,D:\project\MAPS\curriculum_files\대전광역시\보문고등학교
446,8275be30-4e17-4af2-b86d-e720edaef125,대전동신과학고등학교,대전광역시,동구,04,Y,no_file,0,0,,
447,41595170-2efe-4440-aa50-83a3f0e90fc6,충남고등학교,대전광역시,서구,04,Y,ok,1,0,2026학년도 충남고 연간학사일정 변경.hwpx,D:\project\MAPS\curriculum_files\대전광역시\충남고등학교
448,102f4096-cb1c-4db4-89ef-7e0309f8786f,성신고등학교,울산광역시,중구,04,Y,no_file,0,0,,
449,fa0ca0af-7ac6-4274-b50b-9ba2b2e692b5,울산고등학교,울산광역시,중구,04,Y,no_file,0,0,,
450,8564010e-2d2c-49bc-ab3c-fe77b39fcd55,광주경신여자고등학교,광주광역시,북구,04,Y,no_file,0,0,,
451,b3b11190-11f4-4075-8f2d-29da2162720d,전남대학교사범대학부설고등학교,광주광역시,북구,04,Y,no_file,0,0,,
452,a6597299-5fe7-40af-b632-e8e2f3ddeb17,광주체육고등학교,광주광역시,북구,04,Y,ok,1,0,2026 광주체육고등학교 학사일정.hwp,D:\project\MAPS\curriculum_files\광주광역시\광주체육고등학교
453,c42836a5-de8c-4cd8-9480-3cb3b9ec54e4,금호중앙여자고등학교,광주광역시,북구,04,Y,ok,2,0,2026년 단체 체험활동 계획.pdf | 2026학년도 금호중앙여자고등학교 연간학사일정.pdf,D:\project\MAPS\curriculum_files\광주광역시\금호중앙여자고등학교
454,66625f37-b69f-43f0-a7a8-fb6bb8bf1263,금호고등학교,광주광역시,북구,04,Y,no_file,0,0,,
455,6d2bf15f-27f0-4420-bb77-2c46c616ddc5,금파공업고등학교,광주광역시,북구,04,Y,ok,2,1,2026학년도_교육과정운영계획서_교육과정편제.pdf | 2026학년도_교육과정운영계획서_창의적 체험활동 계획.pdf,D:\project\MAPS\curriculum_files\광주광역시\금파공업고등학교
456,0ba67f00-b7c4-4e4d-8a7b-367eb0232892,서강고등학교,광주광역시,북구,04,Y,ok,2,1,2026학년도 서강고 학교교육과정 편성·운영·평가 계획.pdf | 2026학년도 학사일정표안(2026.4.8.).pdf,D:\project\MAPS\curriculum_files\광주광역시\서강고등학교
457,557b8ef6-4a22-4675-adf5-390c356873fc,광주동신고등학교,광주광역시,북구,04,Y,ok,1,1,2026학년도 광주동신고 학교교육과정 편성운영평가 계획.hwpx,D:\project\MAPS\curriculum_files\광주광역시\광주동신고등학교
458,e2fa3443-13de-45a1-925a-67ef19fe05a8,광주동신여자고등학교,광주광역시,북구,04,Y,no_file,0,0,,
459,a66523a0-1450-4837-985d-c658f78a75ff,광주자연과학고등학교,광주광역시,북구,04,Y,ok,4,1,6. 학교교육과정 운영계획서(교육과정-교무부)-수정.hwp | 2025학년도 학교 자체평가 결과 보고서(광주자연과학고등학교).hwp | 8. 학사일정(2026).hwp | 2026 창의적 체험 활동 운영 계획(합본).hwp,D:\project\MAPS\curriculum_files\광주광역시\광주자연과학고등학교
460,b6e8fe95-11ea-4435-9b58-12737097e8ce,문정여자고등학교,광주광역시,북구,04,Y,no_file,0,0,,
461,0cbe76f5-e5eb-4ef2-a05a-215469671105,전남여자상업고등학교,광주광역시,북구,04,Y,ok,1,0,2026학년도 학사일정표.hwp,D:\project\MAPS\curriculum_files\광주광역시\전남여자상업고등학교
462,70aca5d0-ee92-4294-8232-7510bcbcc489,국제고등학교,광주광역시,북구,04,Y,ok,5,4,2024학년도 입학생 3개년 교육과정 편성표_국제고.pdf | 2025학년도 입학생 3개년 교육과정 편성표_국제고.pdf | 2026학년도 입학생 3개년 교육과정 편성표_국제고.pdf | 2026학년도 전학년 교육과정 편성표_국제고.pdf | 2026학년도 국제고등학교 연간학사일정.hwp,D:\project\MAPS\curriculum_files\광주광역시\국제고등학교
463,0a41e092-523f-440e-a3c1-01ba7df49fc2,고려고등학교,광주광역시,북구,04,Y,ok,1,1,2026학년도 고려고등학교 학교교육과정 편성·운영· 평가 계획.pdf,D:\project\MAPS\curriculum_files\광주광역시\고려고등학교
464,e1db837c-dd3d-40d5-8401-19a4753d162e,광주예술고등학교,광주광역시,북구,04,Y,ok,1,1,2026학년도 광주예술고등학교 교육과정 편성?운영?평가 계획.hwp,D:\project\MAPS\curriculum_files\광주광역시\광주예술고등학교
465,9a9c4ab8-4f9f-4e53-abe6-b133a313523e,광주공업고등학교,광주광역시,북구,04,Y,ok,2,1,2026학년도 교육과정 운영 계획(광주공업고등학교)_인쇄용.pdf | 2026학년도 광주공업고등학교 학사일정 변경(안)(4.1).hwp,D:\project\MAPS\curriculum_files\광주광역시\광주공업고등학교
466,9d6b342a-37fa-4224-a5d4-479f0200d769,청주농업고등학교,충청북도,청주시 청원구,04,Y,ok,1,1,2026학년도 청주농업고등학교 학교교육과정 편성.운영.평가 계획.hwp,D:\project\MAPS\curriculum_files\충청북도\청주농업고등학교
467,0d567443-06af-49a8-a078-8405a570d230,청주대성고등학교,충청북도,청주시 청원구,04,Y,no_file,0,0,,
468,7f4e3959-1dd6-4f43-8437-1abd086bbb17,충북상업정보고등학교,충청북도,청주시 청원구,04,Y,ok,1,0,2026학년도 충북상업정보고등학교 연간학사일정.hwpx,D:\project\MAPS\curriculum_files\충청북도\충북상업정보고등학교
469,20600bed-dcac-4f62-be01-e245bd584ab9,청주여자고등학교,충청북도,청주시 청원구,04,Y,no_file,0,0,,
470,c359db60-391c-4eb4-ac85-0c7e03f9adac,청주신흥고등학교,충청북도,청주시 청원구,04,Y,ok,1,0,2026.창의적 체험활동 운영 계획서.hwp,D:\project\MAPS\curriculum_files\충청북도\청주신흥고등학교
471,af03766a-d4cb-425e-9c40-537d1e4b00d9,충원고등학교,충청북도,충주시,04,Y,ok,2,1,2026. 충원고등학교 학사일정(20260401).hwp | 2026. 학교 교육과정 편성 운영 평가 계획(충원고).hwp,D:\project\MAPS\curriculum_files\충청북도\충원고등학교
472,b285963a-ef0d-4420-a138-21bef861dc18,도선고등학교,서울특별시,성동구,04,Y,ok,3,2,학교교육과정_창체포함(정보공시1차).pdf | 학교교육과정평가(정보공시1차).pdf | 연간학사일정(정보공시1차).xlsx,D:\project\MAPS\curriculum_files\서울특별시\도선고등학교
473,f366de44-ffed-408c-9956-df546797a1dd,살레시오고등학교,광주광역시,북구,04,Y,no_file,0,0,,
474,e14be841-957b-449f-9328-8d4310d6149e,광주숭일고등학교,광주광역시,북구,04,Y,no_file,0,0,,
475,e290c388-51b5-4de0-871b-c5be9338d7fa,빛고을고등학교,광주광역시,북구,04,Y,no_file,0,0,,
476,4b5357ba-ec97-4b24-9a17-a5238bfd2447,광주과학고등학교,광주광역시,북구,04,Y,ok,1,0,2026학년도 광주과학고등학교 학사일정.xlsx,D:\project\MAPS\curriculum_files\광주광역시\광주과학고등학교
477,7217e316-1db1-43e8-9dd2-baca31d7aba9,광주소프트웨어마이스터고등학교,광주광역시,광산구,04,Y,ok,1,1,학교교육과정 편성 운영 및 평가에 관한 사항.pdf,D:\project\MAPS\curriculum_files\광주광역시\광주소프트웨어마이스터고등학교
478,fcbea204-0e6b-4b2b-8b13-62afe4aeee9c,동명고등학교,광주광역시,광산구,04,Y,ok,5,3,"2025학년도 입학생 3개년 교육과정 편성표_동명고.pdf | 2026학년도 입학생 3개년 교육과정 편성표_동명고.pdf | 2026학년도 전학년 교육과정 편성표_동명고.pdf | 2026학년도 나눔과 섬김을 배우는 봉사활동 운영계획서.hwpx | 2026학년도 동아리활동(창의적체험활동, 자율동아리) 운영계획서-수정.hwp",D:\project\MAPS\curriculum_files\광주광역시\동명고등학교
479,6163242a-feb2-4b3f-b0d5-4546068b671c,보문고등학교,광주광역시,광산구,04,Y,ok,1,0,2026학년도 보문고 학사일정.pdf,D:\project\MAPS\curriculum_files\광주광역시\보문고등학교
480,ebca63f4-1429-43cb-a9ea-afce002fc0b1,정광고등학교,광주광역시,광산구,04,Y,ok,1,1,2026학년도 교육과정 편성 운영 및 평가(정광고).hwp,D:\project\MAPS\curriculum_files\광주광역시\정광고등학교
481,899032c7-481f-4b0a-a809-6558ee35f94d,광주자동화설비마이스터고등학교,광주광역시,광산구,04,Y,no_file,0,0,,
482,cb02353b-d032-405b-a3d8-ea89f608fafd,수완고등학교,광주광역시,광산구,04,Y,ok,2,1,학교교육과정 편성 운영 및 평가에 관한 사항(수완고_4월정보공시).pdf | 2026학년도 학사일정(수완고_4월정보공시).pdf,D:\project\MAPS\curriculum_files\광주광역시\수완고등학교
483,00c48c4c-abed-47c9-917a-60d87aa9974c,명진고등학교,광주광역시,광산구,04,Y,ok,1,1,2-가 학교교육과정 편성ㆍ운영 및 평가에 관한 사항.hwpx,D:\project\MAPS\curriculum_files\광주광역시\명진고등학교
484,6b061da0-1221-40f6-bee5-a3efb124be32,광주전자공업고등학교,광주광역시,광산구,04,Y,ok,1,0,2026학년도 광주전자공고 연간학사일정.hwp,D:\project\MAPS\curriculum_files\광주광역시\광주전자공업고등학교
485,f9e0c3c4-5d27-49cf-ad0d-a8fc92fd5b06,비아고등학교,광주광역시,광산구,04,Y,ok,3,3,2024학년도 입학생 3개년 교육과정 편성표_비아고.pdf | 2025학년도 입학생 3개년 교육과정 편성표_비아고.pdf | 2026학년도 입학생 3개년 교육과정 편성표_비아고.pdf,D:\project\MAPS\curriculum_files\광주광역시\비아고등학교
486,a5613e75-36c7-45d3-ae94-6deee0f31063,첨단고등학교,광주광역시,광산구,04,Y,ok,2,1,2026  학사일정(정보공시).pdf | 학교 교육과정 편성 운영 평가계획(정보공시).pdf,D:\project\MAPS\curriculum_files\광주광역시\첨단고등학교
487,cbbf3442-3f13-4c92-b822-e0806e0de518,숭덕고등학교,광주광역시,광산구,04,Y,ok,1,1,2026학년도 숭덕고 학교교육과정 편성·운영·평가 계획(정보공시).pdf,D:\project\MAPS\curriculum_files\광주광역시\숭덕고등학교
488,fe65e57b-137d-49c5-977d-4249c288a327,전남공업고등학교,광주광역시,광산구,04,Y,ok,6,5,학교교육과정 편성 운영 계획.hwp | 2024학년도 입학생 3개년 교육과정 편성표.xlsx | 2025학년도 입학생 3개년 교육과정 편성표.xlsx | 2026학년도 입학생 3개년 교육과정 편성표.xlsx | 2026학년도 전학년 교육과정 편성표.xlsx | 2026학년도 학사일정.hwp,D:\project\MAPS\curriculum_files\광주광역시\전남공업고등학교
489,2374c668-cb7c-4cd3-bcb7-66aea4fe0a9a,광주진흥고등학교,광주광역시,광산구,04,Y,ok,1,1,2026학년도 광주진흥고 학교교육과정 편성·운영 및 평가에 관한 사항.pdf,D:\project\MAPS\curriculum_files\광주광역시\광주진흥고등학교
490,77f3868c-5e8a-4a5b-85f6-e6beaa6069de,운남고등학교,광주광역시,광산구,04,Y,ok,2,0,2026학년도 학사일정표.pdf | 2025학년도 교육과정 운영 평가 결과.pdf,D:\project\MAPS\curriculum_files\광주광역시\운남고등학교
491,34f19b80-dce8-42f0-91f8-28ec2308dcd3,장덕고등학교,광주광역시,광산구,04,Y,no_file,0,0,,
492,77d0b4d5-a013-4d16-8e68-9f02d8f8d6f4,성덕고등학교,광주광역시,광산구,04,Y,ok,1,1,2026학년도 성덕고 교육과정 운영계획서(최종본).hwp,D:\project\MAPS\curriculum_files\광주광역시\성덕고등학교
493,088ccea9-77bf-4e68-9ae3-a0763d3e8e4d,광일고등학교,광주광역시,광산구,04,Y,no_file,0,0,,
494,bd866e0e-73e9-40af-8358-710cac6c990c,봉명고등학교,충청북도,청주시 흥덕구,04,Y,no_file,0,0,,
495,0253ff99-175b-4d9e-b756-43c2c78d6b5c,충북산업과학고등학교,충청북도,옥천군,04,Y,ok,1,1,2026학년도 충북산업과학고등학교 교육과정 편성 운영 및 평가 계획.hwp,D:\project\MAPS\curriculum_files\충청북도\충북산업과학고등학교
496,af5c9109-ca2e-4382-8dec-7b303b727821,청주공업고등학교,충청북도,청주시 상당구,04,Y,ok,1,1,"교육과정 편제표, 창체계획(청주공업고등학교).hwp",D:\project\MAPS\curriculum_files\충청북도\청주공업고등학교
497,3a6a75f1-995b-44e8-a980-a13524c5eb00,신명고등학교,대구광역시,중구,04,Y,ok,2,1,"2026학년도 학교교육과정 편성, 운영 및 평가에 관한 사항.pdf | 2026 신명고 창체활동 계획(자율,동아리,봉사,진로).hwp",D:\project\MAPS\curriculum_files\대구광역시\신명고등학교
498,7e0cc566-7b34-4f5f-b2ed-41765e58af22,세화고등학교,서울특별시,서초구,04,Y,ok,1,0,[정보공시]연간학사일정.pdf,D:\project\MAPS\curriculum_files\서울특별시\세화고등학교
499,9247bc4b-d33b-4f1a-9814-87943c5cb136,세화여자고등학교,서울특별시,서초구,04,Y,no_file,0,0,,
500,fcaebb06-3003-4f2f-9fcf-599586edecfe,반포고등학교,서울특별시,서초구,04,Y,ok,1,0,2026학년도 학사일정(안).hwp,D:\project\MAPS\curriculum_files\서울특별시\반포고등학교
501,f5eb9a53-6c09-43da-9d67-1d7d33c66406,경북공업고등학교,대구광역시,중구,04,Y,no_file,0,0,,
502,b651a6b5-ef1e-41b7-87d4-cd4109f98ea2,경북여자고등학교,대구광역시,중구,04,Y,no_file,0,0,,
503,6371689f-3bee-4e74-817a-a2329d59f33e,경북대학교사범대학부설고등학교,대구광역시,중구,04,Y,ok,1,0,(정보공시-4월1차)2026학년도 연간 학사일정(경북사대부설고).xlsx,D:\project\MAPS\curriculum_files\대구광역시\경북대학교사범대학부설고등학교
504,74620220-c5fc-4ce1-be68-61187d8afa9c,대구일마이스터고등학교,대구광역시,동구,04,Y,ok,1,0,2026학년도 학사일정(대구일마고).xlsx,D:\project\MAPS\curriculum_files\대구광역시\대구일마이스터고등학교
505,341ce812-464f-4db2-84e5-4758bca4605d,조일고등학교,대구광역시,동구,04,Y,no_file,0,0,,
506,2f9e1fc1-cea4-48dc-860e-c43bedfcafd0,정동고등학교,대구광역시,동구,04,Y,ok,2,1,2026학년도 학교 교육과정 편성 운영(정동고).pdf | 2026학년도 학교 연간 학사 일정(정동고).pdf,D:\project\MAPS\curriculum_files\대구광역시\정동고등학교
507,b99e9912-df78-46ed-bd66-6a237de91803,대구동부고등학교,대구광역시,동구,04,Y,ok,2,1,2026학년도 대구동부고등학교 학교교육과정 편성·운영·평가 계획.hwp | 2026학년도 대구동부고등학교 연간 학사일정.hwp,D:\project\MAPS\curriculum_files\대구광역시\대구동부고등학교
508,5272d84c-7ce4-4749-9d3b-6966c8eea811,대구일과학고등학교,대구광역시,동구,04,Y,ok,2,1,2026학년도 대구일과학고 교육과정편제표.pdf | 2026학년도 대구일과학고 창의적 체험활동 편성 및 운영 일정.pdf,D:\project\MAPS\curriculum_files\대구광역시\대구일과학고등학교
509,c1f2d9f0-8744-4fbd-acae-94d0364c66aa,강동고등학교,대구광역시,동구,04,Y,ok,1,1,2026학년도 학교 교육과정 운영 및 2027학년도 학교 교육과정 편성 계획.hwp,D:\project\MAPS\curriculum_files\대구광역시\강동고등학교
510,afc94b41-2a67-40da-8021-11a195f88e35,청주중앙여자고등학교,충청북도,청주시 서원구,04,Y,no_file,0,0,,
511,c81f43fb-1672-4269-8386-69f2303421eb,보은정보고등학교,충청북도,보은군,04,Y,no_file,0,0,,
512,ea052b0e-5abc-4612-a484-5dadb2bec739,보은여자고등학교,충청북도,보은군,04,Y,ok,3,1,2026학년도 교육과정 편성표.xlsx | 2026. 창의적 체험활동 운영 계획서(정보공시).hwp | 2026학년도 학사일정.hwp,D:\project\MAPS\curriculum_files\충청북도\보은여자고등학교
513,8715475f-e497-4126-ae5b-f207752f2a22,광주제일고등학교,광주광역시,북구,04,Y,ok,2,1,2026학년도 학사일정(안).pdf | 2026학년도 광주제일고등학교 학교 교육과정 운영계획.pdf,D:\project\MAPS\curriculum_files\광주광역시\광주제일고등학교
514,654fb07e-be1e-4441-bf0b-b39c7351a0c4,영동산업과학고등학교,충청북도,영동군,04,Y,no_file,0,0,,
515,e519b55a-5188-4a58-9d69-78545e71d89f,청산고등학교,충청북도,옥천군,04,Y,ok,1,0,2026학년도 학사 일정(청산고).pdf,D:\project\MAPS\curriculum_files\충청북도\청산고등학교
516,1a186f80-d1ac-4d04-b6d4-1637db6ff233,경일여자고등학교,대구광역시,남구,04,Y,ok,1,0,2026학년도 경일여고 연간학사일정.pdf,D:\project\MAPS\curriculum_files\대구광역시\경일여자고등학교
517,a752635d-d036-4305-bd7d-c73f6699b623,협성고등학교,대구광역시,남구,04,Y,ok,2,0,2026학년도 협성고등학교 창의적 체험활동 운영 계획.hwp | 26년 협성고등학교 학사일정).xlsx,D:\project\MAPS\curriculum_files\대구광역시\협성고등학교
518,9de29997-8dee-48bb-9fc0-a43a351c7cca,경북여자상업고등학교,대구광역시,남구,04,Y,ok,1,1,2026학년도 교육과정 편성 및 운영-수정.hwpx,D:\project\MAPS\curriculum_files\대구광역시\경북여자상업고등학교
519,cc2be18a-9fdc-4e2c-980a-78c6d0066442,대구고등학교부설방송통신고등학교,대구광역시,남구,04,Y,ok,1,1,2026학년도 방송고 학교교육과정 편성.운영.평가계획.hwpx,D:\project\MAPS\curriculum_files\대구광역시\대구고등학교부설방송통신고등학교
520,53ed74f3-f84c-48fd-9150-e35cc6679a96,대구고등학교,대구광역시,남구,04,Y,ok,1,0,2026학년도 대구고 연간학사일정.hwp,D:\project\MAPS\curriculum_files\대구광역시\대구고등학교
521,be652bec-0c4e-45ff-8d7c-d92c9c6e5905,경상공업고등학교,대구광역시,남구,04,Y,ok,1,0,2026학년도 경상공업고등학교 연간학사일정.xlsx,D:\project\MAPS\curriculum_files\대구광역시\경상공업고등학교
522,37a4a697-24b1-40c4-8bce-b19e01279549,경북예술고등학교,대구광역시,남구,04,Y,no_file,0,0,,
523,59d1c3d6-1bb3-4ea9-aa0c-cb60a0aef6d4,대명고등학교,대구광역시,남구,04,Y,no_file,0,0,,
524,a70f6530-fdcf-44fa-8803-e364ce763247,성광고등학교,대구광역시,북구,04,Y,ok,1,1,2026 학교교육과정 편성 운영 평가 계획(정보공시).pdf,D:\project\MAPS\curriculum_files\대구광역시\성광고등학교
525,255c9b6b-e306-44d5-bb77-2513ccadf4c3,성화여자고등학교,대구광역시,북구,04,Y,ok,1,1,2026학년도 성화여고 학교교육과정 편성·운영·평가 계획.hwpx,D:\project\MAPS\curriculum_files\대구광역시\성화여자고등학교
526,0c088a47-ddb0-49c5-a365-842ea98af978,경상고등학교,대구광역시,북구,04,Y,ok,2,1,"2026학년도 학사일정 운영 계획.pdf | 2026학년도 교육과정 편성, 운영 계획(수정).pdf",D:\project\MAPS\curriculum_files\대구광역시\경상고등학교
527,ca32c4a9-6630-4678-8253-fb2c9b9c56af,영진고등학교,대구광역시,북구,04,Y,ok,7,3,2026학년도 학사일정 계획.hwpx | 2026학년도 1학년 창의적체험활동 계획서.hwp | 2026학년도 2학년 창의적체험활동 계획서.hwp | 2026학년도 3학년 창의적체험활동 계획서.hwp | 2024학년도 입학생 교육과정 편제표.pdf | 2025학년도 입학생 교육과정 편제표.pdf | 2026학년도 입학생 교육과정 편제표.pdf,D:\project\MAPS\curriculum_files\대구광역시\영진고등학교
528,84834f9b-f169-459e-8696-0af7f6f793d6,대구스마트고등학교,대구광역시,북구,04,Y,ok,1,0,2026학년도 학교교육과정 편성 및 운영(학사일정 및 창체).hwpx,D:\project\MAPS\curriculum_files\대구광역시\대구스마트고등학교
529,c9cccbe1-11fd-43cf-934d-1f7ae8240b54,대구체육고등학교,대구광역시,북구,04,Y,ok,3,1,2026학년도 입학생 교육과정 편제표.pdf | 붙임2_2026학년도 연간 학사 일정(대구체고).hwp | 2026학년도 대구체고 창의적 체험활동 운영 계획.hwp,D:\project\MAPS\curriculum_files\대구광역시\대구체육고등학교
530,772c93cc-ce86-404c-adeb-cd1d71c06109,대구국제고등학교,대구광역시,북구,04,Y,ok,1,0,2026학년도 대구국제고 연간 학사 일정.pdf,D:\project\MAPS\curriculum_files\대구광역시\대구국제고등학교
531,5dfc290e-b9c1-4b2c-a736-c3f921a0c478,학남고등학교,대구광역시,북구,04,Y,ok,3,1,2026학년도 입학생 교육과정 편제표(최종)(학남고).xlsx | 2026학년도 창의적 체험활동 운영 계획.hwp | 2026학년도 학사일정 현황 등 제출.hwp,D:\project\MAPS\curriculum_files\대구광역시\학남고등학교
532,9c1f024d-76c9-4e91-b638-748f55f501e9,구암고등학교,대구광역시,북구,04,Y,ok,1,0,2026학년도 구암고 연간 학사일정.hwpx,D:\project\MAPS\curriculum_files\대구광역시\구암고등학교
533,c4be170f-63a9-4b0f-a151-20fc059dea4f,운암고등학교,대구광역시,북구,04,Y,ok,2,1,2026학년도 학교교육과정 편성-운영-평가계획.hwp | 2026학년도연간학사일정.hwp,D:\project\MAPS\curriculum_files\대구광역시\운암고등학교
534,ea19d3ef-17ff-418d-83f7-9109b42da4a7,함지고등학교,대구광역시,북구,04,Y,ok,1,0,2026학년도 함지고등학교 연간학사일정.hwp,D:\project\MAPS\curriculum_files\대구광역시\함지고등학교
535,93af22b7-ba74-4558-bba3-a6577995160f,영송여자고등학교,대구광역시,북구,04,Y,ok,1,1,2026학년도 학교교육과정 운영 계획.pdf,D:\project\MAPS\curriculum_files\대구광역시\영송여자고등학교
536,9f20aefd-3d75-4d8a-bd1e-8816fa3668e1,강북고등학교,대구광역시,북구,04,Y,ok,2,1,2026학년도 강북고 연간학사일정(2026. 4. 3.).pdf | 2026학년도 강북고 학교교육과정 편성·운영·평가 계획(4. 28.).pdf,D:\project\MAPS\curriculum_files\대구광역시\강북고등학교
537,1af40f93-b162-4e50-82ea-05a5895b83a2,매천고등학교,대구광역시,북구,04,Y,ok,1,0,2026학년도 학사일정(4.15.).hwp,D:\project\MAPS\curriculum_files\대구광역시\매천고등학교
538,8dd35a55-0bcd-4611-ae9a-c8e0147c75f7,대륜고등학교,대구광역시,수성구,04,Y,ok,2,1,2026학년도_대륜고_학교교육과정_편성?운영?평가_계획.hwp | 2026학년도 학사 운영 계획(변경2차_5.1.(금) 노동절)_배포용.pdf,D:\project\MAPS\curriculum_files\대구광역시\대륜고등학교
539,54b5f562-8d01-4367-859d-7fbb6135d8e7,동문고등학교,대구광역시,수성구,04,Y,ok,1,0,2026 2-가.학교교육과정 편성_운영 및 평가에 관한 사항(교과_체험활동계획 포함).hwp,D:\project\MAPS\curriculum_files\대구광역시\동문고등학교
540,32b6a23d-02d7-47c7-8d0a-31bb707ce27c,대구혜화여자고등학교,대구광역시,수성구,04,Y,ok,2,1,2026학년도 대구혜화여고 학교교육과정 편성·운영·평가계획.hwpx | 2026학년도 대구혜화여고 연간학사일정.xlsx,D:\project\MAPS\curriculum_files\대구광역시\대구혜화여자고등학교
541,1f5b7094-dfc8-4ddc-a3d7-77a9b275815b,영남공업고등학교,대구광역시,수성구,04,Y,ok,1,0,영남공업고등학교 2026학년도 학사일정_3.30.기준.xlsx,D:\project\MAPS\curriculum_files\대구광역시\영남공업고등학교
542,7a4fe347-7f16-49b0-810e-5e7970cefbd5,오성고등학교,대구광역시,수성구,04,Y,ok,1,1,2026학년도 오성고등학교 학교 교육과정 편성·운영·평가 계획.hwp,D:\project\MAPS\curriculum_files\대구광역시\오성고등학교
543,853f7801-29b0-4e83-aed9-a4234f442d2e,대구남산고등학교,대구광역시,수성구,04,Y,ok,2,0,2026. 대구남산고 학교교육과정 편성 · 운영 및 평가에 관한 사항(창의적체험활동 계획 포함).hwp | 2026. 대구남산고 연간학사일정.xlsx,D:\project\MAPS\curriculum_files\대구광역시\대구남산고등학교
544,aafabd77-68e0-43c5-a706-bb65fc985d7a,대구과학고등학교,대구광역시,수성구,04,Y,no_file,0,0,,
545,0a54e1cd-c0ac-4e07-9d4f-391befbaeb5a,경북고등학교,대구광역시,수성구,04,Y,ok,2,1,2026학년도 경북고 학사일정.hwp | 2026학년도 경북고 학교교육과정 편성·운영·평가 계획.hwp,D:\project\MAPS\curriculum_files\대구광역시\경북고등학교
546,f05e28cc-fc00-44a4-816f-fd1b71c4e3ee,능인고등학교,대구광역시,수성구,04,Y,ok,1,0,2026학년도 능인고 연간학사일정.hwp,D:\project\MAPS\curriculum_files\대구광역시\능인고등학교
547,df78eddb-17ef-47b5-ba15-06633e318738,수성고등학교,대구광역시,수성구,04,Y,ok,1,0,2026학년도 연간학사일정(수성고).hwp,D:\project\MAPS\curriculum_files\대구광역시\수성고등학교
548,7e04e06f-1dc0-49b0-8ffa-de957faa3f33,단양고등학교,충청북도,단양군,04,Y,ok,2,1,"2026학년도 단양고 학교교육과정 편성,운영,평가 계획.hwp | 2026학년도 단양고 연간학사 일정.hwp",D:\project\MAPS\curriculum_files\충청북도\단양고등학교
549,d0233c11-2478-4c10-a596-b101df704c7b,충주고등학교,충청북도,충주시,04,Y,no_file,0,0,,
550,1403ba27-e572-41d3-acbf-5ac87e716521,충주중산고등학교,충청북도,충주시,04,Y,no_file,0,0,,
551,983baca9-a63d-4687-b413-8125133147c3,충주상업고등학교,충청북도,충주시,04,Y,ok,3,2,2026 평가계획.hwp | 2026학년도 3개학년 교육과정 편성 및 학점배당표(최종).xlsx | 2026학년도 직업계고 입학생 3년간 교육과정 편성 및 학점배당표(최종).xlsx,D:\project\MAPS\curriculum_files\충청북도\충주상업고등학교
552,b41f806b-631a-49e0-82c9-800db01debad,충주예성여자고등학교,충청북도,충주시,04,Y,no_file,0,0,,
553,159cec8c-43cc-4f8b-ad99-2312923221a4,충주고등학교부설방송통신고등학교,충청북도,충주시,04,Y,no_file,0,0,,
554,b0a879ea-f195-4475-803e-c3a578039e6a,보은고등학교,충청북도,보은군,04,Y,ok,2,1,"2026학년도 학사일정.hwpx | 2026학년도 입학생 3개년 교육과정 편성표(안), 2026학년도 전학년 교육과정 편성표(안).hwp",D:\project\MAPS\curriculum_files\충청북도\보은고등학교
555,5810e71d-bdf4-4a6d-b7c3-333514df0d85,제천디지털전자고등학교,충청북도,제천시,04,Y,no_file,0,0,,
556,91423a4f-2ae0-4179-8273-cbb5baf2af8c,충북생명산업고등학교,충청북도,보은군,04,Y,ok,2,1,2026학년도 학교 교육과정 편성·운영 및 평가 계획.hwp | 2026학년도학사 운영 일정 수정(안).hwp,D:\project\MAPS\curriculum_files\충청북도\충북생명산업고등학교
557,6c04459c-df94-4e68-a691-24e984ae9acd,여남고등학교,전라남도,여수시,04,Y,no_file,0,0,,
558,09d89313-1598-47d1-9910-b91177af001b,구례고등학교,전라남도,구례군,04,Y,ok,1,0,2026학년도 구례고 연간 학사일정.hwpx,D:\project\MAPS\curriculum_files\전라남도\구례고등학교
559,6509b08d-d02e-4478-83da-b9c3fd4e7cd6,전남자연과학고등학교,전라남도,구례군,04,Y,ok,1,1,2026학년도 학교교육과정 편성 운영 및 평가 계획.pdf,D:\project\MAPS\curriculum_files\전라남도\전남자연과학고등학교
560,f6479525-cb88-4e8d-9d42-8636ba51042b,순천매산고등학교,전라남도,순천시,04,Y,no_file,0,0,,
561,0400bba4-da86-403a-9b14-83bd6169efbb,순천매산여자고등학교,전라남도,순천시,04,Y,ok,2,1,2026학년도 순천매산여고 학교교육과정 편성 운영 평가 계획.pdf | 2026학년도 순천매산여고 연간학사일정.pdf,D:\project\MAPS\curriculum_files\전라남도\순천매산여자고등학교
562,98835260-7b63-4bd1-b976-77b3668182f0,순천제일고등학교,전라남도,순천시,04,Y,no_file,0,0,,
563,76f403b6-2b19-4173-bba2-cc0bbd86cc13,순천팔마고등학교,전라남도,순천시,04,Y,ok,1,0,2026년도 연간학사일정(순천팔마고등학교).hwp,D:\project\MAPS\curriculum_files\전라남도\순천팔마고등학교
564,d5613ad6-eb6a-4cd6-a8db-6553d9a62b7e,순천효산고등학교,전라남도,순천시,04,Y,no_file,0,0,,
565,36cf93b4-fb7e-42f2-b3b3-ccae6b685b68,순천고등학교,전라남도,순천시,04,Y,ok,2,1,2026학년도 순천고등학교 연간학사일정.hwp | 2026학년도 순천고등학교 교육과정 편성운영 및 평가계획.hwp,D:\project\MAPS\curriculum_files\전라남도\순천고등학교
566,d975bee4-3327-4a13-aeef-a6815682ccc5,순천고등학교부설방송통신고등학교,전라남도,순천시,04,Y,ok,1,0,2026학년도 순천고등학교 부설 방송통신고등학교 학사 일정.hwp,D:\project\MAPS\curriculum_files\전라남도\순천고등학교부설방송통신고등학교
567,ef5b6195-80f4-4fae-9088-d757a8371589,순천여자고등학교,전라남도,순천시,04,Y,no_file,0,0,,
568,813f8881-e6f8-4067-aa3e-ac5d8965adc7,순천효천고등학교,전라남도,순천시,04,Y,ok,1,1,2026학년도 순천효천고등학교 학교 교육과정 편성·운영 및 평가 계획.hwp,D:\project\MAPS\curriculum_files\전라남도\순천효천고등학교
569,194d7fac-e806-4ef6-a415-8fdda87c5eef,순천청암고등학교,전라남도,순천시,04,Y,ok,1,0,2026학년도 연간학사일정.pdf,D:\project\MAPS\curriculum_files\전라남도\순천청암고등학교
570,aeb0e925-05d6-4d37-927e-846229a840e7,순천강남여자고등학교,전라남도,순천시,04,Y,ok,1,1,2026학년도 학교교육과정 편성·운영 및 평가계획 (1).pdf,D:\project\MAPS\curriculum_files\전라남도\순천강남여자고등학교
571,917cee36-2eaa-4ae7-a0cc-28049f5417e2,순천공업고등학교,전라남도,순천시,04,Y,ok,2,1,2026학년도 순천공업고 학교교육과정 편성·운영·평가 계획.hwpx | 2026학년도 순천공업고 연간학사일정.xlsx,D:\project\MAPS\curriculum_files\전라남도\순천공업고등학교
572,f5b4a54b-cf46-416e-8054-4f2425351bbc,순천금당고등학교,전라남도,순천시,04,Y,ok,1,1,2026학년도 순천금당고 신입생 3개년 교육과정 편성안 최종본.xlsx,D:\project\MAPS\curriculum_files\전라남도\순천금당고등학교
573,94c3a19e-e02d-4fd8-8fc0-5f6967e9f3bc,순천복성고등학교,전라남도,순천시,04,Y,ok,2,0,2026학년도 순천복성고 연간 체험활동 계획.hwp | 2026학년도 순천복성고 연간학사일정.pdf,D:\project\MAPS\curriculum_files\전라남도\순천복성고등학교
574,63a93eba-f3bc-4296-a90f-b5ca222770fe,광양백운고등학교,전라남도,광양시,04,Y,no_file,0,0,,
575,23284ae4-785f-4a5d-a302-c52c8d82cdf0,한국창의예술고등학교,전라남도,광양시,04,Y,ok,3,3,2025학년도 입학생 3개년 교육과정 편성표(한국창의예술고 수정본).xlsx | 2026학년도 입학생 3개년 교육과정 편성표(한국창의예술고 수정본).xlsx | 2026학년도 전 학년 교육과정 편성표(한국창의예술고).xlsx,D:\project\MAPS\curriculum_files\전라남도\한국창의예술고등학교
576,e36d109d-8e5c-4db9-b528-883a3911c881,중마고등학교,전라남도,광양시,04,Y,ok,1,1,2026학년도 중마고등학교 학교교육과정 편성·운영·평가 계획.pdf,D:\project\MAPS\curriculum_files\전라남도\중마고등학교
577,8b2bef01-4986-42bc-abf8-cd85b7b017ea,광영고등학교,전라남도,광양시,04,Y,ok,1,1,[정보공시] 학교교육과정 편성.운영 및 평가에 관한 사항.hwpx,D:\project\MAPS\curriculum_files\전라남도\광영고등학교
578,0eef1afc-1fee-4956-bdc9-d00108f44d74,광양제철고등학교,전라남도,광양시,04,Y,no_file,0,0,,
579,c5b4a35b-af81-4e05-bad7-6bbec7d68b14,광양하이텍고등학교,전라남도,광양시,04,Y,no_file,0,0,,
580,3d32a14e-8559-42e9-8d69-3f0c64ce40f8,광양여자고등학교,전라남도,광양시,04,Y,ok,1,1,2026학년도 광양여고 학교 교육과정 편성운영 및 평가계획.pdf,D:\project\MAPS\curriculum_files\전라남도\광양여자고등학교
581,450ce94d-f0ff-47bf-ac14-9de873b4c99a,고흥고등학교,전라남도,고흥군,04,Y,ok,1,1,2026. 학교교육과정 편성·운영 계획.hwp,D:\project\MAPS\curriculum_files\전라남도\고흥고등학교
582,d7ad4815-37a3-4442-876c-48c577fa46ad,고흥산업과학고등학교,전라남도,고흥군,04,Y,ok,2,2,2026. 학교교육과정 평가.hwp | 2026학년도 고흥산업과학고 학교교육과정 편성운영 계획.hwp,D:\project\MAPS\curriculum_files\전라남도\고흥산업과학고등학교
583,95b18d78-916c-4c48-980d-0568b6d3e55c,녹동고등학교,전라남도,고흥군,04,Y,ok,1,0,2026 녹동고등학교 학사력.hwp,D:\project\MAPS\curriculum_files\전라남도\녹동고등학교
584,819998f7-37b1-450d-bcf2-acc97ad7f31b,순천미래과학고등학교,전라남도,순천시,04,Y,ok,1,0,2026학년도 순천미래과학고 학사일정.hwp,D:\project\MAPS\curriculum_files\전라남도\순천미래과학고등학교
585,71cd4356-d190-41d8-bf40-8461c3c9d21d,광양고등학교,전라남도,광양시,04,Y,ok,1,0,2026학년도 광양고 연간학사일정.hwpx,D:\project\MAPS\curriculum_files\전라남도\광양고등학교
586,37f3cb72-61d9-4d0c-a83a-12fb4100b0ca,나로고등학교,전라남도,고흥군,04,Y,no_file,0,0,,
587,5ec645a5-dab6-49fe-9db6-5f85c143e777,한국항만물류고등학교,전라남도,광양시,04,Y,ok,1,0,2026학년도 한국항만물류고_연간학사일정(자료입력용).hwp,D:\project\MAPS\curriculum_files\전라남도\한국항만물류고등학교
588,134f77bf-a2cd-4e96-b6af-56995a07ecdf,담양고등학교,전라남도,담양군,04,Y,ok,2,1,2026학년도 담양고 연간 학사일정.hwp | 학교 교육과정 편성표.hwpx,D:\project\MAPS\curriculum_files\전라남도\담양고등학교
589,0a0678b0-045d-4293-b801-1760b3116584,담양공업고등학교,전라남도,담양군,04,Y,ok,8,6,[정보공시]2026학년도 전(全)학년 교육과정 편성표.hwp | [정보공시]2026학년도 입학생 3개년 교육과정 편성표.hwp | [정보공시]2025학년도 입학생 3개년 교육과정 편성표.hwp | [정보공시]2024학년도 입학생 3개년 교육과정 편성표.hwp | [정보공시] 창의적 체험활동 편성.hwp | [정보공시]체험활동 계획.hwp | [정보공시] 전년도 교육과정 운영 결과 평가.hwp | [정보공시] 교육과정 평가 계획.hwp,D:\project\MAPS\curriculum_files\전라남도\담양공업고등학교
590,706e313e-8627-469c-a290-90f342e0aa22,금산종합고등학교,전라남도,고흥군,04,Y,no_file,0,0,,
591,20371f95-7e05-4540-9485-5cdf4ab2cd67,고흥도화고등학교,전라남도,고흥군,04,Y,ok,8,2,02-2026-교육과정 편제와 학점 배당.hwp | 03-2026-수업시수 확보계획.hwp | 04-2026-학교교육과정 편성_ 운영_평가.hwp | 05-2026-창의적 체험활동 운영계획.hwp | 06-2026-기초학력 향상 및 취업률 제고 방안.hwp | 07-2026-방과후학교 운영계획.hwp | 08-2026-전입생 미이수 교과목 보충학습 운영 계획.hwp | 09-2026-학사일정.hwp,D:\project\MAPS\curriculum_files\전라남도\고흥도화고등학교
592,04bfe028-46ec-4b70-a7bd-3239b2321047,한국바둑고등학교,전라남도,순천시,04,Y,ok,2,1,2026학년도 학교교육과정 편성 운영 및 평가에 관한 사항(2-가) (1).hwp | 2026학년도 한국바둑고 연간학사일정(2-가).hwpx,D:\project\MAPS\curriculum_files\전라남도\한국바둑고등학교
593,d7cee351-f27d-4bb7-be34-12691d07d3dc,창평고등학교,전라남도,담양군,04,Y,ok,2,1,"2-가. 2026 연간 학사 일정.hwp | 2-가. 2026 학교교육과정 편성 및 운영, 평가 계획.hwp",D:\project\MAPS\curriculum_files\전라남도\창평고등학교
594,05d8747d-73f9-42a8-9887-76783d0f6849,영산고등학교,전라남도,나주시,04,Y,no_file,0,0,,
595,ee3afcdc-3396-49e8-a289-396d9695f7b1,나주고등학교,전라남도,나주시,04,Y,ok,1,1,2026학년도 나주고 교육과정 편제표(전학년 교육과정 및 학년별 3개년 교육과정).pdf,D:\project\MAPS\curriculum_files\전라남도\나주고등학교
596,a1848eb0-3b89-436a-b7e3-fc3f4a860e8d,금성고등학교,전라남도,나주시,04,Y,ok,1,1,2026학년도 금성고 학교교육과정 편성·운영·평가 계획.hwp,D:\project\MAPS\curriculum_files\전라남도\금성고등학교
597,1db7df12-6f4c-44cb-9a43-a3f6df1b60e4,나주공업고등학교,전라남도,나주시,04,Y,no_file,0,0,,
598,4c6e5528-cd13-484b-99cd-0b8265b9816c,나주상업고등학교,전라남도,나주시,04,Y,no_file,0,0,,
599,3a8c9db6-ecbb-430a-bd22-20630976e5dc,전남미용고등학교,전라남도,나주시,04,Y,ok,1,0,2026학년도 창의적 체험활동 연간계획표.pdf,D:\project\MAPS\curriculum_files\전라남도\전남미용고등학교
600,933cadce-ffea-4d23-b01a-335c150590cf,전남외국어고등학교,전라남도,나주시,04,Y,no_file,0,0,,
601,aa6bcafd-3e77-4889-aa19-755e79af7b1e,매성고등학교,전라남도,나주시,04,Y,ok,2,1,2026학년도 매성고 연간학사일정.pdf | 2026학년도 매성고 학교교육과정 편성·운영·평가 계획 .pdf,D:\project\MAPS\curriculum_files\전라남도\매성고등학교
602,93227989-3bfb-4423-9f93-3e7379a9f53d,광남고등학교,전라남도,나주시,04,Y,ok,4,4,2024학년도 신입생 3개년 교육과정 편성표.xlsx | 2025학년도 신입생 3개년 교육과정 편성표.xlsx | 2026학년도 신입생 3개년 교육과정 편성표.xlsx | 2026학년도 전학년 교육과정 편성표.hwpx,D:\project\MAPS\curriculum_files\전라남도\광남고등학교
603,44d617e9-d19f-4987-ac94-b50cf8a01436,문태고등학교,전라남도,목포시,04,Y,no_file,0,0,,
604,4a6a0c96-c596-4ef0-af6f-007ccd8547d9,목포고등학교,전라남도,목포시,04,Y,no_file,0,0,,
605,5f2e6185-bcc9-4cd5-bdea-238dafa6f13e,목포마리아회고등학교,전라남도,목포시,04,Y,ok,1,0,2026학년도 학교력 .hwp,D:\project\MAPS\curriculum_files\전라남도\목포마리아회고등학교
606,a769aad0-51de-4ef4-8151-d20b8cb59246,목포공업고등학교,전라남도,목포시,04,Y,ok,2,1,2026학년도 목포공업고등학교 연간학사일정.hwpx | 2026학년도 목포공업고등학교 학교교육과정 편성 운영 및 평가 계획.hwp,D:\project\MAPS\curriculum_files\전라남도\목포공업고등학교
607,acd2e847-8dd9-4fc0-8cc7-c2bbefa96dc9,목상고등학교,전라남도,목포시,04,Y,ok,1,0,2026 학사일정.pdf,D:\project\MAPS\curriculum_files\전라남도\목상고등학교
608,a7849fba-10c8-4c70-8d83-7be59ca6573d,목포고등학교부설방송통신고등학교,전라남도,목포시,04,Y,no_file,0,0,,
609,8e8bb03c-9a92-40c3-80f4-03a7f4f62e9f,목포정명여자고등학교,전라남도,목포시,04,Y,ok,1,0,2026학년도 목포정명여자고등학교 연간 학사일정.hwpx,D:\project\MAPS\curriculum_files\전라남도\목포정명여자고등학교
610,2cf7a711-9977-4141-9a52-c8a538590761,한빛고등학교,전라남도,담양군,04,Y,ok,1,1,[교무부]2026학년도 전학년 교육과정 편성표.hwpx,D:\project\MAPS\curriculum_files\전라남도\한빛고등학교
611,38dfb77a-e849-42f4-9bff-3677277cd4b0,공산고등학교,전라남도,나주시,04,Y,no_file,0,0,,
612,c1e7a404-458e-4c6c-b22c-092e58c7b41f,전남조리과학고등학교,전라남도,곡성군,04,Y,ok,1,1,2026학년도 전남조리과학고 학교교육과정 편성 운영 평가 계획.pdf,D:\project\MAPS\curriculum_files\전라남도\전남조리과학고등학교
613,a3329552-958a-4a8c-ab2b-2ac362afce73,곡성고등학교,전라남도,곡성군,04,Y,no_file,0,0,,
614,3753433d-4ca2-4198-9e74-fb371c358163,목포덕인고등학교,전라남도,목포시,04,Y,ok,2,1,2026학년도 목포덕인고 연간학사일정.pdf | 2026학년도 목포덕인고 학교교육과정 편성운영 및 평가계획.pdf,D:\project\MAPS\curriculum_files\전라남도\목포덕인고등학교
615,f9e07a64-5b6d-4e1b-b948-7fab7ff45d29,목포홍일고등학교,전라남도,목포시,04,Y,ok,1,1,2026학년도 목포홍일고 학교교육과정 편성.운영.평가계획.hwpx,D:\project\MAPS\curriculum_files\전라남도\목포홍일고등학교
616,2e52b870-4ca7-4f8e-b470-23b9f3a65040,목포혜인여자고등학교,전라남도,목포시,04,Y,no_file,0,0,,
617,877c1b49-f2b6-45eb-9bf3-675a18b41c90,목포조리과학고등학교,전라남도,목포시,04,Y,no_file,0,0,,
618,1b8349d7-b01f-4177-98b7-1c50132e3f49,목포여자상업고등학교,전라남도,목포시,04,Y,ok,1,0,2026학년도 학사일정.pdf,D:\project\MAPS\curriculum_files\전라남도\목포여자상업고등학교
619,c461d6e4-ce0e-4317-8c60-f6553baafd0e,영흥고등학교,전라남도,목포시,04,Y,ok,1,0,"2026학년도 1학기 과목별 평가 비율 및 성취도, 분할점수 유형(최종).hwp",D:\project\MAPS\curriculum_files\전라남도\영흥고등학교
620,bef1b217-4c50-453e-b913-15eeb2a39c9f,목포중앙고등학교,전라남도,목포시,04,Y,no_file,0,0,,
621,6a1cc77a-dd5e-430b-85b0-5ae041d28341,목포제일여자고등학교,전라남도,목포시,04,Y,ok,1,1,2026학년도 목포제일여고 학교교육과정 편성·운영·평가 계획.hwp,D:\project\MAPS\curriculum_files\전라남도\목포제일여자고등학교
622,5a0e823e-5864-408d-ad7b-a2bd059545ab,여수고등학교,전라남도,여수시,04,Y,ok,1,0,2026학년도 여수고등학교 연간학사일정.xlsx,D:\project\MAPS\curriculum_files\전라남도\여수고등학교
623,9dc80b05-f6f6-4ff2-923f-f86fd6d31e34,여수여자고등학교,전라남도,여수시,04,Y,no_file,0,0,,
624,5cc4314b-48b8-496b-ac46-b5ce37e66a57,여수공업고등학교,전라남도,여수시,04,Y,no_file,0,0,,
625,7edeea3f-df32-45ae-808e-97183396e5e2,진성여자고등학교,전라남도,여수시,04,Y,ok,1,0,【 2026학년도 1학기 학사일정】.hwp,D:\project\MAPS\curriculum_files\전라남도\진성여자고등학교
626,6e91a80c-1baf-4368-ac62-c6ad366915e1,한영고등학교,전라남도,여수시,04,Y,ok,1,1,2026학년도 학교 교육과정 편성운영 관리 규정(정보공시).hwp,D:\project\MAPS\curriculum_files\전라남도\한영고등학교
627,7bf2a11b-b81c-47e5-a9cc-bac77a437ac3,여수정보과학고등학교,전라남도,여수시,04,Y,no_file,0,0,,
628,e1d07e6e-0ca0-4031-8712-c92323bd8388,여수충무고등학교,전라남도,여수시,04,Y,no_file,0,0,,
629,c8ac5052-04c5-4ccc-8200-aa2cce8f1238,여수중앙여자고등학교,전라남도,여수시,04,Y,no_file,0,0,,
630,18803023-fe2b-4886-933d-3edcc10a9008,호남원예고등학교,전라남도,나주시,04,Y,no_file,0,0,,
631,67d80f7d-8809-4d4f-95e8-e617efff8398,전남과학고등학교,전라남도,나주시,04,Y,ok,1,0,2026학사력(전남과학고등학교).pdf,D:\project\MAPS\curriculum_files\전라남도\전남과학고등학교
632,1344cbec-71ea-4b70-8b6d-ad5a94d8ea41,봉황고등학교,전라남도,나주시,04,Y,no_file,0,0,,
633,7ac44264-76c9-464d-b468-2e146bf3264f,한울고등학교,전라남도,곡성군,04,Y,no_file,0,0,,
634,caf9871a-6466-4e10-b3f2-3d482b0530d5,부영여자고등학교,전라남도,여수시,04,Y,ok,1,1,"2026학년도 부영여고 학교교육과정 편성, 운영, 평가계획.hwp",D:\project\MAPS\curriculum_files\전라남도\부영여자고등학교
635,2cf75d0f-d146-4448-ab1e-e2adfde0438e,여천고등학교,전라남도,여수시,04,Y,no_file,0,0,,
636,4cdaf305-2d2c-47e9-83bb-f2a2a69fdeb4,여수석유화학고등학교,전라남도,여수시,04,Y,ok,2,1,2026학년도 여수석유화학고 학교교육과정편성.hwp | 2026학년도 여수석유화학고 연간학사일정.hwp,D:\project\MAPS\curriculum_files\전라남도\여수석유화학고등학교
637,a5541ddc-e5df-4e31-9625-f593f0949456,여수해양과학고등학교,전라남도,여수시,04,Y,ok,2,1,2026. 체험활동연간계획(4월정보공시용).xlsx | 2026학년도 교육과정(정보공시).hwpx,D:\project\MAPS\curriculum_files\전라남도\여수해양과학고등학교
638,b428d13e-cf78-41a3-9bb1-b5e55adeac11,옥과고등학교,전라남도,곡성군,04,Y,no_file,0,0,,
639,fa42057a-c97c-4820-8a29-d55e327f9220,여양고등학교,전라남도,여수시,04,Y,no_file,0,0,,
640,ccd8b0c0-b5b2-4fea-8508-6a20d11f0f51,여수화양고등학교,전라남도,여수시,04,Y,ok,1,1,2026학년도 여수화양고 학교교육과정 편성?운영?평가 계획.hwp,D:\project\MAPS\curriculum_files\전라남도\여수화양고등학교
641,0251584b-d218-4bb7-bb44-7e252dc48937,부산항공고등학교,부산광역시,사상구,04,Y,ok,2,1,2026학년도 부산항공고등학교 학교교육과정 편성·운영 및 평가 계획.hwpx | 2026학년도 부산항공고등학교 연간 학사 일정.hwpx,D:\project\MAPS\curriculum_files\부산광역시\부산항공고등학교
642,c50296c1-da89-4f81-b4f9-83a9ead279c3,대덕여자고등학교,부산광역시,사상구,04,Y,no_file,0,0,,
643,a979679d-5e2a-4ae3-8fdd-fc9dc45d63ca,사상고등학교,부산광역시,사상구,04,Y,ok,1,1,2026학년도 사상고 학교교육과정 편성·운영·평가 계획.pdf,D:\project\MAPS\curriculum_files\부산광역시\사상고등학교
644,f2e14fae-94d8-4661-aad0-1537cb0a82f1,주례여자고등학교,부산광역시,사상구,04,Y,ok,2,1,2026학년도 주례여고 연간학사일정.hwpx | 2026학년도 주례여고 학교교육과정 편성·운영·평가 계획.hwpx,D:\project\MAPS\curriculum_files\부산광역시\주례여자고등학교
645,f53f3446-d040-43c7-af1a-0a98898a5d65,구덕고등학교,부산광역시,사상구,04,Y,ok,1,1,2026학년도 구덕고등학교 교육과정 편성·운영·평가 계획.hwp,D:\project\MAPS\curriculum_files\부산광역시\구덕고등학교
646,f13f267f-7568-4b51-a030-253857797e81,시온식품과학고등학교,부산광역시,기장군,04,Y,no_file,0,0,,
647,abd8acd5-41a5-4d02-a1eb-2fff0e3aba02,기장고등학교,부산광역시,기장군,04,Y,ok,2,1,2026학년도 기장고 연간학사일정.pdf | 2026학년도 기장고 학교교육과정 편성·운영·평가 계획.pdf,D:\project\MAPS\curriculum_files\부산광역시\기장고등학교
648,885bbf95-a3c3-4427-8ff4-23c5281f5678,장안제일고등학교,부산광역시,기장군,04,Y,ok,2,0,2026학년도 장제고 연간학사일정.hwp | 2026학년도 장제고 창의적체험활동 운영 계획표.hwpx,D:\project\MAPS\curriculum_files\부산광역시\장안제일고등학교
649,9a6b49b7-2fbe-4a25-8da9-e89ff699200d,부산장안고등학교,부산광역시,기장군,04,Y,ok,2,1,2026학년도 부산장안고등학교 학교교육과정 편성. 운영 평가 계획.pdf | 2026학년도 학사일정(3.23.자 기준).pdf,D:\project\MAPS\curriculum_files\부산광역시\부산장안고등학교
650,9b86b9ba-22e7-4f0b-bfd0-ceee848f1a0a,양정고등학교,서울특별시,양천구,04,Y,ok,1,1,2026 학교 교육과정 편성 운영 평가 계획.pdf,D:\project\MAPS\curriculum_files\서울특별시\양정고등학교
651,0e7eebaf-d309-4d38-a935-f38ffcc17cf3,한가람고등학교,서울특별시,양천구,04,Y,no_file,0,0,,
652,dddb420c-e769-40f8-8e49-6ae728815a33,진명여자고등학교,서울특별시,양천구,04,Y,ok,1,0,2026학년도 진명여고 연간학사일정.pdf,D:\project\MAPS\curriculum_files\서울특별시\진명여자고등학교
653,4ac90f2a-3133-489f-8ff9-9637654a231e,강서고등학교,서울특별시,양천구,04,Y,ok,1,0,"교육과정,학사일정,창체활동 공시(2026)-최종.pdf",D:\project\MAPS\curriculum_files\서울특별시\강서고등학교
654,e165615a-71ae-4339-9674-16eedceef765,경인고등학교,서울특별시,구로구,04,Y,ok,1,1,2026학년도 학교교육과정 편성 운영 및 평가에 관한 사항.hwpx,D:\project\MAPS\curriculum_files\서울특별시\경인고등학교
655,a45a3c57-3541-455a-9405-bcb79dda6a6a,고척고등학교,서울특별시,구로구,04,Y,ok,4,3,(고척고)2025학년도 입학생 교육과정 학점 배당표(2022 개정 교육과정).xlsx | (고척고)2026학년도 입학생 교육과정 학점 배당표(2022 개정 교육과정).xlsx | 2026학년도 교육과정 단위 배당표(전체 학년).xlsx | 2026학년도 학사일정(2026.3.1.).hwp,D:\project\MAPS\curriculum_files\서울특별시\고척고등학교
656,df833378-dcd6-482b-9238-efecfdd79da0,예림디자인고등학교,서울특별시,구로구,04,Y,ok,1,1,"2026학년도 예림디고 학교교육과정 편성,운영,평가 계획.hwp",D:\project\MAPS\curriculum_files\서울특별시\예림디자인고등학교
657,c6ae7768-af4e-4849-86c5-b8d53f7e61c8,오류고등학교,서울특별시,구로구,04,Y,ok,1,1,"2026학년도 오류고 학교교육과정 편성,운영,평가 계획.hwp",D:\project\MAPS\curriculum_files\서울특별시\오류고등학교
658,385746db-ac6c-481f-a7d6-48441039a13b,세종과학고등학교,서울특별시,구로구,04,Y,ok,1,1,2026학년도 교육과정 편성표.pdf,D:\project\MAPS\curriculum_files\서울특별시\세종과학고등학교
659,e5c27ac4-f694-42c2-8550-bf9819366a87,우신고등학교,서울특별시,구로구,04,Y,ok,1,1,2026학년도 우신고 학교교육과정 편성·운영·평가 계획.pdf,D:\project\MAPS\curriculum_files\서울특별시\우신고등학교
660,79dc01c9-697c-4c95-934a-17d2cc56cf0d,서서울생활과학고등학교,서울특별시,구로구,04,Y,no_file,0,0,,
661,9a0d630b-0edb-42c5-9b51-83fe1a9d9d8a,은일정보산업고등학교,서울특별시,구로구,04,Y,no_file,0,0,,
662,2ab18cca-becf-4020-ac0e-4750be2b81c9,서울공연예술고등학교,서울특별시,구로구,04,Y,ok,4,3,2024학년도 입학생 교육과정 학점 배당표(2015 개정 교육과정)_서울공연예술고.xlsx | 2025학년도 입학생 교육과정 학점 배당표(2022 개정 교육과정)_서울공연예술고.xlsx | 2026학년도 입학생 교육과정 학점 배당표(2022 개정 교육과정)_서울공연예술고.xlsx | 2026학년도 학사일정변경안.xlsx,D:\project\MAPS\curriculum_files\서울특별시\서울공연예술고등학교
663,d9ba06ec-a55d-48a8-831d-5422f99c043a,유한공업고등학교,서울특별시,구로구,04,Y,ok,1,0,2026학년도 유한공업고등학교 학교교육계획서.pdf,D:\project\MAPS\curriculum_files\서울특별시\유한공업고등학교
664,b6b88f5e-2e03-4bc3-8777-74dda479f0b7,울산산업고등학교,울산광역시,울주군,04,Y,ok,1,0,2026학년도 학사일정.hwp,D:\project\MAPS\curriculum_files\울산광역시\울산산업고등학교
665,bff2604f-8935-4efd-ad0d-016b8ff141d1,인천중산고등학교,인천광역시,중구,04,Y,ok,3,1,2026학년도 학교교육과정 편성·운영·평가 계획.pdf | 2026학년도 연간 학사일정 운영 계획.pdf | 2026학년도 창의적체험활동 운영계획.pdf,D:\project\MAPS\curriculum_files\인천광역시\인천중산고등학교
666,0aee3f1b-3020-49f5-a145-8def149b6535,인천운남고등학교,인천광역시,중구,04,Y,no_file,0,0,,
667,55f178a4-31d5-4390-91c4-a8f3adeb68a6,영종국제물류고등학교,인천광역시,중구,04,Y,ok,3,2,2025학년도 직업계고 입학생 교육과정 편제 및 학점 배당표(영종국제물류고).xlsx | 2026학년도 직업계고 입학생 교육과정 편제 및 학점 배당표(영종국제물류고).xlsx | 2026학년도 학사일정 요약표 및 주요 학사일정-2.hwp,D:\project\MAPS\curriculum_files\인천광역시\영종국제물류고등학교
668,dd094647-9ad2-4198-97b9-a0c29b30b0d3,인천공항고등학교,인천광역시,중구,04,Y,ok,2,1,"2026학년도 창의적 체험활동 운영 계획.hwp | 인천공항고 2024,2025, 2026학년도 입학생의 교육과정 편성.xlsx",D:\project\MAPS\curriculum_files\인천광역시\인천공항고등학교
669,32cd58d2-833d-427e-a7ce-b218f01f1e1c,인천국제고등학교,인천광역시,중구,04,Y,ok,1,1,2026학년도 인천국제고등학교 입학생 3개년 교육과정 편성.xlsx,D:\project\MAPS\curriculum_files\인천광역시\인천국제고등학교
670,6cc0e050-4697-4f23-b50d-6900b99802c9,인천과학고등학교,인천광역시,중구,04,Y,no_file,0,0,,
671,7bf29146-0bb4-4448-869a-cacc176159d0,인천하늘고등학교,인천광역시,중구,04,Y,ok,3,1,(인천하늘고등학교) 2026학년도 체험활동 계획(안).xlsx | (인천하늘고등학교)2026학년도 재학생의 3개년 교육과정 편성표.xlsx | (인천하늘고등학교)2026학년도 창의적 체험 활동 계획(안).xlsx,D:\project\MAPS\curriculum_files\인천광역시\인천하늘고등학교
672,af54a489-a124-4a6c-8ec6-22103d53155e,인천영종고등학교,인천광역시,중구,04,Y,no_file,0,0,,
673,8fb8bc25-d7c9-42fb-a4fa-71e1b84f80e3,영화국제관광고등학교,인천광역시,동구,04,Y,ok,5,3,"2024학년도 입학생 교육과정 편성표(영화국제관광고).xlsx | 2025학년도 입학생 교육과정 편성표(영화국제관광고).xlsx | 2026학년도 입학생 교육과정 편성표(영화국제관광고).xlsx | 학교교육과정 편성, 운영, 평가(전년도 평가 결과 및 당해연도 평가 계획)와 학사일정.hwp | 2026학년도 창의적체험활동 연간계획.xls",D:\project\MAPS\curriculum_files\인천광역시\영화국제관광고등학교
674,3a8ca413-c138-41d9-87a2-8cf6fde2a318,재능고등학교,인천광역시,동구,04,Y,ok,1,1,2026학년도 학교교육과정 편성 운영 및 평가(재능고).pdf,D:\project\MAPS\curriculum_files\인천광역시\재능고등학교
675,8aa8fbc1-ffe4-4d0b-9dcc-1eb945ff7cbd,동산고등학교,인천광역시,동구,04,Y,ok,6,2,2026학년도 학생 맞춤형 교육과정 편성(동산고).pdf | 2026학년도 학교교육과정 운영 규정(동산고).pdf | 2026학년도 학사일정(동산고).pdf | 2026학년도 1학년 수련활동(동산고).pdf | 2026학년도 2학년 수학여행(동산고).pdf | 2026학년도 창의적 체험활동(동산고).pdf,D:\project\MAPS\curriculum_files\인천광역시\동산고등학교
676,31677986-cc93-4242-98e0-7fcb50c29cdd,관악고등학교,서울특별시,영등포구,04,Y,ok,1,1,학교교육과정 편성운영평가(정보공시).hwp,D:\project\MAPS\curriculum_files\서울특별시\관악고등학교
677,6fad0991-1df3-4ae4-84f0-0531387cfa14,흑석고등학교,서울특별시,동작구,04,Y,ok,1,0,2026학년도 흑석고 연간학사일정.pdf,D:\project\MAPS\curriculum_files\서울특별시\흑석고등학교
678,1621654c-aef3-4073-9593-f6febe23b1ea,서울공업고등학교,서울특별시,동작구,04,Y,ok,1,1,2026학년도 교육과정 학점 배당표(서울공업고).xlsx,D:\project\MAPS\curriculum_files\서울특별시\서울공업고등학교
679,d043aa6f-fb47-4cb5-8a62-a85a11544804,성남고등학교,서울특별시,동작구,04,Y,ok,3,2,(성남고)2025학년도 교육과정 단위 배당표.xlsx | (성남고)2026학년도 교육과정 단위 배당표.xlsx | 2026학년도 성남고 연간학사일정.xlsx,D:\project\MAPS\curriculum_files\서울특별시\성남고등학교
680,d6254510-95c4-4cb6-a51b-1e5c7e4a0c35,영등포고등학교,서울특별시,동작구,04,Y,ok,1,1,2026학년도 영등포고 학교교육과정 편성·운영 및 평가계획.hwp,D:\project\MAPS\curriculum_files\서울특별시\영등포고등학교
681,3a355785-c8df-48c4-b3f9-6ee218c4b7e2,숭의여자고등학교,서울특별시,동작구,04,Y,ok,1,1,2026학년도 3개 학년 교육과정 편성표(정보공시용).hwp,D:\project\MAPS\curriculum_files\서울특별시\숭의여자고등학교
682,276843e8-294f-46a2-a58e-9652ff88c29a,영등포고등학교부설방송통신고등학교,서울특별시,동작구,04,Y,no_file,0,0,,
683,7a876330-a3b5-4416-a1ac-cfb097f2d152,울산미용예술고등학교,울산광역시,울주군,04,Y,no_file,0,0,,
684,6f4b826e-91b6-4ea9-ba20-03590d1d7808,세인고등학교,울산광역시,울주군,04,Y,no_file,0,0,,
685,d7ffed5e-0bfe-4b17-8d9a-137893d1d3b0,울산예술고등학교,울산광역시,울주군,04,Y,ok,1,1,2026학년도 학교교육과정 편성?운영?평가계획.hwp,D:\project\MAPS\curriculum_files\울산광역시\울산예술고등학교
686,ccbf677c-ab13-4b0e-b5c6-677e9e007689,인천소방고등학교,인천광역시,미추홀구,04,Y,ok,2,0,2026학년도 학사일정(안).hwp | 2026학년도 창의적체험활동(안).xlsx,D:\project\MAPS\curriculum_files\인천광역시\인천소방고등학교
687,63579448-3fd0-4770-982c-c7ed2a18ab0d,인항고등학교,인천광역시,미추홀구,04,Y,no_file,0,0,,
688,d737a7fe-9dcb-4b33-aa08-59e49566bd00,정석항공과학고등학교,인천광역시,미추홀구,04,Y,ok,3,3,2025학년도 입학생 교육과정 편제 및 단위 배당표.xlsx | 2026학년도 입학생 교육과정 편제 및 단위 배당표.xlsx | 2026학년도 1학기 교육과정운영표(260303).hwp,D:\project\MAPS\curriculum_files\인천광역시\정석항공과학고등학교
689,b5426d7c-3e94-4f8c-b368-468b11ee8a55,학익고등학교,인천광역시,미추홀구,04,Y,ok,1,0,2026학년도 학익고 창의적체험활동 일정.xlsx,D:\project\MAPS\curriculum_files\인천광역시\학익고등학교
690,6004ab73-66c2-41c2-b331-da54d107b8a0,인하대학교사범대학부속고등학교,인천광역시,미추홀구,04,Y,ok,1,0,2026학년도 주요 학사일정.pdf,D:\project\MAPS\curriculum_files\인천광역시\인하대학교사범대학부속고등학교
691,bca5bde5-04d1-4b75-9047-8039a746b1f8,학익여자고등학교,인천광역시,미추홀구,04,Y,ok,1,1,2026학년도 학익여고 학교교육과정 편성·운영·평가 계획.hwp,D:\project\MAPS\curriculum_files\인천광역시\학익여자고등학교
692,75a5291d-55ec-44a0-8557-85a9c17395f6,인천전자마이스터고등학교,인천광역시,미추홀구,04,Y,ok,1,0,2026힉년도 인천전자마이스터고등학교 연간학사일정.hwp,D:\project\MAPS\curriculum_files\인천광역시\인천전자마이스터고등학교
693,68cc28b5-beb5-408a-abbc-caf5aed162ae,인천비즈니스고등학교,인천광역시,미추홀구,04,Y,no_file,0,0,,
694,f3ccea4e-3aed-414a-9265-4f380e6e8db5,인천대중예술고등학교,인천광역시,미추홀구,04,Y,ok,2,1,2026년도 연간 학사일정.xlsx | 2026학년도 인천대중예술고 학교교육과정 편성·운영·평가 계획.hwpx,D:\project\MAPS\curriculum_files\인천광역시\인천대중예술고등학교
695,7c51fcea-d8c5-48e6-bc4d-f2bcc168bfb5,인화여자고등학교,인천광역시,미추홀구,04,Y,ok,3,2,2026학년도 인화여자고등학교 학교교육과정 편성·운영·평가 계획.hwp | 2026학년도 창의적 체험활동 연간 운영계획.xlsx | 2026학년도 재학생의 3개년 교육과정 편성표.xlsx,D:\project\MAPS\curriculum_files\인천광역시\인화여자고등학교
696,ef8509c2-98de-466d-80aa-53bacb849afb,선인고등학교,인천광역시,미추홀구,04,Y,no_file,0,0,,
697,b61f7adf-1505-4a45-b56a-f6c9a26a8dec,인천기계공업고등학교,인천광역시,미추홀구,04,Y,ok,2,1,2026학년도 인천기계공업고등학교 학교교육과정 편성·운영·평가 계획.hwp | 2026학년도 인천기계공업고등학교 연간학사일정.hwp,D:\project\MAPS\curriculum_files\인천광역시\인천기계공업고등학교
698,2ce8bfab-33d0-4cad-a251-71917066b503,인천고등학교,인천광역시,미추홀구,04,Y,no_file,0,0,,
699,07bdf946-eaab-4c50-8597-879670370fb7,인명여자고등학교,인천광역시,미추홀구,04,Y,ok,1,0,2026학년도 연간 학사 일정.hwp,D:\project\MAPS\curriculum_files\인천광역시\인명여자고등학교
700,09a6b991-ecf9-4e22-828a-7e6cded0dd41,문학정보고등학교,인천광역시,미추홀구,04,Y,ok,1,1,기교48_2024~2026학년도 직업계고 입학생 교육과정 편성표(최종본).xlsx,D:\project\MAPS\curriculum_files\인천광역시\문학정보고등학교
701,f2957c99-73ef-4ce9-a60e-5d7850d3796c,송도고등학교,인천광역시,연수구,04,Y,ok,1,1,2026학년도 재학생의 3개년 교육과정 편성표(송도고등학교).xlsx,D:\project\MAPS\curriculum_files\인천광역시\송도고등학교
702,ecfe7f9d-24c0-4c6e-8708-473bc64515e4,옥련여자고등학교,인천광역시,연수구,04,Y,ok,5,2,옥련여자고등학교-2025학년도 입학생 3개년 교육과정 편성표.pdf | 옥련여자고등학교-2026학년도 입학생 3개년 교육과정 편성표.pdf | 2026학년도 창의적체험활동 운영계획(1학기).pdf | 2026학년도 창의적체험활동 운영계획(2학기).pdf | 2026학년도 연간학사일정.pdf,D:\project\MAPS\curriculum_files\인천광역시\옥련여자고등학교
703,13ff6ad0-cbe8-4bf4-9fd4-c7a701624ff4,인천해양과학고등학교,인천광역시,연수구,04,Y,no_file,0,0,,
704,761c7ee3-e1ee-4a49-bdb7-44b2ee3c22f3,인천생활과학고등학교,인천광역시,연수구,04,Y,ok,2,2,(2학년)2025학년도 직업계고 입학생 교육과정 편제 및 학점 배당표.xlsx | (3학년)2024학년도 직업계고 입학생 교육과정 편제 및 학점 배당표.xlsx,D:\project\MAPS\curriculum_files\인천광역시\인천생활과학고등학교
705,46d649fc-6cd0-4456-ad56-8a190da49b76,인천여자고등학교부설방송통신고등학교,인천광역시,연수구,04,Y,no_file,0,0,,
706,994de83f-5911-492c-9f27-f719cd0bf131,인천여자고등학교,인천광역시,연수구,04,Y,ok,2,1,2026학년도 인천여자고 연간학사일정.pdf | 2026학년도 인천여자고 학교교육과정 편성·운영·평가 계획.pdf,D:\project\MAPS\curriculum_files\인천광역시\인천여자고등학교
707,c74664db-464e-47ca-91f4-38b75030e1dd,연수고등학교,인천광역시,연수구,04,Y,ok,1,0,2026학년도 학사 운영 계획(안).hwp,D:\project\MAPS\curriculum_files\인천광역시\연수고등학교
708,a43344bc-44a9-42a0-a919-c8c1638d4e60,인천바이오과학고등학교,인천광역시,연수구,04,Y,no_file,0,0,,
709,e46f98d0-8ea0-4680-9ee1-1950b48adcd3,연수여자고등학교,인천광역시,연수구,04,Y,ok,2,1,2026학년도 연수여고 연간학사일정(공시용).xlsx | 2024-2026학년도 연수여고 입학생 3개년 교육과정 편제표(공시용).xlsx,D:\project\MAPS\curriculum_files\인천광역시\연수여자고등학교
710,5d43fa0c-553b-4f03-80e4-c22dc27e0a6a,인천대건고등학교,인천광역시,연수구,04,Y,no_file,0,0,,
711,25b1172e-5e37-4afb-89f8-d62f4b812730,인천뷰티예술고등학교,인천광역시,연수구,04,Y,no_file,0,0,,
712,adae7ed6-7dee-4fbb-bcda-19d0b99935c7,박문여자고등학교,인천광역시,연수구,04,Y,ok,1,0,2026학년도 창의적 체험활동 연간 운영 계획표(2026.3.16.).xlsx,D:\project\MAPS\curriculum_files\인천광역시\박문여자고등학교
713,cd460ab8-5f2f-465a-bf69-d0093a7c8d41,인천포스코고등학교,인천광역시,연수구,04,Y,ok,5,4,2024학년도 입학생의 3개년 교육과정 편성표.pdf | 2025학년도 입학생의 3개년 교육과정 편성표.pdf | 2026학년도 입학생의 3개년 교육과정 편성표.pdf | 2026학년도 재학생의 3개년 교육과정 편성표.pdf | 2026학년도 학사운영 일정_인천포스코고_(2026.04.01).pdf,D:\project\MAPS\curriculum_files\인천광역시\인천포스코고등학교
714,eb558cd3-53f1-479e-a8c2-9558e6189014,인천해송고등학교,인천광역시,연수구,04,Y,ok,4,1,2026 학업성적관리 규정(2026.3.23.개정_탑재).pdf | 2026학년도 인천해송고 교육과정 편성 운영계획(안).hwp | 2026 학사일정(0331).hwpx | 2026학년도 1학기(안) 수업 및 창체 활동시수 조견표(0331탑재_2).xlsx,D:\project\MAPS\curriculum_files\인천광역시\인천해송고등학교
715,327b187d-a1d4-4a28-94a8-40eab5970da5,신송고등학교,인천광역시,연수구,04,Y,ok,2,1,2026학년도 신송고등학교 학교교육과정 편성·운영 및 평가 계획.pdf | 2026학년도 신송고등학교 연간 학사일정(안).xlsx,D:\project\MAPS\curriculum_files\인천광역시\신송고등학교
716,e01bbc73-b516-4f3b-baa8-ae9289e2a795,인천연송고등학교,인천광역시,연수구,04,Y,ok,1,0,(인천연송고등학교-2214 (첨부)) 2026 창의적체험활동 연간 운영계획(2026.3.3.).xlsx,D:\project\MAPS\curriculum_files\인천광역시\인천연송고등학교
717,f9c32a0a-423f-4513-abce-f65f64f6d5ac,석정여자고등학교,인천광역시,남동구,04,Y,ok,3,0,3. 2026학년도 창의적 체험활동 운영계획.hwp | 4. 2026학년도 학사일정.xlsx | 2. 2026학년도 특수교육 운영 계획.hwp,D:\project\MAPS\curriculum_files\인천광역시\석정여자고등학교
718,377c8715-5e48-41f7-b9f1-6fd2787e598b,신명여자고등학교,인천광역시,남동구,04,Y,ok,1,0,2026학년도 학사일정(안).xlsx,D:\project\MAPS\curriculum_files\인천광역시\신명여자고등학교
719,f5410411-e78f-4d4a-b4ce-253ffef1bc64,인제고등학교,인천광역시,남동구,04,Y,ok,2,1,2026학년도 학사일정계획.pdf | 2026학년도 인제고 학교교육과정 편성운영평가 계획.hwp,D:\project\MAPS\curriculum_files\인천광역시\인제고등학교
720,c1476f49-d42b-4629-b3da-85d24e996173,인천예술고등학교,인천광역시,남동구,04,Y,ok,1,0,2026학년도 인천예술고등학교 학사일정.pdf,D:\project\MAPS\curriculum_files\인천광역시\인천예술고등학교
721,d7a70e19-5e42-4c99-9115-ab7b8db03a41,인천남고등학교,인천광역시,남동구,04,Y,no_file,0,0,,
722,c9a4b71c-2f3f-4c67-b946-6cc6b7404f90,문일여자고등학교,인천광역시,남동구,04,Y,ok,3,1,(문일여자고등학교)2026학년도 재학생의 3개년 교육과정 편성표.xlsx | 2026 1학기 학사일정표.pdf | 2026 2학기 학사일정표.pdf,D:\project\MAPS\curriculum_files\인천광역시\문일여자고등학교
723,cae62e23-b18b-48bd-9eb6-660db69c0798,숭덕여자고등학교,인천광역시,남동구,04,Y,ok,1,0,2026학년도 숭덕여자고등학교 연간학사일정.hwp,D:\project\MAPS\curriculum_files\인천광역시\숭덕여자고등학교
724,22e359a9-9c9c-4ea4-8d56-a9145ba5bfcd,동인천고등학교,인천광역시,남동구,04,Y,ok,2,1,2026학년도 창의적 체험활동(동아리) 계획.hwpx | 2026학년도 입학생의 3개년 교육과정 편성표(학운위안건)_251128.xlsx,D:\project\MAPS\curriculum_files\인천광역시\동인천고등학교
725,c58a79fc-baa3-42d7-9465-4636d507f5dd,인천만수고등학교,인천광역시,남동구,04,Y,no_file,0,0,,
726,082cb3a5-949f-4b5b-a277-d87c93c824cf,도림고등학교,인천광역시,남동구,04,Y,ok,2,1,2026학년도 도림고등학교 연간학사일정.hwp | 2026학년도 도림고등학교 학교교육과정 편성·운영·평가 계획.hwp,D:\project\MAPS\curriculum_files\인천광역시\도림고등학교
727,21a859a3-4d2b-4963-87b6-23aedf2900a4,인천논현고등학교,인천광역시,남동구,04,Y,ok,2,2,기교69-인천논현고-2025학년도 입학생의 3개년 교육과정 편성표.xlsx | 기교69-인천논현고-2024학년도 입학생의 3개년 교육과정 편성표.xlsx,D:\project\MAPS\curriculum_files\인천광역시\인천논현고등학교
728,13e39731-29fe-4743-8e26-e52fcffc4c97,미추홀외국어고등학교,인천광역시,남동구,04,Y,ok,3,1,2026학년도 창의적 체험활동 운영계획.hwpx | 2026학년도 창의적 체험활동(교과 진로) 연간 지도계획.hwp | 2026학년도 학교교육과정 편성운영계획.hwp,D:\project\MAPS\curriculum_files\인천광역시\미추홀외국어고등학교
729,e903d293-7bf3-4cfc-8151-a087c9d01007,인천금융고등학교,인천광역시,남동구,04,Y,no_file,0,0,,
730,77ae0abc-5307-4a00-959b-c4a674783583,인천남동고등학교,인천광역시,남동구,04,Y,ok,1,1,2026학년도 재학생의 3개년 교육과정 편성표(1021).xlsx,D:\project\MAPS\curriculum_files\인천광역시\인천남동고등학교
731,ac6ca055-12d1-40f2-8d90-a533a50c6949,인천송천고등학교,인천광역시,남동구,04,Y,ok,2,1,2026학년도 재학생의 3개년 교육과정 편성표_인천송천고.xlsx | 2026학년도 학사일정(안)0406.hwp,D:\project\MAPS\curriculum_files\인천광역시\인천송천고등학교
732,4d36d9d1-09f9-40b1-9400-0aac4adcfa63,인천고잔고등학교,인천광역시,남동구,04,Y,ok,1,1,2026학년도 인천고잔고등학교 학교교육과정 편성 운영 및 평가 계획.hwp,D:\project\MAPS\curriculum_files\인천광역시\인천고잔고등학교
733,18e100e5-2517-4212-bbca-58857965d50c,남강고등학교,서울특별시,관악구,04,Y,no_file,0,0,,
734,47ad1c79-fab6-40bf-8512-ab38e01a2b85,성보고등학교,서울특별시,관악구,04,Y,no_file,0,0,,
735,4c33fca6-a65e-4a17-8a6e-d789e19a092f,삼성고등학교,서울특별시,관악구,04,Y,ok,7,3,2025학년도 입학생 교육과정 학점 배당표(2022 개정 교육과정)_삼성고.pdf | 2026학년도 삼성고 연간학사일정.pdf | 2026학년도 삼성고 창의적 체험활동.pdf | 2026학년도 삼성고 학교교육과정 편성 운영 평가 계획.pdf | 2026학년도 입학생 교육과정 학점 배당표(2022 개정 교육과정)_삼성고.pdf | 삼성고 2026학년도 체험활동 계획.pdf | 삼성고등학교 전년도 교육과정 운영 평가 결과 및 2026학년도 교육과정 평가 계획.pdf,D:\project\MAPS\curriculum_files\서울특별시\삼성고등학교
736,5936a985-6437-4141-b791-bcc1df5e4037,광신고등학교,서울특별시,관악구,04,Y,ok,2,0,2026학년도 광신고등학교 창의적 체험활동 계획.pdf | 2026학년도 광신고등학교 학사일정표.pdf,D:\project\MAPS\curriculum_files\서울특별시\광신고등학교
737,6dabdea0-b5ca-4ed8-adbc-fbcea40b38b2,광신방송예술고등학교,서울특별시,관악구,04,Y,ok,1,1,1. 2026 교육과정 학점 배당표 서식(광신방송예술고)-최종안(2026-04-06).xlsx,D:\project\MAPS\curriculum_files\서울특별시\광신방송예술고등학교
738,57f4b4b2-41f1-4366-947a-81312105e31d,미림여자고등학교,서울특별시,관악구,04,Y,ok,3,2,2025학년도 입학생 교육과정 학점 배당표(2022 개정 교육과정).xlsx | 2026학년도 입학생 교육과정 학점 배당표(2022 개정 교육과정).xlsx | 2026학년도 연간학사일정.hwp,D:\project\MAPS\curriculum_files\서울특별시\미림여자고등학교
739,bc32338b-315f-4642-bb51-214620880c59,신림고등학교,서울특별시,관악구,04,Y,no_file,0,0,,
740,85b82047-3419-4a0b-8f4f-dd80451a0514,미림마이스터고등학교,서울특별시,관악구,04,Y,no_file,0,0,,
741,352d4286-aec4-4212-8ccd-2cea2aa3de98,울산과학고등학교,울산광역시,울주군,04,Y,ok,5,3,울산과학고 2025학년도 신입생 3개년 교육과정 편제표.hwpx | 울산과학고 2026학년도 신입생 3개년 교육과정 편제표.hwpx | 울산과학고 2026학년도 전학년 교육과정 편제표.hwpx | 2026 1학기 울산과학고 창의적체험활동 계획.xlsx | (2026 4월 정보공시) 2026학년도 연간학사일정.pdf,D:\project\MAPS\curriculum_files\울산광역시\울산과학고등학교
742,c753b725-50f8-4d4d-bc76-a549508c2bc6,울산경의고등학교,울산광역시,울주군,04,Y,ok,1,1,2026학년도 울산경의고 학교교육과정 편성·운영·평가 계획.pdf,D:\project\MAPS\curriculum_files\울산광역시\울산경의고등학교
743,c8264353-4201-4f84-b48a-b8665dc64324,수도전기공업고등학교,서울특별시,강남구,04,Y,ok,5,1,2025학년도 수도전기공업고등학교 학교교육과정 평가 결과.pdf | 2026학년도 수도전기공업고등학교 학교교육과정 평가 계획.pdf | 2026학년도 수도전기공업고등학교 교과별 수업공개 일정 계획.pdf | 2026학년도 수도전기공업고등학교 교육운영 특색사업 계획.pdf | 2026학년도 수도전기공업고등학교 연간 학사일정.pdf,D:\project\MAPS\curriculum_files\서울특별시\수도전기공업고등학교
744,c97bad52-a3a3-4ee2-b6e3-2dc5a92244cb,경기여자고등학교,서울특별시,강남구,04,Y,no_file,0,0,,
745,8e913354-4e17-4b18-ad93-a7287055cf73,경기여자고등학교부설방송통신고등학교,서울특별시,강남구,04,Y,no_file,0,0,,
746,4f924c81-f451-4edd-93cf-8cd47290aba4,국립국악고등학교,서울특별시,강남구,04,Y,ok,1,0,2026학년도 국립국악고등학교 연간학사일정.pdf,D:\project\MAPS\curriculum_files\서울특별시\국립국악고등학교
747,cf11e801-c2a6-4ebc-bfb2-0947d4a16e16,개포고등학교,서울특별시,강남구,04,Y,ok,2,1,2026학년도 개포고 교육과정 편성 운영 평가 계획.pdf | 2026학년도 연간 학사일정.pdf,D:\project\MAPS\curriculum_files\서울특별시\개포고등학교
748,243ba55c-f062-4b11-b055-79b32a316481,풍문고등학교,서울특별시,강남구,04,Y,ok,2,1,2026학년도 풍문고 학교교육과정 편성운영평가 계획.pdf | 2026학년도 풍문고 연간학사일정.pdf,D:\project\MAPS\curriculum_files\서울특별시\풍문고등학교
749,9b9f87e0-822d-4ff4-9cb6-aba1b8389c83,영동일고등학교,서울특별시,송파구,04,Y,ok,1,1,2026학년도 영동일고등학교 학교교육과정 편성운영 및 평가에 관한 사항.hwp,D:\project\MAPS\curriculum_files\서울특별시\영동일고등학교
750,33375f28-0c3f-42a3-ac93-c59e63b1b797,정신여자고등학교,서울특별시,송파구,04,Y,ok,2,2,2025학년도 입학생 교육과정 학점 배당표(2022 개정 교육과정).pdf | 2026학년도 입학생 교육과정 학점 배당표(2022 개정 교육과정).pdf,D:\project\MAPS\curriculum_files\서울특별시\정신여자고등학교
751,925d1378-dc95-4b20-8b52-18968ca88e2a,잠신고등학교,서울특별시,송파구,04,Y,ok,6,4,2026학년도 잠신고 학교교육과정 편성운영평가 계획.hwp | 2024학년도 입학생 교육과정 학점 배당표(2015 개정 교육과정)_잠신고.xlsx | 2025학년도 입학생 교육과정 학점 배당표(2022 개정 교육과정)_잠신고.xlsx | 2026학년도 입학생 교육과정 학점 배당표(2022 개정 교육과정)_잠신고.xlsx | 2026학년도 창의적 체험활동 연간 운영 계획(수정안).xlsx | 2026학년도 학사일정_잠신고.xlsx,D:\project\MAPS\curriculum_files\서울특별시\잠신고등학교
752,f5357ee1-3d8e-4bb8-97da-18497b8af92e,잠일고등학교,서울특별시,송파구,04,Y,no_file,0,0,,
753,ff1ee16a-e012-46c4-ba87-1c07d9de327a,일신여자상업고등학교,서울특별시,송파구,04,Y,ok,1,0,2026학년도 일신여자상업고 연간학사일정(26.4.1.기준).hwp,D:\project\MAPS\curriculum_files\서울특별시\일신여자상업고등학교
754,5760ddd6-abfe-43c5-884f-34f8be1c0af4,잠실여자고등학교,서울특별시,송파구,04,Y,ok,1,0,2026학년도 잠실여자고등학교 연간학사일정.hwp,D:\project\MAPS\curriculum_files\서울특별시\잠실여자고등학교
755,c6ad5e0f-54d0-4a34-bf19-2c401d9169a7,가락고등학교,서울특별시,송파구,04,Y,ok,2,2,2025학년도 입학생 교육과정 학점 배당표(2022 개정 교육과정)_가락고.pdf | 2026학년도 입학생 교육과정 학점 배당표(2022 개정 교육과정)_가락고.pdf,D:\project\MAPS\curriculum_files\서울특별시\가락고등학교
756,04fd6cf9-8a33-46b2-af32-19e68fa7fbb3,서울인공지능고등학교,서울특별시,송파구,04,Y,ok,1,0,2026학년도 서울인공지능고 연간학사일정.pdf,D:\project\MAPS\curriculum_files\서울특별시\서울인공지능고등학교
757,2757dc8e-ac3b-4a9b-9586-9fc4242eb6e4,덕수고등학교(일반고),서울특별시,송파구,04,Y,no_file,0,0,,
758,d85b9e22-f71c-4ead-aebd-3bb4264f75f9,덕수고등학교,서울특별시,송파구,04,Y,no_file,0,0,,
759,02fe7351-1d08-4a7f-9b74-b67b202d13ca,상일여자고등학교,서울특별시,강동구,04,Y,no_file,0,0,,
760,8f6bf4f5-b0fe-4713-9d12-7d0ae7a2830e,강동고등학교,서울특별시,강동구,04,Y,ok,2,1,2026학년도 학교교육과정 편성·운영 및 평가에 대한 계획.hwp | 2026학년도 연간학사일정.hwpx,D:\project\MAPS\curriculum_files\서울특별시\강동고등학교
761,b0e4de76-6f40-4e02-b42b-0038aa2c73d0,한영고등학교,서울특별시,강동구,04,Y,no_file,0,0,,
762,b0003e82-70dd-45f1-919f-ae7b77c88e88,한영외국어고등학교,서울특별시,강동구,04,Y,ok,1,1,정보공시 1차(교육과정편성 운영 평가계획).pdf,D:\project\MAPS\curriculum_files\서울특별시\한영외국어고등학교
763,5dfb580e-0ee5-4f6f-b9d6-1007fdfadc5e,상일미디어고등학교,서울특별시,강동구,04,Y,ok,1,1,2026학년도 상일미디어고 학교교육과정 편성·운영·평가 계획.pdf,D:\project\MAPS\curriculum_files\서울특별시\상일미디어고등학교
764,8d3e82f5-2c45-4bbb-aa29-27e890e5603e,동북고등학교,서울특별시,강동구,04,Y,ok,3,1,2026년 동북고 학교교육과정 편성 운영의 기본 방향과 편제 및 시간 배당.pdf | 2026년 동북고 전년도 교육과정 운영 평가 결과 및 당해 연도 계획.pdf | 2026년 동북고 창의적 체험활동 편성 운영 계획.pdf,D:\project\MAPS\curriculum_files\서울특별시\동북고등학교
765,394be062-16b0-4b43-bc2b-3f74d1012dcd,둔촌고등학교,서울특별시,강동구,04,Y,ok,1,0,2026학년도 둔촌고 연간학사일정.pdf,D:\project\MAPS\curriculum_files\서울특별시\둔촌고등학교
766,8dc810d8-efdf-4259-b184-05dcb5ba65ab,반곡고등학교,세종특별자치시,,04,Y,ok,2,1,2026학년도 학교교육과정 편성-운영의 기본 방향과 편제 및 시간 배당.hwp | 2026학년도 학사일정 계획(안).hwp,D:\project\MAPS\curriculum_files\세종특별자치시\반곡고등학교
767,47c28f34-35dc-410d-b8ff-c1afe57ceb8a,소담고등학교,세종특별자치시,,04,Y,no_file,0,0,,
768,e61be19a-40c1-489b-8c03-7929262e8339,보람고등학교,세종특별자치시,,04,Y,ok,3,2,2026학년도 보람고 학사 연간일정.hwpx | 2026학년도 전학년 교육과정 편제표.pdf | 2026학년도 보람고 학교교육과정 편성 및 운영.hwpx,D:\project\MAPS\curriculum_files\세종특별자치시\보람고등학교
769,efb9924c-5e27-4d57-af4f-91abfb522156,한솔고등학교,세종특별자치시,,04,Y,ok,2,1,2026학년도 학사일정.hwp | 2026학년도 학교교육과정 편성운영평가계획 수정_5.8..hwpx,D:\project\MAPS\curriculum_files\세종특별자치시\한솔고등학교
770,d2277d95-dd6d-4f83-9e7d-02ec279a45da,새롬고등학교,세종특별자치시,,04,Y,no_file,0,0,,
771,7880265b-d8c2-4827-bb63-2910aa9b8145,다정고등학교,세종특별자치시,,04,Y,no_file,0,0,,
772,c8460573-c757-42c3-b2e2-233195af327a,부평여자고등학교,인천광역시,부평구,04,Y,ok,2,0,정보공시-2026학년도 부평여고 연간학사일정.pdf | 정보공시-2026학년도 부평여고 현장체험학습.pdf,D:\project\MAPS\curriculum_files\인천광역시\부평여자고등학교
773,3a067a4d-bb5a-4da6-b1fc-11699aa5c39e,부평고등학교,인천광역시,부평구,04,Y,ok,2,0,2026학년도 창의적 체험활동 연간 운영 계획(정보공시).xlsx | ☆2026학년도 학사일정(정보공시).hwp,D:\project\MAPS\curriculum_files\인천광역시\부평고등학교
774,2c7f24de-b8fb-4577-8a92-79c067d4b1cd,제일고등학교,인천광역시,부평구,04,Y,no_file,0,0,,
775,3316b09f-8425-4189-acd0-fbfe28f4c4be,인천상정고등학교,인천광역시,부평구,04,Y,ok,2,1,2026학년도 인천상정고 학교교육과정 편성·운영·평가 계획.hwp | 2026학년도 상정고 고등학교 학사일정(0303).hwp,D:\project\MAPS\curriculum_files\인천광역시\인천상정고등학교
776,48192b1c-e3d6-4f47-94da-f1f4421fcf5c,인천산곡고등학교,인천광역시,부평구,04,Y,ok,2,1,2026학년도 학사일정(안).xlsx | 2026학년도 3개 학년 교육과정 편성표.xlsx,D:\project\MAPS\curriculum_files\인천광역시\인천산곡고등학교
777,348b1360-4f82-4b30-a858-12fe0bc95652,인천외국어고등학교,인천광역시,부평구,04,Y,no_file,0,0,,
778,2afd9876-f064-439d-8792-21c85995adb0,명신여자고등학교,인천광역시,부평구,04,Y,ok,1,0,2026학년도 학교 교육과정 편성·운영·평가 계획(창의적체험활동 계획 포함)-3학년.hwp,D:\project\MAPS\curriculum_files\인천광역시\명신여자고등학교
779,d359c041-78d0-42a5-8b7d-2e7c14340dc8,세일고등학교,인천광역시,부평구,04,Y,ok,2,1,2026학년도 세일고 연간학사일정.hwpx | 2026학년도 세일고 학교교육과정 편성·운영·평가 계획.hwpx,D:\project\MAPS\curriculum_files\인천광역시\세일고등학교
780,7bcfc9f5-be76-4350-969e-b959a09ca770,인평자동차고등학교,인천광역시,부평구,04,Y,ok,2,2,2025학년도 직업계고 교육과정 편성표.pdf | 2026학년도 직업계고 교육과정 편성표.pdf,D:\project\MAPS\curriculum_files\인천광역시\인평자동차고등학교
781,626838d1-2774-4829-8f32-7c8b5058dfb7,부광고등학교,인천광역시,부평구,04,Y,ok,4,2,창의적 교육과정(학교 비전 사업).hwpx | 2026학년도 3개년 교육과정 편제표.hwpx | 2026 창체 운영계획(안).hwp | 2026학년도 학사일정 운영 계획(안).xlsx,D:\project\MAPS\curriculum_files\인천광역시\부광고등학교
782,66a28ed7-1a71-4c35-8a90-1802a45f5f95,인천영선고등학교,인천광역시,부평구,04,Y,ok,2,0,2026학년도 창체 운영계획(안).xlsx | 2026학년도 학사일정(안).xlsx,D:\project\MAPS\curriculum_files\인천광역시\인천영선고등학교
783,de019983-abd7-4795-ac52-07f213e14532,인천진산과학고등학교,인천광역시,부평구,04,Y,ok,1,1,2026학년도 학교교육과정 편성운영 및 평가계획.hwp,D:\project\MAPS\curriculum_files\인천광역시\인천진산과학고등학교
784,81bf225e-ac88-4c93-935e-593e8f5c2559,삼산고등학교,인천광역시,부평구,04,Y,ok,3,1,2026학년도 삼산고 창의적 체험활동 운영 계획(안).pdf | 2026학년도 삼산고 학급특색활동 운영 계획(안).pdf | 2026학년도 삼산고 학교교육과정 편성·운영·평가 계획.pdf,D:\project\MAPS\curriculum_files\인천광역시\삼산고등학교
785,c1e812dc-95ca-44bc-a2fb-a4d1aed7d067,부평공업고등학교,인천광역시,부평구,04,Y,ok,5,3,2026학년 창의적체험활동 운영계획.xlsx | 2024학년도 입학생 교육과정 편제 및 학점배당표.xlsx | 2025학년도 입학생 교육과정 편제 및 학점배당표.xlsx | 2026학년도 입학생 교육과정 편제 및 학점배당표.xlsx | 2026학년도 체험활동 계획.xlsx,D:\project\MAPS\curriculum_files\인천광역시\부평공업고등학교
786,3d307260-871e-45a5-8fc2-aad7eadda566,인천미래생활고등학교,인천광역시,부평구,04,Y,ok,2,0,2026학년도 교육과정 운영계획(학사일정)(0406).hwp | 2026학년도 창의적체험활동 세부운영계획(0406).xlsx,D:\project\MAPS\curriculum_files\인천광역시\인천미래생활고등학교
787,b4a8cb7c-4eeb-40b8-bf2e-7746e778b4b7,부개여자고등학교,인천광역시,부평구,04,Y,ok,4,3,2026학년도 입학생 교육과정 편성표(1학년).xlsx | 2025학년도 입학생 교육과정 편성표(2학년).xlsx | 2024학년도 입학생 교육과정 편성표(3학년).xlsx | 2026학년도 창의적 체험활동 내용 및 시수.xlsx,D:\project\MAPS\curriculum_files\인천광역시\부개여자고등학교
788,e4e4fd6b-22fe-4c84-8639-31831869bd3c,인천부흥고등학교,인천광역시,부평구,04,Y,ok,10,2,2025학년도 입학생 교육과정 편제표.xlsx | 2026학년도 입학생 교육과정 편제표.xlsx | 2026학년도 1학기 사회과 교수·학습 및 평가 계획.hwp | 2026학년도 1학기 국어과 교수·학습 및 평가계획.hwp | 2026학년도 1학기 수학과 교수·학습 및 평가계획.hwp | 2026학년도 1학기 예체능과 교수·학습 및 평가계획.hwp | 2026학년도 1학기 영어과 교수·학습 및 평가계획.hwp | 2026학년도 1학기 과학과 교수·학습 및 평가계획.hwp | 2026학년도 학사일정(안).xlsx | 2026학년도 1학기 생활교양과 교수·학습 및 평가계획.hwp,D:\project\MAPS\curriculum_files\인천광역시\인천부흥고등학교
789,1ade283f-8325-4ddb-be6c-75e960725a01,부개고등학교,인천광역시,부평구,04,Y,ok,1,0,2026학년도 학사 일정 및 창의적 체험활동.xlsx,D:\project\MAPS\curriculum_files\인천광역시\부개고등학교
790,8f992080-40aa-46b1-8928-58a06267bcdc,부광여자고등학교,인천광역시,부평구,04,Y,ok,3,2,2026학년도 부광여자고등학교 교육과정 편제표.pdf | 2026학년도 부광여자고등학교 고교학점제 및 학교교육과정 운영 계획.pdf | 2026학년도 부광여자고등학교 창의적 체험 활동 일정표.pdf,D:\project\MAPS\curriculum_files\인천광역시\부광여자고등학교
791,172de353-cc69-4a59-9bcf-82f8f1a15fce,인천효성고등학교,인천광역시,계양구,04,Y,no_file,0,0,,
792,70a977ed-b68c-4119-a286-48a9c335a3c9,계산공업고등학교,인천광역시,계양구,04,Y,ok,6,3,2024학년도 입학생 교육과정 편제 및 학점 배당표(기교43_계산공고).xlsx | 2025학년도 입학생 교육과정 편제 및 학점 배당표(기교43_계산공고).xlsx | 2026학년도 입학생 교육과정 편제 및 학점 배당표(기교43_계산공고).xlsx | 2026학년도 창의적체험활동 연간 운영계획.hwp | 2026 체험활동 계획.hwp | 2026학년도 연간학사운영계획(4.10.기준).pdf,D:\project\MAPS\curriculum_files\인천광역시\계산공업고등학교
793,63144aec-562a-443c-9015-227aba0516d0,계산고등학교,인천광역시,계양구,04,Y,ok,2,0,2026학년도 학사일정 계획(안).hwp | 2026 연간학사일정 및 수업시수 편성.xlsx,D:\project\MAPS\curriculum_files\인천광역시\계산고등학교
794,1e7594ea-68a0-4997-b669-cdd64cc3ef5a,작전고등학교,인천광역시,계양구,04,Y,ok,1,1,2026학년도 3개년 교육과정 편성표.xlsx,D:\project\MAPS\curriculum_files\인천광역시\작전고등학교
795,bbb98f9e-74c9-4840-80dc-3a9d1db8f9fb,작전여자고등학교,인천광역시,계양구,04,Y,ok,3,1,2026학년도 3개학년 교육과정 편제 및 단위(학점) 배당표.xlsx | 창의적 체험활동 운영 계획.hwpx | 2026학년도 학사일정.hwp,D:\project\MAPS\curriculum_files\인천광역시\작전여자고등학교
796,ddfe984b-a3c7-4450-960e-4bd273aed619,안남고등학교,인천광역시,계양구,04,Y,ok,2,1,2026학년도 창의적체험활동 운영계획_인문자치부.xlsx | 2026학년도 재학생의 3개년 교육과정 편성표.xlsx,D:\project\MAPS\curriculum_files\인천광역시\안남고등학교
797,8180ffad-7fe5-4c7e-898d-ee231220653f,서운고등학교,인천광역시,계양구,04,Y,ok,1,0,기교56_서운고_2026학년도 연간학사일정.xlsx,D:\project\MAPS\curriculum_files\인천광역시\서운고등학교
798,05fc9cf0-0dd7-4b52-b8f9-b1b1f30c2e99,계산여자고등학교,인천광역시,계양구,04,Y,ok,1,1,학교교육과정 편성운영 평가계획(정보공시).hwp,D:\project\MAPS\curriculum_files\인천광역시\계산여자고등학교
799,2b202e81-0c02-4007-bf1a-858734d97a1b,계양고등학교,인천광역시,계양구,04,Y,ok,1,0,2026학년도 계양고 학교경영계획서.pdf,D:\project\MAPS\curriculum_files\인천광역시\계양고등학교
800,d1011f55-6dec-427d-9e28-056d8480dbd4,인천세원고등학교,인천광역시,계양구,04,Y,ok,2,1,26_25_24학년도 입학생의 3개년 교육과정 편성표.xlsx | 2026 수업시수 및 학사일정.xlsx,D:\project\MAPS\curriculum_files\인천광역시\인천세원고등학교
801,e12e901e-0d37-4fc0-b90c-bed6ebad78b7,인천예일고등학교,인천광역시,계양구,04,Y,no_file,0,0,,
802,f63a782f-f51d-4768-9895-d32c580d0d1c,세종대성고등학교,세종특별자치시,,04,Y,ok,1,0,2026학년도 세종대성고등학교 연간학사일정.pdf,D:\project\MAPS\curriculum_files\세종특별자치시\세종대성고등학교
803,22bba2ef-ef92-4df1-8f44-7773648a38b6,종촌고등학교,세종특별자치시,,04,Y,ok,1,0,2026학년도 종촌고 연간 학사일정.hwp,D:\project\MAPS\curriculum_files\세종특별자치시\종촌고등학교
804,547cce54-1c99-4b45-9cce-4a596625ed1e,두루고등학교,세종특별자치시,,04,Y,no_file,0,0,,
805,9d6c1af3-a3e6-41d5-8068-4fd982cf00ba,고운고등학교,세종특별자치시,,04,Y,ok,1,1,2026학년도 입학생 교육과정 편제표(고운고).xlsx,D:\project\MAPS\curriculum_files\세종특별자치시\고운고등학교
806,09bf4af5-5b9a-4c5b-91f0-24a4f14346c9,세종국제고등학교,세종특별자치시,,04,Y,ok,2,1,2026학년도 연간 수업일수 및 학사일정.pdf | 2026년 세종국제고 학교교육과정 편성 운영 평가 계획(정보공시).pdf,D:\project\MAPS\curriculum_files\세종특별자치시\세종국제고등학교
807,01f72a22-2d81-4dff-a410-ff3074a901e0,아름고등학교,세종특별자치시,,04,Y,ok,1,1,2026학년도 아름고 학교교육과정 편성·운영·평가 계획.pdf,D:\project\MAPS\curriculum_files\세종특별자치시\아름고등학교
808,3316ef3b-eb07-4e92-be99-999cef0ed22f,양지고등학교,세종특별자치시,,04,Y,no_file,0,0,,
809,e9ca3ecd-a726-4f50-8e72-bd5b0c97db92,도담고등학교,세종특별자치시,,04,Y,no_file,0,0,,
810,3aaa3131-652e-4ac3-9219-8e628f474f0e,세종캠퍼스고등학교,세종특별자치시,,04,Y,ok,1,1,2026학년도 세종캠퍼스고등학교 교육과정 편성·운영 및 평가.pdf,D:\project\MAPS\curriculum_files\세종특별자치시\세종캠퍼스고등학교
811,ea5d16ca-9cc4-44ed-8836-e57532e837ea,해밀고등학교,세종특별자치시,,04,Y,no_file,0,0,,
812,ccaf47b2-e633-46b1-b937-5ab3e77031dc,세종예술고등학교,세종특별자치시,,04,Y,ok,6,4,2024학년도 입학생 교육과정 편성표(세종예술고).xlsx | 2025학년도 입학생 교육과정 편성표(세종예술고).xlsx | 2026학년도 입학생 교육과정 편성표(세종예술고).xlsx | 2026학년도 전학년 교육과정 편제표(세종예술고).xlsx | 2026학년도 창의적체험활동 교육과정 편성ㆍ운영 계획.pdf | 2026학년도 체험활동 운영 계획.pdf,D:\project\MAPS\curriculum_files\세종특별자치시\세종예술고등학교
813,b307e76e-12d3-4d9c-ab5f-daf03feb4826,세종여자고등학교,세종특별자치시,,04,Y,no_file,0,0,,
814,53a17224-edbf-4719-83fb-b773911ee969,세종고등학교,세종특별자치시,,04,Y,no_file,0,0,,
815,9d052498-1e82-4770-8cae-0dfbd3d8b51f,인성여자고등학교,인천광역시,중구,04,Y,ok,3,1,2026학년도 인성여자고등학교 교외체험학습 규정.pdf | 2026학년도 인성여자고등학교 창의적체험활동 동아리 운영 계획.pdf | 2026학년도 인성여고 재학생의 3개년 교육과정 편성표.pdf,D:\project\MAPS\curriculum_files\인천광역시\인성여자고등학교
816,ee4dc806-7627-4ee3-bc73-5a8ebc5e2f47,인천여자상업고등학교,인천광역시,중구,04,Y,ok,2,0,2026학년도 1학기 교과별 교수학습 및 평가 운영계획(4.1).pdf | 2026학년도 창의적 체험활동(시수) 운영 계획(최종).pdf,D:\project\MAPS\curriculum_files\인천광역시\인천여자상업고등학교
817,bc6df820-60ee-4ff3-863d-8ba48da22a3c,인천반도체고등학교,인천광역시,중구,04,Y,ok,5,3,2026학년도 창의적 체험활동 연간 계획.xlsx | 2026학년도 학사일정.hwp | 2024학년도 입학생 교육과정 편제표.xlsx | 2025학년도 입학생 교육과정 편제표.xlsx | 2026학년도 입학생 교육과정 편제표.xlsx,D:\project\MAPS\curriculum_files\인천광역시\인천반도체고등학교
818,1d627af9-2f4f-4b20-a7bf-612ff2290fe1,광성고등학교,인천광역시,중구,04,Y,no_file,0,0,,
819,0851bb2e-f7bc-4f02-bac7-0d501035b47d,인천중앙여자고등학교,인천광역시,중구,04,Y,ok,1,0,2026학년도 인천중앙여자고등학교 연간학사일정.hwp,D:\project\MAPS\curriculum_files\인천광역시\인천중앙여자고등학교
820,0b067b6c-acc6-41a6-a878-303292b28d8b,인일여자고등학교,인천광역시,중구,04,Y,ok,2,1,2026학년도 학사일정(안).pdf | 2024~2026학년도 인일여고 입학생의 3개년간 고등학교 교육과정 편성표.pdf,D:\project\MAPS\curriculum_files\인천광역시\인일여자고등학교
821,d6cc0971-1311-42d8-b0ba-a7f489b1884c,제물포고등학교,인천광역시,중구,04,Y,ok,1,0,1. 2026 학사일정(안).hwp,D:\project\MAPS\curriculum_files\인천광역시\제물포고등학교
822,e16b842f-0466-40ba-9e6e-67b08bf35e11,제물포고등학교부설방송통신고등학교,인천광역시,중구,04,Y,no_file,0,0,,
823,37a384f4-6401-4bbb-8358-faa3b86e6e3f,인천해사고등학교,인천광역시,중구,04,Y,ok,1,0,연간 학사 일정.hwpx,D:\project\MAPS\curriculum_files\인천광역시\인천해사고등학교
824,e731bab2-c0b6-4735-a62a-7fbf2711c3cb,한국주얼리고등학교,인천광역시,서구,04,Y,ok,1,0,2026학년도 한국주얼리고 연간 학사 일정.hwp,D:\project\MAPS\curriculum_files\인천광역시\한국주얼리고등학교
825,b9b5932c-9f12-4444-8094-73c54b77faa2,백석고등학교,인천광역시,서구,04,Y,ok,2,1,2026년도 3개년 교육과정편제 및 단위배당표.xlsx | 2026학년도 백석고등학교 학사 운영계획 및 학사일정.pdf,D:\project\MAPS\curriculum_files\인천광역시\백석고등학교
826,1acccc72-f2a6-4dc9-8019-fca893dd8f53,서인천고등학교,인천광역시,서구,04,Y,ok,1,0,2026학사일정 및 창체계획(20260402).xlsx,D:\project\MAPS\curriculum_files\인천광역시\서인천고등학교
827,4533cfbe-7bfe-46af-89bd-6a55c840fdaf,인천체육고등학교,인천광역시,서구,04,Y,ok,3,0,"2026학년도 인천체육고등학교 연간학사일정.pdf | 2026학년도 인천체육고등학교 창의적 체험활동 운영 계획(1, 2학년).pdf | 2026학년도 인천체육고등학교 창의적 체험활동 운영 계획(3학년).pdf",D:\project\MAPS\curriculum_files\인천광역시\인천체육고등학교
828,7535f8b4-e7f2-4341-82eb-8d61263a7d0f,인천해원고등학교,인천광역시,서구,04,Y,ok,2,1,2026학년도_인천해원고_학교교육과정편성운영계획.hwpx | 2026학년도_인천해원고_ 창의적 체험활동 운영 계획.hwp,D:\project\MAPS\curriculum_files\인천광역시\인천해원고등학교
829,2f2badd5-21f4-4d0f-804c-0fbdb93ab673,대인고등학교,인천광역시,서구,04,Y,ok,1,1,2026학년도 대인고 학교교육과정 편성_운영_평가 계획.pdf,D:\project\MAPS\curriculum_files\인천광역시\대인고등학교
830,a14bc5f7-151b-4572-a636-0134b789689e,인천디자인고등학교,인천광역시,서구,04,Y,ok,1,1,2026학년도 인천디자인고 학교교육과정 편성·운영 및 평가에 관한 사항.pdf,D:\project\MAPS\curriculum_files\인천광역시\인천디자인고등학교
831,425ad6e7-0638-4108-9a16-f44c8268554c,가정고등학교,인천광역시,서구,04,Y,ok,2,0,2026학년도 학사일정(안).pdf | 창의적체험활동 운영 계획.pdf,D:\project\MAPS\curriculum_files\인천광역시\가정고등학교
832,2092663f-0cc2-4ff4-b3f1-f852fd87fba2,인천신현고등학교,인천광역시,서구,04,Y,ok,3,2,2026학년도 학사일정.xlsx | 학교교육과정 편성 운영 계획.hwp | 2026학년도 학교교육과정 편성표.xlsx,D:\project\MAPS\curriculum_files\인천광역시\인천신현고등학교
833,36cd66c6-8e51-423c-b885-2ebcdb6b4be2,인천보건고등학교,인천광역시,서구,04,Y,ok,1,0,2026학년도 학사일정.pdf,D:\project\MAPS\curriculum_files\인천광역시\인천보건고등학교
834,daae1fac-49b7-489c-86d8-78b5e189f8e4,가림고등학교,인천광역시,서구,04,Y,ok,1,0,2026학년도 교육과정 연간 운영계획(학사일정).hwpx,D:\project\MAPS\curriculum_files\인천광역시\가림고등학교
835,dc84a61c-705a-44dc-bff1-592efdf7118b,가좌고등학교,인천광역시,서구,04,Y,no_file,0,0,,
836,0805db4d-627d-4bfc-81e8-a3d173ee0d55,인천마전고등학교,인천광역시,서구,04,Y,no_file,0,0,,
837,4df90d7b-5ac7-447b-a93b-780236e88920,검단고등학교,인천광역시,서구,04,Y,ok,3,2,2026학년도 학사일정 및 창의적 체험활동 운영계획.xlsx | 2026학년도 재학생의 3개년 교육과정 편성표.xlsx | 2026학년도 검단고등학교 교육과정부 운영 계획.hwp,D:\project\MAPS\curriculum_files\인천광역시\검단고등학교
838,0d540450-22ec-44de-94b3-61533e7d811e,인천아라고등학교,인천광역시,서구,04,Y,ok,2,0,2026 연간 창체 운영계획.pdf | 2026학년도 연간학사운영계획.pdf,D:\project\MAPS\curriculum_files\인천광역시\인천아라고등학교
839,3ae8675f-f138-40d1-9033-ac4dedbab0a5,문곡고등학교,인천광역시,서구,04,Y,ok,1,1,2026학년도 교육과정 편성 운영 및 평가(수정).pdf,D:\project\MAPS\curriculum_files\인천광역시\문곡고등학교
840,30dfac84-5c5b-4a5f-9808-2b7fce5d10ac,인천원당고등학교,인천광역시,서구,04,Y,ok,3,1,2026학년도 인천원당고 교육과정편제 및 단위배당표.pdf | 2026학년도 인천원당고 창의적 체험활동 운영계획(안).pdf | 2026학년도 인천원당고 학사일정(안).pdf,D:\project\MAPS\curriculum_files\인천광역시\인천원당고등학교
841,89a32a2a-0b62-4c17-ae7e-f1338acd1b14,인천이음고등학교,인천광역시,서구,04,Y,ok,4,2,2026학년도 교외체험활동.xlsx | 2026학년도 인천이음고등학교 연간학사일정.xlsx | 2025학년도 입학생의 3개년 교육과정 편성표(5.11 수정).xlsx | 2026학년도 입학생의 3개년 교육과정 편성표(5.11 수정).xlsx,D:\project\MAPS\curriculum_files\인천광역시\인천이음고등학교
842,925ab983-6a31-4ad7-a2f5-363caf714db7,세종미래고등학교,세종특별자치시,,04,Y,no_file,0,0,,
843,2a274848-73a8-4985-a666-97ae362db0c1,대전신일여자고등학교,대전광역시,중구,04,Y,no_file,0,0,,
844,8c0ca036-d723-4e0e-a169-6bd68cd828b1,청란여자고등학교,대전광역시,중구,04,Y,no_file,0,0,,
845,e577cbaf-085c-4d5b-8d8e-d1acf92e1550,남대전고등학교,대전광역시,중구,04,Y,ok,2,1,(탑재자료)2026학년도 남대전고등학교 학교교육과정 편성·운영 및 평가에 관한 사항.hwp | (탑재자료)2026학년도 남대전고등학교 학사일정.hwpx,D:\project\MAPS\curriculum_files\대전광역시\남대전고등학교
846,44e590cb-3214-4c3f-aaf9-0387bb5a094e,대전국제통상고등학교,대전광역시,중구,04,Y,ok,4,3,2026학년도 창의적 체험활동 연간 운영 계획.4.8..hwpx | 2024학년도 입학생 3개년 교육과정 편성표.4.8..xlsx | 2025학년도 입학생 3개년 교육과정 편성표.4.8..xlsx | 2026학년도 입학생 3개년 교육과정 편제표.4.8..xlsx,D:\project\MAPS\curriculum_files\대전광역시\대전국제통상고등학교
847,a5a7d325-b13a-43fb-bc65-a2429a4db829,대전동산고등학교,대전광역시,중구,04,Y,ok,3,1,2026학년도 연간주요행사계획.xlsx | 2026학년도 대전동산고 학교육과정 편성 운영 평가 계획(정정).hwpx | 2026학년도 교육과정(창의적 체험활동 운영계획서(수정)).xlsx,D:\project\MAPS\curriculum_files\대전광역시\대전동산고등학교
848,385cf902-0be8-46aa-921c-e4b7c8d5af89,충남기계공업고등학교,대전광역시,중구,04,Y,ok,3,2,2026학년도 연간학사일정.xlsx | 3학년 교육과정 편제표.xlsx | 1학년 교육과정 편제표.xls,D:\project\MAPS\curriculum_files\대전광역시\충남기계공업고등학교
849,f4d658d9-8a79-4ca1-8542-da4ffb5fef31,대전한빛고등학교,대전광역시,중구,04,Y,no_file,0,0,,
850,196dbb75-599d-4426-a6d9-986bd7d32f9a,대전복수고등학교,대전광역시,서구,04,Y,ok,1,0,2026학년도 학사일정.hwp,D:\project\MAPS\curriculum_files\대전광역시\대전복수고등학교
851,c6c1df65-22cb-432d-b261-5735d9a867e6,대전대신고등학교,대전광역시,서구,04,Y,ok,1,1,대전대신고등학교 2026학년도 입학생 교육과정 편성표.pdf,D:\project\MAPS\curriculum_files\대전광역시\대전대신고등학교
852,f29b426d-d618-40cb-b596-14ae129e226d,대전제일고등학교,대전광역시,서구,04,Y,no_file,0,0,,
853,44cfcea0-b56e-4087-8b03-b94110827b5f,서대전여자고등학교,대전광역시,서구,04,Y,ok,1,0,2026학년도 서대전여고 연간학사일정.pdf,D:\project\MAPS\curriculum_files\대전광역시\서대전여자고등학교
854,8a51e0e3-7675-451e-8dfc-64f72264cef0,대전괴정고등학교,대전광역시,서구,04,Y,ok,2,1,2026학년도 대전괴정고등학교 학교교육과정 편성·운영·평가 계획.hwp | 2026학년도 대전괴정고등학교 학사일정.hwp,D:\project\MAPS\curriculum_files\대전광역시\대전괴정고등학교
855,a44a5f66-afe6-43b3-a8b2-212ff3eb73a0,대전외국어고등학교,대전광역시,서구,04,Y,ok,1,1,2026학년도 대전외국어고 학교교육과정 편성 운영 및 평가 계획.hwp,D:\project\MAPS\curriculum_files\대전광역시\대전외국어고등학교
856,327a04bd-8bb4-4916-8937-ad638c7be37d,대전둔원고등학교,대전광역시,서구,04,Y,ok,1,0,2026학년도 대전둔원고 연간학사일정.pdf,D:\project\MAPS\curriculum_files\대전광역시\대전둔원고등학교
857,aa3044b8-2fcc-413c-b3af-9c794f4a5431,한밭고등학교,대전광역시,서구,04,Y,ok,1,0,2026학년도 학사일정(26.4.9.).hwp,D:\project\MAPS\curriculum_files\대전광역시\한밭고등학교
858,0964c40e-bd09-47b6-8e8e-17ac7a52c411,대전둔산여자고등학교,대전광역시,서구,04,Y,ok,2,1,2026학년도 학사일정.pdf | 2026학년도 학교교육과정 편성·운영 및 평가(정보공시_0326).pdf,D:\project\MAPS\curriculum_files\대전광역시\대전둔산여자고등학교
859,566544e3-02da-4e1c-ae08-3ae615c1c896,인천청라고등학교,인천광역시,서구,04,Y,no_file,0,0,,
860,4a1c1064-c110-4a69-acfd-50c386c23fdc,인천초은고등학교,인천광역시,서구,04,Y,ok,1,1,2026학년도 학교교육과정 편성·운영 계획(3학년).hwp,D:\project\MAPS\curriculum_files\인천광역시\인천초은고등학교
861,590269d9-866f-4ef2-a755-d5b9fda4f7ea,강화여자고등학교,인천광역시,강화군,04,Y,ok,3,2,2026학년도 강화여고 학사 일정 및 창체 운영 계획.xlsx | 2026학년도 강화여고 학교교육과정 편성·운영·평가 계획.hwp | 2026학년도 강화여고 재학생의 3개년 교육과정 편성표.xlsx,D:\project\MAPS\curriculum_files\인천광역시\강화여자고등학교
862,0d642df1-7a21-4685-877e-980bef55a0c7,강화고등학교,인천광역시,강화군,04,Y,no_file,0,0,,
863,98383e2c-d920-47f3-8c78-5a9200f7aade,덕신고등학교,인천광역시,강화군,04,Y,ok,1,1,"2025, 2026학년도 입학생 교육과정.pdf",D:\project\MAPS\curriculum_files\인천광역시\덕신고등학교
864,ea210fe3-9e5c-48b7-9c6b-291056729365,신정고등학교,부산광역시,기장군,04,Y,no_file,0,0,,
865,77122512-1d8f-405d-b8d5-c8d789534ccd,정관고등학교,부산광역시,기장군,04,Y,ok,1,0,2026학년도 정관고등학교 학사일정.pdf,D:\project\MAPS\curriculum_files\부산광역시\정관고등학교
866,dc683b41-45c2-4a87-a8e8-b2aa79889c34,세종장영실고등학교,세종특별자치시,,04,Y,ok,4,3,2024학년도 입학생 교육과정 편제표.xlsx | 2025학년도 입학생 학교교육과정 편성표.xlsx | 2026학년도 입학생 학교교육과정 편성표.xlsx | 2026학년도 창의적 체험활동 운영 계획.hwp,D:\project\MAPS\curriculum_files\세종특별자치시\세종장영실고등학교
867,898cdd37-fb47-49b2-8003-eb16b897f7e5,서대전고등학교,대전광역시,서구,04,Y,ok,1,1,2026학년도 서대전고 학교교육과정 편성·운영·평가 계획.pdf,D:\project\MAPS\curriculum_files\대전광역시\서대전고등학교
868,907b3b93-9b4a-4cd1-8fd0-0e4c96ea2e82,동방고등학교,대전광역시,서구,04,Y,ok,1,0,연간학사일정.pdf,D:\project\MAPS\curriculum_files\대전광역시\동방고등학교
869,f274f90c-534f-4b8b-960f-4fcd074e8181,서일고등학교,대전광역시,서구,04,Y,ok,2,2,2026학년도 서일고등학교 교육과정 편성·운영·평가 계획 1(교육과정부 운영계획).pdf | 2026학년도 서일고등학교 교육과정 편성·운영·평가 계획 2.pdf,D:\project\MAPS\curriculum_files\대전광역시\서일고등학교
870,5e8c2a8e-ea5b-4366-bdbb-dab76a7708c8,서일여자고등학교,대전광역시,서구,04,Y,no_file,0,0,,
871,744c7c89-131f-440e-9b61-3ccff47e21b6,대전구봉고등학교,대전광역시,서구,04,Y,no_file,0,0,,
872,2bc17d38-30a6-4456-abb0-e8dd3edcb669,대전관저고등학교,대전광역시,서구,04,Y,ok,1,0,2026학년도 대전관저고 연간학사일정.pdf,D:\project\MAPS\curriculum_files\대전광역시\대전관저고등학교
873,282c77fc-d6dc-418f-97d4-78b694c8fb1c,대전만년고등학교,대전광역시,서구,04,Y,no_file,0,0,,
874,d12ece2f-9411-45d6-9a3f-456653da7161,대전도시과학고등학교,대전광역시,유성구,04,Y,no_file,0,0,,
875,3d5f0f06-33d7-434e-9a86-ae3025e050bd,유성고등학교,대전광역시,유성구,04,Y,ok,1,0,2026학년도 학사일정(변경)(3. 10.).hwpx,D:\project\MAPS\curriculum_files\대전광역시\유성고등학교
876,ab6babf8-e5cb-4dad-907d-f14f31e9fb25,유성생명과학고등학교,대전광역시,유성구,04,Y,ok,1,0,2026학년도 학사일정.xlsx,D:\project\MAPS\curriculum_files\대전광역시\유성생명과학고등학교
877,cf69966a-55b4-4a4e-a23f-713fa42ace95,대전체육고등학교,대전광역시,유성구,04,Y,ok,1,0,2026학년도 연간 학사일정.hwpx,D:\project\MAPS\curriculum_files\대전광역시\대전체육고등학교
878,3b60606b-88a3-4640-956f-5f14221ec9c0,대전도안고등학교,대전광역시,유성구,04,Y,ok,1,0,2026학년도 대전도안고 학사일정.hwpx,D:\project\MAPS\curriculum_files\대전광역시\대전도안고등학교
879,df5a5192-14e5-4438-b617-6427c6d993b7,강남영상미디어고등학교,인천광역시,강화군,04,Y,ok,3,1,2026 창의적체험학습 - 2학기.pdf | 2026학년도 학사일정(안) - 학사일정.pdf | (붙임2-3) 2026학년도 직업계고 교육과정 편제표-(제출용1215).pdf,D:\project\MAPS\curriculum_files\인천광역시\강남영상미디어고등학교
880,3563d799-6b29-4c89-b69e-90faa1694c26,산마을고등학교,인천광역시,강화군,04,Y,no_file,0,0,,
881,fc9069e2-0422-4e43-bf89-66d365d9589b,한국글로벌셰프고등학교,인천광역시,강화군,04,Y,no_file,0,0,,
882,59b2dbb7-d35b-4f41-b204-b490457ed547,대전예술고등학교,대전광역시,유성구,04,Y,ok,3,0,2026학년도 창의적체험활동 운영계획.hwp | 2026학년도 체험학습.hwpx | 2026학년도 연간 학사일정.hwp,D:\project\MAPS\curriculum_files\대전광역시\대전예술고등학교
883,ad9b6b22-5a99-43a1-b93c-cba561cfa4eb,대전노은고등학교,대전광역시,유성구,04,Y,ok,2,1,2026학년도 대전노은고 연간학사일정.hwp | 2026학년도 대전노은고 학교교육과정 편성·운영·평가 계획.hwp,D:\project\MAPS\curriculum_files\대전광역시\대전노은고등학교
884,4ac280fc-2abd-4d85-ab65-a84540d6bd88,대전반석고등학교,대전광역시,유성구,04,Y,ok,2,0,2026학년도 대전반석고등학교 연간학사일정.hwp | 2026학년도 대전반석고등학교 창의체험부 운영계획서.hwp,D:\project\MAPS\curriculum_files\대전광역시\대전반석고등학교
885,050ff90e-943e-4863-aec8-8d7305b1ecbd,대전지족고등학교,대전광역시,유성구,04,Y,ok,1,0,2026학년도 학사일정 계획(안).hwp,D:\project\MAPS\curriculum_files\대전광역시\대전지족고등학교
886,007da678-ed39-44db-9594-5d571674d434,유성여자고등학교,대전광역시,유성구,04,Y,no_file,0,0,,
887,0e796154-28c1-4024-b741-8b75a6d99097,대전과학고등학교,대전광역시,유성구,04,Y,no_file,0,0,,
888,17b0edad-a58f-4409-8b79-6956f1bf8889,대덕고등학교,대전광역시,유성구,04,Y,ok,1,0,(2) 2026학년도 학사일정.pdf,D:\project\MAPS\curriculum_files\대전광역시\대덕고등학교
889,d3b53f2d-9fe8-4a23-9339-bca343267bbf,대덕소프트웨어마이스터고등학교,대전광역시,유성구,04,Y,no_file,0,0,,
890,c2ebc4fe-1968-48c2-921f-4ab37c46ac09,대전전자디자인고등학교,대전광역시,유성구,04,Y,ok,1,0,2026학년도 학사일정(대전전자디자인고등학교).pdf,D:\project\MAPS\curriculum_files\대전광역시\대전전자디자인고등학교
891,d8ac25ed-c8ef-47ea-b2be-b285d5e48070,대전전민고등학교,대전광역시,유성구,04,Y,ok,1,0,2026학년도 교육과정 편성·운영·평가 계획(창의적 체험활동 포함).pdf,D:\project\MAPS\curriculum_files\대전광역시\대전전민고등학교
892,9110bd7d-a580-4868-aab5-9a3a4e5f26f2,대전용산고등학교,대전광역시,유성구,04,Y,ok,1,0,2026학년도 대전용산고 연간학사일정.pdf,D:\project\MAPS\curriculum_files\대전광역시\대전용산고등학교
893,feb96a60-3688-4fa3-81d0-92b6dec94b3b,중일고등학교,대전광역시,유성구,04,Y,ok,1,0,"2026학년도 학교교육과정 편성,운영,평가계획(교과 체험활동 계획 포함).hwp",D:\project\MAPS\curriculum_files\대전광역시\중일고등학교
894,3d5746a5-fe7e-4d57-a06e-a9f977a67fc5,대전생활과학고등학교,대전광역시,대덕구,04,Y,ok,1,0,2026학년도 대전생활과학고 연간학사일정.hwp,D:\project\MAPS\curriculum_files\대전광역시\대전생활과학고등학교
895,ecac5edf-ced9-411e-9748-7de816436a46,대전송촌고등학교,대전광역시,대덕구,04,Y,ok,1,0,2026학년도 학사일정(4.8.).pdf,D:\project\MAPS\curriculum_files\대전광역시\대전송촌고등학교
896,ebf15fc1-890f-435c-8d39-a6a83ede9f96,동대전고등학교,대전광역시,대덕구,04,Y,no_file,0,0,,
897,3a0e9dbe-7cd2-4fdc-b538-233d11379aaf,대전이문고등학교,대전광역시,대덕구,04,Y,ok,2,1,연간 학사 일정.pdf | 교육과정 편성·운영·평가 계획.pdf,D:\project\MAPS\curriculum_files\대전광역시\대전이문고등학교
898,021b25cf-b7fc-4a3a-80af-f6359505eb10,교동고등학교,인천광역시,강화군,04,Y,ok,1,1,2026학년도 교동고등학교 교육과정 편성표.hwpx,D:\project\MAPS\curriculum_files\인천광역시\교동고등학교
899,a9353fc7-3046-4b76-b29b-d4bd50bbd5f5,서도고등학교,인천광역시,강화군,04,Y,ok,2,0,2026학년도 창의적체험활동 운영 계획(최종 안).hwp | 2026학년도 서도중고등학교 학사일정(최종 변경안).hwp,D:\project\MAPS\curriculum_files\인천광역시\서도고등학교
900,9c8f09c0-b4d3-4e97-b31c-01d70639c5dd,서울과학고등학교,서울특별시,종로구,04,Y,ok,2,1,2026학년도 서울과학고 연간학사일정.pdf | 2026학년도 서울과학고 학교교육과정 편성 운영 및 평가 계획.hwp,D:\project\MAPS\curriculum_files\서울특별시\서울과학고등학교
901,32851b77-317f-452a-b9f1-290cc246bfaf,경신고등학교,서울특별시,종로구,04,Y,ok,2,0,교육과정 평가 결과 및 평가 계획.pdf | 경신고등학교 2026학년도 창의적체험활동 실시계획표.pdf,D:\project\MAPS\curriculum_files\서울특별시\경신고등학교
902,8af1d1bc-1266-4e26-bc47-e40c8f2b62a5,동성고등학교,서울특별시,종로구,04,Y,ok,3,2,(동성고등학교) 2025학년도 입학생 교육과정 학점 배당표(2022 개정 교육과정).xlsx | (동성고등학교) 2026학년도 학사일정.xlsx | (동성고등학교) 2026학년도 입학생 교육과정 학점 배당표(2022 개정 교육과정)_최종.xlsx,D:\project\MAPS\curriculum_files\서울특별시\동성고등학교
903,4acd4242-34e9-4982-a4f3-08954525aa7b,서울국제고등학교,서울특별시,종로구,04,Y,ok,3,3,2024학년도 입학생 교육과정 학점 배당표(2015 개정 교육과정).xlsx | 2025학년도 입학생 교육과정 학점 배당표(2022 개정 교육과정).xlsx | 2026학년도 입학생 교육과정 학점 배당표(2022 개정 교육과정).xlsx,D:\project\MAPS\curriculum_files\서울특별시\서울국제고등학교
904,9dbd74c8-af92-44e6-9e99-cf0c87a7f864,서일문화예술고등학교,서울특별시,종로구,04,Y,ok,1,0,2026학년도 서일문화예술고 연간 학사일정.hwp,D:\project\MAPS\curriculum_files\서울특별시\서일문화예술고등학교
905,3c1b149c-fe01-46f9-b3f5-86c8eaedfcf3,서울예술고등학교,서울특별시,종로구,04,Y,ok,4,2,2025학년도 입학생 서울예술고 학교교육과정 편성.운영 평가 계획.xlsx | 2026학년도 입학생 서울예술고 학교교육과정 편성.운영 평가 계획.xlsx | 2026학년도 서울예술고 연중학사일정.hwp | 2026학년도 서울예술고 체험활동계획서.hwp,D:\project\MAPS\curriculum_files\서울특별시\서울예술고등학교
906,fdecfae1-dc75-4294-ae2c-43cf85541937,울산애니원고등학교,울산광역시,중구,04,Y,no_file,0,0,,
907,1f170f45-17c2-48fb-a03d-f3b4ede16311,함월고등학교,울산광역시,중구,04,Y,ok,1,0,(1차) 2026학년도 함월고 학사일정.pdf,D:\project\MAPS\curriculum_files\울산광역시\함월고등학교
908,d6656c39-9374-4689-9b14-d4746416710e,울산중앙고등학교,울산광역시,중구,04,Y,ok,1,1,2026학년도 교육과정 편제표(울산중앙고_최종_2.3.).xlsx,D:\project\MAPS\curriculum_files\울산광역시\울산중앙고등학교
909,46358456-e7d6-4473-abed-cde967900731,다운고등학교,울산광역시,중구,04,Y,ok,1,0,2026학년도 다운고 연간학사일정.hwpx,D:\project\MAPS\curriculum_files\울산광역시\다운고등학교
910,113662ee-0235-4592-bf07-c4d582d9fa33,학성여자고등학교,울산광역시,중구,04,Y,ok,2,1,2026학년도 창의적체험활동 실시 계획.xlsx | 2026학년도 학교교육과정 운영 계획.hwpx,D:\project\MAPS\curriculum_files\울산광역시\학성여자고등학교
911,6b0e8243-8e3d-4d5d-a6b8-c5b061f84318,약사고등학교,울산광역시,중구,04,Y,ok,2,1,2026학년도 약사고등학교 1학기 창의적 체험 활동 운영 계획.xlsx | 2026학년도 약사고등학교 교육과정 편성 운영.hwp,D:\project\MAPS\curriculum_files\울산광역시\약사고등학교
912,33262b08-9784-41a9-8fb4-2e7edcf02385,울산가온고등학교,울산광역시,중구,04,Y,ok,1,0,2026학년도 학사운영 일정.hwp,D:\project\MAPS\curriculum_files\울산광역시\울산가온고등학교
913,b36c3659-71a4-494a-944b-80efddc55c4a,우신고등학교,울산광역시,남구,04,Y,ok,2,1,2026학년도 우신고 학교교육과정 편성 운영 평가계획.hwpx | 2026학년도 우신고 연간학사일정.hwp,D:\project\MAPS\curriculum_files\울산광역시\우신고등학교
914,f6e55bc4-de0f-40a0-8c74-a897a0cd32f0,무거고등학교,울산광역시,남구,04,Y,ok,1,0,2026학년도 무거고등학교 학사일정.hwp,D:\project\MAPS\curriculum_files\울산광역시\무거고등학교
915,2f585c5b-9162-450f-ab70-b8ce53a3f288,문수고등학교,울산광역시,남구,04,Y,no_file,0,0,,
916,c62513e8-8908-42b1-b308-5975697e9a7f,성광여자고등학교,울산광역시,남구,04,Y,ok,2,0,2026_창의적체험활동 연간계획표0312.xlsx | 2026학년도 학사일정(수정확정).xlsx,D:\project\MAPS\curriculum_files\울산광역시\성광여자고등학교
917,13bfcc7d-7e35-4e1e-8070-70a41d881a3d,울산제일고등학교,울산광역시,남구,04,Y,no_file,0,0,,
918,3caff0c0-88f9-4727-94bd-fee7e8c66d51,울산여자고등학교,울산광역시,남구,04,Y,no_file,0,0,,
919,3191d0a6-267f-48be-acc3-d6d80b63d050,울산여자상업고등학교,울산광역시,남구,04,Y,ok,4,2,"2026학년도 연간학사일정 .xlsx | 2026 창체, 행사(창체아님), 꿈끼.xlsx | 2026학년도 울산여자 상업고등학교 신입생 3개년 교육과정 편제표(정보 공시).xlsx | 2026학년도 울산여자상업고등학교 전학년 교육과정 편제표(정보 공시).xlsx",D:\project\MAPS\curriculum_files\울산광역시\울산여자상업고등학교
920,ec95776f-c993-4d7b-b510-4c18628380e8,학성고등학교,울산광역시,남구,04,Y,ok,1,0,2026년 학사일정(학성고등학교).hwpx,D:\project\MAPS\curriculum_files\울산광역시\학성고등학교
921,45fc03a7-fb66-4459-996e-c23484deb44b,울산공업고등학교,울산광역시,남구,04,Y,ok,2,1,2026학년도 학사일정 운영계획.hwpx | 2026학년도 울산공업고등학교 학교교육과정 편성ㆍ운영 및 평가 계획.hwp,D:\project\MAPS\curriculum_files\울산광역시\울산공업고등학교
922,33a73366-d79c-4431-ad29-e287265b2456,신정고등학교,울산광역시,남구,04,Y,ok,4,4,2026학년도 신입생 3개년 교육과정 편제표.xlsx | 2026학년도 교육과정위원회 규정.hwp | 2025학년도 신입생 3개년 교육과정 편제표.xlsx | 2024학년도 신입생 3개년 교육과정 편제표.xlsx,D:\project\MAPS\curriculum_files\울산광역시\신정고등학교
923,8935fa96-41cf-4f57-acc2-600c65470938,학성고등학교부설방송통신고등학교,울산광역시,남구,04,Y,ok,2,1,연간 학사 일정.pdf | 학교교육과정 편성 운영 및 평가 계획.pdf,D:\project\MAPS\curriculum_files\울산광역시\학성고등학교부설방송통신고등학교
924,629f4df7-e0d5-42c5-b00c-0087a16f64a0,울산강남고등학교,울산광역시,남구,04,Y,ok,1,1,2026학년도 울산강남고등학교 학교교육과정 편성·운영·평가 계획.hwp,D:\project\MAPS\curriculum_files\울산광역시\울산강남고등학교
925,8bdc98c3-b241-4fde-82f0-66d0e1e75775,신탄진고등학교,대전광역시,대덕구,04,Y,ok,2,1,2026학년도 신탄진고 학교교육과정 편성·운영·평가 계획.hwpx | 2026학년도 학사일정.hwp,D:\project\MAPS\curriculum_files\대전광역시\신탄진고등학교
926,0985a9ba-eb75-4036-a864-8043a72e42e3,남성여자고등학교,부산광역시,중구,04,Y,ok,2,1,2026학년도 남성여고 연간학사일정.hwp | 2026학년도 남성여고 학교교육과정 편성운영평가 계획.xlsx,D:\project\MAPS\curriculum_files\부산광역시\남성여자고등학교
927,fa4949c2-19c7-4a54-9de5-bce0bc02e438,부산디지털고등학교,부산광역시,중구,04,Y,no_file,0,0,,
928,5fc61032-2ca3-459e-aa27-846e7fc1b169,혜광고등학교,부산광역시,중구,04,Y,no_file,0,0,,
929,7ba0cd89-912c-48d9-9db6-cadb51286994,백령고등학교,인천광역시,옹진군,04,Y,ok,1,0,2026학년도_백령고_학사일정.hwp,D:\project\MAPS\curriculum_files\인천광역시\백령고등학교
930,84ac8725-ffe4-49fa-bac2-02072159dd16,대청고등학교,인천광역시,옹진군,04,Y,ok,3,0,2026학년도 대청고 연간학사일정.pdf | 2026학년도 대청고 창의적 체험활동 연간운영계획.xlsx | 2026학년도 대청고 창의적체험활동 평가계획.pdf,D:\project\MAPS\curriculum_files\인천광역시\대청고등학교
931,422ddfb1-534d-4b91-ba6d-f5530c2bad2f,덕적고등학교,인천광역시,옹진군,04,Y,ok,1,0,2026학년도 덕적중고등학교 연간 학사일정.hwp,D:\project\MAPS\curriculum_files\인천광역시\덕적고등학교
932,7d848352-b504-42fa-a13c-9a88e172ec35,인천영흥고등학교,인천광역시,옹진군,04,Y,ok,2,0,(인천영흥중고등학교)2026학년도 창의적 체험활동 운영계획.hwpx | (인천영흥중고등학교)2026학년도 학사일정(수정).hwp,D:\project\MAPS\curriculum_files\인천광역시\인천영흥고등학교
933,c00ccf7a-e225-45d5-a6cd-5052bc093693,이화여자고등학교,서울특별시,중구,04,Y,ok,4,3,2026학년도 창의적 체험 활동 연간 운영 계획표.pdf | 2026학년도 입학생 교육과정 학점 배당표(2022 개정 교육과정).pdf | 2025학년도 입학생 교육과정 학점 배당표(2022 개정 교육과정).pdf | 2024학년도 입학생 교육과정 학점 배당표(2015 개정 교육과정).pdf,D:\project\MAPS\curriculum_files\서울특별시\이화여자고등학교
934,ef9d82ca-8bc5-4f86-af66-1196c0e3605a,환일고등학교,서울특별시,중구,04,Y,no_file,0,0,,
935,9dc344c8-626f-4770-b5ba-91a23343923f,신광여자고등학교,서울특별시,용산구,04,Y,ok,1,1,2026학년도 신광여고 학교교육과정 편성·운영·평가 계획.pdf,D:\project\MAPS\curriculum_files\서울특별시\신광여자고등학교
936,51e33bde-75fb-4f67-b4e5-3dc4d458504f,선린인터넷고등학교,서울특별시,용산구,04,Y,ok,1,0,2026학년도 선린인터넷고등학교 학사일정.pdf,D:\project\MAPS\curriculum_files\서울특별시\선린인터넷고등학교
937,9e3be917-fd47-4c64-9e05-a6b0e5c3203d,중경고등학교,서울특별시,용산구,04,Y,ok,2,2,중경고_2025학년도 입학생 교육과정 학점 배당표_최종.xlsx | 중경고_2026학년도 입학생 교육과정 학점 배당표_최종.xlsx,D:\project\MAPS\curriculum_files\서울특별시\중경고등학교
938,db9ca962-1dfc-499c-940d-d28fa8c27bed,오산고등학교,서울특별시,용산구,04,Y,no_file,0,0,,
939,d535c902-e03e-4c16-acca-e7a9e64fab8a,삼산고등학교,울산광역시,남구,04,Y,ok,1,1,2026학년도 삼산고 학교교육과정 편성 운영 평가 계획.hwp,D:\project\MAPS\curriculum_files\울산광역시\삼산고등학교
940,359c6fce-7188-4bd5-9db4-ad7c056d8613,신선여자고등학교,울산광역시,남구,04,Y,ok,1,0,2026학년도 학사일정(3.30.).xlsx,D:\project\MAPS\curriculum_files\울산광역시\신선여자고등학교
941,2e53cea1-3eef-4c96-9658-41918ccef6c3,대현고등학교,울산광역시,남구,04,Y,ok,2,1,2026학년도 대현고 연간학사일정.pdf | 2026학년도 대현고 학교교육과정 편성·운영·평가 계획.pdf,D:\project\MAPS\curriculum_files\울산광역시\대현고등학교
942,8c549a22-8985-4e03-84e8-9f1e1e2d6ffe,동주여자고등학교,부산광역시,중구,04,Y,ok,1,0,2026학년도 동주여고 연간학사일정.pdf,D:\project\MAPS\curriculum_files\부산광역시\동주여자고등학교
943,116cbfb6-c409-45f0-bd8c-ce34e9b055a1,부산서여자고등학교,부산광역시,서구,04,Y,ok,1,0,2026학년도 부산서여고 학사일정.hwpx,D:\project\MAPS\curriculum_files\부산광역시\부산서여자고등학교
944,e89e601c-c80e-4c8c-a648-cabed8935149,경남고등학교,부산광역시,서구,04,Y,ok,2,1,2026학년도 경남고 학교교육과정 편성·운영·평가 계획.hwpx | 2026학년도 경남고 연간학사일정.hwpx,D:\project\MAPS\curriculum_files\부산광역시\경남고등학교
945,efd72d85-5f23-4376-abd4-232fa79a8c50,경성전자고등학교,부산광역시,서구,04,Y,ok,2,1,경성전자고등학교 2026학년도 학사 일정안.hwp | 2026학년도 학교 교육과정 편성 운영 및 평가계획(4월 정보공시).hwpx,D:\project\MAPS\curriculum_files\부산광역시\경성전자고등학교
946,86be4ef3-1dcc-4202-939d-83a3841f2bf6,부경고등학교,부산광역시,서구,04,Y,ok,3,3,2024학년도 입학생 3개년 교육과정 편성표_부경고.xlsx | 2025학년도 입학생 3개년 교육과정 편성표_부경고.xlsx | 2026학년도 입학생 3개년 교육과정 편성표_부경고.xlsx,D:\project\MAPS\curriculum_files\부산광역시\부경고등학교
947,fae534b8-67c2-43ac-a468-3b3ec284857e,연평고등학교,인천광역시,옹진군,04,Y,ok,3,2,"2026학년도 연평고 교육과정 편성, 운영의 기본 방향.pdf | 2026학년도 연평고 교육과정 평가 계획.pdf | 2026학년도 연평고 연간 학사일정.pdf",D:\project\MAPS\curriculum_files\인천광역시\연평고등학교
948,76546873-1e07-430b-9e8e-ff0888ede000,무학여자고등학교,서울특별시,성동구,04,Y,ok,5,5,(무학여고)2024학년도 입학생 교육과정 학점 배당표(2015 개정 교육과정)(일반과정).xlsx | (무학여고)2025학년도 입학생 교육과정 학점 배당표(2022 개정 교육과정)(과학중점과정).xlsx | (무학여고)2025학년도 입학생 교육과정 학점 배당표(2022 개정 교육과정)(일반과정).xlsx | (무학여고)2026학년도 입학생 교육과정 학점 배당표(2022 개정 교육과정)(과학중점과정).xlsx | (무학여고)2026학년도 입학생 교육과정 학점 배당표(2022 개정 교육과정)(일반과정).xlsx,D:\project\MAPS\curriculum_files\서울특별시\무학여자고등학교
949,d5cf2882-0f01-4cd2-b058-6fcb40998adc,부산관광고등학교,부산광역시,서구,04,Y,no_file,0,0,,
950,2ad78475-f826-4e4f-9690-3a73ee6dc906,알로이시오전자기계고등학교,부산광역시,서구,04,Y,no_file,0,0,,
951,e637524e-91c2-49eb-9de5-81a3496f4c44,부산고등학교,부산광역시,동구,04,Y,ok,1,1,교육과정 편성 운영 및 평가 계획_2026(정보공시).hwp,D:\project\MAPS\curriculum_files\부산광역시\부산고등학교
952,03585a49-a060-49f8-ae8f-b634c44ad85d,부산컴퓨터과학고등학교,부산광역시,동구,04,Y,ok,2,1,"2026학년도 연간학사일정.pdf | 2026 학교교육과정 편성, 운영 및 평가에 관한 사항.pdf",D:\project\MAPS\curriculum_files\부산광역시\부산컴퓨터과학고등학교
953,76e0f362-0628-4155-871b-3775df9a3740,경남여자고등학교부설방송통신고등학교,부산광역시,동구,04,Y,ok,1,1,2026학년도 경남여고부설방송통신고 교육과정.hwpx,D:\project\MAPS\curriculum_files\부산광역시\경남여자고등학교부설방송통신고등학교
954,360d74d5-bffb-4bf8-a302-d44ceb5596c9,경남여자고등학교,부산광역시,동구,04,Y,ok,1,1,2026학년도 3개학년 교육과정 운영표.hwpx,D:\project\MAPS\curriculum_files\부산광역시\경남여자고등학교
955,e36b0349-bfae-4cda-b037-8947a90faa25,금성고등학교,부산광역시,동구,04,Y,ok,1,1,2026학년도 1차 공시-금성고 학교교육과정 편성운영 및 평가계획.hwp,D:\project\MAPS\curriculum_files\부산광역시\금성고등학교
956,2b746046-ed6c-4844-92aa-f20d6a737c92,데레사여자고등학교,부산광역시,동구,04,Y,ok,2,0,2026학년도 데레사여자고등학교 연간 학사일정.pdf | 2026학년도 데레사여자고등학교 창의적 체험활동 운영 계획.pdf,D:\project\MAPS\curriculum_files\부산광역시\데레사여자고등학교
957,507fcb61-73fa-4ba8-b2b7-0e04cc63a23c,부산보건고등학교,부산광역시,영도구,04,Y,ok,1,1,2026학년도 부산보건고등학교 학교교육과정 편성 운영 평가 계획.xlsx,D:\project\MAPS\curriculum_files\부산광역시\부산보건고등학교
958,56d5f80a-d4ac-4e25-9321-8beedc45f72f,광양고등학교,서울특별시,광진구,04,Y,ok,1,1,2026학년도 광양고 학교교육과정 편성·운영·평가 계획.pdf,D:\project\MAPS\curriculum_files\서울특별시\광양고등학교
959,5c4bb8a0-d494-4a1c-bda7-b7a8cc9f6fc2,자양고등학교,서울특별시,광진구,04,Y,ok,1,0,2026학년도 자양고 학사일정.pdf,D:\project\MAPS\curriculum_files\서울특별시\자양고등학교
960,cfccd39a-18ba-489c-b83f-d664e2f91d39,서울정화고등학교,서울특별시,동대문구,04,Y,ok,2,1,2026학년도 서울정화고등학교 학교교육과정 편성 운영.xlsx | 2026학년도 교과별 정기시험 및 수행평가 계획 입력(최종수정본).pdf,D:\project\MAPS\curriculum_files\서울특별시\서울정화고등학교
961,5269a234-687d-4b73-8311-d5b8ca58edb9,청량고등학교,서울특별시,동대문구,04,Y,ok,1,0,2026학년도 청량고 학사일정.hwp,D:\project\MAPS\curriculum_files\서울특별시\청량고등학교
962,4d0f1a8c-e434-4c0c-a82f-42ba6a089f98,면목고등학교,서울특별시,중랑구,04,Y,ok,4,2,2025학년도 입학생 교육과정 학점 배당표(2022 개정 교육과정)_면목고 1부.xlsx | 2026학년도 입학생 교육과정 학점 배당표(20260331 개정).xlsx | 2026학년도 창의적체험활동 연간편성 운영계획(3월20일).hwp | 2026학년도 학사일정(안)_2026.3.16.자 수정.xlsx,D:\project\MAPS\curriculum_files\서울특별시\면목고등학교
963,16d3756f-4e40-4b20-b5af-1cdf45c2fe4a,중화고등학교,서울특별시,중랑구,04,Y,no_file,0,0,,
964,1dbda13a-1c00-4a1d-8141-22159da57b86,송곡고등학교,서울특별시,중랑구,04,Y,ok,2,1,2026학년도 학사일정.pdf | 2026학년도 교육과정 단위 배당표.pdf,D:\project\MAPS\curriculum_files\서울특별시\송곡고등학교
965,3312aa05-c6d9-48fe-910c-c191c96ccd76,송곡여자고등학교,서울특별시,중랑구,04,Y,ok,1,0,2026 학사일정.pdf,D:\project\MAPS\curriculum_files\서울특별시\송곡여자고등학교
966,b3decbfe-9c0b-4544-aeaf-a219f8259fa1,송곡관광고등학교,서울특별시,중랑구,04,Y,ok,1,1,2026 교육과정 학점 배당표.xlsx,D:\project\MAPS\curriculum_files\서울특별시\송곡관광고등학교
967,f6115cd4-3b0b-4bb8-98a8-5a272a00df0a,혜원여자고등학교,서울특별시,중랑구,04,Y,ok,3,0,2026학년도 교육과정 교과 및 창의적 체험활동 평가 방침.hwpx | 2026학년도 연간 학사일정표.hwpx | 2026학년도 학교 주관 체험학습 운영 계획.hwpx,D:\project\MAPS\curriculum_files\서울특별시\혜원여자고등학교
968,022c45e2-1f8e-4cd4-8a8a-68ea397be822,이화여자대학교병설미디어고등학교,서울특별시,중랑구,04,Y,no_file,0,0,,
969,09ca8a05-a583-4555-91a4-46ec949009be,울산삼일고등학교,울산광역시,남구,04,Y,no_file,0,0,,
970,ebcd4f83-28dc-4eb0-8d3e-eff9d6205168,문현고등학교,울산광역시,동구,04,Y,ok,2,2,학교교육과정 편성운영 및 평가에 관한 사항 2.pdf | 학교교육과정 편성운영 및 평가에 관한 사항 1.pdf,D:\project\MAPS\curriculum_files\울산광역시\문현고등학교
971,bfa737ae-4126-4baa-9c10-a1be41c4f886,화암고등학교,울산광역시,동구,04,Y,no_file,0,0,,
972,b06c1eff-8cab-4bea-ae38-f6b7bd40d1b2,대송고등학교,울산광역시,동구,04,Y,no_file,0,0,,
973,51910101-9953-456b-86dc-a8245b8e14f5,울산생활과학고등학교,울산광역시,동구,04,Y,no_file,0,0,,
974,55429c3a-424d-4089-a9a0-66ad1881b196,방어진고등학교,울산광역시,동구,04,Y,no_file,0,0,,
975,92fbbdee-1bdd-42c3-b746-57e7c11f6331,현대공업고등학교,울산광역시,동구,04,Y,ok,2,1,현대공업고 2026학년도 신입생 3개년 교육과정 편제표.xlsx | 현대공업고 2026학년도 연간 학사일정.xlsx,D:\project\MAPS\curriculum_files\울산광역시\현대공업고등학교
976,49549f39-ca79-4f39-84f8-2b10d2c9857f,현대고등학교,울산광역시,동구,04,Y,ok,2,1,"현대고 2026학년도 전학년+26,25,24신입생 교육과정 편제표(3.23.).xlsx | 2026학년도 학사일정(현대고).pdf",D:\project\MAPS\curriculum_files\울산광역시\현대고등학교
977,21311cd5-515f-43c7-ba00-97172cdd4d66,남목고등학교,울산광역시,동구,04,Y,ok,2,1,2026학년도 학사일정.pdf | 2026학년도 학교 교육과정 편성 운영 평가에 관한 사항.pdf,D:\project\MAPS\curriculum_files\울산광역시\남목고등학교
978,1bd728d1-5d71-47ed-ab24-bf8f600e2edc,현대청운고등학교,울산광역시,동구,04,Y,no_file,0,0,,
979,a70c8a0e-d234-42b8-9886-0ad2a242ad10,호계고등학교,울산광역시,북구,04,Y,ok,2,0,2026학년도 호계고등학교 연간 학사 일정(최종).hwp | 2026학년도 호계고등학교 학교 교육 계획.hwpx,D:\project\MAPS\curriculum_files\울산광역시\호계고등학교
980,c3265fe8-705c-4487-a809-2e96fa4422fb,부산영상예술고등학교,부산광역시,영도구,04,Y,ok,1,0,2026학년도 부산영상예술고등학교 연간학사일정.hwpx,D:\project\MAPS\curriculum_files\부산광역시\부산영상예술고등학교
981,4b1df8e5-fd9e-48a6-818b-0da7800a5b9d,부산체육고등학교,부산광역시,영도구,04,Y,no_file,0,0,,
982,d12497fb-d275-47ea-ab99-a1d4d351ff14,광명고등학교,부산광역시,영도구,04,Y,ok,1,1,2026학년도 광명고 학교교육과정 편성·운영·평가 계획.hwpx,D:\project\MAPS\curriculum_files\부산광역시\광명고등학교
983,1f81d876-c185-492a-96c8-912d11fed3ed,영도여자고등학교,부산광역시,영도구,04,Y,ok,1,1,학교교육과정 편성·운영 및 평가에 관한 사항.hwp,D:\project\MAPS\curriculum_files\부산광역시\영도여자고등학교
984,46bb935c-dab4-4cd0-9a90-d22860380072,부산해사고등학교,부산광역시,영도구,04,Y,ok,2,0,2. 2026학년도 부산해사고등학교 1학기 교과별 평가계획.hwp | 3. 2026학년도 부산해사고등학교 학사일정.hwp,D:\project\MAPS\curriculum_files\부산광역시\부산해사고등학교
985,01e5a8e1-d7bc-44aa-875e-f75d3f7dc90e,세정고등학교,부산광역시,부산진구,04,Y,ok,1,0,2026학년도 세정고연간학사 일정.hwp,D:\project\MAPS\curriculum_files\부산광역시\세정고등학교
986,dd31e90e-511d-44ed-8df1-3710b42c5d61,성모여자고등학교,부산광역시,부산진구,04,Y,no_file,0,0,,
987,c2537c63-b335-4e55-8fb6-380468d533a8,양정고등학교,부산광역시,부산진구,04,Y,ok,1,1,"2026학년도 양정고 학교교육과정 편성, 운영, 평가 계획.hwpx",D:\project\MAPS\curriculum_files\부산광역시\양정고등학교
988,2c81d1ea-556a-4eb0-b13a-b652c0a68de6,부산진여자고등학교,부산광역시,부산진구,04,Y,no_file,0,0,,
989,f2d95bcd-b78b-4bc6-924c-2b3638957273,부산진여자상업고등학교,부산광역시,부산진구,04,Y,no_file,0,0,,
990,146ddf79-3762-460d-8fb1-45191aa49d70,부산정보고등학교,부산광역시,부산진구,04,Y,ok,1,0,2026학년도 부산정보고 연간학사일정.pdf,D:\project\MAPS\curriculum_files\부산광역시\부산정보고등학교
991,4a71864d-f22f-4208-8759-94047bdcf46d,부산동성고등학교,부산광역시,부산진구,04,Y,no_file,0,0,,
992,6d99cfa4-e712-4985-a292-12bd558451be,동의고등학교,부산광역시,부산진구,04,Y,ok,4,1,창의적체험활동.hwpx | 체험활동 계획.hwpx | 학교교육과정 편성.hwpx | 2026학년도 동의고등학교 학사일정.hwp,D:\project\MAPS\curriculum_files\부산광역시\동의고등학교
993,fd3d4169-1e98-4478-a42b-f90005fc9039,부산동고등학교,부산광역시,부산진구,04,Y,no_file,0,0,,
994,6523fed7-715c-4d92-acb7-b96aae0f97ce,경남공업고등학교,부산광역시,부산진구,04,Y,ok,7,4,"1-2-1. 2026학년도 신입생 3개년 교육과정 편성표_경남공업고등학교.xlsx | 1-2-2. 2025학년도 신입생 3개년 교육과정 편성표_경남공업고등학교.xlsx | 1-2-3. 2024학년도 신입생 3개년 교육과정 편성표_경남공업고등학교.xlsx | 1-3-1. 2026학년도 창의적체험활동 운영계획_경남공업고등학교.pdf | 1-3-2. 교육계획서 현장체험학습_경남공업고등학교.pdf | 1-3-3. 학교교육과정 편성, 운영 평가_경남공업고등학교.pdf | 2. 2026학년도 경남공고 연간학사일정_경남공업고등학교.pdf",D:\project\MAPS\curriculum_files\부산광역시\경남공업고등학교
995,79c57fd2-b577-49c1-ae6d-4d991d524761,부산마케팅고등학교,부산광역시,부산진구,04,Y,ok,1,0,2026학년도 학사 일정 세부 운영 계획(배포).pdf,D:\project\MAPS\curriculum_files\부산광역시\부산마케팅고등학교
996,33f90957-47e8-4105-950a-c2d70ea380e7,부산진고등학교,부산광역시,부산진구,04,Y,no_file,0,0,,
997,f8d39ca2-3f0e-4543-a82f-b2ef2eacb588,개성고등학교,부산광역시,부산진구,04,Y,ok,1,1,2026학년도 교육과정 정보공시.pdf,D:\project\MAPS\curriculum_files\부산광역시\개성고등학교
998,7d8e0037-89f2-44f3-8299-0abc96dc03f0,부산국제고등학교,부산광역시,부산진구,04,Y,ok,1,0,2026학년도 부산국제고등학교 연간 학사일정.pdf,D:\project\MAPS\curriculum_files\부산광역시\부산국제고등학교
999,6a30a4c1-b734-4a5a-a521-6131ed3e1ca2,경원고등학교,부산광역시,부산진구,04,Y,ok,2,0,2026학년도 창의적 체험활동 계획.pdf | 2026학년도_학사일정(안)_경원고.pdf,D:\project\MAPS\curriculum_files\부산광역시\경원고등학교
1000,e4458bff-2987-46ca-9353-bac0c037b7d5,가야고등학교,부산광역시,부산진구,04,Y,ok,3,3,2024학년도 교육과정 운영표_20260413 - 1406.xlsx | 2025학년도 교육과정 운영표_20260413 - 1406.xlsx | 2026학년도 교육과정 편성표_20260413 - 1406.xlsx,D:\project\MAPS\curriculum_files\부산광역시\가야고등학교
1001,2ebb0aa3-d6bb-4c42-a4e9-a6927a493d6a,개금고등학교,부산광역시,부산진구,04,Y,ok,1,0,2026학년도 개금고 연간 학사일정.hwp,D:\project\MAPS\curriculum_files\부산광역시\개금고등학교
1002,cac60614-de6c-48e1-b02f-98a2fa6df47e,충렬고등학교,부산광역시,동래구,04,Y,no_file,0,0,,
1003,9e269859-0457-4e7f-85d7-51a9b5786d60,혜화여자고등학교,부산광역시,동래구,04,Y,ok,1,0,2026학년도 혜화여고 연간 학사일정.hwpx,D:\project\MAPS\curriculum_files\부산광역시\혜화여자고등학교
1004,a42dfb77-04ad-4139-9f77-465abe4dbbac,금정고등학교,부산광역시,동래구,04,Y,ok,1,0,2026학년도 금정고 연간학사일정.hwp,D:\project\MAPS\curriculum_files\부산광역시\금정고등학교
1005,0108e52b-59b0-41a6-a913-d0e93288b5ba,대명여자고등학교,부산광역시,동래구,04,Y,ok,1,0,2026학년도 대명여자고등학교 연간학사일정.hwp,D:\project\MAPS\curriculum_files\부산광역시\대명여자고등학교
1006,dd93cd67-ae04-4e14-bbe8-5b6ad545c400,용인고등학교,부산광역시,동래구,04,Y,no_file,0,0,,
1007,c4d02eff-abe1-4c65-8597-95a876b2eb5d,학산여자고등학교,부산광역시,동래구,04,Y,ok,1,0,2026학년도 연간 학사일정(2026.04.).hwp,D:\project\MAPS\curriculum_files\부산광역시\학산여자고등학교
1008,a7a602b1-2249-43c2-b1d2-ad6709d9f058,동래고등학교부설방송통신고등학교,부산광역시,동래구,04,Y,no_file,0,0,,
1009,2285df8b-a367-492c-a268-97dfd73b7cfc,동래고등학교,부산광역시,동래구,04,Y,no_file,0,0,,
1010,6f71c6b4-9f8c-4e24-aca3-0f757d3f4346,부산중앙여자고등학교,부산광역시,동래구,04,Y,no_file,0,0,,
1011,2308fc45-f21d-41db-a17c-4b5eff43ff0d,동래원예고등학교,부산광역시,동래구,04,Y,ok,1,1,2026학년도 당해년도 및 신입생 3개년도 교육과정 편제표(최종).xlsx,D:\project\MAPS\curriculum_files\부산광역시\동래원예고등학교
1012,5176fe49-12ae-453c-bf62-f3e385104566,부산전자공업고등학교,부산광역시,동래구,04,Y,no_file,0,0,,
1013,58451723-069f-45b3-9f75-f23be7039bb2,사직고등학교,부산광역시,동래구,04,Y,ok,2,1,2026학년도 사직고 학교교육과정 편성·운영·평가 계획.pdf | 2026학년도 사직고 연간학사일정.pdf,D:\project\MAPS\curriculum_files\부산광역시\사직고등학교
1014,cef4f0c6-814f-4e61-8a1b-92ff5925c049,동인고등학교,부산광역시,동래구,04,Y,ok,1,0,2026학사일정(0209).hwpx,D:\project\MAPS\curriculum_files\부산광역시\동인고등학교
1015,be75d4a6-6d22-467c-bcd9-7f5fa450bb53,사직여자고등학교,부산광역시,동래구,04,Y,ok,2,1,2026학년도 학사 일정 세부 운영 계획(사직여자고등학교).hwpx | 사직여고 교육과정 편성표.xlsx,D:\project\MAPS\curriculum_files\부산광역시\사직여자고등학교
1016,b815d46b-8596-4c3b-b939-69755d8bbbe3,경동고등학교,서울특별시,성북구,04,Y,ok,2,1,2026학년도 경동고 연간학사일정.pdf | 2026학년도 경동고 학교교육과정 편성·운영·평가 계획.pdf,D:\project\MAPS\curriculum_files\서울특별시\경동고등학교
1017,ec035fef-7537-4b6b-afef-b112747b4b66,경동고등학교부설방송통신고등학교,서울특별시,성북구,04,Y,ok,1,0,2026학년도 1학기 경동방통고등학교 교과별(학년별) 학업성적 평가계획.hwp,D:\project\MAPS\curriculum_files\서울특별시\경동고등학교부설방송통신고등학교
1018,a4104211-7741-4763-963a-2efeb7e4ecb8,계성고등학교,서울특별시,성북구,04,Y,ok,1,0,2026학년도 학사일정표(정보공시용).pdf,D:\project\MAPS\curriculum_files\서울특별시\계성고등학교
1019,9851d52e-decf-45da-8be9-7146f040ce98,매곡고등학교,울산광역시,북구,04,Y,ok,1,0,2026학년도 매곡고 연간학사일정.hwp,D:\project\MAPS\curriculum_files\울산광역시\매곡고등학교
1020,e79a0a87-0590-49da-bea2-8ce6619f145f,울산외국어고등학교,울산광역시,북구,04,Y,no_file,0,0,,
1021,e84e19f9-2e67-45d9-aef8-080a5e81821c,울산동천고등학교,울산광역시,북구,04,Y,ok,3,1,"20OO학년도 OO학교 연간학사일정.hwpx | 입학 연도별 3개년 교육과정 및 해당 학년도 전체 학년 교육과정.xlsx | 체험활동 계획(1,2학년).hwpx",D:\project\MAPS\curriculum_files\울산광역시\울산동천고등학교
1022,36bd453a-0c1a-48b7-9a9a-ed5cfc25de02,달천고등학교,울산광역시,북구,04,Y,ok,4,3,달천고 2025학년도 신입생 3개년 교육과정 편제표(확정안).xlsx | 달천고 2026학년도 신입생 3개년 교육과정 편제표(확정안).xlsx | 달천고 2026학년도 전학년 3개년 교육과정 편제표(확정안).xlsx | 2026학년도 학교교육계획서.hwp,D:\project\MAPS\curriculum_files\울산광역시\달천고등학교
1023,9dae980a-6523-4b5e-ade2-5b10d4a75cc0,강동고등학교,울산광역시,북구,04,Y,ok,2,2,강동고 2026학년도 입학생 3개년 교육과정 편제표.xlsx | 강동고 2026학년도 전학년 교육과정 편제표.xlsx,D:\project\MAPS\curriculum_files\울산광역시\강동고등학교
1024,9995a70d-a8fb-4cb8-a0f4-780e5c487d99,울산스포츠과학고등학교,울산광역시,북구,04,Y,no_file,0,0,,
1025,1734495a-437e-4add-a5c8-be1e0b2cfbe4,무룡고등학교,울산광역시,북구,04,Y,ok,1,1,2026학년도 학교 교육과정 편성·운영·평가 계획.pdf,D:\project\MAPS\curriculum_files\울산광역시\무룡고등학교
1026,5c8a25a6-cbf3-40fc-b05b-db3ad63fdc58,울산마이스터고등학교,울산광역시,북구,04,Y,ok,1,0,2026학년도 창의적 체험활동 운영 계획.hwp,D:\project\MAPS\curriculum_files\울산광역시\울산마이스터고등학교
1027,1df25b97-fafa-4e60-b174-de2ead5a6694,효정고등학교,울산광역시,북구,04,Y,ok,1,0,2026학년도 학사 일정(안).xlsx,D:\project\MAPS\curriculum_files\울산광역시\효정고등학교
1028,391cef08-8c22-4b63-88f0-c39578cb2f3e,화봉고등학교,울산광역시,북구,04,Y,ok,2,1,2026학년도 화봉고 신입생 3개년 교육과정 편제표(최종).xlsx | 26학년도 연간 학사일정 계획.pdf,D:\project\MAPS\curriculum_files\울산광역시\화봉고등학교
1029,cb715b17-3446-4292-84d9-9d05e7470330,울산에너지고등학교,울산광역시,북구,04,Y,ok,1,1,2026학년도 울산에너지고 학교교육과정 편성·운영·평가 계획.hwp,D:\project\MAPS\curriculum_files\울산광역시\울산에너지고등학교
1030,1f26e894-4e0b-4e1b-b9f1-999d72344320,세연고등학교,부산광역시,남구,04,Y,ok,3,1,2026 세연고 창의적 체험활동 편성 계획.hwpx | 2026학년도 세연고 체험활동 계획.hwp | 2026 세연고 당해년도 3개년 교육과정 편제 및 운영표.hwpx,D:\project\MAPS\curriculum_files\부산광역시\세연고등학교
1031,df97e36c-9894-4a40-be25-2bec3174cc32,대연고등학교,부산광역시,남구,04,Y,no_file,0,0,,
1032,3396e423-f33c-4380-bff0-10ab993c5033,동천고등학교,부산광역시,남구,04,Y,no_file,0,0,,
1033,b92982ea-5710-498e-aad5-ee1b93a537b2,부산공업고등학교,부산광역시,남구,04,Y,ok,2,1,2026학년도 부산공고 학교교육과정 편성·운영·평가 계획.hwpx | 2026학년도 부산공고 학사일정.hwpx,D:\project\MAPS\curriculum_files\부산광역시\부산공업고등학교
1034,0d901c7f-f526-4901-94af-7335438125f5,부산중앙고등학교,부산광역시,남구,04,Y,ok,1,1,20○○학년도 ○○○○고 학교교육과정 편성 운영 평가 계획.hwp,D:\project\MAPS\curriculum_files\부산광역시\부산중앙고등학교
1035,04eeece9-41cc-460c-8846-17b2fc6a4086,한국조형예술고등학교,부산광역시,남구,04,Y,ok,2,1,"2026학년도 한국조형예술고등학교 연간학사일정.hwp | 한국조형예술고등학교 교육과정편성, 운영 및 평가(수정).hwpx",D:\project\MAPS\curriculum_files\부산광역시\한국조형예술고등학교
1036,05a50cc3-a337-4b73-8d43-4562f95fb383,예문여자고등학교,부산광역시,남구,04,Y,ok,1,1,2026학년도 예문여자고등학교 학교교육과정 편성운영 및 평가에 관한 사항.hwp,D:\project\MAPS\curriculum_files\부산광역시\예문여자고등학교
1037,2ad0d440-b8b6-435e-ae27-daffbd2cbfc3,분포고등학교,부산광역시,남구,04,Y,ok,1,0,2026학년도 분포고 연간학사일정.hwpx,D:\project\MAPS\curriculum_files\부산광역시\분포고등학교
1038,ec5b7a9a-21e7-4688-930f-f562bf89b36b,동명공업고등학교,부산광역시,남구,04,Y,ok,1,1,2026학년도 동명공고 학교교육과정 편성·운영·평가계획.hwpx,D:\project\MAPS\curriculum_files\부산광역시\동명공업고등학교
1039,7bc4a6cc-2ea0-45d4-8feb-1d0cc337bfdc,한얼고등학교,부산광역시,남구,04,Y,ok,1,0,2026학년도 한얼고등학교 창의적체험활동운영계획.hwp,D:\project\MAPS\curriculum_files\부산광역시\한얼고등학교
1040,7dc4e349-c813-44db-98a5-84892caefdb6,대양고등학교,부산광역시,남구,04,Y,ok,1,1,2026 교육과정 편성표.hwp,D:\project\MAPS\curriculum_files\부산광역시\대양고등학교
1041,761b9c09-a451-4e13-8871-0b245f38ed5d,배정고등학교,부산광역시,남구,04,Y,ok,2,1,2026학년도 배정고 연간학사일정.hwpx | 2026학년도 배정고 학교교육과정 편성·운영·평가 계획.hwp,D:\project\MAPS\curriculum_files\부산광역시\배정고등학교
1042,cc48f990-bba5-47af-9a66-dc7184f3b014,배정미래고등학교,부산광역시,남구,04,Y,ok,2,1,2026학년도 배정미래고 학교교육과정 편성?운영?평가 계획.pdf | 2026학년도 배정미래고 창의적 체험활동.pdf,D:\project\MAPS\curriculum_files\부산광역시\배정미래고등학교
1043,400ba28e-2635-493b-a7b7-fa8a116c7964,문현여자고등학교,부산광역시,남구,04,Y,ok,1,1,2026학년도 문현여자고등학교 학교교육과정 편성 운영 평가 계획.hwpx,D:\project\MAPS\curriculum_files\부산광역시\문현여자고등학교
1044,3d1fb7fa-20ed-463c-80eb-133a4e3e2c72,성지고등학교,부산광역시,남구,04,Y,ok,1,0,2026학년도 성지고 학교교육과정 편성운영평가계획 및 연간학사일정.hwpx,D:\project\MAPS\curriculum_files\부산광역시\성지고등학교
1045,8d0e49b9-cec9-4852-96d9-89a213ab8c97,금곡고등학교,부산광역시,북구,04,Y,ok,3,3,2025학년도 교육과정 편성표(최종).xlsx | 2026학년도 교육과정 편성표(최종).xlsx | 2026학년도 교육과정 편성표(3개학년)(최종).xlsx,D:\project\MAPS\curriculum_files\부산광역시\금곡고등학교
1046,6dc382d3-0593-48d9-8adc-59f19544137a,화명고등학교,부산광역시,북구,04,Y,ok,2,1,2026학년도 화명고 학사일정(최종).hwp | 2026 화명고 학교교육과정 편성.운영 및 평가(최종).hwp,D:\project\MAPS\curriculum_files\부산광역시\화명고등학교
1047,b3e423db-778b-45bc-9760-3e093bbe0e34,금명여자고등학교,부산광역시,북구,04,Y,ok,1,0,2026학년도 금명여자고등학교 학사일정.hwpx,D:\project\MAPS\curriculum_files\부산광역시\금명여자고등학교
1048,339f33bd-5ef0-494c-84a1-cd320ff7b622,만덕고등학교,부산광역시,북구,04,Y,ok,1,1,2026학년도_만덕고등학교_학교교육과정_운영·편성·평가_계획.hwp,D:\project\MAPS\curriculum_files\부산광역시\만덕고등학교
1049,9100bb94-09f0-4ed3-8f0c-8a438885b1f2,낙동고등학교,부산광역시,북구,04,Y,ok,1,1,2026학년도 낙동고등학교 교육과정 편성·운영 및 평가(4.13).hwp,D:\project\MAPS\curriculum_files\부산광역시\낙동고등학교
1050,e18f80c3-ca79-4409-9fa1-7fabacd4c202,삼정고등학교,부산광역시,북구,04,Y,no_file,0,0,,
1051,86aa988d-d7d0-4e5c-9dec-d8946947e82f,성도고등학교,부산광역시,북구,04,Y,ok,1,1,2026학년도 성도고등학교 학교교육과정 편성 운영 및 평가 계획.pdf,D:\project\MAPS\curriculum_files\부산광역시\성도고등학교
1052,eb4d47e7-8717-402a-809e-af77b66a95e9,부산백양고등학교,부산광역시,북구,04,Y,no_file,0,0,,
1053,393d6c67-57e2-4783-b152-d7481dd5314e,경혜여자고등학교,부산광역시,북구,04,Y,ok,2,1,2026학년도 경혜여고 학교교육과정 편성·운영 및 평가계획.hwp | 2026학년도 경혜여고 연간 학사 일정.hwp,D:\project\MAPS\curriculum_files\부산광역시\경혜여자고등학교
1054,906af11e-4e0b-4412-a7f4-80e6bacc6aed,영산고등학교,부산광역시,해운대구,04,Y,no_file,0,0,,
1055,645eee44-e7f8-4b1c-a041-3af1cd19f03b,서울문화고등학교,서울특별시,도봉구,04,Y,ok,2,2,2026학년도 서울문화고 교육과정 편성안.xlsx | 2026학년도 서울문화고 학교교육과정 편성·운영·평가 계획.hwp,D:\project\MAPS\curriculum_files\서울특별시\서울문화고등학교
1056,e7e21a20-3b5a-4110-91f1-f6daa42ef6f9,서울동산고등학교,서울특별시,노원구,04,Y,ok,1,1,2026학년도 교육과정 편제표(공동교육과정포함).xlsx,D:\project\MAPS\curriculum_files\서울특별시\서울동산고등학교
1057,6d6f182a-3b10-4d2d-97da-7b2c14b16b4a,한국삼육고등학교,서울특별시,노원구,04,Y,no_file,0,0,,
1058,eff76aff-e47c-40a3-af5a-da660dd0fa02,경기기계공업고등학교,서울특별시,노원구,04,Y,no_file,0,0,,
1059,10583d7f-e12a-47d9-99cd-52b6a7f2c88d,혜성여자고등학교,서울특별시,노원구,04,Y,ok,1,0,2026학년도 혜성여자고등학교 학사일정.pdf,D:\project\MAPS\curriculum_files\서울특별시\혜성여자고등학교
1060,69f2d64b-bfc6-4699-960a-b3b2c673388d,대진고등학교,서울특별시,노원구,04,Y,no_file,0,0,,
1061,cedce5dd-95d3-4133-abdb-f4155fdb5fda,영신여자고등학교,서울특별시,노원구,04,Y,no_file,0,0,,
1062,ade06d71-9a5c-4b35-a3c3-1e9293ed177e,불암고등학교,서울특별시,노원구,04,Y,ok,1,1,2026학년도 불암고 학교교육과정 편성·운영·평가 계획.pdf,D:\project\MAPS\curriculum_files\서울특별시\불암고등학교
1063,5ed411fd-7b71-417f-b5ce-06d7f608a35c,상명고등학교,서울특별시,노원구,04,Y,ok,1,0,2026학년도 연간학사일정(20260313)-배포용.xlsx,D:\project\MAPS\curriculum_files\서울특별시\상명고등학교
1064,78fc8693-42d2-48a0-8732-b1bf6bb3aa04,서라벌고등학교,서울특별시,노원구,04,Y,ok,3,0,2026학년도 학교교육계획(배포용).pdf | 2026학년도 창의적체험활동계획(배부용)(2026.03.30.).xlsx | 2026년도 서라벌고 학사일정.xlsx,D:\project\MAPS\curriculum_files\서울특별시\서라벌고등학교
1065,823be82d-b27a-4e28-9f02-98bbe6e2899b,미래산업과학고등학교,서울특별시,노원구,04,Y,ok,1,1,2026학년도 미래산업과학고등학교 교육과정 단위 배당표.pdf,D:\project\MAPS\curriculum_files\서울특별시\미래산업과학고등학교
1066,3cabfd39-3cee-4996-9457-c8fc30c2cecc,재현고등학교,서울특별시,노원구,04,Y,ok,1,1,2026학년도 학교교육과정 편성 및 운영 계획.hwp,D:\project\MAPS\curriculum_files\서울특별시\재현고등학교
1067,bcc4ad60-c35f-4ce7-9eb5-bb47121fd10f,영신간호비즈니스고등학교,서울특별시,노원구,04,Y,no_file,0,0,,
1068,78646da9-2ffd-43c2-9207-210f8e46a5dc,대진여자고등학교,서울특별시,노원구,04,Y,ok,4,2,2025학년도 입학생 교육과정 학점 배당표(2022 개정 교육과정).대진여고.xlsx | 2026학년도 입학생 교육과정 학점 배당표(2022 개정 교육과정).대진여고.xlsx | 2026학년도 대진여고 연간 학사 일정표.pdf | 2026학년도 대진여고 창의적 체험활동 계획.pdf,D:\project\MAPS\curriculum_files\서울특별시\대진여자고등학교
1069,c23fa955-ae15-42be-8d37-6f83a7d13f2f,서울아이티고등학교,서울특별시,노원구,04,Y,no_file,0,0,,
1070,38935115-ad1e-45e6-befc-1bf9c2acb500,세명컴퓨터고등학교,서울특별시,은평구,04,Y,ok,2,0,2026학년도 세명컴퓨터고등학교 체험활동 계획.hwp | 2026학년도 세명컴퓨터 고등학교 학교교육 계획_(익명).pdf,D:\project\MAPS\curriculum_files\서울특별시\세명컴퓨터고등학교
1071,eb4a4a91-7734-49b3-9175-4e8cb5a9733a,예일여자고등학교,서울특별시,은평구,04,Y,no_file,0,0,,
1072,b07c6424-f04e-44e9-8c71-d9a07337d8dc,예일디자인고등학교,서울특별시,은평구,04,Y,ok,1,1,학교 교육과정 편성 운영 및 평가에 관한 사항.pdf,D:\project\MAPS\curriculum_files\서울특별시\예일디자인고등학교
1073,0be3f888-88cf-43ef-bc43-b358da2c9475,은평고등학교,서울특별시,은평구,04,Y,ok,2,2,2025학년도 입학생 교육과정 학점 배당표(2022 개정 교육과정)_은평고(최종).xlsx | 2026학년도 입학생 교육과정 학점 배당표(2022 개정 교육과정)_은평고(최종).xlsx,D:\project\MAPS\curriculum_files\서울특별시\은평고등학교
1074,ecfc2fe1-11a8-4606-8ae8-7bb469498e32,신도고등학교,서울특별시,은평구,04,Y,ok,3,0,"(정보공시)2026학년도 학사일정 - 1, 2학기.pdf | (정보공시)2026학년도 창의체험연간일정 및 특기 사항 입력 - 1학기.pdf | (정보공시)2026학년도 창의체험연간일정 및 특기 사항 입력 - 2학기.pdf",D:\project\MAPS\curriculum_files\서울특별시\신도고등학교
1075,77355f50-e53b-448d-a39f-3a46f7265021,은평메디텍고등학교,서울특별시,은평구,04,Y,ok,2,0,2026학년도 학사일정(2026.3.4.).xlsx | 2026학년도 창의적체험활동 연간운영계획.hwp,D:\project\MAPS\curriculum_files\서울특별시\은평메디텍고등학교
1076,1f326780-7ce2-4730-8835-7d8057a70afb,하나고등학교,서울특별시,은평구,04,Y,ok,2,1,2026학년도 1학기 학사일정(260213) (1).pdf | 정보공시_2026 교육계획서_교육계획일반_3_학교 교육과정 운영 및 평가.hwp,D:\project\MAPS\curriculum_files\서울특별시\하나고등학교
1077,1e2fa78d-0dc1-40e2-a5f3-26e68238753a,진관고등학교,서울특별시,은평구,04,Y,ok,1,0,2026학년도 진관고 연간학사일정.hwp,D:\project\MAPS\curriculum_files\서울특별시\진관고등학교
1078,d010ff1b-15d1-4f43-8329-7eaa41b5b438,울산기술공업고등학교,울산광역시,울주군,04,Y,ok,2,1,2026학년도 전학년 교육과정.xlsx | 2026학년도 울산기술공업고등학교 연간학사일정.hwp,D:\project\MAPS\curriculum_files\울산광역시\울산기술공업고등학교
1079,8627b20b-bad5-4bc4-b287-757ce6bda8ab,온산고등학교,울산광역시,울주군,04,Y,ok,1,0,2026학년도 온산고 학사일정 변경(안)4.1.pdf,D:\project\MAPS\curriculum_files\울산광역시\온산고등학교
1080,1a165c85-2558-4c7a-a2bd-080b0f16ce7f,언양고등학교,울산광역시,울주군,04,Y,no_file,0,0,,
1081,c4489726-38c0-4800-acac-b3eb3fc082ec,울산자연과학고등학교,울산광역시,울주군,04,Y,no_file,0,0,,
1082,c5c8f227-99fc-44ed-a52e-98dfc1bb90df,반여고등학교,부산광역시,해운대구,04,Y,no_file,0,0,,
1083,961b3e97-8083-4bd8-a004-d3555f471ab3,센텀고등학교,부산광역시,해운대구,04,Y,no_file,0,0,,
1084,e26e004a-f24a-4e48-a6f0-143d9e3d9451,해강고등학교,부산광역시,해운대구,04,Y,ok,1,1,2-가. 학교교육과정 편성 운영 계획.pdf,D:\project\MAPS\curriculum_files\부산광역시\해강고등학교
1085,4f7079f2-1fe2-4828-8b16-10cd4d8c214d,부산기계공업고등학교,부산광역시,해운대구,04,Y,ok,1,0,2026학년도 부산기계공업고등학교 연간학사일정.hwp,D:\project\MAPS\curriculum_files\부산광역시\부산기계공업고등학교
1086,bfc8917e-075e-4e87-9c83-5ab25054d64d,부산문화여자고등학교,부산광역시,해운대구,04,Y,ok,1,0,2026학년도 부산문화여고 학사일정.hwp,D:\project\MAPS\curriculum_files\부산광역시\부산문화여자고등학교
1087,6b294db1-867d-4791-8d21-30c80e1f0687,해운대고등학교,부산광역시,해운대구,04,Y,ok,2,1,(1차) 2026학년도 해운대고등학교 연간학사일정.hwpx | (1차) 2026학년도 해운대고등학교 학교교육과정 편성운영 및 평가에 관한 사항.hwp,D:\project\MAPS\curriculum_files\부산광역시\해운대고등학교
1088,9f5e12fd-836c-40ca-a15e-7db88f8046b3,부산해군과학기술고등학교,부산광역시,해운대구,04,Y,ok,2,1,2026학년도 부산해군과학기술고 연간학사일정.hwp | 2026학년도 부산해군과학기술고 학교교육과정 편성 운영.hwp,D:\project\MAPS\curriculum_files\부산광역시\부산해군과학기술고등학교
1089,6130424b-f725-435e-84f9-a6d867367498,해운대관광고등학교,부산광역시,해운대구,04,Y,ok,1,0,2026학년도 해운대관광고등학교 연간 학사일정.pdf,D:\project\MAPS\curriculum_files\부산광역시\해운대관광고등학교
1090,3cba970e-a70d-4902-8947-d1b3e1f2bb94,해운대여자고등학교,부산광역시,해운대구,04,Y,ok,1,0,2026학년도 해운대여자고등학교 학사일정.pdf,D:\project\MAPS\curriculum_files\부산광역시\해운대여자고등학교
1091,675584d4-0cbc-40c2-be8a-9a0f8bbac650,부산센텀여자고등학교,부산광역시,해운대구,04,Y,ok,1,0,2026학년도 부산센텀여고 연간학사일정.hwpx,D:\project\MAPS\curriculum_files\부산광역시\부산센텀여자고등학교
1092,5181cc8c-2139-450e-b79b-97555229e77e,부흥고등학교,부산광역시,해운대구,04,Y,ok,1,1,2026학년도 부흥고등학교 학교교육과정 편성·운영·평가 계획(최종).hwp,D:\project\MAPS\curriculum_files\부산광역시\부흥고등학교
1093,0409c222-9762-44d2-93f5-67670b527594,양운고등학교,부산광역시,해운대구,04,Y,ok,1,0,2026학년도 학사 일정.hwp,D:\project\MAPS\curriculum_files\부산광역시\양운고등학교
1094,5654c8f3-2525-4014-b7d9-589f00a320aa,신도고등학교,부산광역시,해운대구,04,Y,ok,1,0,2026학년도 학사일정 및 연간 수업일수.pdf,D:\project\MAPS\curriculum_files\부산광역시\신도고등학교
1095,b5884b19-f6be-495d-9ba5-8cb9485a7c35,동아고등학교,부산광역시,사하구,04,Y,ok,1,1,2026학년도 동아고등학교 학교교육과정 편성·운영·평가 계획.hwp,D:\project\MAPS\curriculum_files\부산광역시\동아고등학교
1096,69f56844-fcdf-474e-870f-6dbb7fb45ab8,동아공업고등학교,부산광역시,사하구,04,Y,no_file,0,0,,
1097,353802b2-9914-4de0-a1d4-29cb211dafa7,해동고등학교,부산광역시,사하구,04,Y,ok,2,1,2026학년도 연간학사일정.pdf | 2026학년도 학교 교육 과정의 편성·운영·평가.pdf,D:\project\MAPS\curriculum_files\부산광역시\해동고등학교
1098,1e4f089e-cd09-44f8-979c-b997675a0ec0,대광고등학교,부산광역시,사하구,04,Y,ok,1,0,2026학년도 대광고등학교 교육 과정.pdf,D:\project\MAPS\curriculum_files\부산광역시\대광고등학교
1099,c643cea5-321c-4e44-a9e6-dff8eb1dbb59,부산일과학고등학교,부산광역시,사하구,04,Y,ok,1,0,2026학년도 부산일과학고등학교 학사일정(2026.4.4.).hwp,D:\project\MAPS\curriculum_files\부산광역시\부산일과학고등학교
1100,9ab7e9c1-c446-484d-8c5f-51a4b8d8eeba,건국고등학교,부산광역시,사하구,04,Y,ok,1,1,2026학년도 신입생 3개년 교육과정 편성표.xlsx,D:\project\MAPS\curriculum_files\부산광역시\건국고등학교
1101,dd3ad943-1470-404d-9c26-4602ee027791,부산여자고등학교,부산광역시,사하구,04,Y,ok,1,0,2026학년도 학사 일정(안)(0402).pdf,D:\project\MAPS\curriculum_files\부산광역시\부산여자고등학교
1102,9f9586b5-1346-4919-b3d5-bd686f63e418,성일여자고등학교,부산광역시,사하구,04,Y,ok,2,1,2026학년도 성일여자고등학교 교육과정 편성.운영 및 평가에 관한 사항.hwpx | 2026학년도 성일여자고등학교 연간학사일정.hwp,D:\project\MAPS\curriculum_files\부산광역시\성일여자고등학교
1103,0ac3ab9f-1c82-43c1-b404-d9c232cb978c,대동고등학교,부산광역시,사하구,04,Y,ok,1,1,2026학년도 대동고 학교교육과정 편성 운영 및 평가 계획.hwp,D:\project\MAPS\curriculum_files\부산광역시\대동고등학교
1104,ee3241b6-37c3-4f74-807f-7c1cd031875c,부산자동차마이스터고등학교,부산광역시,사하구,04,Y,no_file,0,0,,
1105,9624083e-bd1a-49d0-9631-d2a7fe176acd,다대고등학교,부산광역시,사하구,04,Y,ok,1,1,(제출용) 2026학년도 다대고 학교교육과정 편성운영평가 계획.hwp,D:\project\MAPS\curriculum_files\부산광역시\다대고등학교
1106,6b224f81-4383-4eaf-8d11-a8dd5af74b6d,부일고등학교,부산광역시,사하구,04,Y,ok,2,1,2026학년도 부일고등학교 연간학사일정.pdf | 2026학년도 부일고등학교 학교교육과정 편성운영평가계획.hwpx,D:\project\MAPS\curriculum_files\부산광역시\부일고등학교
1107,dc24ec6d-fb8c-4284-900c-502fa3128aec,삼성여자고등학교,부산광역시,사하구,04,Y,ok,1,0,2025학년도 삼성여고 연간학사일정.pdf,D:\project\MAPS\curriculum_files\부산광역시\삼성여자고등학교
1108,29c002ff-6593-4051-ad64-ed671a20c629,부일전자디자인고등학교,부산광역시,사하구,04,Y,no_file,0,0,,
1109,d8d79071-f38c-412a-87e4-9dd6a49ebbab,남산고등학교,부산광역시,금정구,04,Y,ok,1,0,2026학년도 학사일정.pdf,D:\project\MAPS\curriculum_files\부산광역시\남산고등학교
1110,93f1a168-8dd1-469f-aa20-5f9177337bfe,동래여자고등학교,부산광역시,금정구,04,Y,no_file,0,0,,
1111,6dc0e266-5c94-45e2-93bf-95a7a4892aa3,브니엘고등학교,부산광역시,금정구,04,Y,no_file,0,0,,
1112,32358e21-9b35-4027-9ba0-40b7e88905c1,브니엘여자고등학교,부산광역시,금정구,04,Y,no_file,0,0,,
1113,e050f246-7d3f-4f74-988d-421810d5ee6e,브니엘예술고등학교,부산광역시,금정구,04,Y,no_file,0,0,,
1114,d97959b2-02a0-4ab6-8927-b8d5feae0b9c,부산과학고등학교,부산광역시,금정구,04,Y,no_file,0,0,,
1115,30d9d10c-a8cf-4bcd-abe7-db8c5592300d,대진전자통신고등학교,부산광역시,금정구,04,Y,ok,3,1,2026학년도 교육과정 편성?운영?평가 계획.hwpx | 2026학년도 창의적 체험활동 운영 계획.hwpx | 2026학년도 학사일정 및 행사활동.hwp,D:\project\MAPS\curriculum_files\부산광역시\대진전자통신고등학교
1116,93054274-cfb4-4732-a7d2-2f1c178d8112,지산고등학교,부산광역시,금정구,04,Y,ok,2,1,2026학년도 연간학사일정(정보공시탑재용).pdf | 2026학년도 지산고등학교 학교교육과정 편성 및 운영 계획.hwp,D:\project\MAPS\curriculum_files\부산광역시\지산고등학교
1117,4a53e0cd-ad79-4799-9c44-ea796e88db0d,부산예술고등학교,부산광역시,금정구,04,Y,ok,1,1,"2026학년도 부산예술고 학교교육과정 편성,운영,평가계획.hwpx",D:\project\MAPS\curriculum_files\부산광역시\부산예술고등학교
1118,a63b9005-b1f6-44cb-bfa2-a408e8f77fde,내성고등학교,부산광역시,금정구,04,Y,ok,2,1,2026학년도 교육과정 운영표 및 편성표.hwpx | 2026학년도 창의적 체험활동 운영계획.hwpx,D:\project\MAPS\curriculum_files\부산광역시\내성고등학교
1119,0987a5a9-56ed-4b7e-aefa-3c84e5cb3dde,부산정보관광고등학교,부산광역시,금정구,04,Y,ok,1,0,2026학년도 학사 일정 세부 운영 계획(부산정보관광고등학교).hwp,D:\project\MAPS\curriculum_files\부산광역시\부산정보관광고등학교
1120,44cbc016-373c-4c92-8f7c-fd908d7ca3b3,부산대학교사범대학부설고등학교,부산광역시,금정구,04,Y,ok,2,1,2026학년도 부산사대부고 연간학사일정.hwp | 2026학년도 부산사대부고 학교교육과정 편성·운영·평가 계획.hwp,D:\project\MAPS\curriculum_files\부산광역시\부산대학교사범대학부설고등학교
1121,4b0b2365-fd98-47d3-b1d8-67345d94c347,금샘고등학교,부산광역시,금정구,04,Y,ok,2,1,2026학년도 금샘고 학교교육과정 편성 운영.xlsx | 2026학년도 금샘고 연간학사일정.hwp,D:\project\MAPS\curriculum_files\부산광역시\금샘고등학교
1122,4e444839-30f2-48cd-853e-249f7e2f5fdb,금정여자고등학교,부산광역시,금정구,04,Y,ok,1,0,2026학년도 금정여고 연간학사일정.pdf,D:\project\MAPS\curriculum_files\부산광역시\금정여자고등학교
1123,781b0995-09b5-4525-921c-a4837b6c6117,부산강서고등학교,부산광역시,강서구,04,Y,ok,2,1,2026학년도 부산강서고 연간학사일정.hwp | 2026학년도 부산강서고 학교교육과정 편성·운영·평가 계획.hwp,D:\project\MAPS\curriculum_files\부산광역시\부산강서고등학교
1124,7a05ff59-1179-4ba0-ba29-fc688d5eed55,목포여자고등학교,전라남도,목포시,04,Y,no_file,0,0,,
1125,d4c4e459-0a59-415d-98a9-429b9ff8080a,한성과학고등학교,서울특별시,서대문구,04,Y,ok,1,1,성2026학년도 한성과학고등학교 학교교육과정 편성 운영 및 평가 계획.pdf,D:\project\MAPS\curriculum_files\서울특별시\한성과학고등학교
1126,31879281-312d-4550-b475-04ca31d7d245,이화여자대학교사범대학부속이화금란고등학교,서울특별시,서대문구,04,Y,ok,1,1,2026학년도 이대부속고등학교 학교교육과정 편성·운영·평가 계획.pdf,D:\project\MAPS\curriculum_files\서울특별시\이화여자대학교사범대학부속이화금란고등학교
1127,2104f7e7-071f-4bea-889e-944d50b9a6aa,한세사이버보안고등학교,서울특별시,마포구,04,Y,ok,2,1,2026학년도 한세사이버보안고 연간학사일정.hwp | 2026학년도 한세사이버보안고 학교교육과정 편성운영평가 계획.hwpx,D:\project\MAPS\curriculum_files\서울특별시\한세사이버보안고등학교
1128,31baa8ce-caf9-49ac-a7bb-33c116be3054,광성고등학교,서울특별시,마포구,04,Y,no_file,0,0,,
1129,ab5e1e1c-6b3e-4ed1-b7a0-7bff771dc3f7,남창고등학교,울산광역시,울주군,04,Y,ok,1,1,2026학년도 남창고 학교교육과정 편성·운영·평가 계획.hwpx,D:\project\MAPS\curriculum_files\울산광역시\남창고등학교
1130,2d947af1-7ff1-421c-9073-eb8c57017e7f,천상고등학교,울산광역시,울주군,04,Y,no_file,0,0,,
1131,b791791a-19b2-4eb6-aac5-b63eecc8a344,울산상업고등학교,울산광역시,울주군,04,Y,no_file,0,0,,
1132,b4da0e3d-e567-4359-9dbb-7f05e5d15f50,범서고등학교,울산광역시,울주군,04,Y,ok,3,1,"정보공시 2 - 2026학년도 전학년 편제표 및 2026,25,24학년도 신입생 3개년 편제표.xlsx | 정보공시 3 - 2026학년도 범서고 학사일정(안).pdf | 정보공시 4 - 2026학년도 범서고 창의적 체험활동 운영 계획.xlsx",D:\project\MAPS\curriculum_files\울산광역시\범서고등학교
1133,aa52fbd1-5624-483d-be11-6a5e6556c60a,부산대저고등학교,부산광역시,강서구,04,Y,no_file,0,0,,
1134,a0e95c21-74c7-4d65-b7f1-a8a0eb951342,경일고등학교,부산광역시,강서구,04,Y,ok,1,1,2026학년도 경일고등학교 학교교육과정 편성 운영 및 평가 계획.hwp,D:\project\MAPS\curriculum_files\부산광역시\경일고등학교
1135,485f66cc-5fc1-4cb3-ba83-6fa8ecc7b726,부산남고등학교,부산광역시,강서구,04,Y,ok,2,1,2026학년도 학사일정 세부 운영 계획.hwpx | 2026학년도 부산남고등학교 학교교육과정 편성운영평가 계획.hwp,D:\project\MAPS\curriculum_files\부산광역시\부산남고등학교
1136,316f648d-9177-43a5-b4aa-8cec190ddc08,명호고등학교,부산광역시,강서구,04,Y,ok,1,0,2026학년도 명호고 연간학사일정.pdf,D:\project\MAPS\curriculum_files\부산광역시\명호고등학교
1137,e9a248b9-8ce4-4d57-933e-d8943e0a9ebd,부산소프트웨어마이스터고등학교,부산광역시,강서구,04,Y,ok,1,1,2026학년도 부산소프트웨어마이스터고 학교교육과정 편성운영평가 계획.pdf,D:\project\MAPS\curriculum_files\부산광역시\부산소프트웨어마이스터고등학교
1138,c96ea6d1-b988-4aae-8957-6683b1dce642,덕문고등학교,부산광역시,강서구,04,Y,ok,1,1,2026학년도 덕문고 학교교육과정 편성·운영·평가 계획.hwp,D:\project\MAPS\curriculum_files\부산광역시\덕문고등학교
1139,1efdfc67-449a-4e2f-86fc-2d8cac85d510,이사벨고등학교,부산광역시,연제구,04,Y,no_file,0,0,,
1140,b1613738-1891-432d-adce-4c5e6fcd1452,지구촌고등학교,부산광역시,연제구,04,Y,no_file,0,0,,
1141,422aa017-55e4-4258-a847-c5f444a009d1,계성여자고등학교,부산광역시,연제구,04,Y,ok,1,0,2026학년도 계성여자고등학교 연간 학사일정.pdf,D:\project\MAPS\curriculum_files\부산광역시\계성여자고등학교
1142,5a246719-a430-49af-b61e-afbf6c18d4f0,부산외국어고등학교,부산광역시,연제구,04,Y,ok,1,1,(2026 정보공시 자료) 학교교육과정 편성운영 및 평가에 관한 사항_수정.hwp,D:\project\MAPS\curriculum_files\부산광역시\부산외국어고등학교
1143,180726e5-87f9-4676-9d74-72a7de18748a,연제고등학교,부산광역시,연제구,04,Y,ok,1,1,2026학년도 연제고 학교교육과정 편성·운영 및 평가 계획.hwpx,D:\project\MAPS\curriculum_files\부산광역시\연제고등학교
1144,28e510f8-5792-45be-bbf2-71eb9ccfa9c1,해연여자고등학교,부산광역시,수영구,04,Y,ok,1,0,2026년 해연여고 학사일정.hwp,D:\project\MAPS\curriculum_files\부산광역시\해연여자고등학교
1145,cb9ec94b-7da2-4664-89a8-8fcf2c67b3f7,부산남일고등학교,부산광역시,수영구,04,Y,ok,1,1,"2026학년도 부산남일고 학교교육과정 편성, 운영, 평가 계획.hwpx",D:\project\MAPS\curriculum_files\부산광역시\부산남일고등학교
1146,a896caf0-c920-4e3d-bec3-78ebc58fa444,덕문여자고등학교,부산광역시,수영구,04,Y,ok,2,1,2026학년도 학사운영계획.hwp | 2026학년도 덕문여고 학교교육과정 편성ㆍ운영ㆍ평가 계획.hwp,D:\project\MAPS\curriculum_files\부산광역시\덕문여자고등학교
1147,ce62d954-ca1d-4bc5-bfd6-05699626b46b,부산동여자고등학교,부산광역시,수영구,04,Y,ok,3,3,2025학년도 교육과정 편성표.xlsx | 2026학년도 교육과정 편성표.xlsx | 2026학년도 교육과정운영표.hwp,D:\project\MAPS\curriculum_files\부산광역시\부산동여자고등학교
1148,116cdfcb-4763-4e5c-9b1f-12831e84d0e1,완도고등학교,전라남도,완도군,04,Y,ok,2,1,2026학년도 완도고등학교 연간학사일정.hwp | 2026학년도 완도고등학교 학교교육과정 편성운영 및 평가에 관한 사항.hwp,D:\project\MAPS\curriculum_files\전라남도\완도고등학교
1149,40f6f284-b408-467d-aa16-03071d95f0f8,완도수산고등학교,전라남도,완도군,04,Y,ok,2,1,2026학년도 학교 교육과정 운영계획 안건 심의안(학교교육계획서).hwp | 2026학년도 학사일정 변경 심의 안건.hwp,D:\project\MAPS\curriculum_files\전라남도\완도수산고등학교
1150,dcaf45ab-93a2-4c49-a032-a7b5d6c23164,완도금일고등학교,전라남도,완도군,04,Y,no_file,0,0,,
1151,9e7eb445-1d4a-4a0a-87be-bd6ae00fa311,노화고등학교,전라남도,완도군,04,Y,ok,1,0,2026학년도 노화고등학교 학사력_최종.hwpx,D:\project\MAPS\curriculum_files\전라남도\노화고등학교
1152,e4880bb5-57e2-4caa-ada4-f7b996c47b0c,고금고등학교,전라남도,완도군,04,Y,ok,1,0,2026학년도 고금고 연간학사일정.hwp,D:\project\MAPS\curriculum_files\전라남도\고금고등학교
1153,bb8de859-5de1-472a-87d1-157207e2d9d7,약산고등학교,전라남도,완도군,04,Y,ok,1,1,학교교육과정 편성·운영·평가 계획(2026학년도).pdf,D:\project\MAPS\curriculum_files\전라남도\약산고등학교
1154,938857b9-b558-4bc0-8743-31401a023013,소안고등학교,전라남도,완도군,04,Y,no_file,0,0,,
1155,1909cc72-b3a0-455e-b179-ea936a83be4d,진도실업고등학교,전라남도,진도군,04,Y,ok,1,0,2026학년도 학사일정.pdf,D:\project\MAPS\curriculum_files\전라남도\진도실업고등학교
1156,b4e62ee4-2f88-41ab-8735-6305d5760d9e,진도고등학교,전라남도,진도군,04,Y,no_file,0,0,,
1157,be5977f2-1e13-4824-89be-545a06f54712,영산성지고등학교,전라남도,영광군,04,Y,ok,3,1,2026학년도 영산성지고 학교교육과정평가계획(안).pdf | 2026학년도 영산성지고 창의적체험활동운영계획.pdf | 2026학년도 영산성지고연간학사일정.pdf,D:\project\MAPS\curriculum_files\전라남도\영산성지고등학교
1158,932cade0-83e6-4bc8-ba75-98494df60bd7,진도국악고등학교,전라남도,진도군,04,Y,ok,1,1,2026학년도 진도국악고 학교교육과정 편성 운영 평가 계획.hwp,D:\project\MAPS\curriculum_files\전라남도\진도국악고등학교
1159,79b7e4e8-714c-46fe-9c2b-39e7f5dc9d06,조도고등학교,전라남도,진도군,04,Y,ok,1,0,조도교육 2026.hwp,D:\project\MAPS\curriculum_files\전라남도\조도고등학교
1160,bfedf834-68d3-4302-a5b4-273a76bed156,영광정보산업고등학교,전라남도,영광군,04,Y,no_file,0,0,,
1161,a35b54b8-0812-427a-b26d-8f53a4dcd1ad,영광전자고등학교,전라남도,영광군,04,Y,ok,2,1,2026 영광전자고 연간 학사일정.hwp | 2026 영광전자고 학교교육과정 편성·운영·평가 계획.hwp,D:\project\MAPS\curriculum_files\전라남도\영광전자고등학교
1162,cf80da09-bd10-46b6-b7b5-d777b3a2da42,법성고등학교,전라남도,영광군,04,Y,no_file,0,0,,
1163,85607825-a9bd-41eb-8834-8089f004a5b0,지명고등학교,전라남도,신안군,04,Y,no_file,0,0,,
1164,0fedf5ce-e0b0-455c-aec3-b28e9501c725,신안해양과학고등학교,전라남도,신안군,04,Y,no_file,0,0,,
1165,6e6bd0ff-9aa8-4cf7-adb1-08032b77b8d1,임자고등학교,전라남도,신안군,04,Y,ok,1,0,2026. 학사일정.hwp,D:\project\MAPS\curriculum_files\전라남도\임자고등학교
1166,3cb44402-9033-4d2f-bb93-cfe1a8c76c15,장성고등학교,전라남도,장성군,04,Y,no_file,0,0,,
1167,639a9328-9ae1-4a7a-83be-eade9fe362fa,장성하이텍고등학교,전라남도,장성군,04,Y,no_file,0,0,,
1168,d52e3076-97eb-4f3f-8245-cc6f8fa8313f,문향고등학교,전라남도,장성군,04,Y,no_file,0,0,,
1169,e08c6e54-0f58-4acb-8c9f-a9d2d932001c,비금고등학교,전라남도,신안군,04,Y,no_file,0,0,,
1170,6f507da5-9b9f-4c9a-b4fd-fe2e79d981ba,도초고등학교,전라남도,신안군,04,Y,ok,3,1,2026학년도 도초고 연간학사일정.pdf | 2026학년도 도초고 학교교육과정 편성 운영 평가 계획.hwp | 2025학년도 학교평가 보고서(도초고).hwp,D:\project\MAPS\curriculum_files\전라남도\도초고등학교
1171,0d0ed700-9b3a-411a-b5ba-f25cee51a637,하의고등학교,전라남도,신안군,04,Y,ok,1,0,2026학년도 하의고 연간학사일정.hwp,D:\project\MAPS\curriculum_files\전라남도\하의고등학교
1172,b6d67ae3-fcc9-4175-a42b-a725c93e680a,삼계부사관고등학교,전라남도,장성군,04,Y,ok,2,1,2026학년도 삼계부사관고등학교 연간학사일정.hwp | 2026학년도 삼계부사관고 학교교육과정 편성·운영·평가 계획.hwpx,D:\project\MAPS\curriculum_files\전라남도\삼계부사관고등학교
1173,3c2cf28e-5afa-4214-b985-cb35a8aea10f,안좌고등학교,전라남도,신안군,04,Y,no_file,0,0,,
1174,4f15442d-28fd-4cc3-b958-e3e1818b2f04,화순이양고등학교,전라남도,화순군,04,Y,no_file,0,0,,
1175,b8db62fe-e1bc-4b75-a79b-0b3e20cb3f79,능주고등학교,전라남도,화순군,04,Y,ok,1,0,2026. 학사일정(능주고).xlsx,D:\project\MAPS\curriculum_files\전라남도\능주고등학교
1176,0e10ee30-0eaa-49b7-a93b-586c76437f83,구림공업고등학교,전라남도,영암군,04,Y,ok,1,1,2026. 학교교육과정 편성·운영·평가 계획.hwpx,D:\project\MAPS\curriculum_files\전라남도\구림공업고등학교
1177,8eb99e42-050b-4518-9d33-3fdb45ced023,영암낭주고등학교,전라남도,영암군,04,Y,ok,2,2,2026학년도 전학년 교육과정 편성표.hwp | III_1_학교 교육과정 편성운영(교육과정부).hwp,D:\project\MAPS\curriculum_files\전라남도\영암낭주고등학교
1178,642465e3-c824-494a-b014-6e76116a097c,함평고등학교,전라남도,함평군,04,Y,no_file,0,0,,
1179,984cbeb8-609a-42fa-837a-3f5c226d2520,함평여자고등학교,전라남도,함평군,04,Y,no_file,0,0,,
1180,874205ab-0a1e-4bfd-bc6e-c07f46801f7f,함평학다리고등학교,전라남도,함평군,04,Y,ok,1,0,2026학년도 함평학다리고 연간학사일정 .hwp,D:\project\MAPS\curriculum_files\전라남도\함평학다리고등학교
1181,75b5c668-1a25-4957-9d3c-6f0f06559ab8,성요셉여자고등학교,전라남도,강진군,04,Y,no_file,0,0,,
1182,343c2012-c842-410b-bd3e-ab7d42a68084,강진고등학교,전라남도,강진군,04,Y,ok,1,1,2026학년도 학교교육과정편성운영평가계획.hwp,D:\project\MAPS\curriculum_files\전라남도\강진고등학교
1183,117ae026-854b-4a54-bf26-00c759bdb64b,전남생명과학고등학교,전라남도,강진군,04,Y,ok,1,1,2026. 학교교육과정 편성 및 운영 평가계획.hwp,D:\project\MAPS\curriculum_files\전라남도\전남생명과학고등학교
1184,1aacb909-eb67-435a-9619-84da1732cd01,함평골프고등학교,전라남도,함평군,04,Y,ok,1,1,2026학년도 함평골프고 학교교육과정 편성 운영 계획.hwpx,D:\project\MAPS\curriculum_files\전라남도\함평골프고등학교
1185,7a5ed515-37d3-4b75-926e-7bdb13302291,나산고등학교,전라남도,함평군,04,Y,no_file,0,0,,
1186,4684085f-fcd1-463a-941f-42833c71be2d,성전고등학교,전라남도,강진군,04,Y,ok,3,1,2025. 교육과정 운영 평가 결과.hwp | 2026학년도 성전고 연간학사일정.pdf | 2026학년도 성전고 학교교육과정 편성·운영·평가 계획.hwp,D:\project\MAPS\curriculum_files\전라남도\성전고등학교
1187,b6850eff-ece6-42cd-b11a-7948865fc776,무안고등학교,전라남도,무안군,04,Y,no_file,0,0,,
1188,7dc84c3a-e77b-4521-ae84-2d5b041cdc35,백제고등학교,전라남도,무안군,04,Y,ok,2,1,2026학년도 백제고등학교 연간 학사 일정.pdf | 2026학년도 백제고등학교 교육과정 편성·운영·평가 계획.pdf,D:\project\MAPS\curriculum_files\전라남도\백제고등학교
1189,c0622822-76c6-4dbe-99b0-e6e56e1e2eba,전남보건고등학교,전라남도,함평군,04,Y,ok,3,1,2026학년도 전남보건고 연간학사일정.hwpx | 2026학년도 전남보건고 체험활동 계획.hwp | 2026학년도 전남보건고 학교교육과정 편성 운영 평가 계획.pdf,D:\project\MAPS\curriculum_files\전라남도\전남보건고등학교
1190,dc4a7fd5-0e98-4239-910e-4912103bf3a1,병영상업고등학교,전라남도,강진군,04,Y,ok,3,3,2025학년도 신입생 3개년 교육과정 편성표.hwp | 2026학년도 신입생 3개년 교육과정 편성표.hwp | 교육과정의 평가 운영 계획.hwp,D:\project\MAPS\curriculum_files\전라남도\병영상업고등학교
1191,f04357b1-fce4-4279-9f9c-1ff8de5f1c55,전남체육고등학교,전라남도,무안군,04,Y,ok,1,1,2026학년도 전남체육고 학교교육과정 편성 운영 평가 계획.hwp,D:\project\MAPS\curriculum_files\전라남도\전남체육고등학교
1192,0a3913c3-69ae-4db4-84ca-e287af03ee3b,남악고등학교,전라남도,무안군,04,Y,no_file,0,0,,
1193,a5118ad4-7514-44a8-bd3c-de6a113c1a7b,전남예술고등학교,전라남도,무안군,04,Y,no_file,0,0,,
1194,ee07de7f-aa17-4a15-9dc7-091632d4ae26,해룡고등학교,전라남도,영광군,04,Y,no_file,0,0,,
1195,a3e25c24-c7c3-44ad-9edd-639c05e5fa69,영광고등학교,전라남도,영광군,04,Y,ok,3,2,2025학년도 영광고 학교교육과정 편성·운영·평가 계획.xlsx | 2026학년도 영광고 학교교육과정 편성·운영·평가 계획.xlsx | 2026학년도 영광고 연간학사일정.hwp,D:\project\MAPS\curriculum_files\전라남도\영광고등학교
1196,da32c917-8b3f-4975-9a9f-00e2a611314d,영광공업고등학교,전라남도,영광군,04,Y,ok,2,1,2026학년도 영광공업고등학교 연간학사일정.pdf | 2026학년도 영광공업고등학교 학교교육과정 편성·운영·평가 계획(수정).pdf,D:\project\MAPS\curriculum_files\전라남도\영광공업고등학교
1197,66379995-020e-40e2-ad3e-bc9c01c007a6,해남고등학교,전라남도,해남군,04,Y,ok,1,1,2026. 해남고 학교교육과정 편성운영평가 계획.hwp,D:\project\MAPS\curriculum_files\전라남도\해남고등학교
1198,7fb6ba93-a198-4c72-a8b6-773f7c2cf62b,해남공업고등학교,전라남도,해남군,04,Y,ok,1,0,2026. 해남공고 학사일정.hwp,D:\project\MAPS\curriculum_files\전라남도\해남공업고등학교
1199,68e32f25-d874-461a-b8c1-6446b43b2466,고흥영주고등학교,전라남도,고흥군,04,Y,no_file,0,0,,
1200,7ccf81ce-ac57-4920-87be-eb8729d28369,현경고등학교,전라남도,무안군,04,Y,no_file,0,0,,
1201,8511dede-7ba8-458a-be35-caa127799354,송지고등학교,전라남도,해남군,04,Y,ok,2,1,(정보공시)2026학년도 송지고 학교교육과정 편성·운영·평가 계획.hwp | (정보공시)2026학년도 학사 일정.hwp,D:\project\MAPS\curriculum_files\전라남도\송지고등학교
1202,47eb6cac-40f4-44ed-b550-9c3214787fd0,해제고등학교,전라남도,무안군,04,Y,no_file,0,0,,
1203,2548b48a-25c0-443e-979e-9438068c1f27,북평상업고등학교,전라남도,해남군,04,Y,no_file,0,0,,
1204,3cd75857-fbf5-4cfc-a2de-257cebb43edf,보성고등학교,전라남도,보성군,04,Y,ok,1,0,2026학년도 보성고 연간학사일정.hwp,D:\project\MAPS\curriculum_files\전라남도\보성고등학교
1205,95d40dd1-2640-48aa-b42b-05b5237794dc,다향고등학교,전라남도,보성군,04,Y,ok,2,0,2026학년도 학교 교육활동 평가 계획.hwpx | 2026학년도 학사일정.hwpx,D:\project\MAPS\curriculum_files\전라남도\다향고등학교
1206,eee8b66c-827e-43e9-af25-d186b874f555,벌교여자고등학교,전라남도,보성군,04,Y,ok,3,1,2026학년도 벌교여자고등학교 학교교육과정 편성운영 및 평가 계획.hwp | 2026학년도 1학기 학사일정.pdf | 2026학년도 2학기 학사일정.pdf,D:\project\MAPS\curriculum_files\전라남도\벌교여자고등학교
1207,c410697a-06ee-46ae-ac0e-8e8b398a67aa,벌교고등학교,전라남도,보성군,04,Y,no_file,0,0,,
1208,1f15fb6a-af8d-4222-9dc2-22d2ce09b98c,벌교상업고등학교,전라남도,보성군,04,Y,no_file,0,0,,
1209,aefecf58-f639-48b0-82d5-bc9c914dc173,황산고등학교,전라남도,해남군,04,Y,no_file,0,0,,
1210,a5a29d84-344f-43d0-b6c1-adc5f428660b,보성정보통신고등학교,전라남도,보성군,04,Y,no_file,0,0,,
1211,35e97122-0ae3-43ff-8772-3bf2afda3b5e,전남미래자동차고등학교,전라남도,장흥군,04,Y,ok,2,1,2026. 학사력.hwpx | 2026. 교육과정 편성·운영 및 평가(수정).hwp,D:\project\MAPS\curriculum_files\전라남도\전남미래자동차고등학교
1212,207c27de-c12b-44b0-a179-698cff81e479,화원고등학교,전라남도,해남군,04,Y,ok,1,0,2026. 학교교육과정 편성·운영·평가계획(체험활동계획 포함2026.4.21.).pdf,D:\project\MAPS\curriculum_files\전라남도\화원고등학교
1213,64d3a0df-628c-42fe-9123-e7f913e8d258,조성고등학교,전라남도,보성군,04,Y,no_file,0,0,,
1214,c92e003b-a7c5-4892-bd3b-f9f7d5cc38b4,예당고등학교,전라남도,보성군,04,Y,ok,1,1,"2026학년도 예당고등학교 학교교육과정 편성, 운영, 평가.hwpx",D:\project\MAPS\curriculum_files\전라남도\예당고등학교
1215,01096d8f-705f-4298-9c70-4114b71f2c74,장흥고등학교,전라남도,장흥군,04,Y,ok,1,0,2026. 장흥고등학교 학사일정.pdf,D:\project\MAPS\curriculum_files\전라남도\장흥고등학교
1216,bd2cb5fb-9a14-4837-8722-b4bb5dfe5318,장흥관산고등학교,전라남도,장흥군,04,Y,ok,1,0,2026. 장흥관산고등학교 학사일정.xlsx,D:\project\MAPS\curriculum_files\전라남도\장흥관산고등학교
1217,b628f395-67b1-4c56-bfc5-19bed5e7b863,한국말산업고등학교,전라남도,장흥군,04,Y,ok,1,1,"2026.한국말산업고 학교교육과정 편성,운영, 평가 계획.hwp",D:\project\MAPS\curriculum_files\전라남도\한국말산업고등학교
1218,efeadcd1-ca0b-44cb-bd8f-d420c098cb43,영암고등학교,전라남도,영암군,04,Y,ok,1,1,2026. 교육과정 편성 및 운영계획.hwp,D:\project\MAPS\curriculum_files\전라남도\영암고등학교
1219,d05d62c7-9222-4a68-9fc9-8680acd43e1a,영암여자고등학교,전라남도,영암군,04,Y,ok,1,0,2026. 연간 학사일정 .hwpx,D:\project\MAPS\curriculum_files\전라남도\영암여자고등학교
1220,e2ca0689-b40e-4c08-8b1b-55d5a6ee3c0b,삼호고등학교,전라남도,영암군,04,Y,ok,1,0,2026학년도 학사력.hwp,D:\project\MAPS\curriculum_files\전라남도\삼호고등학교
1221,16451160-8b04-40b8-a6e6-b4971b4c0279,전남기술과학고등학교,전라남도,화순군,04,Y,no_file,0,0,,
1222,78c4fdec-03d0-4387-adbc-600dc6e3b1f2,화순고등학교,전라남도,화순군,04,Y,no_file,0,0,,
1223,84893c82-cdb4-42a9-9bac-52fad3470c55,전남에너지고등학교,전라남도,영암군,04,Y,ok,1,1,2026학년도 전남에너지고 학교교육과정 편성·운영 평가에 관한 사항.hwpx,D:\project\MAPS\curriculum_files\전라남도\전남에너지고등학교
1224,da3efdb1-a67c-4e0b-aad8-c8f1ae80c18d,대천여자고등학교,충청남도,보령시,04,Y,no_file,0,0,,
1225,f3a06e35-d30f-4eba-ace2-b7d2750b5a27,대천고등학교,충청남도,보령시,04,Y,no_file,0,0,,
1226,18e1b4c1-0593-4020-8a47-3c6f627edfbe,복자여자고등학교,충청남도,천안시 동남구,04,Y,no_file,0,0,,
1227,6e226d32-9a57-483f-bad3-e86148c236c3,천안공업고등학교,충청남도,천안시 동남구,04,Y,ok,1,0,2026학년도 천안공업고등학교 학사 일정.pdf,D:\project\MAPS\curriculum_files\충청남도\천안공업고등학교
1228,e679d733-1bf5-42bd-8579-a72ffa3d4a5d,천안중앙고등학교부설방송통신고등학교,충청남도,천안시 동남구,04,Y,ok,2,1,2. 2026학년도 교육과정 편성 및 운영 계획(정보공시용).pdf | 3. 2026학년도 창의적 체험활동 및 안전교육 편성 운영 계획(정보공시용).pdf,D:\project\MAPS\curriculum_files\충청남도\천안중앙고등학교부설방송통신고등학교
1229,48ad5234-dc3c-4c72-ac8a-49e68bbbd6a9,천안제일고등학교,충청남도,천안시 동남구,04,Y,no_file,0,0,,
1230,4697fb95-484e-443c-bdd6-24470d428c92,천안중앙고등학교,충청남도,천안시 동남구,04,Y,ok,1,0,2026학년도 창의적 체험활동 편성 및 운영 계획.hwp,D:\project\MAPS\curriculum_files\충청남도\천안중앙고등학교
1231,c08d9531-b2ab-4e42-9a99-398635805a32,천안청수고등학교,충청남도,천안시 동남구,04,Y,no_file,0,0,,
1232,112e486e-a5f0-4ba9-be60-e49bacc1b786,천안여자고등학교,충청남도,천안시 동남구,04,Y,ok,1,0,2026학년도 천안여고 연간학사일정.hwpx,D:\project\MAPS\curriculum_files\충청남도\천안여자고등학교
1233,6ece9729-e862-4923-8915-20d212ec2e12,천안고등학교,충청남도,천안시 동남구,04,Y,no_file,0,0,,
1234,14c04f11-5056-40d2-9f48-79a6a6392ee3,천안여자상업고등학교,충청남도,천안시 동남구,04,Y,ok,2,0,2026학년도 천안여자상업고등학교 창체활동.pdf | 2026학년도 천안여자상업고등학교 학사일정.pdf,D:\project\MAPS\curriculum_files\충청남도\천안여자상업고등학교
1235,a0f5d426-125e-4973-ac80-d52a3f092313,북일고등학교,충청남도,천안시 동남구,04,Y,ok,1,1,2026 북일고등학교 교육과정 운영계획서(2).pdf,D:\project\MAPS\curriculum_files\충청남도\북일고등학교
1236,182699b6-719b-4681-8f5a-3fbbaddff042,북일여자고등학교,충청남도,천안시 동남구,04,Y,ok,1,0,2026학년도 북일여고 연간학사일정.hwp,D:\project\MAPS\curriculum_files\충청남도\북일여자고등학교
1237,cf124ff5-1457-402d-a94d-a43bfbb46bcd,목천고등학교,충청남도,천안시 동남구,04,Y,ok,1,0,2026 목천고등학교 학사일정.hwp,D:\project\MAPS\curriculum_files\충청남도\목천고등학교
1238,e7f635c8-1162-47be-a749-e2aa8f760ca6,대천여자상업고등학교,충청남도,보령시,04,Y,ok,1,0,2026학년도 대천여자상업고등학교 연간 학사일정.hwp,D:\project\MAPS\curriculum_files\충청남도\대천여자상업고등학교
1239,8d59d278-1894-495c-9916-e5f0294a4b38,충남해양과학고등학교,충청남도,보령시,04,Y,ok,1,0,2026학년도 충남해양과학고 연간학사일정.pdf,D:\project\MAPS\curriculum_files\충청남도\충남해양과학고등학교
1240,45c4f5db-1cb2-4068-b36b-61a0e4a2412b,웅천고등학교,충청남도,보령시,04,Y,ok,1,0,2026 웅천고 연간학사일정.pdf,D:\project\MAPS\curriculum_files\충청남도\웅천고등학교
1241,19a3f418-186f-44b5-aa42-b27ea88ab178,제주중앙여자고등학교,제주특별자치도,제주시,04,Y,ok,2,1,2026학년도 제주중앙여고 연간학사일정.pdf | 2026학년도 제주중앙여고 학교교육과정 편성·운영·평가 계획(수정).pdf,D:\project\MAPS\curriculum_files\제주특별자치도\제주중앙여자고등학교
1242,a0328d47-6f08-4d3a-b274-3724eb7f5369,제주여자상업고등학교,제주특별자치도,제주시,04,Y,ok,1,1,2026학년도 학교교육과정 편성운영 및 평가.pdf,D:\project\MAPS\curriculum_files\제주특별자치도\제주여자상업고등학교
1243,c2af87b7-5e74-4939-9d15-dbc9c5b7eb96,제주대학교사범대학부설고등학교,제주특별자치도,제주시,04,Y,ok,2,1,2026학년도 학사일정.pdf | 2026학년도 제주사대부고 학교교육과정 편성운영평가 계획.hwp,D:\project\MAPS\curriculum_files\제주특별자치도\제주대학교사범대학부설고등학교
1244,cc64f530-1631-4c53-9570-59d0460c42c7,오현고등학교,제주특별자치도,제주시,04,Y,ok,1,0,2026학년도 오현고 연간학사일정.pdf,D:\project\MAPS\curriculum_files\제주특별자치도\오현고등학교
1245,7cd8e1d3-e10a-4512-8572-5ade90526dab,대기고등학교,제주특별자치도,제주시,04,Y,ok,2,1,(1)-[3] 교육과정 편성 운영 계획.hwpx | (2) 연간 학사일정.hwpx,D:\project\MAPS\curriculum_files\제주특별자치도\대기고등학교
1246,b3deac2a-b602-4776-999c-5a400ab580f6,제주여자고등학교,제주특별자치도,제주시,04,Y,ok,2,1,2026학년도 제주여자고등학교 학교교육과정 종합 평가.pdf | 2026학년도 제주여자고등학교 연간학사일정.pdf,D:\project\MAPS\curriculum_files\제주특별자치도\제주여자고등학교
1247,cf4d939c-551f-4d02-a35b-fe95ba0d10c2,제주과학고등학교,제주특별자치도,제주시,04,Y,ok,1,0,2026학년도 제주과학고등학교 연간 학사일정.pdf,D:\project\MAPS\curriculum_files\제주특별자치도\제주과학고등학교
1248,14e8ff6b-90e6-4dc5-bddd-4b600c507297,제주제일고등학교부설방송통신고등학교,제주특별자치도,제주시,04,Y,ok,2,0,3.2026학년도 방송통신고등학교 학사일정.hwp | 방송통신고등학교 규칙(2026기준).hwp,D:\project\MAPS\curriculum_files\제주특별자치도\제주제일고등학교부설방송통신고등학교
1249,74a9c6e5-4e9e-4f46-9df2-62650f2a551f,제주고등학교,제주특별자치도,제주시,04,Y,ok,2,1,2026학년도 제주고 연간 학사일정.hwpx | 2026학년도 제주고 학교교육과정 편성·운영·평가 계획(수정).hwpx,D:\project\MAPS\curriculum_files\제주특별자치도\제주고등학교
1250,747ca584-ba54-44fd-b0c5-6b7e09a32250,제주제일고등학교,제주특별자치도,제주시,04,Y,ok,1,0,2026학년도 제주제일고등학교 연간학사일정.hwp,D:\project\MAPS\curriculum_files\제주특별자치도\제주제일고등학교
1251,f494f865-c196-4a0c-921e-ac6e1be81236,영주고등학교,제주특별자치도,제주시,04,Y,ok,1,0,2026학년도 영주고 학사 일정.hwpx,D:\project\MAPS\curriculum_files\제주특별자치도\영주고등학교
1252,856cbc29-e5d1-4a48-89dd-d9e94b231529,제주중앙고등학교,제주특별자치도,제주시,04,Y,ok,1,1,(정보공시)2026학년도 제주중앙고등학교 학교교육과정 편성·운영·평가 계획.hwp,D:\project\MAPS\curriculum_files\제주특별자치도\제주중앙고등학교
1253,5089f8a8-1865-4649-b6fc-ae9c2a2e2992,신성여자고등학교,제주특별자치도,제주시,04,Y,no_file,0,0,,
1254,cf385623-110a-4aad-9dee-50ac173e4840,남녕고등학교,제주특별자치도,제주시,04,Y,ok,2,1,2026학년도 남녕고 연간학사일정.hwpx | 2026학년도 남녕고 학교교육과정편성·운영·평가계획.hwpx,D:\project\MAPS\curriculum_files\제주특별자치도\남녕고등학교
1255,53c804ab-281b-4e4a-80c6-35822fc5ae74,한림항공우주고등학교,제주특별자치도,제주시,04,Y,ok,1,1,2026학년도 학교교육과정 편성 운영 및 평가에 관한 사항_수정.pdf,D:\project\MAPS\curriculum_files\제주특별자치도\한림항공우주고등학교
1256,c249f48f-ff2f-4c5b-8001-3c2e756ebf54,한림고등학교,제주특별자치도,제주시,04,Y,ok,1,1,2026학년도 한림고등학교 교육과정 편성-운영 및 평가 계획(수정).hwpx,D:\project\MAPS\curriculum_files\제주특별자치도\한림고등학교
1257,748c2172-8d81-42a8-bf6b-e5f2a161ad22,제주외국어고등학교,제주특별자치도,제주시,04,Y,ok,1,0,2026학년도 제주외고 연간학사일정.hwp,D:\project\MAPS\curriculum_files\제주특별자치도\제주외국어고등학교
1258,a43ba7b1-1926-4ecc-bd4e-1fc0cf93158d,애월고등학교,제주특별자치도,제주시,04,Y,ok,3,0,2025학년도 애월고 학교평가 영역 및 평가지표.pdf | 2025학년도 애월고 학교평가 결과 중 종합 의견.pdf | 2026학년도 애월고 학사일정.pdf,D:\project\MAPS\curriculum_files\제주특별자치도\애월고등학교
1259,a88316c3-0ffb-426a-9b48-7f5112747d5a,병천고등학교,충청남도,천안시 동남구,04,Y,no_file,0,0,,
1260,be2efb31-a74d-45d7-81ed-b8bbddb5c897,세화고등학교,제주특별자치도,제주시,04,Y,ok,1,0,2026학년도 새화고등학교 연간학사일정.hwpx,D:\project\MAPS\curriculum_files\제주특별자치도\세화고등학교
1261,cc733c21-7b81-41b7-94b8-8fb5aa63af6d,함덕고등학교,제주특별자치도,제주시,04,Y,ok,2,1,2025년 학교자체(교육활동 및 교육과정) 평가 및 결과.pdf | 2026학사일정.pdf,D:\project\MAPS\curriculum_files\제주특별자치도\함덕고등학교
1262,2d32f906-6060-4082-909e-39bc552af513,한마음고등학교,충청남도,천안시 동남구,04,Y,no_file,0,0,,
1263,f4aad68a-9aa7-478d-af6f-ec40a00a4a1a,천안두정고등학교,충청남도,천안시 서북구,04,Y,ok,1,1,2026 천안두정고 교육과정 편성 운영 평가 계획(정보공시).pdf,D:\project\MAPS\curriculum_files\충청남도\천안두정고등학교
1264,9c853d95-2127-440a-ab62-98fe9ed69987,천안오성고등학교,충청남도,천안시 서북구,04,Y,no_file,0,0,,
1265,c82616bf-95c7-43e8-b3c3-25ec50feeb90,천안쌍용고등학교,충청남도,천안시 서북구,04,Y,ok,2,2,2026학년도 천안쌍용고 학교교육과정 편성운영의 기본 방향.pdf | 2025학년도 교육과정 운영 평가 분석.pdf,D:\project\MAPS\curriculum_files\충청남도\천안쌍용고등학교
1266,a33b0727-45b6-42fa-8ced-da8f20554dae,천안불당고등학교,충청남도,천안시 서북구,04,Y,ok,2,1,2026학년도 천안불당고 학교교육과정 편성 운영 평가 계획.pdf | 2026학년도 천안불당고 연간학사일정.hwp,D:\project\MAPS\curriculum_files\충청남도\천안불당고등학교
1267,66000326-ceaa-4d36-a9d9-36fbe5c52a6e,천안월봉고등학교,충청남도,천안시 서북구,04,Y,ok,1,0,2026학년도 천안월봉고 연간학사일정.hwp,D:\project\MAPS\curriculum_files\충청남도\천안월봉고등학교
1268,1d291b94-ce76-4462-8c87-df9acdfb9f45,천안업성고등학교,충청남도,천안시 서북구,04,Y,no_file,0,0,,
1269,eba96f5e-6591-423e-b2ff-724d756a738c,천안신당고등학교,충청남도,천안시 서북구,04,Y,ok,1,0,연간학사일정.hwp,D:\project\MAPS\curriculum_files\충청남도\천안신당고등학교
1270,32a0fce2-b1c6-483e-ae03-6705216ed31f,천안상업고등학교,충청남도,천안시 서북구,04,Y,ok,1,0,2026학년도 연간 학사일정 계획.pdf,D:\project\MAPS\curriculum_files\충청남도\천안상업고등학교
1271,bc5d5650-0e89-47c4-9128-fc500757a0b1,충남관광보건고등학교,충청남도,천안시 서북구,04,Y,ok,1,0,2026학년도 충남관광보건고 연간학사일정.hwp,D:\project\MAPS\curriculum_files\충청남도\충남관광보건고등학교
1272,53115074-66f6-4425-9557-7aef88ab019e,한국뷰티고등학교,제주특별자치도,제주시,04,Y,ok,2,1,2026학년도 한국뷰티고 학교교육과정 편성.운영.평가 계획.hwpx | 2026학년도 한국뷰티고 연간학사일정 (2).hwpx,D:\project\MAPS\curriculum_files\제주특별자치도\한국뷰티고등학교
1273,46b090fd-aaf4-489a-bc49-6216ecbb5c00,충남예술고등학교,충청남도,천안시 서북구,04,Y,no_file,0,0,,
1274,de3a4b86-572a-4709-9eff-29c7fc2041e1,서귀포여자고등학교,제주특별자치도,서귀포시,04,Y,ok,2,1,2026학년도 서귀포여자고등학교 연간 학사 일정.hwp | 2026학년도 서귀포여자고등학교 학교교육과정 편성 운영 평가 계획 수정.hwpx,D:\project\MAPS\curriculum_files\제주특별자치도\서귀포여자고등학교
1275,b934f68d-159a-4248-9e65-8070d0c9dbc1,남주고등학교,제주특별자치도,서귀포시,04,Y,no_file,0,0,,
1276,2b13df38-7a47-4ec9-a2c8-5869be36d9b3,서귀포고등학교,제주특별자치도,서귀포시,04,Y,ok,2,1,2026학년도 학교교육과정 편성·운영 및 평가계획.pdf | 2026학사일정_최종(노동절 반영).pdf,D:\project\MAPS\curriculum_files\제주특별자치도\서귀포고등학교
1277,71ccfae9-c229-4345-95a0-dd72d564e9ed,서귀포산업과학고등학교,제주특별자치도,서귀포시,04,Y,ok,4,1,2026학년도 학사일정.pdf | 2026학년도 창의적 체험활동.pdf | 2025 제주형 자율학교 자체 평가(서귀포산업과학고).pdf | 2026 제주형 자율학교 교육과정 평가 계획.hwp,D:\project\MAPS\curriculum_files\제주특별자치도\서귀포산업과학고등학교
1278,7a859175-c8a5-43ad-8054-6f39f3576388,삼성여자고등학교,제주특별자치도,서귀포시,04,Y,ok,1,0,2026학년도 연간 학사 일정.pdf,D:\project\MAPS\curriculum_files\제주특별자치도\삼성여자고등학교
1279,f2d21e5d-333e-42e7-92e7-708e25dc9a1e,중문고등학교,제주특별자치도,서귀포시,04,Y,ok,1,1,2026학년도 학교교육과정 편성운영 및 평가에 관한 사항.pdf,D:\project\MAPS\curriculum_files\제주특별자치도\중문고등학교
1280,be32b00d-2e69-413d-b03b-dcbc5bd90564,대정고등학교,제주특별자치도,서귀포시,04,Y,ok,2,1,"2026학년도 대정고 연간학사일정.pdf | 2026학년도 대정고 학교교육과정 편성,운영 및 평가에 관한 사항(수정).pdf",D:\project\MAPS\curriculum_files\제주특별자치도\대정고등학교
1281,fc02ede1-378b-4a08-adea-e8d5e4db8557,대정여자고등학교,제주특별자치도,서귀포시,04,Y,ok,1,0,2026학년도 대정여고 연간학사일정.hwp,D:\project\MAPS\curriculum_files\제주특별자치도\대정여자고등학교
1282,7f8d82ba-f50d-4a44-b6b9-5bf9a5cb0de7,성산고등학교,제주특별자치도,서귀포시,04,Y,ok,1,1,2026학년도 성산고 학교교육과정 편성ㆍ운영ㆍ평가 계획.pdf,D:\project\MAPS\curriculum_files\제주특별자치도\성산고등학교
1283,38c7e3ae-edf3-452b-800b-4b5a81a9be4c,국립공주대학교사범대학부설고등학교,충청남도,공주시,04,Y,ok,1,1,2026학년도 공주대부설고 학교교육과정 편성운영평가계획.hwp,D:\project\MAPS\curriculum_files\충청남도\국립공주대학교사범대학부설고등학교
1284,e308ba68-dfc4-47c0-a57c-2adf2ee283aa,공주고등학교,충청남도,공주시,04,Y,ok,1,0,2026학년도 학사일정.pdf,D:\project\MAPS\curriculum_files\충청남도\공주고등학교
1285,5e5cd9e9-4ba7-4d66-8577-3d066c20871f,공주영명고등학교,충청남도,공주시,04,Y,ok,1,0,2026학년도 공주영명고 학사일정.pdf,D:\project\MAPS\curriculum_files\충청남도\공주영명고등학교
1286,27d6ffc9-c814-47db-8482-5da9774bb242,공주금성여자고등학교,충청남도,공주시,04,Y,ok,1,1,2026학년도 학교교육과정 편성ㆍ운영 및 평가 계획.hwp,D:\project\MAPS\curriculum_files\충청남도\공주금성여자고등학교
1287,2b38d149-0e9e-4b7a-a529-81a52d4c8213,공주여자고등학교,충청남도,공주시,04,Y,no_file,0,0,,
1288,418f5d50-2f0b-4aa1-a253-83e54fe199d8,공주생명과학고등학교,충청남도,공주시,04,Y,no_file,0,0,,
1289,15fbb437-58df-4291-8268-a3a06b38ff18,공주정보고등학교,충청남도,공주시,04,Y,ok,4,2,2026학년도 소방안전과 3개년 교육과정 편제표.hwp | 2026학년도 보건간호과 3개년 교육과정 편제표.hwp | 2026학년도 학사일정(안).hwpx | 2026학년도 창의적 체험활동 영역별 연간 운영 계획서.hwp,D:\project\MAPS\curriculum_files\충청남도\공주정보고등학교
1290,4786294c-d278-4c33-ac33-2e2cf63c4923,공주마이스터고등학교,충청남도,공주시,04,Y,ok,1,1,학교교육과정편성운영.pdf,D:\project\MAPS\curriculum_files\충청남도\공주마이스터고등학교
1291,c68b97ac-bbf6-4d29-b528-5bcba85c1879,표선고등학교,제주특별자치도,서귀포시,04,Y,ok,1,0,학교교육과정 편성 운영 평가 계획 및 학사일정(1).pdf,D:\project\MAPS\curriculum_files\제주특별자치도\표선고등학교
1292,319089c6-1bf6-4896-a9f1-cf1b38c03015,충남과학고등학교,충청남도,공주시,04,Y,ok,2,1,2026학년도 충남과학고 학사일정(제헌절 수정안).hwp | 2026학년도 학교교육과정 운영계획서(안).hwpx,D:\project\MAPS\curriculum_files\충청남도\충남과학고등학교
1293,1c5cd186-0f6d-4d79-99da-e9b8ceab4ea6,한일고등학교,충청남도,공주시,04,Y,ok,2,1,2026학년도 전학년 교육과정편제표(한일고).hwp | 2026학년도 연간 창의적체험활동 운영 계획_수정_04.02..hwp,D:\project\MAPS\curriculum_files\충청남도\한일고등학교
1294,44ccdaa7-0d09-4224-a401-a2614ccefe21,경산여자고등학교,경상북도,경산시,04,Y,ok,1,1,2026학년도 경산여자고등학교 교육과정 편성 운영 평가계획.hwp,D:\project\MAPS\curriculum_files\경상북도\경산여자고등학교
1295,b8385ba3-c8c4-40d0-a37d-5c2c72f51ee3,홍성공업고등학교,충청남도,홍성군,04,Y,ok,1,1,2026학년도 학교교육과정 운영계획서.hwp,D:\project\MAPS\curriculum_files\충청남도\홍성공업고등학교
1296,2bfe57e3-c854-4f32-9737-e39986adbdf6,대구가톨릭대학교사범대학부속무학고등학교,경상북도,경산시,04,Y,ok,3,1,2026학년도 무학고등학교 연간 체험활동 계획.xlsx | 2026학년도 무학고등학교 연간학사일정.pdf | 2024-2026학년도 입학생 3개년 교육과정 편성표.xlsx,D:\project\MAPS\curriculum_files\경상북도\대구가톨릭대학교사범대학부속무학고등학교
1297,b0fd6528-8825-4a27-8701-d33174455697,포항예술고등학교,경상북도,포항시 북구,04,Y,ok,1,0,2026학년도 포항예술고학교 운영계획서.pdf,D:\project\MAPS\curriculum_files\경상북도\포항예술고등학교
1298,93cd9758-416e-4e5a-b42e-7481e220275b,경산고등학교,경상북도,경산시,04,Y,ok,2,2,현2학년_2025학년도 입학생 3개년 교육과정 편성표_경산고.pdf | 현3학년_2024학년도 입학생 3개년 교육과정 편성표_경산고.pdf,D:\project\MAPS\curriculum_files\경상북도\경산고등학교
1299,0544b884-225b-41db-aa51-5ffd59c7baeb,충남반도체마이스터고등학교,충청남도,예산군,04,Y,ok,6,4,전년도 교육과정 운영 결과 분석.hwp | 창의적체험활동 운영 계획.hwp | 2024~2026학년도 입학생 교육과정 편제표(충남반도체마이스터고등학교).hwp | 학교교육과정 운영 평가 계획.hwp | 학교교육과정 편성 기본 방침 및 학교교육과정위원회 조직 및 운영.hwp | 학사일정.hwp,D:\project\MAPS\curriculum_files\충청남도\충남반도체마이스터고등학교
1300,a7d782db-e069-49fb-b8c2-da5997f22a11,화령고등학교,경상북도,상주시,04,Y,ok,1,0,2026학년도 화령고등학교 연간학사일정.pdf,D:\project\MAPS\curriculum_files\경상북도\화령고등학교
1301,9fd6e3cb-5d77-42d0-804d-dd46f0b07518,다인정보고등학교,경상북도,의성군,04,Y,no_file,0,0,,
1302,65ced29c-7aa4-4386-a6f5-0e7f4f98407b,예산예화여자고등학교,충청남도,예산군,04,Y,ok,1,0,2026학년도 예산예화여고 연간학사일정.hwp,D:\project\MAPS\curriculum_files\충청남도\예산예화여자고등학교
1303,a49b4ad9-9c63-45da-adf3-95b46497d76c,예산고등학교,충청남도,예산군,04,Y,ok,2,0,2026학년도 예산고등학교 학사일정.hwpx | 2026학년도 창의적체험활동 운영 일정(정리자료).xlsx,D:\project\MAPS\curriculum_files\충청남도\예산고등학교
1304,22169b68-6e5d-4fdc-a49b-d69bb531377f,예산여자고등학교,충청남도,예산군,04,Y,no_file,0,0,,
1305,675cf974-b9a8-4429-ba44-8b79f84211ae,한국식품마이스터고등학교,충청남도,부여군,04,Y,ok,1,0,260401_정보공시_2026학년도 학사일정(안).pdf,D:\project\MAPS\curriculum_files\충청남도\한국식품마이스터고등학교
1306,dc006930-a499-4499-a72b-9e22880324c5,청양고등학교,충청남도,청양군,04,Y,ok,2,1,2026학년도 청양고 연간학사일정.pdf | 2026학년도 청양고 학교교육과정 편성 및 운영 계획.pdf,D:\project\MAPS\curriculum_files\충청남도\청양고등학교
1307,4ab94899-03f5-418f-a2fd-f8ca041a1e1b,갈산고등학교,충청남도,홍성군,04,Y,no_file,0,0,,
1308,a4ea451e-dc72-4227-922d-669ad0b175ad,성주여자고등학교,경상북도,성주군,04,Y,no_file,0,0,,
1309,7ca22143-e63e-43d0-9490-a1a1b47ea11e,부여전자고등학교,충청남도,부여군,04,Y,ok,2,0,(정보공시) 부여전자고 연간 학사일정표.pdf | 연간수업일수확보 계획표(부여전자고).pdf,D:\project\MAPS\curriculum_files\충청남도\부여전자고등학교
1310,12ad5318-84dd-4b54-89dd-647b0aee7ea9,정산고등학교,충청남도,청양군,04,Y,no_file,0,0,,
1311,32510e11-8d20-43a9-9998-a86f7d83772c,장항고등학교,충청남도,서천군,04,Y,no_file,0,0,,
1312,68ffc950-3d0a-4a59-85b6-241ca6ad0210,장항공업고등학교,충청남도,서천군,04,Y,no_file,0,0,,
1313,fc2db668-519a-4359-a465-764a92c5d267,청송여자고등학교,경상북도,청송군,04,Y,no_file,0,0,,
1314,d7162fd0-c59a-475a-9a2a-8896621c9b92,서천여자고등학교,충청남도,서천군,04,Y,ok,1,1,2026학년도 학교교육과정 운영계획서.pdf,D:\project\MAPS\curriculum_files\충청남도\서천여자고등학교
1315,b9cdb8ef-9b00-4489-8bb3-9028fe0564d6,서천고등학교,충청남도,서천군,04,Y,no_file,0,0,,
1316,c38f65c3-e02a-4f7a-943c-59f3249e4d97,비전고등학교,충청남도,서천군,04,Y,ok,2,2,교육과정편제표(2024~2026).hwp | 2026학년도 학교교육과정 운영계획서.pdf,D:\project\MAPS\curriculum_files\충청남도\비전고등학교
1317,2218ac1f-d9fb-4082-8b54-39a4b0d16706,한국미래문화고등학교,충청남도,서천군,04,Y,no_file,0,0,,
1318,edebf3f8-61f5-4eda-baad-b547d37177e7,경북체육고등학교,경상북도,경산시,04,Y,ok,2,1,2026학년도 경북체육중·고등학교 연간학사일정.hwp | 2026학년도 경북체육 중·고등학교 학교교육과정 편성·운영·평가 계획.hwp,D:\project\MAPS\curriculum_files\경상북도\경북체육고등학교
1319,21ef5a49-f4a6-4e69-b6f4-886b4d47f9eb,홍주고등학교,충청남도,홍성군,04,Y,no_file,0,0,,
1320,70d2daae-18e8-4ac0-890e-d87375b9fac6,홍성여자고등학교,충청남도,홍성군,04,Y,ok,1,1,2026학년도 홍성여자고 학교교육과정 편성운영평가계획.pdf,D:\project\MAPS\curriculum_files\충청남도\홍성여자고등학교
1321,a9e90e3f-67ba-4e1e-b125-19ea2d52c7eb,한국K-POP고등학교,충청남도,홍성군,04,Y,no_file,0,0,,
1322,1d0a5e17-be65-4c55-b283-f578f4c1628b,서해삼육고등학교,충청남도,홍성군,04,Y,no_file,0,0,,
1323,e0360c80-dd4e-4939-9ae6-0ed301b19817,충남드론항공고등학교,충청남도,홍성군,04,Y,no_file,0,0,,
1324,8062a817-ab68-49f1-8f8b-71229a24b200,사동고등학교,경상북도,경산시,04,Y,no_file,0,0,,
1325,77ba67dd-ed43-4675-a0f8-7d2f66a6a9d8,청송고등학교,경상북도,청송군,04,Y,no_file,0,0,,
1326,be90c23b-d403-49ef-9787-a525c6c76035,충남디자인예술고등학교,충청남도,서천군,04,Y,no_file,0,0,,
1327,c44d40fe-0def-4799-b0a5-de37f4daabf4,홍성고등학교,충청남도,홍성군,04,Y,ok,2,1,2026학년도 학사일정_정보공시용.hwp | 2026학년도 홍성고 학교교육과정 편성 운영 및 평가 계획(정보공시).hwp,D:\project\MAPS\curriculum_files\충청남도\홍성고등학교
1328,ff5c9c58-1bd4-4abe-8adb-d52436943b70,홍성고등학교부설방송통신고등학교,충청남도,홍성군,04,Y,no_file,0,0,,
1329,098725ee-77ba-43a0-a496-76c8651c1f57,호서고등학교,충청남도,당진시,04,Y,no_file,0,0,,
1330,db1704af-f0fd-4177-9d8d-f8d43006aead,당진고등학교,충청남도,당진시,04,Y,ok,1,1,2026학년도 당진고 학교교육과정 편성·운영·평가 계획.hwp,D:\project\MAPS\curriculum_files\충청남도\당진고등학교
1331,1b1ce731-969a-44fe-8b50-0f120df26ea8,당진정보고등학교,충청남도,당진시,04,Y,ok,1,1,2026학년도 당진정보고 학교교육과정 편성.운영.평가 계획.hwp,D:\project\MAPS\curriculum_files\충청남도\당진정보고등학교
1332,4f8223e0-ab3d-491a-b6f8-3619523f79a0,합덕고등학교,충청남도,당진시,04,Y,ok,1,0,2026학년도 학사일정.hwpx,D:\project\MAPS\curriculum_files\충청남도\합덕고등학교
1333,01771d05-af97-4336-adeb-0810c8461625,합덕제철고등학교,충청남도,당진시,04,Y,ok,2,2,"2026년, 2025년, 2024년  입학생의 교육과정 편제표(최종).hwpx | 2026년, 2025년, 2024년 입학생의 실무과목 능력단위 편성표(최종).hwp",D:\project\MAPS\curriculum_files\충청남도\합덕제철고등학교
1334,aec661bd-71f8-4d61-b75f-59df328591e6,서야고등학교,충청남도,당진시,04,Y,no_file,0,0,,
1335,a8b7eea2-c107-4949-bcaa-f8108320fbda,송악고등학교,충청남도,당진시,04,Y,no_file,0,0,,
1336,973e571c-6ffa-443f-b49a-44a01509aea8,부여여자고등학교,충청남도,부여군,04,Y,no_file,0,0,,
1337,659c70dc-9fcc-4242-a071-b72a8e41d91e,부여고등학교,충청남도,부여군,04,Y,no_file,0,0,,
1338,55661ba7-8976-4006-a259-c9b06bdfb1d8,부여정보고등학교,충청남도,부여군,04,Y,ok,3,2,2026학년도 교육과정 평가 계획.pdf | 교육과정편성 운영계획.pdf | 체험학습 창의적 체험활동 계획.pdf,D:\project\MAPS\curriculum_files\충청남도\부여정보고등학교
1339,18ba585f-1719-449c-91a3-3ce7dbc2b4c6,신평고등학교,충청남도,당진시,04,Y,no_file,0,0,,
1340,b818e17d-1462-4a87-876a-98304153f0cb,금산고등학교,충청남도,금산군,04,Y,ok,1,0,2026학년도 학사일정_정보공시용.hwp,D:\project\MAPS\curriculum_files\충청남도\금산고등학교
1341,452e27a2-6050-4900-aea1-76fce1e8060d,금산여자고등학교,충청남도,금산군,04,Y,ok,2,1,2026학년도 금산여자고등학교 학사일정(안).hwp | 2026학년도 학교교육과정 운영계획.hwp,D:\project\MAPS\curriculum_files\충청남도\금산여자고등학교
1342,9f38add8-cdad-4de3-b743-1bb2c9c26932,금산산업고등학교,충청남도,금산군,04,Y,ok,1,1,2026학년도 금산산업고등학교 학교교육과정 편성·운영 및 평가계획.pdf,D:\project\MAPS\curriculum_files\충청남도\금산산업고등학교
1343,f7093d41-443d-4e5d-9e07-ad87f68a8696,주산산업고등학교,충청남도,보령시,04,Y,no_file,0,0,,
1344,53847e70-48d3-4a6d-9d9b-64cd768f4eba,서산공업고등학교,충청남도,서산시,04,Y,ok,1,0,2026학년도 서산공업고등학교 체험활동 계획.hwpx,D:\project\MAPS\curriculum_files\충청남도\서산공업고등학교
1345,31a780b3-9272-4472-ac17-c4037fefc25c,서산고등학교,충청남도,서산시,04,Y,ok,1,1,2026학년도 서산고등학교 교육과정 운영계획서.pdf,D:\project\MAPS\curriculum_files\충청남도\서산고등학교
1346,eaf5025e-570c-4c8e-a4b0-88a8060dbfac,쌘뽈여자고등학교,충청남도,논산시,04,Y,ok,4,1,2026 창의적 체험활동 운영.hwp | 2026학년도 쌘뽈여자고등학교 교육과정 편제 계획.hwpx | 탐구형 교과 운영.hwp | 2026학년도 학사 일정.hwp,D:\project\MAPS\curriculum_files\충청남도\쌘뽈여자고등학교
1347,92c3091b-fb7e-4635-b372-4c648bba1956,국방항공고등학교,충청남도,논산시,04,Y,ok,2,0,2026학년도 국방항공고 연간학사일정.hwp | 정보공시 수정-2026학년도 국방항공고 1학기 1학년 전과목 교수학습 및 평가계획(5.11.).hwp,D:\project\MAPS\curriculum_files\충청남도\국방항공고등학교
1348,027c51ee-2569-48de-8cc2-0de6bdfd5091,논산여자고등학교,충청남도,논산시,04,Y,ok,1,0,2026학년도 학사일정.pdf,D:\project\MAPS\curriculum_files\충청남도\논산여자고등학교
1349,432aac4a-acff-49f9-b005-474985823018,충남체육고등학교,충청남도,논산시,04,Y,no_file,0,0,,
1350,e41b049c-031c-4e37-8df0-9186504cd36f,논산대건고등학교,충청남도,논산시,04,Y,ok,1,0,2026학년도 논산대건고 연간학사일정.xlsx,D:\project\MAPS\curriculum_files\충청남도\논산대건고등학교
1351,56bfbe03-808b-4c38-9031-38829536c170,논산고등학교,충청남도,논산시,04,Y,no_file,0,0,,
1352,fddaa2db-e9a0-4171-be85-1089e6926a6f,논산여자상업고등학교,충청남도,논산시,04,Y,ok,1,1,2026학년도 논산여자상업고등학교 학교교육과정 편성 운영 평가 계획.pdf,D:\project\MAPS\curriculum_files\충청남도\논산여자상업고등학교
1353,d4038d3b-30fe-47ef-b998-e182af3ad1e2,온양고등학교,충청남도,아산시,04,Y,no_file,0,0,,
1354,4cb99d79-93ad-45cf-bb90-e495d95d42b2,아산고등학교,충청남도,아산시,04,Y,no_file,0,0,,
1355,f26e35e5-7859-4148-a6ec-2328cdd6bf20,온양여자고등학교,충청남도,아산시,04,Y,ok,4,1,2026학년도 월별 학사일정(교무운영부).hwp | 2026학년도 전학년 교육과정 편제표(온양여자고).hwp | 2026 창의적 체험활동 운영계획.hwp | 2026 학교 기본 방향.hwp,D:\project\MAPS\curriculum_files\충청남도\온양여자고등학교
1356,579b4106-6d3a-43b3-bb14-c37f8ea34d9e,온양용화고등학교,충청남도,아산시,04,Y,ok,1,1,2026학년도 온양용화고등학교 학교교육과정 운영 계획서(4.27).zip,D:\project\MAPS\curriculum_files\충청남도\온양용화고등학교
1357,0df272bc-330a-4139-832b-4e5b399228ee,한올고등학교,충청남도,아산시,04,Y,ok,1,1,2026학년도 한올고등학교 학교교육과정운영계획서.pdf,D:\project\MAPS\curriculum_files\충청남도\한올고등학교
1358,4bd41153-ef54-46a4-9a63-0350c719ea4f,강경고등학교,충청남도,논산시,04,Y,ok,1,0,2026학년도 강경고 연간학사일정.pdf,D:\project\MAPS\curriculum_files\충청남도\강경고등학교
1359,dea5836f-72e5-4a06-bd1a-01d23cc25232,강경상업고등학교,충청남도,논산시,04,Y,ok,4,1,2026학년도 재학생 교육과정 편제표(강경상업고).hwpx | 2026학년도 창의적체험활동 운영계획(강경상업고).hwpx | 2026학년도 학사일정(강경상업고).hwpx | 2026학년도 학교자체평가 운영 계획(강경상업고).hwpx,D:\project\MAPS\curriculum_files\충청남도\강경상업고등학교
1360,0d6826bb-e9fb-4a72-aca3-9a6fd8c944b7,연무마이스터고등학교,충청남도,논산시,04,Y,no_file,0,0,,
1361,c7a27309-ee7c-4b16-949c-0cca50598693,연무고등학교,충청남도,논산시,04,Y,ok,4,2,2026학년도 학사일정(연무고).pdf | 2026학년도 연무고 체험활동 계획.pdf | 2026학년도 학교교육과정 운영계획서1.pdf | 2026학년도 학교교육과정 운영계획서2.pdf,D:\project\MAPS\curriculum_files\충청남도\연무고등학교
1362,e2616f53-004d-43f2-a60a-e6b1a0b03209,금산하이텍고등학교,충청남도,금산군,04,Y,no_file,0,0,,
1363,54054e29-932c-436f-9825-9e9f30c58408,배방고등학교,충청남도,아산시,04,Y,ok,1,0,2026학년도 배방고 연간학사일정.hwp,D:\project\MAPS\curriculum_files\충청남도\배방고등학교
1364,8d964d22-c3fb-41cf-8588-c57103f12bac,이순신고등학교,충청남도,아산시,04,Y,ok,1,1,2026학년도 학교교육과정운영계획.pdf,D:\project\MAPS\curriculum_files\충청남도\이순신고등학교
1365,e23cb773-7186-42c7-9c24-7a5fa383c6a4,설화고등학교,충청남도,아산시,04,Y,ok,2,0,교과 및 창의적체험활동 계획.pdf | 2026학년도 학사일정.pdf,D:\project\MAPS\curriculum_files\충청남도\설화고등학교
1366,2cc4bf9c-428c-4092-8907-70f85849a944,충남외국어고등학교,충청남도,아산시,04,Y,ok,1,0,2026학년도 연간 학사일정.hwp,D:\project\MAPS\curriculum_files\충청남도\충남외국어고등학교
1367,0d83998e-0224-4557-9626-adc241405aee,충남삼성고등학교,충청남도,아산시,04,Y,ok,2,1,2026학년도 충남삼성고등학교 학교교육과정 편성·운영 및 평가 계획.pdf | 2026학년도 충남삼성고등학교 연간학사일정.pdf,D:\project\MAPS\curriculum_files\충청남도\충남삼성고등학교
1368,32153fba-3ec1-492b-a70f-2572b3ea7029,아산스마트팩토리마이스터고등학교,충청남도,아산시,04,Y,no_file,0,0,,
1369,a8db4b47-0f18-4295-bc58-04203c237fe4,아산충무고등학교,충청남도,아산시,04,Y,ok,1,0,2026학년도 아산충무고등학교 학사일정.pdf,D:\project\MAPS\curriculum_files\충청남도\아산충무고등학교
1370,2e082cf4-5c95-43b4-8627-e1f4acf3a2d4,한국국제비즈니스고등학교,충청남도,논산시,04,Y,no_file,0,0,,
1371,7801317a-7506-4fe0-a891-63d70527734f,건양대학교병설건양고등학교,충청남도,논산시,04,Y,ok,1,1,2026학년도 건양대학교병설건양고등학교 참학력 고등학교 교육과정 운영계획서(공시용).pdf,D:\project\MAPS\curriculum_files\충청남도\건양대학교병설건양고등학교
1372,a368e798-3504-4111-8c5f-da40f71c72f0,서령고등학교,충청남도,서산시,04,Y,ok,2,0,2026학년도 연간학사일정(서령고).pdf | 2026학년도 학교교육과정 편성운영 및 평가에 관한 사항(교과 체험활동 계획 포함).pdf,D:\project\MAPS\curriculum_files\충청남도\서령고등학교
1373,ab25433e-a652-42be-8b07-2035df6452c3,서산중앙고등학교,충청남도,서산시,04,Y,no_file,0,0,,
1374,c739f62c-c4c6-4ef8-99d8-f4e5fdab2208,서산여자고등학교,충청남도,서산시,04,Y,ok,1,0,2026학년도 서산여자고등학교 연간학사일정.pdf,D:\project\MAPS\curriculum_files\충청남도\서산여자고등학교
1375,0e372269-a54c-4287-8abc-19071f29f72d,대산고등학교,충청남도,서산시,04,Y,ok,1,0,2026학년도 학사일정 운영계획(대산고)(정보공시).hwp,D:\project\MAPS\curriculum_files\충청남도\대산고등학교
1376,824cca81-8d1c-4475-83dd-70a8184db1d1,부석고등학교,충청남도,서산시,04,Y,ok,1,1,2026 부석고 학교교육과정 편성운영평가 계획.pdf,D:\project\MAPS\curriculum_files\충청남도\부석고등학교
1377,c12fdd06-35be-4931-be11-9168850d4321,계룡고등학교,충청남도,계룡시,04,Y,no_file,0,0,,
1378,2d9a976c-4e50-4e81-9def-577ca99e7ad9,용남고등학교,충청남도,계룡시,04,Y,no_file,0,0,,
1379,8eb76487-d2aa-4311-aa5a-67b14264e526,서일고등학교,충청남도,서산시,04,Y,ok,1,0,2026학년도 서일고 연간학사일정.pdf,D:\project\MAPS\curriculum_files\충청남도\서일고등학교
1380,b0f4e7bc-27fe-4172-9eba-6ba6245b7d96,광혜원고등학교,충청북도,진천군,04,Y,no_file,0,0,,
1381,57b5a970-9a1b-4f53-948c-79c8417e2004,국원고등학교,충청북도,충주시,04,Y,ok,2,1,2026학년도 국원고 학교교육과정 편성운영평가 계획.hwpx | 2026학년도 창의적 체험활동 시수표.xlsx,D:\project\MAPS\curriculum_files\충청북도\국원고등학교
1382,6c91c4af-ba5c-4ffe-9de9-af7b7d4f2825,성남외국어고등학교,경기도,성남시 분당구,04,Y,ok,1,1,학교교육과정 편성·운영·평가 계획(2026 성남외고).pdf,D:\project\MAPS\curriculum_files\경기도\성남외국어고등학교
1383,8f5b5596-169a-4804-b502-76a9cca4910d,보평고등학교,경기도,성남시 분당구,04,Y,ok,1,0,2026학년도 학사일정.hwpx,D:\project\MAPS\curriculum_files\경기도\보평고등학교
1384,86d9a259-e3b8-456b-b2eb-706b19a8b24d,청원고등학교,충청북도,청주시 청원구,04,Y,ok,1,0,2026. 학사일정(청원고).hwpx,D:\project\MAPS\curriculum_files\충청북도\청원고등학교
1385,006885cc-1223-4cbe-98a8-c170e73c4a07,목도고등학교,충청북도,괴산군,04,Y,no_file,0,0,,
1386,df45734d-93dd-4af2-b25b-0a8caa864bd6,대금고등학교,충청북도,음성군,04,Y,ok,1,0,2026학년도 대금고 연간학사일정.pdf,D:\project\MAPS\curriculum_files\충청북도\대금고등학교
1387,e5a037cf-8087-4f3f-9bd3-cc241d83f43e,경북세무고등학교,경상북도,포항시 북구,04,Y,no_file,0,0,,
1388,2f539b3f-d494-4358-adc8-fe1de8aa51d7,충북반도체고등학교,충청북도,음성군,04,Y,ok,1,0,2026.연간학사일정.hwp,D:\project\MAPS\curriculum_files\충청북도\충북반도체고등학교
1389,0958b42c-fec3-4f9b-8162-9c9852d08ab3,풍양고등학교,경상북도,예천군,04,Y,no_file,0,0,,
1390,d9da58dc-2cf1-4289-b02a-67146aaabbae,경주예일고등학교,경상북도,경주시,04,Y,ok,1,0,2026학년도 경주예일고 연간학사일정.pdf,D:\project\MAPS\curriculum_files\경상북도\경주예일고등학교
1391,599b414d-c34a-4caa-8105-e1777b2a7cbb,북삼고등학교,경상북도,칠곡군,04,Y,ok,1,1,2026학년도 교육과정혁신부 운영 계획.hwp,D:\project\MAPS\curriculum_files\경상북도\북삼고등학교
1392,ecdb9cce-f5b6-4478-9045-eb895906d8a0,청주IT과학고등학교,충청북도,청주시 서원구,04,Y,ok,1,0,2025학년도 학교 경영 평가 결과.xlsx,D:\project\MAPS\curriculum_files\충청북도\청주IT과학고등학교
1393,5ffb93d7-bb1d-466e-a47e-c248dee9eb1b,충주공업고등학교,충청북도,충주시,04,Y,no_file,0,0,,
1394,daab2029-e5a2-4d9e-80ed-3644233969b1,충주여자고등학교,충청북도,충주시,04,Y,no_file,0,0,,
1395,fd7f248f-edcb-4da7-9797-50ed8bb66792,석적고등학교,경상북도,칠곡군,04,Y,no_file,0,0,,
1396,6cea9c38-fc49-444e-90cd-a20adcaff8ee,중앙탑고등학교,충청북도,충주시,04,Y,ok,1,0,★2026학년도 중앙탑고 학사일정.hwp,D:\project\MAPS\curriculum_files\충청북도\중앙탑고등학교
1397,ec1a4406-8f7c-40fe-9915-ef2351f30fa3,괴산고등학교,충청북도,괴산군,04,Y,no_file,0,0,,
1398,7c616e74-c681-464b-a153-53005d2ba25f,충북공업고등학교,충청북도,청주시 흥덕구,04,Y,ok,1,1,2026학년도 충북공업고등학교 학교교육과정 편성·운영·평가 계획.hwp,D:\project\MAPS\curriculum_files\충청북도\충북공업고등학교
1399,c2bc7bc8-a585-4d42-b20c-11c1701dd4fb,충북대학교사범대학부설고등학교,충청북도,청주시 흥덕구,04,Y,ok,1,0,2026. 정보공시.pdf,D:\project\MAPS\curriculum_files\충청북도\충북대학교사범대학부설고등학교
1400,34aa226b-11fd-498e-ad77-384c2a828bbd,충북예술고등학교,충청북도,청주시 흥덕구,04,Y,ok,1,0,2026학년도 학사일정 및 수업일수 확보 계획 수정안.hwp,D:\project\MAPS\curriculum_files\충청북도\충북예술고등학교
1401,9a23870b-6034-4fc3-a0b0-75c3247141a4,서원고등학교,충청북도,청주시 흥덕구,04,Y,no_file,0,0,,
1402,66c8568c-27c8-4472-a039-ad50dd4b6c02,명인고등학교,경상북도,성주군,04,Y,ok,2,1,교육과정 편제표.hwpx | 2026학년도(학사일정표).hwp,D:\project\MAPS\curriculum_files\경상북도\명인고등학교
1403,baa66d6c-b187-4039-81ba-98b92e9ecb6a,양청고등학교,충청북도,청주시 청원구,04,Y,ok,2,1,"2026학년도 양청고 연간학사일정.hwp | 2026학년도 양청고 학교교육과정 편성, 운영, 평가 계획.hwp",D:\project\MAPS\curriculum_files\충청북도\양청고등학교
1404,64e6b4cf-b333-4935-954d-d11a6a57ff77,황간고등학교,충청북도,영동군,04,Y,no_file,0,0,,
1405,f1f0b1fb-1b34-4419-85eb-a6902942f01d,양업고등학교,충청북도,청주시 흥덕구,04,Y,no_file,0,0,,
1406,d1afdbf6-7c05-4289-b926-ebf60746131e,대성여자상업고등학교,충청북도,청주시 상당구,04,Y,ok,1,1,2026. 교육과정 편성 운영 규정(학교 규정) 2026.03.23..pdf,D:\project\MAPS\curriculum_files\충청북도\대성여자상업고등학교
1407,a5521d4d-caa8-4c69-843f-71f48115b3fb,청주고등학교,충청북도,청주시 흥덕구,04,Y,ok,1,0,2026학년도 학사일정.pdf,D:\project\MAPS\curriculum_files\충청북도\청주고등학교
1408,f0dc456a-68dd-47f6-baed-f1545b39abde,충북외국어고등학교,충청북도,청주시 흥덕구,04,Y,no_file,0,0,,
1409,43a44061-c21b-4d16-b1bf-bd700a3e962a,청주고등학교부설방송통신고등학교,충청북도,청주시 흥덕구,04,Y,ok,1,0,2026. 청주고부설방송통신고등학교 운영 계획서(탑재).pdf,D:\project\MAPS\curriculum_files\충청북도\청주고등학교부설방송통신고등학교
1410,123032cc-afe3-4130-be5d-4181a08fe28f,흥덕고등학교,충청북도,청주시 흥덕구,04,Y,ok,1,0,2026학년도 창의적 체험활동 계획(3.23. 수정).hwp,D:\project\MAPS\curriculum_files\충청북도\흥덕고등학교
1411,d7893c31-8931-4398-aca6-64e44808b361,한봄고등학교,경기도,수원시 권선구,04,Y,ok,1,1,2026학년도 한봄고등학교 교육과정 편성·운영·평가 계획.pdf,D:\project\MAPS\curriculum_files\경기도\한봄고등학교
1412,21540360-df5e-4b83-9baa-8fe711962c9c,충북과학고등학교,충청북도,청주시 상당구,04,Y,ok,1,0,2026학년도 충북과학고등학교 연간학사일정.hwp,D:\project\MAPS\curriculum_files\충청북도\충북과학고등학교
1413,994e9a8c-a8db-4996-9323-407f9269805e,제천제일고등학교,충청북도,제천시,04,Y,ok,1,1,2026학년도 학교교육과정 편성 운영 및 평가 계획.hwpx,D:\project\MAPS\curriculum_files\충청북도\제천제일고등학교
1414,aeb96662-cbb7-4895-910e-bc0c9f589024,한국교원대학교부설고등학교,충청북도,청주시 흥덕구,04,Y,ok,1,1,2026학년도 한국교원대부설고등학교 학교교육과정 편성 운영 평가 계획.hwp,D:\project\MAPS\curriculum_files\충청북도\한국교원대학교부설고등학교
1415,d6dae484-abf6-487c-b8c0-e080cfd59d3a,포항동성고등학교,경상북도,포항시 남구,04,Y,ok,5,3,2025학년도 입학생 3개년 교육과정 편성표(포항동성고).xlsx | 2026학년도 입학생 3개년 교육과정 편성표(포항동성고).xlsx | 2026학년도 전학년 교육과정 편성표(포항동성고).xlsx | 2026학년도 학사력(최종).hwp | 2026학년도 창의적 체험활동 연간편성 운영계획.hwp,D:\project\MAPS\curriculum_files\경상북도\포항동성고등학교
1416,fb5db440-5490-4a62-96c1-3ec3dff1b350,충북체육고등학교,충청북도,진천군,04,Y,no_file,0,0,,
1417,f2b9b1e7-bd4a-42c2-8338-2e6701f5a5e3,오송고등학교,충청북도,청주시 흥덕구,04,Y,ok,2,1,2026학년도 오송고등학교 학사일정.pdf | 2026학년도 오송고 학교교육과정 편성·운영 및 평가 계획.pdf,D:\project\MAPS\curriculum_files\충청북도\오송고등학교
1418,2cec8208-f7c5-4a65-8d0d-11cdc8114f89,한림디자인고등학교,충청북도,충주시,04,Y,ok,2,0,(수정 03.12.)연간학사일정 및 수업확보계획.hwp | 창의적체험활동 계획서(정보공시용).hwp,D:\project\MAPS\curriculum_files\충청북도\한림디자인고등학교
1419,299a9202-3af5-44fe-ba56-8b24a07d1e68,증평공업고등학교,충청북도,증평군,04,Y,no_file,0,0,,
1420,99b693b0-5647-4295-8993-6d2bc57436e4,청주하이텍고등학교,충청북도,청주시 서원구,04,Y,ok,2,1,2026. 학교교육과정 편성의 기본방향.pdf | 2026. 학사일정(청주하이텍고).pdf,D:\project\MAPS\curriculum_files\충청북도\청주하이텍고등학교
1421,544dcf99-fb02-440c-bd14-222b24df0047,충북고등학교,충청북도,청주시 서원구,04,Y,ok,3,1,2025. 학교 교육과정 편성 및 운영 환류 계획.hwp | 2026. 창의적 체험활동 운영 계획.hwp | 2026학년도 충북고 학사일정(안).hwp,D:\project\MAPS\curriculum_files\충청북도\충북고등학교
1422,718e1e50-fd0b-4a89-b1a2-a045aec4e2bc,울릉고등학교,경상북도,울릉군,04,Y,ok,3,1,2026학년도 울릉고등학교 학교교육과정 편성운영 및 평가계획.hwpx | 2026학년도 울릉고등학교 연간학사 일정.hwpx | 2026학년도 울릉고등학교 창의적 체험활동 연간 운영 계획.hwp,D:\project\MAPS\curriculum_files\경상북도\울릉고등학교
1423,53a91846-61a4-423f-be95-5ea7f14c3429,대창고등학교,경상북도,예천군,04,Y,no_file,0,0,,
1424,639a750d-8c8d-4ff9-859e-6755e2a6512d,소천고등학교,경상북도,봉화군,04,Y,no_file,0,0,,
1425,9a6cefd2-2a34-4647-9907-ae71044e0159,한국반도체마이스터고등학교,경상북도,경주시,04,Y,ok,1,0,2026학년도 한국반도체마이스터고 연간학사일정.hwp,D:\project\MAPS\curriculum_files\경상북도\한국반도체마이스터고등학교
1426,9e3a05f7-e8e7-4256-8c6d-ef17f75e6c59,한국생명과학고등학교,경상북도,안동시,04,Y,ok,7,3,2025학년도 입학생 교육과정 편제표(26.2.19.).xlsx | 2026학년도 입학생 교육과정 편제표(26.2.19.).xlsx | 2026학년도 창의적 체험활동 운영 계획.hwp | 학교 교육과정 편성 운영 규정.hwp | 2026학년도 한국생명과학고 학사일정(변경)_2026.4.2..hwp | 2026학년도 범교과 학습주제(안전교육)-정보공시.hwp | 2026학년도 범교과 학습주제(정보공시).xlsx,D:\project\MAPS\curriculum_files\경상북도\한국생명과학고등학교
1427,9a85587d-87f8-4fd8-ad97-6d9c7fef8310,예천여자고등학교,경상북도,예천군,04,Y,ok,1,0,2026학년도 예천여자고등학교 연간학사일정.pdf,D:\project\MAPS\curriculum_files\경상북도\예천여자고등학교
1428,ba7c149b-f513-4733-a639-630b0b02253d,영천여자고등학교,경상북도,영천시,04,Y,ok,4,1,2026학년도 창의적 체험활동.pdf | 2026학년도 체험활동 계획.pdf | 2026학년도 학사 운영 일정.pdf | 2026학년도 입학 연도별 3개년 교육과정 편성표.pdf,D:\project\MAPS\curriculum_files\경상북도\영천여자고등학교
1429,d09d0d5b-cd71-42c9-9cec-d769f2caf0e3,동국대학교사범대학부속선화여자고등학교,경상북도,영천시,04,Y,ok,1,0,2026학년도 학사일정.pdf,D:\project\MAPS\curriculum_files\경상북도\동국대학교사범대학부속선화여자고등학교
1430,452b26c8-46f6-4f5f-a31b-8e7bdc09bd3d,한국펫고등학교,경상북도,봉화군,04,Y,no_file,0,0,,
1431,741d5ade-5db9-46a7-9762-5ab5d6c0ce07,영일고등학교,경상북도,포항시 남구,04,Y,no_file,0,0,,
1432,7418fa5c-db33-4c66-bb7a-ddba5b230e30,가은고등학교,경상북도,문경시,04,Y,ok,2,1,2026학년도 학사일정(최종).hwp | 2026학년도 학교교육과정 편성·운영 기본 방침 및 추진 계획.hwpx,D:\project\MAPS\curriculum_files\경상북도\가은고등학교
1433,35df682d-efdf-48a0-9612-038af85c0bdc,세명고등학교,경상북도,포항시 남구,04,Y,no_file,0,0,,
1434,af529a54-d7a7-4f91-bf7c-e3acb39c0540,영천성남여자고등학교,경상북도,영천시,04,Y,ok,1,1,2026학년도 영천성남여고 학교교육과정 편성·운영·평가 계획.hwpx,D:\project\MAPS\curriculum_files\경상북도\영천성남여자고등학교
1435,97e0404c-19af-4196-affc-04f747412d1a,포항이동고등학교,경상북도,포항시 남구,04,Y,no_file,0,0,,
1436,88b88a87-ce55-4b80-985a-c46b3f7c7287,현일고등학교,경상북도,구미시,04,Y,ok,1,0,2026학년도 연간학사일정.hwp,D:\project\MAPS\curriculum_files\경상북도\현일고등학교
1437,abdd5c7d-9bb9-4f33-853c-92a287332604,선덕여자고등학교,경상북도,경주시,04,Y,no_file,0,0,,
1438,fc3e0ce8-0b59-4dbe-957c-6b3e4163e36d,김천한일고등학교,경상북도,김천시,04,Y,ok,4,1,2026학년도 창의적 체험활동 연간계획(공시).pdf | 2026학년도 체험활동 계획(공시).pdf | 2026학년도 학사력(공시).pdf | 2026학년도 학교 교육과정 편성 운영계획(공시).pdf,D:\project\MAPS\curriculum_files\경상북도\김천한일고등학교
1439,59e78b0b-a83f-4ae7-97aa-b287f80d627b,김천생명과학고등학교,경상북도,김천시,04,Y,ok,4,4,2024학년도 입학생 3개년 교육과정 편제표.xlsx | 2025학년도 입학생 3개년 교육과정 편제표.xlsx | 2026학년도 입학생 3개년 교육과정 편제표.xlsx | 2026학년도 전학년 교육과정 편제표.xlsx,D:\project\MAPS\curriculum_files\경상북도\김천생명과학고등학교
1440,fcbd42f4-0cc5-4ea1-a97a-0b03567206e8,김천예술고등학교,경상북도,김천시,04,Y,ok,1,1,학교교육과정 편성 운영 및 평가에  관한 사항.pdf,D:\project\MAPS\curriculum_files\경상북도\김천예술고등학교
1441,1cc5cf3f-ebb2-419a-adbd-165cf07f9060,영덕고등학교,경상북도,영덕군,04,Y,ok,1,1,2026학년도 학교교육과정 편성· 운영· 평가 계획.hwp,D:\project\MAPS\curriculum_files\경상북도\영덕고등학교
1442,6db860a7-b3b1-413d-9ab1-5a9b121f9304,경북드론고등학교,경상북도,청도군,04,Y,ok,2,0,2026학년도 학사일정.hwp | 2026학년도자율활동계획표.hwp,D:\project\MAPS\curriculum_files\경상북도\경북드론고등학교
1443,4820107d-35fa-41b4-9a5f-47e5e15581fc,경북과학기술고등학교,경상북도,김천시,04,Y,ok,1,1,2026학년도 경북과학기술고 학교교육과정 편성.운영 및 평가에 관한 사항.hwp,D:\project\MAPS\curriculum_files\경상북도\경북과학기술고등학교
1444,9bdb0ceb-2cf5-4318-ac09-9147d970f22c,신라고등학교,경상북도,경주시,04,Y,no_file,0,0,,
1445,3a1dda64-189d-4053-bc7e-dc5366804539,경주정보고등학교,경상북도,경주시,04,Y,ok,1,0,2026학년도 경주정보고 연간학사일정.hwp,D:\project\MAPS\curriculum_files\경상북도\경주정보고등학교
1446,4f066685-573f-47ed-b23d-8ae6ca980acf,문화고등학교,경상북도,경주시,04,Y,no_file,0,0,,
1447,69262331-e7ec-4705-90ea-734249f9448e,점촌고등학교,경상북도,문경시,04,Y,ok,1,0,2026학년도 점촌고 연간학사일정.pdf,D:\project\MAPS\curriculum_files\경상북도\점촌고등학교
1448,4d9cf426-42f6-4504-ad2d-e3c1ff83632c,삽교고등학교,충청남도,예산군,04,Y,ok,1,1,2026학년도 삽교고등학교 학교교육과정 편제 및 시간배당.hwpx,D:\project\MAPS\curriculum_files\충청남도\삽교고등학교
1449,b188edc5-a85f-4861-aff0-cb6aca9bb67b,덕산고등학교,충청남도,예산군,04,Y,no_file,0,0,,
1450,7ebff5f3-242a-40c7-9f38-7e880799a2a0,한국산림과학고등학교,경상북도,봉화군,04,Y,ok,1,0,2026학년도 학사일정 운영 계획(안).hwp,D:\project\MAPS\curriculum_files\경상북도\한국산림과학고등학교
1451,92536677-214b-4c92-8753-702cf5c5a1e1,안동고등학교부설방송통신고등학교,경상북도,안동시,04,Y,no_file,0,0,,
1452,e0b10de9-fef7-4750-a226-711074e0e75c,안동고등학교,경상북도,안동시,04,Y,ok,1,0,2026학년도 안동고 연간 학사일정.hwp,D:\project\MAPS\curriculum_files\경상북도\안동고등학교
1453,95ce2c2d-e08f-4711-addc-fb5136736d1d,영덕여자고등학교,경상북도,영덕군,04,Y,no_file,0,0,,
1454,47342e04-73dc-4974-a580-c035c89520c2,대흥고등학교,충청남도,예산군,04,Y,ok,1,1,2026학년도 교육과정 편제표(전학년)(수정).hwp,D:\project\MAPS\curriculum_files\충청남도\대흥고등학교
1455,17eda737-1ef3-4243-9577-b9867f2a563f,가천고등학교,경상북도,성주군,04,Y,no_file,0,0,,
1456,7502e750-f5a6-4b6a-b677-8b4854ec1107,경북휴먼테크고등학교,경상북도,영천시,04,Y,ok,1,0,2026학년도 학교교육계획서.hwp,D:\project\MAPS\curriculum_files\경상북도\경북휴먼테크고등학교
1457,62725400-ea5c-44f5-b1d2-bd7c42070d09,김천여자고등학교,경상북도,김천시,04,Y,ok,2,1,2026학년도 김천여고 연간학사일정.pdf | 2026학년도 김천여고 학교교육과정 편성·운영·평가.pdf,D:\project\MAPS\curriculum_files\경상북도\김천여자고등학교
1458,e881c7b4-e67e-4ada-b51b-b935665eb1a5,김천고등학교,경상북도,김천시,04,Y,ok,1,1,2026학년도 김천고등학교 학교교육과정 편성·운영·평가 계획.pdf,D:\project\MAPS\curriculum_files\경상북도\김천고등학교
1459,3e02c408-d7a7-4088-b175-2a485a223c9f,신라공업고등학교,경상북도,경주시,04,Y,ok,1,0,2026학년도 학사일정.hwp,D:\project\MAPS\curriculum_files\경상북도\신라공업고등학교
1460,cbe275ae-9eb2-43f4-9115-fb9cbb0e4ad1,성의고등학교,경상북도,김천시,04,Y,ok,2,2,2026학년도 학교 교육과정 편성 운영 및 평가계획(완).hwpx | 2026학년도 학교 교육과정 편성운영계획(완).hwpx,D:\project\MAPS\curriculum_files\경상북도\성의고등학교
1461,e7328520-52ef-429d-b80d-df21fd9ea720,지보고등학교,경상북도,예천군,04,Y,no_file,0,0,,
1462,52203241-df3e-4fac-b4bd-eb8d1dad4f1f,성의여자고등학교,경상북도,김천시,04,Y,ok,1,1,2025학년도 입학생(현 고2) 3개년 교육과정 편성표(2022개정 교육과정).xlsx,D:\project\MAPS\curriculum_files\경상북도\성의여자고등학교
1463,9856caad-1275-4fe2-a330-a1d87eee3829,성창여자고등학교,경상북도,안동시,04,Y,no_file,0,0,,
1464,76d24e28-6648-48d4-a082-a0940462edbe,풍산고등학교,경상북도,안동시,04,Y,ok,2,1,2026. 풍산고등학교 연간 학사일정.hwp | 1-1. 2026학년도 풍산고등학교 학교교육과정 편성 운영 평가 계획.hwp,D:\project\MAPS\curriculum_files\경상북도\풍산고등학교
1465,03ba1384-44d5-4c06-b0e7-bf8aad91b4fc,구룡포여자종합고등학교,경상북도,포항시 남구,04,Y,no_file,0,0,,
1466,ef286fb4-8ed2-4c01-9a0a-96b00636227e,포항과학기술고등학교,경상북도,포항시 남구,04,Y,ok,2,1,"학사일정.pdf | 학교교육과정 편성,운영 및 평가에 관한 사항.pdf",D:\project\MAPS\curriculum_files\경상북도\포항과학기술고등학교
1467,3ea9916d-cca1-4c9c-b94d-9f04bc29bcb6,경산제일고등학교,경상북도,경산시,04,Y,ok,2,1,2026학년도 교육과정 편성운영.pdf | 2026학년도 연간 교육활동 계획.pdf,D:\project\MAPS\curriculum_files\경상북도\경산제일고등학교
1468,d61fd457-03c3-48b7-ae1e-45dcb1acb102,경북하이텍고등학교,경상북도,안동시,04,Y,ok,2,1,2026학년도 경북하이텍고 학교교육과정 편성?운영?평가 계획.pdf | 2026학년도 경북하이텍고 연간학사일정.xlsx,D:\project\MAPS\curriculum_files\경상북도\경북하이텍고등학교
1469,93f85b32-0cdb-41e2-a73f-93c06cbfd6c8,안동중앙고등학교,경상북도,안동시,04,Y,no_file,0,0,,
1470,11a50756-eefe-4ad4-8a32-889b1062e241,오천고등학교,경상북도,포항시 남구,04,Y,ok,1,0,2026학년도 오천고 학교교육과정 학사일정.hwp,D:\project\MAPS\curriculum_files\경상북도\오천고등학교
1471,0ee63c09-4d59-4da7-974d-a3cdfb69e89d,상지미래경영고등학교,경상북도,상주시,04,Y,no_file,0,0,,
1472,2ea1060a-1174-4b60-a9c4-d85f76aff345,구미산동고등학교,경상북도,구미시,04,Y,no_file,0,0,,
1473,81d28e06-4760-4afc-b96e-d78626323c37,경북기계금속고등학교,경상북도,경산시,04,Y,ok,1,0,2026학년도 학교 교육과정편성 운영 및 평가에 관한 사항(교과체험활동계획 포함).pdf,D:\project\MAPS\curriculum_files\경상북도\경북기계금속고등학교
1474,b9dff9bc-352a-4b18-9621-20d1257e54d0,도개고등학교,경상북도,구미시,04,Y,no_file,0,0,,
1475,f72127a7-ec32-4079-b6f0-f78bc01339ac,함창고등학교,경상북도,상주시,04,Y,no_file,0,0,,
1476,89c03be8-c206-473f-a1eb-e5961e581f0a,안동여자고등학교,경상북도,안동시,04,Y,no_file,0,0,,
1477,b245fcc7-28c8-4b6c-9f89-92f1085fe7a5,봉화고등학교,경상북도,봉화군,04,Y,ok,3,1,2026학년도 창의적 체험활동 운영계획.hwp | 2026학년도 학사일정.hwp | 2026학년도 전학년 교육과정 편성표(봉화고).xlsx,D:\project\MAPS\curriculum_files\경상북도\봉화고등학교
1478,53048902-4335-4874-b0cc-61df656dff8d,근화여자고등학교,경상북도,경주시,04,Y,ok,2,1,2026학년도 근화여고 학교교육과정 편성·운영·평가 계획.pdf | 2026학년도 근화여고 연간학사일정.pdf,D:\project\MAPS\curriculum_files\경상북도\근화여자고등학교
1479,7d3b7839-9a1a-4292-b56f-d737ace85e97,경안고등학교,경상북도,안동시,04,Y,ok,1,1,2026학년도 경안고등학교 교육과정 편성·운영·평가계획.pdf,D:\project\MAPS\curriculum_files\경상북도\경안고등학교
1480,93e7342e-e40e-4663-ac3e-4df50c088039,청담고등학교,경기도,평택시,04,Y,no_file,0,0,,
1481,f062bb16-bbed-4266-a811-aed919a1d6a8,경기물류고등학교,경기도,평택시,04,Y,no_file,0,0,,
1482,d62d4e02-99aa-4efd-94b6-e3048c5b0f8a,경북항공고등학교,경상북도,영주시,04,Y,ok,2,2,2026학년도 직업계고 교육과정 편제표(경북항공고 신입생 3개년 교육과정).pdf | 2026학년도 학년별 교육과정 편성표.pdf,D:\project\MAPS\curriculum_files\경상북도\경북항공고등학교
1483,6349c69f-6078-4c2b-b06e-d31c82e353a1,동성고등학교,충청북도,음성군,04,Y,ok,5,1,2025. 학교자체평가 결과보고서.hwpx | 2026. 1학년 수련활동 운영 계획.hwpx | 2026학년도 동성고등학교 교육과정편성 운영계획.hwp | 2026학년도 동성고등학교 창의적체험활동 운영계획.hwp | 2026학년도 학사일정.hwp,D:\project\MAPS\curriculum_files\충청북도\동성고등학교
1484,568d5013-d302-4117-b423-378cf602b0ce,학산고등학교,충청북도,영동군,04,Y,no_file,0,0,,
1485,50e2e85c-958b-4456-9be8-fa790107352d,심학고등학교,경기도,파주시,04,Y,ok,1,0,2026학년도 학사일정(심학고).pdf,D:\project\MAPS\curriculum_files\경기도\심학고등학교
1486,df0af871-a739-4ce4-ad30-9d590a3462aa,동패고등학교,경기도,파주시,04,Y,ok,1,0,2026학년도 동패고 연간학사일정(정보공시).pdf,D:\project\MAPS\curriculum_files\경기도\동패고등학교
1487,728aaab3-38a8-4b01-bf75-fe10eb65b8e2,교하고등학교,경기도,파주시,04,Y,ok,1,0,2026학년도 교하고등학교 연간학사일정.pdf,D:\project\MAPS\curriculum_files\경기도\교하고등학교
1488,e25e7225-08a7-478f-8392-314319487657,한국관광고등학교,경기도,평택시,04,Y,no_file,0,0,,
1489,40f585e4-6f04-4e13-8d11-be1ca52c3fde,형석고등학교,충청북도,증평군,04,Y,no_file,0,0,,
1490,f5677e3a-cae8-4984-8d76-9adb1487e17d,동원동우고등학교,경기도,수원시 장안구,04,Y,no_file,0,0,,
1491,98f84dc1-dc7a-4284-bfad-10257d683f05,동우여자고등학교,경기도,수원시 장안구,04,Y,ok,1,1,2026학년도 동우여고 학교교육과정 운영 계획서(0327) 최종_정보공시.pdf,D:\project\MAPS\curriculum_files\경기도\동우여자고등학교
1492,5e03b1cd-db0f-4849-bd29-ef8fb1ed87c0,경기과학고등학교,경기도,수원시 장안구,04,Y,ok,2,0,2026학년도 경기과학고 학교교육계획서_정보공시용.pdf | 2026학년도 경기과학고 연간학사일정_정보공시용.pdf,D:\project\MAPS\curriculum_files\경기도\경기과학고등학교
1493,43fee764-17ec-4629-8294-53d141972491,운호고등학교,충청북도,청주시 서원구,04,Y,no_file,0,0,,
1494,9793fd05-b56f-483f-bcb3-8cee98911c62,청주여자상업고등학교,충청북도,청주시 서원구,04,Y,ok,1,0,2026학년도 청주여상 연간학사일정.pdf,D:\project\MAPS\curriculum_files\충청북도\청주여자상업고등학교
1495,7e3cff2f-0352-4f1b-82cb-0ff948911577,충북여자고등학교,충청북도,청주시 서원구,04,Y,no_file,0,0,,
1496,b422f6e3-b52a-4426-a229-195f48f7033f,단산고등학교,충청북도,단양군,04,Y,no_file,0,0,,
1497,cf529717-4ebb-402e-a984-c2540e15e8ae,고색고등학교,경기도,수원시 권선구,04,Y,no_file,0,0,,
1498,e59e0377-a53f-46a2-addf-8d7e609eec4f,수원칠보고등학교,경기도,수원시 권선구,04,Y,ok,2,1,2026학년도 수원칠보고등학교 교육과정부운영계획.hwp | 2026학년도 수원칠보고등학교 연간 학사일정.hwpx,D:\project\MAPS\curriculum_files\경기도\수원칠보고등학교
1499,08a18e6b-e82b-436b-bb2d-8a183f5b278f,화홍고등학교,경기도,수원시 권선구,04,Y,ok,1,1,2026학년도 학교교육과정 편성·운영·평가 계획(화홍고).pdf,D:\project\MAPS\curriculum_files\경기도\화홍고등학교
1500,e3b9deac-f6e6-48c6-8879-8661e4ac2806,권선고등학교,경기도,수원시 권선구,04,Y,ok,1,0,연간학사일정.pdf,D:\project\MAPS\curriculum_files\경기도\권선고등학교
1501,36995994-70b4-4c86-b033-63ca807fc43a,곡정고등학교,경기도,수원시 권선구,04,Y,ok,3,1,"2026주요학사일정(안).pdf | 2026학년도 교육과정편제(2024, 2025, 2026 입학생).pdf | 2026학년도 창의적 체험활동 운영계획.pdf",D:\project\MAPS\curriculum_files\경기도\곡정고등학교
1502,15b56d03-e273-42ef-acfc-cbd6252bb40e,경기대명고등학교,경기도,수원시 권선구,04,Y,ok,1,0,2026 학사일정.hwpx,D:\project\MAPS\curriculum_files\경기도\경기대명고등학교
1503,8746e83d-50d0-4ded-baf6-e17c04160a39,수원농생명과학고등학교,경기도,수원시 장안구,04,Y,ok,2,1,"2026학년도?연간학사일정?및?창체운영계획.pdf | 2024,2025,2026학년도 직업계고 입학생 교육과정 편제표.pdf",D:\project\MAPS\curriculum_files\경기도\수원농생명과학고등학교
1504,7ac0ceb7-9bdc-4209-bf3b-61e8bc990f95,주성고등학교,충청북도,청주시 상당구,04,Y,ok,1,0,2026학년도 학사일정 계획(최종).hwp,D:\project\MAPS\curriculum_files\충청북도\주성고등학교
1505,21c3e1ca-06f2-4234-8b4c-a4603ae8cd20,숙지고등학교,경기도,수원시 팔달구,04,Y,ok,3,1,2025학년도 학교 평가 결과.pdf | 2026학년도 학교 교육과정 편성 및 운영 계획.pdf | 2026학년도 학교 평가 운영 계획.pdf,D:\project\MAPS\curriculum_files\경기도\숙지고등학교
1506,527d37e4-42cb-4be3-bd72-205a1ee1268f,영복여자고등학교,경기도,수원시 팔달구,04,Y,no_file,0,0,,
1507,3ec9301c-32c1-44c4-887d-cb311d683e7f,율천고등학교,경기도,수원시 팔달구,04,Y,no_file,0,0,,
1508,dda4bb5b-d5cd-4a8a-8905-1ae629db4d45,창현고등학교,경기도,수원시 팔달구,04,Y,ok,1,1,(창현고등학교-3819 (첨부)) 2026학년도 학교 교육과정 운영계획서.hwpx,D:\project\MAPS\curriculum_files\경기도\창현고등학교
1509,95238271-1e4d-4fc1-a4a0-079133bad91f,유신고등학교,경기도,수원시 팔달구,04,Y,no_file,0,0,,
1510,9ff37eba-39d3-4717-8d26-b360eceb7ec1,수원공업고등학교,경기도,수원시 팔달구,04,Y,ok,2,1,2026학년도 수원공고 연간학사일정.hwp | 2026학년도 수원공고 학교교육과정 편성·운영·평가 계획.pdf,D:\project\MAPS\curriculum_files\경기도\수원공업고등학교
1511,0aea8533-a0a4-4b0c-8477-c394a60cb98c,매탄고등학교,경기도,수원시 영통구,04,Y,no_file,0,0,,
1512,8b2447ce-3e61-488f-bd80-8e0bc08d65eb,효원고등학교,경기도,수원시 영통구,04,Y,ok,1,1,2026학년도 효원고 학교교육과정 편성·운영·평가 계획.pdf,D:\project\MAPS\curriculum_files\경기도\효원고등학교
1513,ad3e7182-3efd-4eb7-b4fb-07f738df31f0,매원고등학교,경기도,수원시 영통구,04,Y,no_file,0,0,,
1514,bb2e9f67-54ae-473f-8d30-bed351637ba9,중앙기독고등학교,경기도,수원시 영통구,04,Y,no_file,0,0,,
1515,88c032c5-8045-4e05-9a59-bb592aa4538a,수원정보과학고등학교,경기도,수원시 영통구,04,Y,no_file,0,0,,
1516,fbdaf249-d7c9-475d-affe-e1b1ec19418e,성남테크노과학고등학교,경기도,성남시 중원구,04,Y,ok,4,4,2024학년도 입학생 직업계고 입학생 교육과정 편제표.xlsx | 2025학년도 입학생 직업계고 입학생 교육과정 편제표.xlsx | 2026학년도 입학생 직업계고 입학생 교육과정 편제표.xlsx | 2026학년도 교육과정 연간활동 운영 계획.xlsx,D:\project\MAPS\curriculum_files\경기도\성남테크노과학고등학교
1517,0925c336-fad3-41be-a5c4-981a9e6c644c,한솔고등학교,경기도,성남시 분당구,04,Y,ok,2,1,2026학년도 한솔고등학교 학교교육과정 편성 운영 및 평가 계획.hwp | 2026학년도 학사일정.xlsx,D:\project\MAPS\curriculum_files\경기도\한솔고등학교
1518,e6d71f36-ee3a-4e6b-ac71-9ed56f848d3c,늘푸른고등학교,경기도,성남시 분당구,04,Y,ok,2,0,2026학년도 늘푸른고 학사일정.pdf | 2026년 고등학생 숙박형 체험학습비 신청(늘푸른고).pdf,D:\project\MAPS\curriculum_files\경기도\늘푸른고등학교
1519,c9cde1fd-833a-4505-9954-ddc76971a532,계원예술고등학교,경기도,성남시 분당구,04,Y,ok,1,1,2026학년도 계원예술고 학교교육과정 편성·운영·평가 계획.pdf,D:\project\MAPS\curriculum_files\경기도\계원예술고등학교
1520,a6321289-68ed-4231-b1bb-b57931ce5fc0,분당중앙고등학교,경기도,성남시 분당구,04,Y,no_file,0,0,,
1521,29c2345b-f96d-4a7e-a709-a70c40ff0c1e,송림고등학교,경기도,성남시 분당구,04,Y,no_file,0,0,,
1522,744656cb-39a0-4269-b10b-1ae7ec9e2703,이매고등학교,경기도,성남시 분당구,04,Y,no_file,0,0,,
1523,16241a82-89b7-46cd-b8bb-da898eb4ab96,돌마고등학교,경기도,성남시 분당구,04,Y,no_file,0,0,,
1524,a2aa66b0-1f2f-4fcd-afd8-f1237a481ee5,판교고등학교,경기도,성남시 분당구,04,Y,ok,1,0,2026학년도 판교고 연간학사일정.xlsx,D:\project\MAPS\curriculum_files\경기도\판교고등학교
1525,9544070f-7acb-4d0c-a7cd-7a17a8a3e2cb,불곡고등학교,경기도,성남시 분당구,04,Y,ok,2,1,2026학년도 학교교육과정 편성·운영·평가 계획(정보공시).hwp | 2026학년도 연간 학사일정(정보공시).hwp,D:\project\MAPS\curriculum_files\경기도\불곡고등학교
1526,cbf4f640-04d2-4254-8e3c-65872507855e,효자고등학교,경기도,의정부시,04,Y,no_file,0,0,,
1527,8a05984f-0039-4d9f-8d60-633ea32e6fc6,발곡고등학교,경기도,의정부시,04,Y,no_file,0,0,,
1528,c594a666-7108-4941-8838-9fa8b3e29220,송현고등학교,경기도,의정부시,04,Y,ok,2,1,2026학년도 송현고 학교교육과정 편성·운영·평가 계획.hwp | 2026학년도 송현고 연간학사일정.hwpx,D:\project\MAPS\curriculum_files\경기도\송현고등학교
1529,10972dfb-a68a-4adc-b87b-170feb498fd3,부용고등학교,경기도,의정부시,04,Y,ok,1,0,2026학년도 부용고 연간학사일정.xlsx,D:\project\MAPS\curriculum_files\경기도\부용고등학교
1530,2c3944c1-c3fe-454d-ac50-4b562d2b2fdd,한국호텔관광고등학교,충청북도,단양군,04,Y,no_file,0,0,,
1531,9252119e-fc03-40b6-8867-edc13c86e1aa,제천고등학교,충청북도,제천시,04,Y,ok,1,0,2026학년도 제천고 연간학사일정.hwp,D:\project\MAPS\curriculum_files\충청북도\제천고등학교
1532,f7157325-e6ae-4ad1-8feb-888daf281e29,수원외국어고등학교,경기도,수원시 영통구,04,Y,ok,2,1,2026학년도 수원외고 학교육과정 편성·운영·평가 계획.pdf | 2026학년도 수원외고 연산학사일정.pdf,D:\project\MAPS\curriculum_files\경기도\수원외국어고등학교
1533,af87349b-6c73-49c1-8ae7-193b16e9a30e,광교고등학교,경기도,수원시 영통구,04,Y,no_file,0,0,,
1534,645b884e-14ac-4ac4-a83c-4e020d6a0171,청명고등학교,경기도,수원시 영통구,04,Y,no_file,0,0,,
1535,5ff817e6-7faa-47fe-a7c3-3b3b359061da,태장고등학교,경기도,수원시 영통구,04,Y,ok,1,1,(정보공시)2026학년도 태장고등학교 학교교육과정 운영.pdf,D:\project\MAPS\curriculum_files\경기도\태장고등학교
1536,de3f4fda-6245-451e-8012-6176db73845c,수원하이텍고등학교,경기도,수원시 영통구,04,Y,ok,1,1,2026학년도 수원하이텍고 학교교육과정 편성.운영.평가 계획.pdf,D:\project\MAPS\curriculum_files\경기도\수원하이텍고등학교
1537,493120fc-16bb-4bb0-8c7c-1a6a8d7291c5,영덕고등학교,경기도,수원시 영통구,04,Y,no_file,0,0,,
1538,a03cef0e-41cd-4d5d-9bff-d7b66ec6fb94,망포고등학교,경기도,수원시 영통구,04,Y,ok,1,1,2026학년도 망포고등학교 학교교육과정 편성 운영 평가 계획(정보공시).hwpx,D:\project\MAPS\curriculum_files\경기도\망포고등학교
1539,b4c9c820-0d72-4f64-821c-5142d18f36ed,충북비즈니스고등학교,충청북도,증평군,04,Y,ok,1,1,2026학년도 3개학년 교육과정 편성표(충북비즈니스고등학교).xlsx,D:\project\MAPS\curriculum_files\충청북도\충북비즈니스고등학교
1540,3686eca2-55d5-4bd7-a5a1-7eb9c59a7039,주덕고등학교,충청북도,충주시,04,Y,no_file,0,0,,
1541,d6b44f7a-cc3f-47b0-ad0d-5d7b4cf4f3f7,풍생고등학교,경기도,성남시 수정구,04,Y,no_file,0,0,,
1542,0b715b78-cbda-4d57-ad77-40f60fa1a262,위례한빛고등학교,경기도,성남시 수정구,04,Y,ok,1,1,2026학년도 위례한빛고 학교교육과정 편성운영계획(정보공시).hwpx,D:\project\MAPS\curriculum_files\경기도\위례한빛고등학교
1543,cfeac4e3-36d0-436c-8706-77503428a3f7,조원고등학교,경기도,수원시 장안구,04,Y,no_file,0,0,,
1544,f72035ff-294a-4ef1-8618-7d8dd7d15998,수일고등학교,경기도,수원시 장안구,04,Y,ok,1,1,2026학년도 수일고 학교교육과정 편성·운영·평가·계획.pdf,D:\project\MAPS\curriculum_files\경기도\수일고등학교
1545,d7d9fb18-e869-4214-bc62-a71fa86baf4a,성보경영고등학교,경기도,성남시 수정구,04,Y,ok,1,0,2026학년도 성보경영고등학교 연간학사일정.xlsx,D:\project\MAPS\curriculum_files\경기도\성보경영고등학교
1546,9536155f-2bf0-41f4-9a08-7d16e3207d55,복정고등학교,경기도,성남시 수정구,04,Y,no_file,0,0,,
1547,b799cf3d-b8b0-4899-9aa4-8d474b769134,효성고등학교,경기도,성남시 수정구,04,Y,ok,1,1,2026학년도 효성고 학교교육과정 편성 운영 및 평가 계획.hwp,D:\project\MAPS\curriculum_files\경기도\효성고등학교
1548,5aaf2ce9-7fec-42fa-947e-32e89e80c1a0,숭신고등학교,경기도,성남시 중원구,04,Y,ok,1,0,2026학년도 학사일정 현황_숭신고등학교.xlsx,D:\project\MAPS\curriculum_files\경기도\숭신고등학교
1549,27121ff6-49db-4a66-bc0d-2ba7d8cf9812,금천고등학교,충청북도,청주시 상당구,04,Y,ok,2,1,2026_학교교육과정_편성운영평가_계획.hwp | 2026. 연간 학사일정_변경.hwpx,D:\project\MAPS\curriculum_files\충청북도\금천고등학교
1550,c303ec68-89e5-423d-88e2-6628b0a058b2,한국바이오마이스터고등학교,충청북도,진천군,04,Y,ok,1,0,2026학년도 학사일정(한국바이오마이스터고).hwp,D:\project\MAPS\curriculum_files\충청북도\한국바이오마이스터고등학교
1551,fa3bcdcd-5011-4fb6-959f-2a8512a8573e,성일고등학교,경기도,성남시 중원구,04,Y,ok,2,1,2026학년도 성일고등학교 연간학사일정.pdf | 2026학년도 성일고등학교 학교교육과정 편성·운영 및 평가 계획.hwp,D:\project\MAPS\curriculum_files\경기도\성일고등학교
1552,7ed5e812-691f-4057-be4f-970fee0c8f37,동광고등학교,경기도,성남시 중원구,04,Y,no_file,0,0,,
1553,8d3d990e-4b48-49af-99bf-97da51b7bc65,성일정보고등학교,경기도,성남시 중원구,04,Y,ok,1,0,2026학년도 학사일정 계획표.pdf,D:\project\MAPS\curriculum_files\경기도\성일정보고등학교
1554,030bbe42-9928-49d1-8064-1b2899654d7c,성남고등학교,경기도,성남시 중원구,04,Y,ok,1,1,학교교육과정 편성운영 및 평가에 관련 사항.hwp,D:\project\MAPS\curriculum_files\경기도\성남고등학교
1555,06483188-267f-4dcc-8ae6-85034d621290,성남여자고등학교,경기도,성남시 중원구,04,Y,ok,1,1,2026 학교 교육과정 편성 및 운영 평가 계획(성남여고).pdf,D:\project\MAPS\curriculum_files\경기도\성남여자고등학교
1556,85c72e46-942b-459e-8ff1-0da2b093dcfc,수내고등학교,경기도,성남시 분당구,04,Y,ok,2,1,2026 교육과정부 운영계획.hwp | 2026학년도 학사일정.pdf,D:\project\MAPS\curriculum_files\경기도\수내고등학교
1557,84305648-c09d-4233-ba25-e607c561435b,분당고등학교,경기도,성남시 분당구,04,Y,ok,1,1,2026학년도 학교교육과정 편성운영평가 계획.hwpx,D:\project\MAPS\curriculum_files\경기도\분당고등학교
1558,f7a4acfb-afcc-4e55-91db-4938cfb7ffdb,양영디지털고등학교,경기도,성남시 분당구,04,Y,ok,1,1,"2026년 1,2,3학년 통합편제표.xlsx",D:\project\MAPS\curriculum_files\경기도\양영디지털고등학교
1559,165bc205-2f92-4ddb-b38b-f8789a3b6e28,서현고등학교부설방송통신고등학교,경기도,성남시 분당구,04,Y,ok,1,0,2026학년도 연간 주요 교육활동 계획.pdf,D:\project\MAPS\curriculum_files\경기도\서현고등학교부설방송통신고등학교
1560,25e247dd-f559-423c-a63a-825c2b37e5a2,서현고등학교,경기도,성남시 분당구,04,Y,ok,2,1,2026학년도 서현고등학교 연간학사일정.pdf | 2026학년도 서현고 학교교육과정 운영계획서.pdf,D:\project\MAPS\curriculum_files\경기도\서현고등학교
1561,bb4c9b9d-9085-4f67-b42b-37257f463caf,야탑고등학교,경기도,성남시 분당구,04,Y,ok,1,1,2026학년도 야탑고 학교교육과정 편성·운영·평가 계획.hwp,D:\project\MAPS\curriculum_files\경기도\야탑고등학교
1562,fe182b03-45de-4376-a3ed-faae35252931,태원고등학교,경기도,성남시 분당구,04,Y,ok,1,0,2026 학사일정(수정).hwpx,D:\project\MAPS\curriculum_files\경기도\태원고등학교
1563,e6bfc12c-404f-4458-bb85-f373e1089961,분당영덕여자고등학교,경기도,성남시 분당구,04,Y,ok,1,1,2026학년도 분당영덕여고 학교교육과정 편성운영 및 평가에 관한 사항.hwp,D:\project\MAPS\curriculum_files\경기도\분당영덕여자고등학교
1564,a736e7ee-ceb4-4492-83bd-4b1d896ec309,분당아람고등학교,경기도,성남시 분당구,04,Y,ok,5,3,2026학년도 창의적체험활동 운영계획.hwp | 제2026학년도 7대 안전교육 등 교육활동(수정).hwp | 2024학년도 입학생 직업계고 교육과정 편제표(안).pdf | 2025학년도 입학생 직업계고 교육과정 편제표(안).pdf | 2026학년도 입학생 직업계고 교육과정 편제표(안).pdf,D:\project\MAPS\curriculum_files\경기도\분당아람고등학교
1565,2f23fd0b-0dcf-4876-a334-75b3f102377e,상당고등학교,충청북도,청주시 상당구,04,Y,no_file,0,0,,
1566,8223b64a-cce1-460d-b82d-4838430babca,청석고등학교,충청북도,청주시 상당구,04,Y,ok,1,1,2026학년도 청석고 학교교육과정 편성·운영·평가 계획.hwp,D:\project\MAPS\curriculum_files\충청북도\청석고등학교
1567,28d03424-906e-4cb5-9ab5-d34336885744,매괴고등학교,충청북도,음성군,04,Y,ok,1,0,정보공시(학사일정).hwp,D:\project\MAPS\curriculum_files\충청북도\매괴고등학교
1568,6fa4b072-8327-4f89-b671-c0bf459c28e9,세광고등학교,충청북도,청주시 서원구,04,Y,ok,1,0,2026. 교육과정 편성운영평가계획(교과체험활동 계획 포함).pdf,D:\project\MAPS\curriculum_files\충청북도\세광고등학교
1569,58b6eb5c-1db8-43cd-9619-596d9d326f1e,이우고등학교,경기도,성남시 분당구,04,Y,no_file,0,0,,
1570,27db6cc9-3528-4ccc-9a5d-980f9d777e99,운중고등학교,경기도,성남시 분당구,04,Y,ok,3,3,"2026학년도 3개학년 교육과정 편성표.hwp | 2026 운중고등학교 교육과정 운영계획.hwp | 2024학년도, 2025학년도 입학생 교육과정 편성 검토 결과(운중고).xlsx",D:\project\MAPS\curriculum_files\경기도\운중고등학교
1571,eb1a4a35-ec30-4362-b6a9-cfa8a8f7917a,한국원자력마이스터고등학교,경상북도,울진군,04,Y,ok,2,1,2026학년도 한국원자력마이스터고 연간 학사일정.hwp | 2026학년도 한국원자력마이스터고 학교교육과정 편성 및 운영 계획.hwp,D:\project\MAPS\curriculum_files\경상북도\한국원자력마이스터고등학교
1572,11e292d5-143d-4e1e-be0f-9c6d3bddd528,상우고등학교,경기도,의정부시,04,Y,ok,1,0,2026학년도 상우고등학교 연간학사일정.hwp,D:\project\MAPS\curriculum_files\경기도\상우고등학교
1573,1fe7a231-be31-48e1-939c-24ffa5b9b315,호원고등학교부설방송통신고등학교,경기도,의정부시,04,Y,no_file,0,0,,
1574,dce8ea32-88fb-423d-a159-884867651af9,호원고등학교,경기도,의정부시,04,Y,ok,1,1,2026학년도 호원고 학교교육과정 편성·운영·평가 계획.pdf,D:\project\MAPS\curriculum_files\경기도\호원고등학교
1575,c5eea439-9e9b-4a12-8674-755f4c7c6985,동국대학교사범대학부속영석고등학교,경기도,의정부시,04,Y,ok,1,0,2026학년도 동대부속영석고등학교 연간학사일정.hwp,D:\project\MAPS\curriculum_files\경기도\동국대학교사범대학부속영석고등학교
1576,afbd2c34-9c76-442f-b880-4afe5186714b,송양고등학교,경기도,의정부시,04,Y,ok,1,0,2026학년도 송양고 학사일정.pdf,D:\project\MAPS\curriculum_files\경기도\송양고등학교
1577,81390b95-ab83-4909-b89a-1b78e9df8d59,경기북과학고등학교,경기도,의정부시,04,Y,no_file,0,0,,
1578,4934c8fc-72ff-4297-aea1-461da5592e96,음성고등학교,충청북도,음성군,04,Y,ok,1,1,2026학년도 음성고 학교교육과정 편성운영평가 계획.hwp,D:\project\MAPS\curriculum_files\충청북도\음성고등학교
1579,18193100-c03b-48ca-9135-837c1a433998,세명고등학교,충청북도,제천시,04,Y,ok,1,1,세명고등학교 2026학년도 3개학년 교육과정 편성표-정보공시.xlsx,D:\project\MAPS\curriculum_files\충청북도\세명고등학교
1580,26f584d4-2d81-4519-82d4-f472832a118d,서전고등학교,충청북도,진천군,04,Y,ok,1,1,2026학년도 서전고등학교 학교교육과정 편성 운영 및 평가 계획.pdf,D:\project\MAPS\curriculum_files\충청북도\서전고등학교
1581,39975cc0-42a5-4dcc-adca-b108db8c5102,충훈고등학교,경기도,안양시 만안구,04,Y,ok,1,1,2026학년도 충훈고등학교 교육과정 편성·운영 계획(공시).pdf,D:\project\MAPS\curriculum_files\경기도\충훈고등학교
1582,8880c5d6-b650-4586-bab7-9933461e344d,백영고등학교,경기도,안양시 동안구,04,Y,ok,1,0,2026 연간 학사일정.xlsx,D:\project\MAPS\curriculum_files\경기도\백영고등학교
1583,440a35f0-cc4a-4ad3-8c6c-c6e0a58d7baf,동안고등학교,경기도,안양시 동안구,04,Y,no_file,0,0,,
1584,3b8f84a4-aed6-4d5a-aefb-21cc61095e73,평촌고등학교,경기도,안양시 동안구,04,Y,ok,1,0,2026학년도 학사일정.pdf,D:\project\MAPS\curriculum_files\경기도\평촌고등학교
1585,b6d20fff-07ab-4685-9d84-dd3095cc2331,평촌과학기술고등학교,경기도,안양시 동안구,04,Y,no_file,0,0,,
1586,97b94f39-c824-41b5-a796-66743f224297,제천여자고등학교,충청북도,제천시,04,Y,no_file,0,0,,
1587,fae8f67b-f586-4a85-b44d-ee39fc2c93cf,충주대원고등학교,충청북도,충주시,04,Y,ok,1,0,2026학년도 충주대원고 연간학사일정.pdf,D:\project\MAPS\curriculum_files\충청북도\충주대원고등학교
1588,3c43d42d-d60c-4e10-a4f5-32b2450bdf02,충북에너지고등학교,충청북도,청주시 상당구,04,Y,ok,2,1,2026. 연간 학사 일정.hwpx | 2026. 교육과정 편성 및 운영.hwpx,D:\project\MAPS\curriculum_files\충청북도\충북에너지고등학교
1589,9f49edea-22f6-4e8d-9f85-0f4aa1cb9434,라온고등학교,경기도,평택시,04,Y,ok,1,1,2026학년도 라온고 학교교육과정 편성·운영·평가계획.pdf,D:\project\MAPS\curriculum_files\경기도\라온고등학교
1590,05916d1d-db9e-4d58-b67a-d7d06f1c82aa,송탄고등학교,경기도,평택시,04,Y,no_file,0,0,,
1591,9d64fd4b-6757-48c3-aaf4-5176affeed00,의성여자고등학교,경상북도,의성군,04,Y,ok,2,1,2026학년도 의성여고 학교교육과정 편성 운영 및 평가.hwp | 2026학년도 의성여고 학사일정.xlsx,D:\project\MAPS\curriculum_files\경상북도\의성여자고등학교
1592,79e29171-e5e0-4dee-81c6-6e34fee6b5cc,경북관광비즈니스고등학교,경상북도,울진군,04,Y,ok,1,1,2026학년도 평해중·경북관광비즈니스고등학교 교육과정 운영 계획.hwpx,D:\project\MAPS\curriculum_files\경상북도\경북관광비즈니스고등학교
1593,db178ae0-34f4-47e8-a3d1-1b0de71b8125,포항흥해공업고등학교,경상북도,포항시 북구,04,Y,ok,1,0,2026학년도 포항흥해공업고등학교 연간 학사일정.xlsx,D:\project\MAPS\curriculum_files\경상북도\포항흥해공업고등학교
1594,b85fcf2f-deb0-4eb5-afea-ae6788611fc5,안계고등학교,경상북도,의성군,04,Y,ok,1,0,2026학년도 학사일정 수정(안)(변경).hwp,D:\project\MAPS\curriculum_files\경상북도\안계고등학교
1595,02fd0953-4dde-470a-a1cd-5db5dea5022e,영양여자고등학교,경상북도,영양군,04,Y,no_file,0,0,,
1596,dd592828-7c4b-443f-a143-5e14e060931d,포항고등학교,경상북도,포항시 북구,04,Y,ok,1,1,2026학년도 포항고 학교교육과정 편성·운영·평가 계획.hwp,D:\project\MAPS\curriculum_files\경상북도\포항고등학교
1597,c1dc29e8-e054-49b2-9704-5047e47df544,포항고등학교부설방송통신고등학교,경상북도,포항시 북구,04,Y,ok,1,0,2026학년도 포항고부설방송통신고 학사일정.hwpx,D:\project\MAPS\curriculum_files\경상북도\포항고등학교부설방송통신고등학교
1598,645b51e5-8661-4ecc-80aa-b524c812a375,포항여자고등학교,경상북도,포항시 북구,04,Y,ok,2,1,2026학년도 학사일정.pdf | 2026학년도 포항여자고등학교 학교교육과정 편성·운영·평가 계획.pdf,D:\project\MAPS\curriculum_files\경상북도\포항여자고등학교
1599,5c1dfb60-6cd8-4df6-8a2b-9105192b3b6a,영천전자고등학교,경상북도,영천시,04,Y,no_file,0,0,,
1600,b21816fd-6192-4f5d-9067-584a24266e9e,영양고등학교,경상북도,영양군,04,Y,ok,1,0,2026학년도 영양고 연간학사 일정.hwpx,D:\project\MAPS\curriculum_files\경상북도\영양고등학교
1601,6c54322e-0d63-44ee-8824-e028c10d7aaa,울진고등학교,경상북도,울진군,04,Y,ok,1,0,2026학년도 울진고 연간학사일정.hwp,D:\project\MAPS\curriculum_files\경상북도\울진고등학교
1602,311a5e0b-8b5f-479d-b13a-69892653f8f1,포항여자전자고등학교,경상북도,포항시 북구,04,Y,no_file,0,0,,
1603,279eff5f-8e43-42aa-9794-9be238f931c4,동지고등학교,경상북도,포항시 북구,04,Y,ok,1,1,학교교육과정편성·운영 및 평가(동지고등학교).pdf,D:\project\MAPS\curriculum_files\경상북도\동지고등학교
1604,f15b81ed-b954-467f-9f41-821b57adfc88,동지여자고등학교,경상북도,포항시 북구,04,Y,no_file,0,0,,
1605,8d83ddc7-9691-4917-a335-09dac43d2603,영광고등학교,경상북도,영주시,04,Y,ok,1,0,2026학년도 학사일정(영광고).hwp,D:\project\MAPS\curriculum_files\경상북도\영광고등학교
1606,31395324-f8b7-4bdb-b057-4a43cf8eb96a,경북자연과학고등학교,경상북도,상주시,04,Y,ok,1,1,2026학년도 학교교육과정 편성 운영 및 평가계획.hwpx,D:\project\MAPS\curriculum_files\경상북도\경북자연과학고등학교
1607,374c3114-b699-43ff-896c-e658ba036abc,한국철도고등학교,경상북도,영주시,04,Y,ok,1,1,2026학년도 학교교육과정 편성·운영·평가 계획(한국철도고등학교).hwp,D:\project\MAPS\curriculum_files\경상북도\한국철도고등학교
1608,23ec7ed5-5771-4b55-ab3e-70fe194c10c6,영주여자고등학교,경상북도,영주시,04,Y,ok,1,0,2026학년도 영주여자고등학교 연간학사일정.hwp,D:\project\MAPS\curriculum_files\경상북도\영주여자고등학교
1609,c384c2e0-6eaf-4030-8d33-578c91b900f3,한국미래산업고등학교,경상북도,영주시,04,Y,ok,3,2,2026학년도 입학생 3년간 교육과정 편성표.xlsx | 2026학년도 현장체험학습계획.hwpx | 2026학년도 학교 교육과정편성.운영 기본 방침.hwpx,D:\project\MAPS\curriculum_files\경상북도\한국미래산업고등학교
1610,2bccec7c-3d73-42b6-b589-4b2a9e7fa02f,한국국제조리고등학교,경상북도,영주시,04,Y,ok,3,2,2026학년도 학교교육과정 편성 및 운영에 대한 학교운영위원회 심의자료(교무기획부).pdf | 2026학년도 창의적체험활동 계획서.pdf | 2026학년도 전학년 교육과정 편제표.xlsx,D:\project\MAPS\curriculum_files\경상북도\한국국제조리고등학교
1611,237446f1-5d09-4e7a-80cd-bf6b55180272,대영고등학교,경상북도,영주시,04,Y,ok,1,1,2026학년도 대영고 학교교육과정 편성·운영·평가계획.hwp,D:\project\MAPS\curriculum_files\경상북도\대영고등학교
1612,f7e355bb-0374-497f-8d6a-f699ac5d98df,포항장성고등학교,경상북도,포항시 북구,04,Y,ok,2,0,2026학년도 창의적 체험활동 계획.hwp | 2026학년도 학사일정표.hwpx,D:\project\MAPS\curriculum_files\경상북도\포항장성고등학교
1613,da000482-1afa-4fcd-b025-9abf1c41ddf5,영주제일고등학교,경상북도,영주시,04,Y,ok,1,1,2026학년도 영주제일고등학교 학교교육과정 편성 운영 평가 계획.pdf,D:\project\MAPS\curriculum_files\경상북도\영주제일고등학교
1614,529218ea-8315-44f4-b81e-27713aa8af31,한국미래농업고등학교,경상북도,상주시,04,Y,ok,2,2,2. 2025학년도 입학생 교육과정 편제표.xlsx | 3. 2024학년도 입학생 교육과정 편제표.xlsx,D:\project\MAPS\curriculum_files\경상북도\한국미래농업고등학교
1615,32d32e79-5e0f-4763-9207-d2d08c34a15a,금천고등학교,경상북도,청도군,04,Y,ok,1,0,2026학년도 금천고 연간학사일정.hwp,D:\project\MAPS\curriculum_files\경상북도\금천고등학교
1616,bc004e5c-8f08-4971-b946-e32d3163bad0,이서고등학교,경상북도,청도군,04,Y,no_file,0,0,,
1617,31b484e2-92bf-4fbd-8efb-70f5c850ae77,경주화랑고등학교,경상북도,경주시,04,Y,no_file,0,0,,
1618,3557103c-5c26-49a6-a62e-8371e57306c9,약목고등학교,경상북도,칠곡군,04,Y,no_file,0,0,,
1619,728aac63-8d91-40ac-997b-93d433f43edf,한국해양마이스터고등학교,경상북도,포항시 북구,04,Y,no_file,0,0,,
1620,cc4c2b42-3259-4531-bba4-58bd1516b551,오상고등학교,경상북도,구미시,04,Y,no_file,0,0,,
1621,96da884b-3604-422e-b142-70bcd632f958,무산고등학교,경상북도,경주시,04,Y,no_file,0,0,,
1622,c2449f43-63b5-4a4f-9765-14c5bca54fae,효청보건고등학교,경상북도,경주시,04,Y,no_file,0,0,,
1623,109ff464-855a-402e-8367-d11d7381cf52,과천고등학교,경기도,과천시,04,Y,ok,1,0,2026학년도 과천고등학교 연간학사일정.pdf,D:\project\MAPS\curriculum_files\경기도\과천고등학교
1624,49f4b613-6670-466f-b27e-5ed1689ae56c,구리여자고등학교,경기도,구리시,04,Y,no_file,0,0,,
1625,b20eee8a-3989-4b18-928f-e3ca6722b1a0,토평고등학교,경기도,구리시,04,Y,no_file,0,0,,
1626,c3e3a04e-1f06-444f-8573-b62efa5fb0f1,평내고등학교,경기도,남양주시,04,Y,ok,3,1,2026학년도 학사일정(공지용).pdf | 2026 교육과정 편제표(정보공시).pdf | 2026 창의적 체험활동 계획(안_0311).pdf,D:\project\MAPS\curriculum_files\경기도\평내고등학교
1627,c45bb6aa-6f56-46f0-a5ef-612a29a0a0c3,동화고등학교,경기도,남양주시,04,Y,ok,2,1,2026학년도 동화고 학교교육과정 편성·운영·평가 계획.pdf | 2026학년도 학사일정_0304.xlsx,D:\project\MAPS\curriculum_files\경기도\동화고등학교
1628,249a6a99-e2ac-4cd2-957f-1817f6a3e52f,남양주다산고등학교,경기도,남양주시,04,Y,ok,2,1,2026학년도 남양주다산고등학교 학사일정.hwpx | 2026학년도 남양주다산고 학교교육과정 편성 운영 평가 계획.hwpx,D:\project\MAPS\curriculum_files\경기도\남양주다산고등학교
1629,fa6be2ff-e3d9-49f3-8c17-23373544d5ce,가운고등학교,경기도,남양주시,04,Y,ok,1,1,2026학년도 학교교육과정 운영계획서(정보공시용).pdf,D:\project\MAPS\curriculum_files\경기도\가운고등학교
1630,873ad59f-2cd3-4afe-88c2-7a95bed4dd61,진접고등학교,경기도,남양주시,04,Y,no_file,0,0,,
1631,aa76d66b-e28c-4351-8778-14ad217df113,광동고등학교,경기도,남양주시,04,Y,no_file,0,0,,
1632,ffc09038-e78c-4291-bd12-239416612405,마장고등학교,경기도,이천시,04,Y,no_file,0,0,,
1633,72fc1161-1aef-4867-96a2-390a97ed209d,마석고등학교,경기도,남양주시,04,Y,ok,4,1,3월 18일자 2026학년도 창의적 체험활동 운영 계획.xlsx | 2026학년도 OO고등학교 교육활동 계획서(수정본)개인정보제외.hwpx | 2026학년도 OO고등학교 학사일정.hwp | 2024학년도 일반고 입학생 교육과정 편제표(OO고)_변경전.후.hwp,D:\project\MAPS\curriculum_files\경기도\마석고등학교
1634,d28da795-ed79-4d8f-80d0-f97c05ec62b9,오남고등학교,경기도,남양주시,04,Y,ok,1,1,2026학년도 오남고등학교 교육과정 편성·운영 및 평가 계획.hwp,D:\project\MAPS\curriculum_files\경기도\오남고등학교
1635,c5dc97d8-ae36-4110-9cac-3c2ff1287532,청학고등학교,경기도,남양주시,04,Y,ok,1,1,2026학년도 전학년 교육과정 편제표.hwpx,D:\project\MAPS\curriculum_files\경기도\청학고등학교
1636,8ba94f4b-648a-43f3-8164-720f7098bebf,경기오산소프트웨어고등학교,경기도,오산시,04,Y,ok,1,1,2026학년도 경기오산소프트웨어고등학교 학교교육과정 편성 운영 평가 계획(정보공시).hwpx,D:\project\MAPS\curriculum_files\경기도\경기오산소프트웨어고등학교
1637,12e8bc5f-1a67-4394-b9eb-b4688a686c0d,오산고등학교,경기도,오산시,04,Y,ok,1,0,2026학년도 오산고등학교 연간학사일정!.pdf,D:\project\MAPS\curriculum_files\경기도\오산고등학교
1638,a5be3f18-97ea-47df-9b03-b56eb004c041,오산정보고등학교,경기도,오산시,04,Y,ok,1,0,2026학년도 오산정보고등학교 연간학사일정.pdf,D:\project\MAPS\curriculum_files\경기도\오산정보고등학교
1639,ab28473c-bd01-4f82-8b13-83b914f6c8c5,세교고등학교,경기도,오산시,04,Y,ok,2,1,2025학년도 학교 교육과정 평가 보고서(세교고).pdf | 2026학년도 연간학사일정(세교고).pdf,D:\project\MAPS\curriculum_files\경기도\세교고등학교
1640,557f8201-5bf4-4e28-8c96-b0350026e2c6,안법고등학교,경기도,안성시,04,Y,ok,2,1,2026학년도 안법고 학교교육과정 편성·운영·평가 계획.pdf | 2026학년도 안법고 연간학사일정.pdf,D:\project\MAPS\curriculum_files\경기도\안법고등학교
1641,c6001c3b-68e6-4eb7-bbaf-46861eb6fd04,마루고등학교,경기도,오산시,04,Y,no_file,0,0,,
1642,2758ed25-a598-46ae-91bd-79358897cb59,소래고등학교,경기도,시흥시,04,Y,no_file,0,0,,
1643,798c8899-f695-4039-9b98-0d546a367694,은행고등학교,경기도,시흥시,04,Y,ok,2,1,"2026년 연간학사일정.hwpx | 학교교육과정 편성,운영,평가 계획.hwpx",D:\project\MAPS\curriculum_files\경기도\은행고등학교
1644,61dc7890-a5e8-440f-a34a-714a9db75c18,시흥매화고등학교,경기도,시흥시,04,Y,ok,2,1,2026학년도 창의적 체험활동 프로그램.pdf | 2026학년도 학교교육과정 편성표.hwpx,D:\project\MAPS\curriculum_files\경기도\시흥매화고등학교
1645,de7ab4aa-a4bb-4058-b4d9-55aa7d835120,한국조리과학고등학교,경기도,시흥시,04,Y,ok,1,1,2026학년도 학교교육과정 편성운영 및 평가계획서.hwp,D:\project\MAPS\curriculum_files\경기도\한국조리과학고등학교
1646,09779f1b-8adc-4cc1-b37f-95ddc0a7c53c,장곡고등학교,경기도,시흥시,04,Y,ok,1,1,2-가. 학교교육과정 편성운영 및 평가에 관한 사항.hwpx,D:\project\MAPS\curriculum_files\경기도\장곡고등학교
1647,3726034c-3c43-47b3-a2f7-80a9602b4557,용호고등학교,경기도,군포시,04,Y,ok,2,1,2026학년도 학사일정(안).hwpx | 2026학년도 교육과정부 운영계획(용호고_정보공시).hwp,D:\project\MAPS\curriculum_files\경기도\용호고등학교
1648,f7290449-5613-474b-b912-0f06d67865bb,경기폴리텍고등학교,경기도,군포시,04,Y,ok,1,0,2026학년도 학사일정및 학년별 연간시수운영계획.xlsx,D:\project\MAPS\curriculum_files\경기도\경기폴리텍고등학교
1649,5bff1595-f4ef-4b11-81ac-7eecac4e5a19,산본고등학교,경기도,군포시,04,Y,no_file,0,0,,
1650,2af04a6b-0911-4c6a-9641-3ea2784080db,수리고등학교,경기도,군포시,04,Y,no_file,0,0,,
1651,7597d1e2-11c2-4cb9-a401-a987f2dac67f,군포e비즈니스고등학교,경기도,군포시,04,Y,ok,1,0,2026학년도 군포e비즈니스고 연간학사일정.hwp,D:\project\MAPS\curriculum_files\경기도\군포e비즈니스고등학교
1652,d778be63-8a4e-4bad-bdfb-662f06199364,안성고등학교,경기도,안성시,04,Y,ok,1,0,2026 연간학사일정(정보공시).pdf,D:\project\MAPS\curriculum_files\경기도\안성고등학교
1653,be79cac6-33af-4170-a63c-597a41e95871,경기창조고등학교,경기도,안성시,04,Y,ok,3,2,2026학년도 경기창조고 학사일정 운영 계획_최종.pdf | 2026학년도 교육과정 편성 운영안.hwp | 2026학년도 경기창조고등학교 학교교육과정 운영 계획.hwpx,D:\project\MAPS\curriculum_files\경기도\경기창조고등학교
1654,609e651c-b06f-4366-8b9d-a43b5c3ac6ba,경주마케팅고등학교,경상북도,경주시,04,Y,no_file,0,0,,
1655,b5a21e08-3e98-4400-a6af-24e86f6567ce,의왕고등학교,경기도,의왕시,04,Y,no_file,0,0,,
1656,5c0c81d5-310e-492f-b571-74dbb11d3384,내손고등학교,경기도,의왕시,04,Y,ok,1,0,2026학년도 내손고등학교 연간 학사일정.xlsx,D:\project\MAPS\curriculum_files\경기도\내손고등학교
1657,57700104-4477-4b4c-86b9-439e398cecc4,백운고등학교,경기도,의왕시,04,Y,no_file,0,0,,
1658,2dd7b6a2-7cf1-44db-a7ee-0504fb65a1ec,한국애니메이션고등학교,경기도,하남시,04,Y,ok,1,1,2026학년도 한국애니메이션고 학교교육과정 편성 운영 평가 계획.pdf,D:\project\MAPS\curriculum_files\경기도\한국애니메이션고등학교
1659,e41d87d3-8599-4902-bfdc-342658608b15,하남경영고등학교,경기도,하남시,04,Y,no_file,0,0,,
1660,d9de3e09-1419-45f1-a415-1708b189b4a2,두원공업고등학교,경기도,안성시,04,Y,no_file,0,0,,
1661,da654ef6-a2b3-4733-8d6f-b1bf89150706,일죽고등학교,경기도,안성시,04,Y,ok,1,0,2026학년도 연간 수업 일수 및 주요 학사일정_일죽고.hwp,D:\project\MAPS\curriculum_files\경기도\일죽고등학교
1662,07070125-fc43-4bfa-bbac-3e6e143bdedf,경북외국어고등학교,경상북도,구미시,04,Y,no_file,0,0,,
1663,8cff4562-4101-4c45-b047-dec5c6bddc5b,운유고등학교,경기도,김포시,04,Y,no_file,0,0,,
1664,4d32fb98-0352-4e88-aeef-94d070a82e09,장기고등학교,경기도,김포시,04,Y,no_file,0,0,,
1665,c0c32f1e-0b42-4048-85a8-8f776a921c26,김포고등학교,경기도,김포시,04,Y,ok,2,1,2026학년도 김포고 연간학사일정.hwp | 학교교육과정 편성 운영 및 평가에 관한 사항(0412).hwp,D:\project\MAPS\curriculum_files\경기도\김포고등학교
1666,46bd5c05-56ce-4c70-800a-ec13892b87d0,사우고등학교,경기도,김포시,04,Y,no_file,0,0,,
1667,fa139b36-cd3f-4bb4-901a-b902ed1605ba,솔터고등학교,경기도,김포시,04,Y,no_file,0,0,,
1668,8bfc7645-381d-46ae-8891-f27cac3dc0eb,고촌고등학교,경기도,김포시,04,Y,ok,1,0,2026학년도 고촌고 연간학사일정.hwp,D:\project\MAPS\curriculum_files\경기도\고촌고등학교
1669,a760cab8-0632-436c-9656-4cb45f3d319a,양곡고등학교,경기도,김포시,04,Y,ok,1,0,2026학년도 양곡고등학교 연간학사일정.hwpx,D:\project\MAPS\curriculum_files\경기도\양곡고등학교
1670,5e879db3-555a-48f5-a950-1f3413bf6d06,신양고등학교,경기도,김포시,04,Y,ok,1,1,2026학년도 신양고 학교교육과정 편성·운영·평가 계획.hwpx,D:\project\MAPS\curriculum_files\경기도\신양고등학교
1671,a38d5d1f-9fea-4e3a-af8f-097c7cd5d8e8,상주공업고등학교,경상북도,상주시,04,Y,no_file,0,0,,
1672,4c46b44e-9f26-4e14-a5a5-f6c0427d473e,용인고등학교,경기도,용인시 처인구,04,Y,ok,2,0,2026학년도 용인고 연간학사일정.pdf | 2026학년도 용인고 학교교육과정 편성·운영·평가계획(교과 체험활동 계획 포함).hwp,D:\project\MAPS\curriculum_files\경기도\용인고등학교
1673,feb25b0d-651a-4b90-b6b0-46dc98abd1f6,태성고등학교,경기도,용인시 처인구,04,Y,ok,1,1,2026학년도 학교 교육과정 편성·운영 계획서(최종 )정보공시용.pdf,D:\project\MAPS\curriculum_files\경기도\태성고등학교
1674,937c4d33-bfd2-4c7a-b24a-a867d59eb902,포곡고등학교,경기도,용인시 처인구,04,Y,no_file,0,0,,
1675,5253f66e-1557-4314-ae60-4db8af99a26b,용인삼계고등학교,경기도,용인시 처인구,04,Y,ok,1,1,2026학년도 자율형 공립고 2.0 교육과정 운영 계획서(용인삼계고)_정보공시.hwp,D:\project\MAPS\curriculum_files\경기도\용인삼계고등학교
1676,398cae02-b4cd-4bfe-b615-3c27c336827b,모계고등학교,경상북도,청도군,04,Y,ok,2,1,2026학년도 학교 교육과정.pdf | 2026학년도 창의적체험활동 운영 계획.pdf,D:\project\MAPS\curriculum_files\경상북도\모계고등학교
1677,7b821fb5-9b16-4eda-ae2c-3c0e99c85caa,상주고등학교,경상북도,상주시,04,Y,ok,2,1,2026학년도 학사 일정.pdf | 2026학년도 학교교육과정 편성운영 평가계획.pdf,D:\project\MAPS\curriculum_files\경상북도\상주고등학교
1678,2e789913-9e3c-41f5-9027-2ace4a381331,용인한국외국어대학교부설고등학교,경기도,용인시 처인구,04,Y,ok,4,3,2026학년도 학사운영계획 _ 용인외대부고 (2026.4.10.).pdf | 2024학년도 입학생 교육과정 편제표 _ 용인외대부고 (2023.8.2.).pdf | 2025학년도 입학생 교육과정 편제표 _ 용인외대부고 (2025.12.19.).pdf | 2026학년도 입학생 교육과정 편제표 _ 용인외대부고 (2025.12.19.).pdf,D:\project\MAPS\curriculum_files\경기도\용인한국외국어대학교부설고등학교
1679,b1c7f4d6-0769-400f-8825-d9f5f8eff13b,용인바이오고등학교,경기도,용인시 처인구,04,Y,ok,1,0,2026학년도 연간 학사일정_1차 정보공시.pdf,D:\project\MAPS\curriculum_files\경기도\용인바이오고등학교
1680,d7d9437f-873d-43a1-98c3-c8034dfab29c,처인고등학교,경기도,용인시 처인구,04,Y,no_file,0,0,,
1681,11b95b45-378d-410a-9700-7e4fdcf18879,구미여자상업고등학교,경상북도,구미시,04,Y,ok,1,0,2026학년도 구미여자상업고 연간학사일정.pdf,D:\project\MAPS\curriculum_files\경상북도\구미여자상업고등학교
1682,bda5e3e2-d332-4f03-8328-537ea2256195,형곡고등학교,경상북도,구미시,04,Y,no_file,0,0,,
1683,27e319fa-ec09-44f3-b904-37269345ffac,인동고등학교,경상북도,구미시,04,Y,ok,1,0,2026학년도 창의적체험활동 운영 계획.hwpx,D:\project\MAPS\curriculum_files\경상북도\인동고등학교
1684,dc0841fa-0dff-4d77-8d9b-8b17d259cfe0,현서고등학교,경상북도,청송군,04,Y,ok,2,1,"2026학년도 현서중고 학사력.hwp | 2026학년도 학교교육과정 편성, 운영 및 평가에 과한 사항.hwpx",D:\project\MAPS\curriculum_files\경상북도\현서고등학교
1685,4d275426-8e64-49a0-98e0-db2c31062c74,기흥고등학교,경기도,용인시 기흥구,04,Y,ok,2,1,2026학년도 학교교육과정 편성·운영계획서.pdf | 2026학년도 연간학사일정.pdf,D:\project\MAPS\curriculum_files\경기도\기흥고등학교
1686,fb02969c-7b0c-41f9-8ca9-7a794bbadd3a,신갈고등학교,경기도,용인시 기흥구,04,Y,no_file,0,0,,
1687,6524a195-aac2-45ce-8196-b0ec9d8771ef,서천고등학교,경기도,용인시 기흥구,04,Y,no_file,0,0,,
1688,51a993b7-4f1e-4e09-a9ce-d1fb4edbb304,흥덕고등학교,경기도,용인시 기흥구,04,Y,no_file,0,0,,
1689,6c1deb9b-3429-4727-ad9f-74c1a6eb6eaa,구성고등학교,경기도,용인시 기흥구,04,Y,ok,1,0,2026학년도 학사일정.hwpx,D:\project\MAPS\curriculum_files\경기도\구성고등학교
1690,5f286d50-8ec5-4d55-89ec-57908c0be347,청덕고등학교,경기도,용인시 기흥구,04,Y,ok,1,0,2026학년도 학사일정(26.4.2.).hwpx,D:\project\MAPS\curriculum_files\경기도\청덕고등학교
1691,8cb00b19-d27f-4768-8a58-5d916ff2ad6a,용인백현고등학교,경기도,용인시 기흥구,04,Y,ok,1,1,2026학년도 학교교육과정 운영계획.hwp,D:\project\MAPS\curriculum_files\경기도\용인백현고등학교
1692,6859068b-5fb0-4164-8c47-07e0a4822018,동백고등학교,경기도,용인시 기흥구,04,Y,no_file,0,0,,
1693,b17df76f-2abc-47bc-9a6f-be393753cf1e,보정고등학교,경기도,용인시 기흥구,04,Y,no_file,0,0,,
1694,b8c18b51-a029-487a-813c-e6460f757e1f,태전고등학교,경기도,광주시,04,Y,no_file,0,0,,
1695,19eafcc3-e5f9-48fd-a0f6-5d6a84031d6f,영북고등학교,경기도,포천시,04,Y,no_file,0,0,,
1696,2c048997-5793-44c9-968a-ab29a18f9983,구미정보고등학교,경상북도,구미시,04,Y,ok,3,1,2026학년도 구미정보고 학교교육과정 편성·운영·평가 계획.hwp | 2026학년도 구미정보고 학사일정.xlsx | 2026학년도 구미정보고 학사일정.pdf,D:\project\MAPS\curriculum_files\경상북도\구미정보고등학교
1697,865d87c5-0782-405a-944d-13de6dfd31be,용인홍천고등학교,경기도,용인시 수지구,04,Y,no_file,0,0,,
1698,8a935acf-fbbf-4a4a-a49f-4c875fde3ae5,신봉고등학교,경기도,용인시 수지구,04,Y,ok,1,1,신봉고_2026 학교 교육과정 편성운영 계획서_신봉고 교육과정부.pdf,D:\project\MAPS\curriculum_files\경기도\신봉고등학교
1699,0895050d-debf-4be0-adea-69635a47e4ea,성복고등학교,경기도,용인시 수지구,04,Y,no_file,0,0,,
1700,ed5b5910-a7c5-408d-9a0c-d9384b907d65,상현고등학교,경기도,용인시 수지구,04,Y,ok,1,0,2026학년도 연간 학사일정.pdf,D:\project\MAPS\curriculum_files\경기도\상현고등학교
1701,b39742c2-2ac8-4a11-8dd9-e79284cd1987,서원고등학교,경기도,용인시 수지구,04,Y,ok,2,1,2026학년도 서원고 연간학사일정.pdf | 2026학년도 서원고 학교교육과정 편성·운영·평가 계획.pdf,D:\project\MAPS\curriculum_files\경기도\서원고등학교
1702,a14e7946-f3c9-472f-accd-52a8e6fa62fd,문산제일고등학교,경기도,파주시,04,Y,ok,1,1,2026학년도 문산제일고 학교교육과정 편성·운영·평가 계획(20260409).hwp,D:\project\MAPS\curriculum_files\경기도\문산제일고등학교
1703,4674a469-46ff-47af-b1ef-fdf2aa3e7f1f,한빛고등학교,경기도,파주시,04,Y,ok,2,1,2026학년도 한빛고 학교교육과정 편성운영평가 계획(4.8.).hwpx | 2026학년도 한빛고 학사일정.hwp,D:\project\MAPS\curriculum_files\경기도\한빛고등학교
1704,50d2dfbd-1a85-4af1-9910-6c9a70b71375,다율고등학교,경기도,파주시,04,Y,ok,1,1,2026학년도 다율고 교육과정 편성·운영·평가 계획.pdf,D:\project\MAPS\curriculum_files\경기도\다율고등학교
1705,4ef2f531-88f9-41e2-880b-54a2af3c8b24,금촌고등학교,경기도,파주시,04,Y,ok,1,1,2026학년도 교육과정 편성운영 계획서.pdf,D:\project\MAPS\curriculum_files\경기도\금촌고등학교
1706,280913b9-914e-4c5c-a87f-03c330cfb6ac,파주고등학교,경기도,파주시,04,Y,ok,1,1,2026 파주고등학교 교육과정 운영계획서.pdf,D:\project\MAPS\curriculum_files\경기도\파주고등학교
1707,ed3c2a3a-b5a0-4fac-8306-87f198326d42,문산고등학교,경기도,파주시,04,Y,no_file,0,0,,
1708,499f4b32-4299-4396-86b1-25e1ef1f0c0d,문산수억고등학교,경기도,파주시,04,Y,no_file,0,0,,
1709,d1dd6e55-4187-4f21-aae8-74040ce1900f,점동고등학교,경기도,여주시,04,Y,ok,2,1,2026학년도 학교교육과정 운영 계획.pdf | 2026년도 점동고등학교 연간학사일정.pdf,D:\project\MAPS\curriculum_files\경기도\점동고등학교
1710,492c3c34-0c13-4c26-90b7-8274e7076040,경기항공고등학교,경기도,광명시,04,Y,ok,2,2,2025학년도 교육과정 편제표.pdf | 2026학년도 교육과정 편제표.pdf,D:\project\MAPS\curriculum_files\경기도\경기항공고등학교
1711,5b8f2586-39d7-40f7-81f1-0ff8c9126596,광문고등학교,경기도,광명시,04,Y,ok,2,1,학교교육과정 계획서.hwp | 학사일정.hwpx,D:\project\MAPS\curriculum_files\경기도\광문고등학교
1712,773a975a-a0b4-460c-adcf-5dde631b099e,명문고등학교,경기도,광명시,04,Y,ok,1,1,2026학년도 학교교육과정계획서.hwp,D:\project\MAPS\curriculum_files\경기도\명문고등학교
1713,a36dd66a-15da-4a64-b853-9fd1023be119,진성고등학교,경기도,광명시,04,Y,ok,3,1,2026학년도 연간 학사일정 계획표.hwp | 진성고등학교 교육과정 편성운영규정.hwp | 2026학년도 진성고등학교 현장체험학습 기본계획.hwpx,D:\project\MAPS\curriculum_files\경기도\진성고등학교
1714,0b321cf9-ec79-453c-a307-7b633997122d,효명고등학교,경기도,평택시,04,Y,no_file,0,0,,
1715,e0b94e64-3c02-4f9d-8d58-c5bf4e1c23cd,이충고등학교,경기도,평택시,04,Y,no_file,0,0,,
1716,ba947c9b-b989-4223-b409-0f186645e282,신한고등학교,경기도,평택시,04,Y,ok,2,1,2026학년도 신한고 연간학사일정.hwpx | 2026 신한고 학교교육과정 편성.운영.평가 계획.hwp,D:\project\MAPS\curriculum_files\경기도\신한고등학교
1717,eaa6e327-62ea-43a7-90a4-204ad2b06d44,평택고등학교,경기도,평택시,04,Y,no_file,0,0,,
1718,41b4dd26-090c-4c8d-978b-826498574f1b,한광고등학교,경기도,평택시,04,Y,no_file,0,0,,
1719,c69c8af4-e736-4433-8c75-d68441d4addb,동일공업고등학교,경기도,평택시,04,Y,ok,2,0,(동일공업고등학교-3972 (첨부)) 2026학년도 연간학사일정.pdf | (동일공업고등학교-4879 (첨부)) 2026학년도 창의적 체험활동 운영계획서.pdf,D:\project\MAPS\curriculum_files\경기도\동일공업고등학교
1720,0560bb25-77c7-48af-b02b-de1e1f75fc8e,평택마이스터고등학교,경기도,평택시,04,Y,ok,2,1,2026학년도 평택마이스터고 체험활동 계획.hwp | 2026학년도 교육과정 운영계획(3차수정).pdf,D:\project\MAPS\curriculum_files\경기도\평택마이스터고등학교
1721,e7f96b29-6a2c-44e7-9ae4-34a0d38a99f0,한광여자고등학교,경기도,평택시,04,Y,ok,1,0,2026학년도 한광여고 연간학사일정.xlsx,D:\project\MAPS\curriculum_files\경기도\한광여자고등학교
1722,b4998ca9-6fbd-4e12-9bb0-d8fc7fe8460a,비전고등학교,경기도,평택시,04,Y,ok,2,1,2026학년도 비전고 학교교육과정 편성·운영·평가 계획.hwp | 2026학년도 비전고 연간학사일정.hwp,D:\project\MAPS\curriculum_files\경기도\비전고등학교
1723,b8474c7b-8e0c-4505-9c8e-a2daad96a6d1,용죽고등학교,경기도,평택시,04,Y,ok,1,0,2026학년도 학사일정.hwpx,D:\project\MAPS\curriculum_files\경기도\용죽고등학교
1724,e624b80a-9ab6-4460-af39-342d5261d630,세경고등학교,경기도,파주시,04,Y,no_file,0,0,,
1725,3fbfb0ff-39b4-4bc6-9633-ca940e415886,율곡고등학교,경기도,파주시,04,Y,ok,1,1,2026학년도 학교교육과정 운영계획(수정).pdf,D:\project\MAPS\curriculum_files\경기도\율곡고등학교
1726,b7ba0614-64ad-495a-8301-ce615b46ad3c,봉일천고등학교,경기도,파주시,04,Y,ok,2,1,2026학년도 봉일천고 학교교육과정 편성·운영·평가 계획.hwp | 2026학년도 봉일천고 연간학사일정.xlsx,D:\project\MAPS\curriculum_files\경기도\봉일천고등학교
1727,441a3c37-60a6-474d-8f1b-5d81f4d8a5d5,구미제일고등학교,경상북도,구미시,04,Y,no_file,0,0,,
1728,a9b89e72-d5c7-420c-8be9-5f2642632005,동두천고등학교,경기도,동두천시,04,Y,ok,1,0,2026 동두천고 학교교육계획서.hwpx,D:\project\MAPS\curriculum_files\경기도\동두천고등학교
1729,5dd70a27-f8d7-4ae2-90e9-ad387e7cf47a,한빛누리고등학교,경기도,동두천시,04,Y,no_file,0,0,,
1730,d638bbdb-895b-4aae-89cf-33c214294839,한국문화영상고등학교,경기도,동두천시,04,Y,ok,1,1,2026 한국문화영상고 교육과정 운영 계획서(최종).pdf,D:\project\MAPS\curriculum_files\경기도\한국문화영상고등학교
1731,74f7283a-c981-4ed8-be7f-939cc44e9d19,정목고등학교,경기도,파주시,04,Y,ok,1,1,학교교육과정 편성 운영 및 평가에 관한 사항.pdf,D:\project\MAPS\curriculum_files\경기도\정목고등학교
1732,326f83b5-31c0-4dfa-b658-e2ee685801b4,죽변고등학교,경상북도,울진군,04,Y,ok,2,1,2026학년도 죽변고 연간학사일정.pdf | 2026학년도 죽변고 학교교육과정 편성·운영·평가 계획.pdf,D:\project\MAPS\curriculum_files\경상북도\죽변고등학교
1733,60829f43-2f13-455f-bbab-f06a381f7541,안산동산고등학교,경기도,안산시 상록구,04,Y,no_file,0,0,,
1734,2c451cdc-140f-4429-8bc5-42b53df0b8e6,안산디자인문화고등학교,경기도,안산시 상록구,04,Y,ok,1,1,2026학년도 안산디자인문화고 학교교육과정 편성운영평가 계획.pdf,D:\project\MAPS\curriculum_files\경기도\안산디자인문화고등학교
1735,8bb24382-3a68-4ae5-83f3-80af52213458,상록고등학교,경기도,안산시 상록구,04,Y,no_file,0,0,,
1736,27177f4d-271f-4ee1-bfd8-90d7cc0f80f8,성포고등학교,경기도,안산시 상록구,04,Y,ok,2,1,2026학년도 성포고 연간학사일정.pdf | 2026학년도 성포고등학교 학교교육과정 편성·운영·평가 계획.hwp,D:\project\MAPS\curriculum_files\경기도\성포고등학교
1737,092f2927-5718-4b03-bce1-0d832a3363e5,광덕고등학교,경기도,안산시 상록구,04,Y,ok,2,1,2026 학사일정.pdf | 2026 학교교육과정 편성 운영 및 평가에 관한 사항.pdf,D:\project\MAPS\curriculum_files\경기도\광덕고등학교
1738,1d105740-3bf2-453d-93af-60a02f2d500f,경기모바일과학고등학교,경기도,안산시 상록구,04,Y,ok,1,1,"2026학년도 교육과정편제표(과별-1,2,3학년)종합.hwp",D:\project\MAPS\curriculum_files\경기도\경기모바일과학고등학교
1739,6c681ad0-caa8-4c69-a425-bec53d526ea4,안산국제비즈니스고등학교,경기도,안산시 상록구,04,Y,no_file,0,0,,
1740,3e5c46c1-114a-4c18-92db-18db6e3d7edb,안산고등학교,경기도,안산시 상록구,04,Y,ok,1,0,2026학년도 안산고 연간학사일정.hwp,D:\project\MAPS\curriculum_files\경기도\안산고등학교
1741,18ceb2bf-a7d1-4e49-8d0d-7c5102f9e269,고잔고등학교,경기도,안산시 단원구,04,Y,ok,2,2,2026학년도 교육과정 운영 일정.pdf | 2026 고잔고 학교교육과정 편성·운영·평가 계획.pdf,D:\project\MAPS\curriculum_files\경기도\고잔고등학교
1742,e8f15113-1e33-4609-b348-cc76a87c30ba,단원고등학교,경기도,안산시 단원구,04,Y,ok,1,0,2026학년도 단원고등학교 연간학사일정.pdf,D:\project\MAPS\curriculum_files\경기도\단원고등학교
1743,76ade216-fe62-445a-80c2-9965ce67f1fa,경안고등학교,경기도,안산시 단원구,04,Y,no_file,0,0,,
1744,90c3c448-0cb8-4d57-9111-eb4604bb977c,양지고등학교,경기도,안산시 단원구,04,Y,no_file,0,0,,
1745,a285e3ea-a793-41e8-809e-875374b7fd61,안산강서고등학교,경기도,안산시 단원구,04,Y,ok,1,1,2026학년도 안산강서고 학교교육과정 편성·운영·평가 계획.hwp,D:\project\MAPS\curriculum_files\경기도\안산강서고등학교
1746,4d64ec8d-e130-4762-8189-f217815cf3d3,한국디지털미디어고등학교,경기도,안산시 단원구,04,Y,no_file,0,0,,
1747,7d6dd394-74d2-488c-8261-b667d55aba5f,원곡고등학교,경기도,안산시 단원구,04,Y,ok,1,1,2026학년도 원곡고 학교교육과정 편성·운영·평가 계획.pdf,D:\project\MAPS\curriculum_files\경기도\원곡고등학교
1748,c1f99f25-09e9-465f-b751-8de197c1ba09,한민고등학교,경기도,파주시,04,Y,ok,2,1,2026학년도 한민고 학교교육과정 편성운영평가 계획.pdf | 2026학년도 한민고 연간 학사일정.pdf,D:\project\MAPS\curriculum_files\경기도\한민고등학교
1749,343e2ff4-8080-4162-b182-b1af6fad7341,적성융합고등학교,경기도,파주시,04,Y,no_file,0,0,,
1750,03d6bbac-3481-4509-8aed-4cb672059429,삼광고등학교,경기도,파주시,04,Y,no_file,0,0,,
1751,0ae218a6-3e5c-45fd-851c-87581d5abdca,한국조리명장고등학교,경상북도,고령군,04,Y,ok,1,0,2026학년도 한국조리명장고등학교 학교교육계획서.pdf,D:\project\MAPS\curriculum_files\경상북도\한국조리명장고등학교
1752,28c84823-7980-42a5-abad-69149d465724,구미고등학교,경상북도,구미시,04,Y,no_file,0,0,,
1753,e541eee0-6c70-4c00-b8c0-078e7055e801,구미여자고등학교,경상북도,구미시,04,Y,ok,1,0,2026학년도 구미여고 연간학사일정.xlsx,D:\project\MAPS\curriculum_files\경상북도\구미여자고등학교
1754,d3b6528a-fb98-45bf-b7a7-7b65dd76fc7d,구미고등학교부설방송통신고등학교,경상북도,구미시,04,Y,ok,2,0,2026학년도 구미고등학교 부설 방송통신고등학교 운영 계획서.hwpx | 2026학년도 구미고등학교 부설 방송통신고등학교 운영 계획서(p.11 연간학사일정).hwpx,D:\project\MAPS\curriculum_files\경상북도\구미고등학교부설방송통신고등학교
1755,8b0c3d33-858f-4c62-9446-d46a6aac189b,경북골프경영고등학교,경상북도,청송군,04,Y,ok,5,4,2026학년도 연간 학사일정 및 수업일수 확보 계획(3.18.).hwp | 2024학년도 신입생 교육과정(2023. 9. 15-최종).pdf | 2025학년도 신입생 교육과정 편제표(경북골프경영고).pdf | 2026학년도 신입생 교육과정 편제표(경북골프경영고).pdf | 2026학년도 전학년 교육과정 편제표(경북골프경영고).xlsx,D:\project\MAPS\curriculum_files\경상북도\경북골프경영고등학교
1756,b4fdf6e9-8cc2-4b40-9b1b-f395809c03c4,도래울고등학교,경기도,고양시 덕양구,04,Y,no_file,0,0,,
1757,2f1864b5-36cb-46f3-bb5a-0c0d4b6d3749,이천양정여자고등학교,경기도,이천시,04,Y,ok,2,1,2026학년도 이천양정여고 연간학사일정.pdf | 2026학년도 학교교육과정 편성· 운영· 평가계획.pdf,D:\project\MAPS\curriculum_files\경기도\이천양정여자고등학교
1758,04b78eb7-a79b-4f0a-937a-9f463a742de7,이천제일고등학교,경기도,이천시,04,Y,ok,1,1,2026학년도 이천제일고등학교 학교교육과정 편성운영 및 평가에 관한 사항.hwp,D:\project\MAPS\curriculum_files\경기도\이천제일고등학교
1759,9ff0e80f-56ef-4a86-8324-b870facbd57e,이현고등학교,경기도,이천시,04,Y,ok,1,0,2026학년도 연간학사일정.pdf,D:\project\MAPS\curriculum_files\경기도\이현고등학교
1760,3dc1f1b0-c135-4ece-a578-e5db10064f98,이천고등학교,경기도,이천시,04,Y,no_file,0,0,,
1761,bb1d7615-7e21-4660-b991-445a30b98cb3,부원고등학교,경기도,이천시,04,Y,no_file,0,0,,
1762,6c9c5b7e-0ba8-46e1-ac71-3d0850010268,대가야고등학교,경상북도,고령군,04,Y,no_file,0,0,,
1763,1e5c3e15-e552-4675-a508-cb04ddc22748,경구고등학교,경상북도,구미시,04,Y,ok,1,1,2-가. 2026학년도 경구고등학교 학교교육과정 편성운영평가 계획.xlsx,D:\project\MAPS\curriculum_files\경상북도\경구고등학교
1764,85f77cbe-5a4e-4cfe-9007-2da9c70b8e13,선주고등학교,경상북도,구미시,04,Y,ok,2,1,2026학년도 선주고 학교교육과정 편성·운영·평가 계획.pdf | 2026학년도 선주고 연간학사일정.pdf,D:\project\MAPS\curriculum_files\경상북도\선주고등학교
1765,a9b94216-c59e-49b4-bf87-9f79108acfc8,구미전자공업고등학교,경상북도,구미시,04,Y,ok,1,0,2026학년도 학사일정표.hwp,D:\project\MAPS\curriculum_files\경상북도\구미전자공업고등학교
1766,be5ed880-0de1-4793-8428-f2dbe77044e9,상주여자고등학교,경상북도,상주시,04,Y,ok,1,1,2026학년도 상주여자고등학교 학교교육과정 편성·운영·평가 계획.pdf,D:\project\MAPS\curriculum_files\경상북도\상주여자고등학교
1767,6b854465-bc6a-44f4-a30e-822067ce388c,고양동산고등학교,경기도,고양시 덕양구,04,Y,ok,1,1,2026학년도 고양동산고 학교교육과정 편성?운영?평가 계획.hwp,D:\project\MAPS\curriculum_files\경기도\고양동산고등학교
1768,adcd7c59-0b48-478f-8888-2e74b58758fd,고양일고등학교,경기도,고양시 덕양구,04,Y,ok,1,0,2026학년도 고양일고 연간학사일정.hwpx,D:\project\MAPS\curriculum_files\경기도\고양일고등학교
1769,4b2a2b21-aa69-4013-be9b-43001e41f314,고양외국어고등학교,경기도,고양시 덕양구,04,Y,ok,1,1,2026학년도 3개 학년 교육과정.pdf,D:\project\MAPS\curriculum_files\경기도\고양외국어고등학교
1770,8f85cb12-5439-46ea-9fd5-75300e75c688,능곡고등학교,경기도,고양시 덕양구,04,Y,ok,1,1,2026학년도 교육과정운영계획서(정보공시).hwpx,D:\project\MAPS\curriculum_files\경기도\능곡고등학교
1771,b7fad1a0-bf2f-4b77-b5c8-13284c68d5e0,화정고등학교,경기도,고양시 덕양구,04,Y,no_file,0,0,,
1772,1d854bd5-4e22-432f-b9dc-e13336faf702,화수고등학교,경기도,고양시 덕양구,04,Y,no_file,0,0,,
1773,30f593ce-38b3-49fb-b5ea-06567d97c257,향동고등학교,경기도,고양시 덕양구,04,Y,ok,1,0,2026학년도 향동고등학교 학사 일정.hwpx,D:\project\MAPS\curriculum_files\경기도\향동고등학교
1774,ab5ea181-969b-4d78-9824-a45972f23314,백신고등학교,경기도,고양시 일산동구,04,Y,ok,1,0,2026학년도 백신고 연간학사일정.pdf,D:\project\MAPS\curriculum_files\경기도\백신고등학교
1775,e891ad94-f03f-453a-91d7-50f27327b311,백마고등학교,경기도,고양시 일산동구,04,Y,no_file,0,0,,
1776,4722484c-0c1f-4128-9e25-8b09f583bf0d,신일비즈니스고등학교,경기도,고양시 일산서구,04,Y,no_file,0,0,,
1777,df8ae281-3747-4b3e-b095-ffa484ce860b,일산고등학교,경기도,고양시 일산서구,04,Y,ok,2,1,2026학년도 창의적 체험활동 운영 세부계획(수정).xlsx | 2026학년도 학교교육과정운영계획서(일산고)-교육과정부(정보공시용).hwpx,D:\project\MAPS\curriculum_files\경기도\일산고등학교
1778,2e90a956-6f46-4826-b56c-aa1ed6905e41,주엽고등학교,경기도,고양시 일산서구,04,Y,ok,1,1,2026학년도 주엽고등학교 교육과정 편성·운영 계획.pdf,D:\project\MAPS\curriculum_files\경기도\주엽고등학교
1779,3f563f21-23fb-4cf8-87f8-5d3dbcff010d,대화고등학교,경기도,고양시 일산서구,04,Y,ok,1,1,2026학년도 대화고 학교교육과정 편성·운영·평가 계획.hwp,D:\project\MAPS\curriculum_files\경기도\대화고등학교
1780,61943a34-a683-42dc-a5f4-611fd0255dd4,일산대진고등학교,경기도,고양시 일산서구,04,Y,no_file,0,0,,
1781,c8947b13-d8a3-4a7b-9dfa-173b225e0071,백송고등학교,경기도,고양시 일산서구,04,Y,ok,1,1,2026학년도 백송고등학교 교육과정 운영 계획서4.9..pdf,D:\project\MAPS\curriculum_files\경기도\백송고등학교
1782,63ae4665-1f3f-4655-b968-91b8619fe4fa,고양예술고등학교,경기도,고양시 일산서구,04,Y,no_file,0,0,,
1783,e030bf17-9a92-4afd-b3a5-6e963e0fe736,덕이고등학교,경기도,고양시 일산서구,04,Y,ok,1,0,2026 학사일정.pdf,D:\project\MAPS\curriculum_files\경기도\덕이고등학교
1784,b11adf37-9d0a-4031-ad12-54501bfb0d84,장호원고등학교,경기도,이천시,04,Y,ok,5,3,2024학년도 일반고 입학생 교육과정 편제표(정보공시).xlsx | 2025학년도 일반고 입학생 교육과정 편제표(정보공시).xlsx | 2026학년도 일반고 입학생 교육과정 편제표(정보공시).xls | 2026학년도 학사일정.hwp | 2026학년도 창의적 체험활동 운영계획(장호원고등학교).hwp,D:\project\MAPS\curriculum_files\경기도\장호원고등학교
1785,2495a3c7-33f8-4592-b557-926bae4aae0e,효양고등학교,경기도,이천시,04,Y,no_file,0,0,,
1786,4aca12d1-a238-4266-b351-4fb2b36f77eb,한국도예고등학교,경기도,이천시,04,Y,no_file,0,0,,
1787,cdca88b5-688f-40a7-8daf-2e6c8d93b110,금오공업고등학교,경상북도,구미시,04,Y,ok,4,3,2026학년도 창의적 체험활동 운영 계획_정보공시_금오공고.pdf | 2024학년도 입학생 교육과정 편성표v26.03.xlsx | 2025학년도 입학생 교육과정 편성표v26.03.xlsx | 2026학년도 입학생 교육과정 편성표v26.03.xlsx,D:\project\MAPS\curriculum_files\경상북도\금오공업고등학교
1788,fef784bd-0a0c-4675-87be-955828b5c342,김포외국어고등학교,경기도,김포시,04,Y,no_file,0,0,,
1789,9c41da99-b42d-4b70-81fc-666c3651bbcc,근명고등학교,경기도,안양시 만안구,04,Y,ok,2,1,2026 교육과정 편성 및 운영 기본 방향.hwpx | 2026년 창의적 체험활동 운영계획.hwpx,D:\project\MAPS\curriculum_files\경기도\근명고등학교
1790,ca4a51df-c54c-4435-bb41-c953c263014b,신성고등학교,경기도,안양시 만안구,04,Y,no_file,0,0,,
1791,5fbf15a2-2911-4fff-acfa-11887598d084,양명여자고등학교,경기도,안양시 만안구,04,Y,no_file,0,0,,
1792,fadffc98-3739-4049-87d1-93511cb03a77,안양여자고등학교,경기도,안양시 만안구,04,Y,ok,1,0,2026학년도 연간 학사 일정표(안양여고).pdf,D:\project\MAPS\curriculum_files\경기도\안양여자고등학교
1793,c68c12c7-2b34-4e80-81ef-f523a85748c3,안양문화고등학교,경기도,안양시 만안구,04,Y,no_file,0,0,,
1794,b2544192-be56-46f2-8e36-63fbb61c4405,안양예술고등학교,경기도,안양시 만안구,04,Y,ok,3,2,1. 2025학년도 특목고 입학생 교육과정 편제표(안양예술고).hwp | 1. 2026학년도 특목고 입학생 교육과정 편제표(안양예술고).hwp | 2026학년도 학사일정표.hwp,D:\project\MAPS\curriculum_files\경기도\안양예술고등학교
1795,5ad5ec89-82f6-4811-9cf9-79fe30673b2d,안양공업고등학교,경기도,안양시 만안구,04,Y,ok,5,4,2024학년도 교육과정 편제 및 학점 배당표.xlsx | 2025학년도 교육과정 편제 및 학점 배당표.xlsx | 2026학년도 교육과정 편제 및 학점 배당표.xlsx | 2026학년도 안양공업고등학교 학교교육과정 편성·운영·평가 계획.hwpx | 2026학년도 연간학사일정 및 창의적 체험활동 운영계획.xlsx,D:\project\MAPS\curriculum_files\경기도\안양공업고등학교
1796,4ef1d0d4-8ee6-49ae-a74c-9e76b18c6cbf,안양외국어고등학교,경기도,안양시 만안구,04,Y,ok,2,2,2025학년도 특목고 입학생 교육과정 편제표(안양외고).pdf | 2026학년도 특목고 입학생 교육과정 편제표(안양외고).pdf,D:\project\MAPS\curriculum_files\경기도\안양외국어고등학교
1797,b7b7255b-a917-4fb0-bc72-711e554dc5cb,성문고등학교,경기도,안양시 만안구,04,Y,no_file,0,0,,
1798,cd5d33f7-5a31-4666-9114-a2d25b0310cb,양명고등학교,경기도,안양시 만안구,04,Y,no_file,0,0,,
1799,6fdb6c86-cee1-4228-bc8b-59ea12d17e0e,영신여자고등학교,경기도,수원시 권선구,04,Y,ok,1,1,2-가. 학교교육과정편성·운영 및 평가에 관한 사항.hwpx,D:\project\MAPS\curriculum_files\경기도\영신여자고등학교
1800,b39365bb-4369-45a0-8923-f84545ebb749,성지고등학교,경기도,용인시 기흥구,04,Y,ok,2,1,2026학년도 성지고 학교교육과정 편성 운영 평가 계획.pdf | 2026학년도 성지고 연간학사일정.pdf,D:\project\MAPS\curriculum_files\경기도\성지고등학교
1801,bd5deb48-b49e-4e50-bbd7-e22f69f2740c,경기관광고등학교,경기도,여주시,04,Y,no_file,0,0,,
1802,883fef1c-65df-4cee-b198-a0fcc108aaba,진건고등학교,경기도,남양주시,04,Y,ok,2,1,2026학년도 진건고 교육과정편제표.pdf | 2026학년도 진건고 학사일정(0403).pdf,D:\project\MAPS\curriculum_files\경기도\진건고등학교
1803,fcf75dfc-ac1c-45d5-bd3e-02a37caeaeef,금오고등학교,경상북도,구미시,04,Y,no_file,0,0,,
1804,ee61f91b-d59c-41f2-9112-7040c87786bc,안양고등학교,경기도,안양시 만안구,04,Y,ok,2,1,2026학년도 안양고 연간학사일정.xlsx | 2026학년도 안양고 학교교육과정 편성·운영·평가 계획.hwpx,D:\project\MAPS\curriculum_files\경기도\안양고등학교
1805,3f6a5278-07f3-4c5e-92e0-c2ff9591ab58,한국외식과학고등학교,경기도,양주시,04,Y,ok,2,1,2026학년도 한국외식과학고 연간학사일정.xlsx | 2026학년도 한국외식과학고 학교교육과정 편성 운영 및 평가 계획.hwpx,D:\project\MAPS\curriculum_files\경기도\한국외식과학고등학교
1806,795daeb1-3875-4a53-a9c9-3fdd22651932,심석고등학교,경기도,남양주시,04,Y,no_file,0,0,,
1807,3bcfb6c5-d0e3-4515-8c50-02d7e695f6a0,초당고등학교,경기도,용인시 기흥구,04,Y,ok,1,0,2026학년도 연간 학사운영 계획(0401).xlsx,D:\project\MAPS\curriculum_files\경기도\초당고등학교
1808,39261d48-806b-4560-a114-58a532b9ff6d,수원고등학교,경기도,수원시 팔달구,04,Y,ok,4,4,2025입학생교육과정편성표 변경(25년에 2학년변경반영)(수정최종).hwpx | 2026입학생교육과정편성표(최종).hwpx | 2026학년도 전학년 교육과정 편성표.xlsx | 2024학년도 입학생 교육과정 편제표.hwpx,D:\project\MAPS\curriculum_files\경기도\수원고등학교
1809,0c8cd754-0d71-436d-9294-a2ecc31a2857,여강고등학교,경기도,여주시,04,Y,ok,1,0,2026학년도 연간학사 일정.hwp,D:\project\MAPS\curriculum_files\경기도\여강고등학교
1810,2aa0e76b-e36c-491f-995e-566adf4821ab,포천일고등학교,경기도,포천시,04,Y,no_file,0,0,,
1811,abe7460e-bd58-4a59-a374-4cd7c52d71c8,풍덕고등학교,경기도,용인시 수지구,04,Y,no_file,0,0,,
1812,a80fd2f5-9177-4a84-9d19-3935dddebbf7,수지고등학교,경기도,용인시 수지구,04,Y,no_file,0,0,,
1813,42c35af8-b955-4d44-a972-2e088669587c,경기게임마이스터고등학교,경기도,안양시 동안구,04,Y,ok,2,0,2026학년도 경기게임마이스터고 연간학사일정_정보공시.pdf | 2026학년도 경기게임마이스터고 학교교육과정 편성·운영·평가 계획(창의적 체험활동 포함)_정보공시.pdf,D:\project\MAPS\curriculum_files\경기도\경기게임마이스터고등학교
1814,971234cc-e5f5-407e-a47e-6542a308635a,부흥고등학교,경기도,안양시 동안구,04,Y,no_file,0,0,,
1815,18048ac1-744c-4fc6-8b09-967e81f3a23f,호매실고등학교,경기도,수원시 권선구,04,Y,no_file,0,0,,
1816,c965c0b8-a5c2-489b-a8bb-ba7f5e6a0107,청북고등학교,경기도,평택시,04,Y,ok,1,0,2026학년도 청북고 연간학사일정.pdf,D:\project\MAPS\curriculum_files\경기도\청북고등학교
1817,66450902-6c6b-469d-b135-b64b164fc3ac,남양주고등학교,경기도,남양주시,04,Y,no_file,0,0,,
1818,f0686f09-afec-4ebb-8370-1a2d08bdfdf6,수원여자고등학교,경기도,수원시 팔달구,04,Y,no_file,0,0,,
1819,582106a7-96fd-4fdc-a2e6-b256032fca9b,수원여자고등학교부설방송통신고등학교,경기도,수원시 팔달구,04,Y,ok,2,1,2026학년도 학사 일정 수정(안)(2026.4.1.자).hwpx | 2026학년도 수원여자고등학교부설방송통신고등학교 학교교육과정 운영 계획서(수정).hwpx,D:\project\MAPS\curriculum_files\경기도\수원여자고등학교부설방송통신고등학교
1820,c8153bf6-dd7d-4616-a675-ab68b13ec9e7,판곡고등학교,경기도,남양주시,04,Y,ok,1,1,2026학년도 학교교육과정 운영계획서(정보공시).pdf,D:\project\MAPS\curriculum_files\경기도\판곡고등학교
1821,c68f4e47-c10b-4ec0-bb3d-1315a1e2bfb4,호평고등학교,경기도,남양주시,04,Y,ok,4,1,(호평고등학교-4405 (첨부)) 2026학년도 2학년 주제별 체험학습 세부계획(호평고).pdf | (호평고등학교-1123 (첨부)) 2026학년도 학사일정 (수정안).hwp | (호평고등학교-758 (첨부)) 2026학년도 주제별(1일형) 현장체험학습 계획(안).hwp | (호평고등학교-4817 (첨부)) 2026학년도 교육운영 특색사업 운영 계획 및 교육과정 편제.hwpx,D:\project\MAPS\curriculum_files\경기도\호평고등학교
1822,96258df9-bb97-4e9a-bde7-6a07e564d15d,청운고등학교,경기도,양평군,04,Y,no_file,0,0,,
1823,e0502faf-2a44-4091-8e29-709c15060bfc,여주자영농업고등학교,경기도,여주시,04,Y,ok,6,0,2026 특수학급 현장체험학습 운영계획(안).hwp | 2026학년도 1일형 현장체험학습 운영계획 심의안.hwp | 2026학년도 2학년 숙박형 현장체험학습 기본계획.hwpx | 2026학년도 학사일정 변경_260326.pdf | 2026학년도 현장체험학습 운영계획서(식품가공과).hwp | 2026 창의적체험활동 운영 계획 수립(수정)(0421).xlsx,D:\project\MAPS\curriculum_files\경기도\여주자영농업고등학교
1824,7bccb639-f2ef-448f-9f21-f4b00784492e,후포고등학교,경상북도,울진군,04,Y,ok,2,1,"2026 체험활동계획(학사일정).hwpx | 2026 학교 교육과정 편성 운영, 편제 및 시간 배당.hwpx",D:\project\MAPS\curriculum_files\경상북도\후포고등학교
1825,254e2c9d-b1e7-4b81-9a95-55c3eeef332c,매향여자정보고등학교,경기도,수원시 팔달구,04,Y,ok,2,1,2026학년도 교육과정 운영계획서(창의적 체험활동).hwpx | 2026학년도 교육과정 운영계획서(연간 학사 알정).hwpx,D:\project\MAPS\curriculum_files\경기도\매향여자정보고등학교
1826,9e40a5b6-627f-4b5f-be37-de1d8121af16,삼일공업고등학교,경기도,수원시 팔달구,04,Y,no_file,0,0,,
1827,f8201b5c-54d6-4d8f-aa35-5faa1535447e,삼일고등학교,경기도,수원시 팔달구,04,Y,ok,1,1,2026학년도 교육과정 편성 및 운영 계획(수정).hwp,D:\project\MAPS\curriculum_files\경기도\삼일고등학교
1828,81aa2395-f5dd-408a-8d33-4bdfcf58845b,태안여자고등학교,충청남도,태안군,04,Y,ok,2,0,2026학년도 창의적 체험활동 운영 계획.pdf | 2026학년도 연간 학사일정.pdf,D:\project\MAPS\curriculum_files\충청남도\태안여자고등학교
1829,6ff1e571-e6af-4654-9318-cbe081b5f231,태안고등학교,충청남도,태안군,04,Y,no_file,0,0,,
1830,447e84df-0927-4e3c-bf93-0a997d686b3b,안면고등학교,충청남도,태안군,04,Y,no_file,0,0,,
1831,0e8435a8-c374-43c1-9c98-42e096f4f572,진위고등학교,경기도,평택시,04,Y,ok,2,1,2026학년도 진위고 연간학사일정.xlsx | 2-가 2026학년도 진위고 학교교육과정 편성·운영·평가 계획.pdf,D:\project\MAPS\curriculum_files\경기도\진위고등학교
1832,69887355-2400-4736-a33b-4fb0fbdf876d,금호고등학교,서울특별시,성동구,04,Y,ok,3,2,(금호고)2025학년도 입학생 교육과정 학점 배당표(2022 개정 교육과정).pdf | (금호고)2026학년도 입학생 교육과정 학점 배당표(2022 개정 교육과정).pdf | 2026학년도 학사일정 03.13..xlsx,D:\project\MAPS\curriculum_files\서울특별시\금호고등학교
1833,5b4cfdb5-453a-41d5-8ff7-d54de7b26437,만리포고등학교,충청남도,태안군,04,Y,no_file,0,0,,
1834,03c4bc40-b3a9-4fbe-ab8d-5efde144006b,양동고등학교,경기도,양평군,04,Y,no_file,0,0,,
1835,e589c624-936c-477e-ba98-ada4e4c7b651,백암고등학교,경기도,용인시 처인구,04,Y,ok,1,1,2026 교육과정 운영 계획서(교육연구부).hwp,D:\project\MAPS\curriculum_files\경기도\백암고등학교
1836,97a60f1b-b217-4a22-a15b-1111c46abf49,와부고등학교,경기도,남양주시,04,Y,ok,1,1,2026 교육과정 편성 및 운영.hwp,D:\project\MAPS\curriculum_files\경기도\와부고등학교
1837,c83885ed-b7bf-4330-9d01-9ad9e4b23568,대신고등학교,경기도,여주시,04,Y,ok,2,2,2026 일반고 입학생 교육과정 편성표(대신고_0317) (1).pdf | 2025 일반고 입학생 교육과정 편성표(대신고_0317) (1).pdf,D:\project\MAPS\curriculum_files\경기도\대신고등학교
1838,ae76176f-c267-4855-8af9-c356b08d6959,운정고등학교,경기도,파주시,04,Y,ok,1,1,2026학년도 운정고등학교 학교 교육과정 편성·운영 계획_0506수정.hwpx,D:\project\MAPS\curriculum_files\경기도\운정고등학교
1839,d16a9e18-815b-4a5a-88ab-0cfd62837753,광주중앙고등학교,경기도,광주시,04,Y,ok,1,0,2026학년도 광주중앙고 연간학사일정.hwp,D:\project\MAPS\curriculum_files\경기도\광주중앙고등학교
1840,7fe827db-b4ab-4e8f-856c-3f8e813a88ec,지산고등학교,경기도,파주시,04,Y,no_file,0,0,,
1841,67b5e918-5c37-49a8-b519-a0daf74a0d37,삼성생활예술고등학교,경상북도,경주시,04,Y,no_file,0,0,,
1842,429bd3e3-e258-44f6-a46a-fe7d0a61ad81,송우고등학교,경기도,포천시,04,Y,ok,1,1,2026학년도 송우고 학교교육과정 편성·운영·평가 계획.hwpx,D:\project\MAPS\curriculum_files\경기도\송우고등학교
1843,2d85d9f4-167b-4033-a819-c2a24563cf55,인창고등학교,서울특별시,서대문구,04,Y,ok,1,1,2026학년도 인창고 학교교육과정 편성운영및평가계획.pdf,D:\project\MAPS\curriculum_files\서울특별시\인창고등학교
1844,6f5be02a-37c0-4816-aafa-7bdc2a98d658,여의도여자고등학교,서울특별시,영등포구,04,Y,no_file,0,0,,
1845,45bddaa8-8a8f-430b-ab2d-f1721c6c4f07,여의도고등학교,서울특별시,영등포구,04,Y,ok,1,0,2026학년도 여의도고 연간학사일정.xlsx,D:\project\MAPS\curriculum_files\서울특별시\여의도고등학교
1846,f84889f4-b378-4ee3-8d1a-2fb89bb32c2e,용산고등학교,서울특별시,용산구,04,Y,ok,1,0,2026학년도 용산고 학사일정.pdf,D:\project\MAPS\curriculum_files\서울특별시\용산고등학교
1847,af47769a-1422-4481-ad4b-fc810bf0bb5e,보성여자고등학교,서울특별시,용산구,04,Y,no_file,0,0,,
1848,bac7a4e8-575a-4b4a-9b69-ec413b78db0d,대원고등학교,서울특별시,광진구,04,Y,ok,2,1,2026학년도 대원고 학교교육과정 편성·운영·평가 계획.pdf | 2026학년도 대원고등학교 연간학사일정.pdf,D:\project\MAPS\curriculum_files\서울특별시\대원고등학교
1849,4876d697-ff0f-4f4d-91cf-af57e994cb9b,대원여자고등학교,서울특별시,광진구,04,Y,ok,1,0,2026학년도 대원여자고등학교 연간학사일정.pdf,D:\project\MAPS\curriculum_files\서울특별시\대원여자고등학교
1850,8b9cd11f-cff2-4671-ac56-f42c534b5fdc,대원외국어고등학교,서울특별시,광진구,04,Y,ok,1,1,2026학년도 대원외고 학교교육과정 편성 운영 평가 계획.pdf,D:\project\MAPS\curriculum_files\서울특별시\대원외국어고등학교
1851,3a7c18b1-48a0-458c-874b-2de6231f71a2,선화예술고등학교,서울특별시,광진구,04,Y,ok,1,0,2026학년도 선화예술고등학교 연간 학사일정.pdf,D:\project\MAPS\curriculum_files\서울특별시\선화예술고등학교
1852,618002e6-44ce-4eb9-af09-8ce27cd09612,동국대학교사범대학부속가람고등학교,서울특별시,광진구,04,Y,ok,3,0,(동국대부속가람고)_2-가.2026학년도 1학기 교과 평가 운영계획.pdf | (동국대부속가람고)_2-가.2026학년도 연간 학사일정 계획_260313.pdf | (동국대부속가람고)_2-가.2026학년도 창의적체험활동 연간 운영 계획_260317.pdf,D:\project\MAPS\curriculum_files\서울특별시\동국대학교사범대학부속가람고등학교
1853,ffd5b5e6-74ca-43e2-ad98-5e89f6a50e52,광남고등학교,서울특별시,광진구,04,Y,ok,1,0,2026학년도 광남고등학교 연간학사일정.pdf,D:\project\MAPS\curriculum_files\서울특별시\광남고등학교
1854,856240f4-4a72-44c6-a032-3230ad66b9ea,대신고등학교,서울특별시,종로구,04,Y,ok,1,0,2026학년도 대신고 연간학사일정.pdf,D:\project\MAPS\curriculum_files\서울특별시\대신고등학교
1855,887599fa-1c51-4b48-a8d3-f141bbf80d81,건국대학교사범대학부속고등학교,서울특별시,광진구,04,Y,ok,2,2,2026학년도 2학년 교육과정 학점 배당표(2022 개정교육과정).xlsx | 2026학년도 1학년 교육과정 학점 배당표(2022 개정 교육과정).xlsx,D:\project\MAPS\curriculum_files\서울특별시\건국대학교사범대학부속고등학교
1856,f2cf0aeb-1cd1-49d5-bf9f-e0fce5b1b012,상명대학교사범대학부속여자고등학교,서울특별시,종로구,04,Y,no_file,0,0,,
1857,110806d4-eea5-4a25-a85d-8ac81c197ad5,전곡고등학교,경기도,연천군,04,Y,ok,1,1,2026학년도 학교교육과정운영계획서(최종).hwp,D:\project\MAPS\curriculum_files\경기도\전곡고등학교
1858,a8a0a01a-7626-495a-b201-96097e775338,초월고등학교,경기도,광주시,04,Y,ok,1,0,2026학년도 초월고 연간학사일정.hwpx,D:\project\MAPS\curriculum_files\경기도\초월고등학교
1859,7d9e3c57-e97d-47d7-ae53-f92836671171,연천고등학교,경기도,연천군,04,Y,ok,2,0,2026학년도 창의적 체험활동 운영 계획.hwp | 2026학년도 연천고 학사일정 수정안.xlsx,D:\project\MAPS\curriculum_files\경기도\연천고등학교
1860,be41a055-9a84-48a6-89e7-1b8b68f2b61c,한성고등학교,서울특별시,서대문구,04,Y,ok,3,3,2025학년도 입학생 교육과정 학점 배당표(2022 개정 교육과정).pdf | 2026 전학년 교육과정.pdf | 2026학년도 입학생 교육과정 학점 배당표(2022 개정 교육과정).pdf,D:\project\MAPS\curriculum_files\서울특별시\한성고등학교
1861,64bc21dc-6f42-46c3-90df-cdda59fbe0fa,중앙여자고등학교,서울특별시,서대문구,04,Y,ok,4,1,2026학년도 중앙여고 연간 학사일정.pdf | 2026학년도 중앙여고 창의적 체험활동 운영계획.pdf | 2026학년도 중앙여고 체험활동계획.pdf | 2026년도 중앙여고 교육과정편성운영평가.pdf,D:\project\MAPS\curriculum_files\서울특별시\중앙여자고등학교
1862,2d46c8ec-a07c-4939-a9bd-3323d9e52758,배문고등학교,서울특별시,용산구,04,Y,ok,1,1,2026학년도 배문고 학교교육과정 편성운영평가 계획.hwp,D:\project\MAPS\curriculum_files\서울특별시\배문고등학교
1863,0a26db53-f20d-4594-a743-af4fe96128e0,명지고등학교,서울특별시,서대문구,04,Y,ok,4,2,2025학년도 입학생 교육과정 학점 배당표(2022 개정 교육과정)_명지고(3차).xlsx | 2026학년도 입학생 교육과정 학점 배당표(2022 개정 교육과정)_명지고(3차).xlsx | 2026학년도 창의적 체험활동 연간계획표(2026.3.31.).hwp | 2026 학사일정(2.23).hwp,D:\project\MAPS\curriculum_files\서울특별시\명지고등학교
1864,808c9e70-68f8-4682-a8a9-bd1178870e31,가재울고등학교,서울특별시,서대문구,04,Y,no_file,0,0,,
1865,38ea9c10-f9d4-45a2-8934-0acb279cba97,선유고등학교,서울특별시,영등포구,04,Y,ok,4,2,(선유고 25.12.8)2026학년도 입학생 교육과정 학점 배당표(2022 개정 교육과정).xlsx | (선유고)2024학년도 입학생 교육과정 학점 배당표(2015 개정 교육과정).xlsx | 2026학년도 학사일정.xlsx | 2026학년도  창의적 체험활동 연간 활동 계획.xlsx,D:\project\MAPS\curriculum_files\서울특별시\선유고등학교
1866,2553f960-6e37-4582-abc7-d38717bb2250,한강미디어고등학교,서울특별시,영등포구,04,Y,ok,3,1,2026 교육과정 학점 배당표(한강미디어고).xlsx | 2026학년도 학사일정(한강미디어고등학교).pdf | 2026-1창체계획(한강미디어고등학교).pdf,D:\project\MAPS\curriculum_files\서울특별시\한강미디어고등학교
1867,df1c03c2-b30d-424c-9e2a-152a01714b65,가평고등학교,경기도,가평군,04,Y,no_file,0,0,,
1868,4a3d6e31-a69a-4dda-9243-4fcadfd22eb4,운암고등학교,경기도,오산시,04,Y,ok,1,0,2026학년도 운암고 연간학사일정.pdf,D:\project\MAPS\curriculum_files\경기도\운암고등학교
1869,dfeab50c-dbfe-4683-a764-b547a8a1ab2a,성호고등학교,경기도,오산시,04,Y,no_file,0,0,,
1870,41f48fd5-4899-4165-8190-ef6054f290ce,성심여자고등학교,서울특별시,용산구,04,Y,ok,1,1,2026 학교교육과정편성운영 및 평가에 관한 사항.hwpx,D:\project\MAPS\curriculum_files\서울특별시\성심여자고등학교
1871,79d10a0a-16af-40af-b056-234ff977a29d,신현고등학교,서울특별시,중랑구,04,Y,no_file,0,0,,
1872,223f15fc-27e3-408c-adec-073af684e676,영신고등학교,서울특별시,영등포구,04,Y,ok,1,0,연간학사일정.pdf,D:\project\MAPS\curriculum_files\서울특별시\영신고등학교
1873,011ccaa5-4631-40f7-af43-115547c78a47,영등포여자고등학교,서울특별시,영등포구,04,Y,no_file,0,0,,
1874,17865899-52d6-4bfd-9826-a950e0e05699,장훈고등학교,서울특별시,영등포구,04,Y,ok,2,2,2025학년도_입학생_교육과정_학점_배당표(2022_개정_교육과정).xlsx | 2026학년도_입학생_교육과정_학점_배당표(2022_개정_교육과정).xlsx,D:\project\MAPS\curriculum_files\서울특별시\장훈고등학교
1875,acc0a78b-40d4-40ba-9e57-ffcdfae67b18,대영고등학교,서울특별시,영등포구,04,Y,no_file,0,0,,
1876,c764ee83-d85c-4315-ac07-fd28c83d2463,원묵고등학교,서울특별시,중랑구,04,Y,ok,1,0,2026학년도 원묵고 연간학사일정(수정).pdf,D:\project\MAPS\curriculum_files\서울특별시\원묵고등학교
1877,3a2c088f-e9a5-4f55-b9a2-ee30112b5c2f,태릉고등학교,서울특별시,중랑구,04,Y,ok,2,0,2026학년도 태릉고 창의적 체험활동 영역별 세부 시간표.hwpx | 2026학년도 태릉고 연간학사일정.xlsx,D:\project\MAPS\curriculum_files\서울특별시\태릉고등학교
1878,ed66222e-e88e-4a9b-bc25-cb826d124014,월계고등학교,서울특별시,노원구,04,Y,ok,1,1,2026학년도 월계고 학교교육과정 편성?운영?평가 계획(변경).pdf,D:\project\MAPS\curriculum_files\서울특별시\월계고등학교
1879,74e58f2f-87c8-477b-93a6-76836e166676,인덕과학기술고등학교,서울특별시,노원구,04,Y,ok,1,0,2026년 학사일정.pdf,D:\project\MAPS\curriculum_files\서울특별시\인덕과학기술고등학교
1880,1601aca8-182b-42a0-870e-3606e465c928,염광고등학교,서울특별시,노원구,04,Y,ok,3,2,염광고등학교 교육과정 학점 배당표(2026-2024)_일반고.pdf | 2026학년도 염광고 연간학사일정_02.04..pdf | 염광고등학교 교육과정 편성 운영 평가 계획.pdf,D:\project\MAPS\curriculum_files\서울특별시\염광고등학교
1881,2fd1c83d-4509-454b-a124-88cf5dc194bb,광운인공지능고등학교,서울특별시,노원구,04,Y,no_file,0,0,,
1882,3283d442-ce2b-4d7e-8e30-0389b765f75b,염광메디텍고등학교,서울특별시,노원구,04,Y,ok,2,0,2026 학사일정-염광메디텍고등학교.pdf | 2026 창의적체험활동 편성운영계획.hwp,D:\project\MAPS\curriculum_files\서울특별시\염광메디텍고등학교
1883,d2861d20-150a-4d1a-b4a0-3ec823421ffc,진선여자고등학교,서울특별시,강남구,04,Y,ok,1,0,2026학년도 진선여자고등학교 학교교육교육과정 편성 운영 및 평가 계획 및 연간학사일정.zip,D:\project\MAPS\curriculum_files\서울특별시\진선여자고등학교
1884,cb5ad794-887e-4037-aeed-52aaa3f4b204,용화여자고등학교,서울특별시,노원구,04,Y,ok,2,0,2026학년도 창체적 체험활동 계획.pdf | 2026학년도 학사일정.xlsx,D:\project\MAPS\curriculum_files\서울특별시\용화여자고등학교
1885,f26148f5-2cba-43f8-84de-0e5e71e98339,상계고등학교,서울특별시,노원구,04,Y,ok,1,1,2026학년도 상계고 학교교육과정 편성운영평가 계획.pdf,D:\project\MAPS\curriculum_files\서울특별시\상계고등학교
1886,7742dad9-ab7b-4114-a0ee-c76afb830651,청원고등학교,서울특별시,노원구,04,Y,ok,2,2,2025학년도 입학생 교육과정 학점 배당표(2022 개정 교육과정)_청원고 _수정.xlsx | 2026학년도 입학생 교육과정 학점 배당표(2022 개정 교육과정)_청원고 _수정 _1023.xlsx,D:\project\MAPS\curriculum_files\서울특별시\청원고등학교
1887,8faabb64-41a7-4313-9947-5c76b2cd3147,청원여자고등학교,서울특별시,노원구,04,Y,ok,1,1,2026학년도 청원여고 학교교육과정 편성·운영·평가 계획.hwp,D:\project\MAPS\curriculum_files\서울특별시\청원여자고등학교
1888,3b2bc1fd-ff08-4885-b7ea-92ff880a6092,수락고등학교,서울특별시,노원구,04,Y,no_file,0,0,,
1889,a07e3a67-2c80-4899-908b-b405d8889eb4,노원고등학교,서울특별시,노원구,04,Y,ok,4,2,2026학년도 노원고 학교교육과정(2024-2026학년도 입학생 3개념 학점배당표).pdf | 2026학년도 노원고 학교 교육과정 편성운영 및 평가에 관한 사항.pdf | 2026학년도 노원고 학사일정(노동절 법정공휴일 지정 관련 반영).pdf | 2026 창의적 체험활동 연간 일정표(전체학년).pdf,D:\project\MAPS\curriculum_files\서울특별시\노원고등학교
1890,555d81d6-7a47-41fb-982e-8e801112ba96,영동고등학교,서울특별시,강남구,04,Y,no_file,0,0,,
1891,5bb799cd-2782-4aee-9ae5-c03aef73f712,경기고등학교,서울특별시,강남구,04,Y,ok,1,0,2026학년도 경기고 연간학사일정.pdf,D:\project\MAPS\curriculum_files\서울특별시\경기고등학교
1892,fd67ca30-24fe-400a-9c96-feaae23e4c3f,독산고등학교,서울특별시,금천구,04,Y,ok,1,0,2026학년도 독산고 연간학사일정 원(안).pdf,D:\project\MAPS\curriculum_files\서울특별시\독산고등학교
1893,eccbb3e4-dace-4f32-8f02-4c4858dc6c53,휘문고등학교,서울특별시,강남구,04,Y,ok,2,2,2025학년도 입학생 교육과정 학점 배당표(2022 개정 교육과정)_휘문고_신.xlsx | 2026학년도 입학생 교육과정 학점 배당표(2022 개정 교육과정)_휘문고_신.xlsx,D:\project\MAPS\curriculum_files\서울특별시\휘문고등학교
1894,6f30c237-a602-44df-848e-0dcb040fcb24,단국대학교부속소프트웨어고등학교,서울특별시,강남구,04,Y,ok,2,1,2-가. 학교 교육과정 편성 및 운영 평가에 관한 사항.hwp | 2026학년도 단대소고 연간학사일정.hwp,D:\project\MAPS\curriculum_files\서울특별시\단국대학교부속소프트웨어고등학교
1895,1b6c2545-0780-4d24-9c61-511816cf5b5f,단국대학교사범대학부속고등학교,서울특별시,강남구,04,Y,ok,2,1,2026학년도 연간교육활동계획표.hwp | 2026학년도 단대부고 학교교육과정 편성·운영·평가 계획(0420).hwp,D:\project\MAPS\curriculum_files\서울특별시\단국대학교사범대학부속고등학교
1896,e5919f03-c8c9-45bb-82c7-4889cda020a0,문일고등학교,서울특별시,금천구,04,Y,ok,4,4,(문일고)2024학년도 입학생 교육과정 학점 배당표(2015 개정 교육과정).xlsx | (문일고)2025학년도 입학생 교육과정 학점 배당표(2022 개정 교육과정).xlsx | (문일고)2026학년도 입학생 교육과정 학점 배당표(2022 개정 교육과정).xlsx | 2026학년도 교육과정 학점배당표.xlsx,D:\project\MAPS\curriculum_files\서울특별시\문일고등학교
1897,d57ad641-0e71-4483-98dc-67837448f510,동일여자고등학교,서울특별시,금천구,04,Y,ok,5,4,(동일여고)2024학년도 입학생 교육과정 학점 배당표(2015 개정 교육과정).xlsx | (동일여고)2025학년도 입학생 교육과정 학점 배당표(2022 개정 교육과정).xlsx | (동일여고)2026학년도 입학생 교육과정 학점 배당표(2022 개정 교육과정).xlsx | 2026학년도 동일여자고등학교 교육과정 편성 · 운영 · 평가.hwp | 2026학년도 동일여자고등학교 연간 학사일정.xlsx,D:\project\MAPS\curriculum_files\서울특별시\동일여자고등학교
1898,2592ac26-18bc-4867-a32c-840d6b780eda,서울매그넷고등학교,서울특별시,금천구,04,Y,no_file,0,0,,
1899,5a6440fb-9339-4508-9e39-4c584af64d8f,금천고등학교,서울특별시,금천구,04,Y,ok,2,1,2026학년도 금천고등학교 학교교육과정 편성 운영 평가계획.hwpx | 2026학년도 금천고등학교 학사일정.hwp,D:\project\MAPS\curriculum_files\서울특별시\금천고등학교
1900,c10aaa4d-9386-4b8a-b034-16cdb8421f87,국립전통예술고등학교,서울특별시,금천구,04,Y,ok,1,0,2026학년도 국립전통예술고등학교 학사일정.hwp,D:\project\MAPS\curriculum_files\서울특별시\국립전통예술고등학교
1901,4ce63da5-cda2-46db-8ccc-6df4b7e71e46,신천고등학교,경기도,시흥시,04,Y,no_file,0,0,,
1902,9e23159e-731e-4e8a-9bea-e9ab8364b4c0,일동고등학교,경기도,포천시,04,Y,ok,1,0,2025학년도 창의적체험활동 운영계획서.hwp,D:\project\MAPS\curriculum_files\경기도\일동고등학교
1903,93c5cec7-236d-4298-9784-92dd9f3ae6ce,용산철도고등학교,서울특별시,용산구,04,Y,ok,2,1,2026학년도 용산철도고등학교 교육과정 편성 및 운영.xlsx | 2026학년도 용산철도고등학교 연간 학사일정(평가 시기 및 계획).xlsx,D:\project\MAPS\curriculum_files\서울특별시\용산철도고등학교
1904,23ec47fa-7763-45ea-8398-0d849503c5fa,서울디지텍고등학교,서울특별시,용산구,04,Y,no_file,0,0,,
1905,26d398fe-7e63-4ed2-b1e5-7e8289b1ccc6,압구정고등학교,서울특별시,강남구,04,Y,ok,2,1,2026학년도_연간학사일정표.hwp | 학교교육과정.hwp,D:\project\MAPS\curriculum_files\서울특별시\압구정고등학교
1906,e7624b61-e239-48af-b9e1-a91ccfa9b61c,현대고등학교,서울특별시,강남구,04,Y,ok,1,0,2026학년도 학사일정(26-0305).pdf,D:\project\MAPS\curriculum_files\서울특별시\현대고등학교
1907,f201ee70-d519-4209-b849-f09ca49ea214,서울로봇고등학교,서울특별시,강남구,04,Y,ok,2,1,2026학년도 창의적 체험활동 연간 운영계획서(서울로봇고).xlsx | 2026 교육과정 학점 배당표(서울로봇고).xlsx,D:\project\MAPS\curriculum_files\서울특별시\서울로봇고등학교
1908,c139113e-5766-4326-a674-701cbdc9d03e,중산고등학교,서울특별시,강남구,04,Y,ok,2,1,2026학년도 중산고등학교 학교교육과정 편성·운영·평가 계획.hwp | 2026학년도 중산고 학사일정(2026. 3. 10.).xlsx,D:\project\MAPS\curriculum_files\서울특별시\중산고등학교
1909,5d7e5684-e466-46e6-aa67-90e5dcb7423b,중동고등학교,서울특별시,강남구,04,Y,ok,3,2,교육과정 편성 운영 계획.pdf | 연간학사일정.pdf | 편제 및 시간 배당(수정).pdf,D:\project\MAPS\curriculum_files\서울특별시\중동고등학교
1910,60ebed9a-823f-4ff1-a379-796333c10c9d,서울세종고등학교,서울특별시,강남구,04,Y,ok,2,1,2026학년도 서울세종고 전학년 교육과정.hwp | 2026학년도 서울세종고 연간학사일정.hwp,D:\project\MAPS\curriculum_files\서울특별시\서울세종고등학교
1911,fdf3c5f6-5cdf-4fa0-97f0-b08565d4fedc,대진디자인고등학교,서울특별시,강남구,04,Y,ok,3,1,2026학년도 대진디자인고 학교교육과정 편성·운영 계획.xlsx | 2026학년도 대진디자인고 체험활동 계획.hwpx | 2026학년도 대진디자인고 연간학사일정.hwp,D:\project\MAPS\curriculum_files\서울특별시\대진디자인고등학교
1912,ad51d3a9-c5a2-49ed-9b68-a3d0b57c66c9,대광고등학교,서울특별시,동대문구,04,Y,ok,2,2,2025학년도 입학생 교육과정 학점 배당표(2022 개정 교육과정)_대광고.pdf | 2024학년도 입학생 교육과정 학점 배당표(2015 개정 교육과정)_대광고.pdf,D:\project\MAPS\curriculum_files\서울특별시\대광고등학교
1913,657b43e6-fbff-481b-9b8f-220dfbf8a249,은광여자고등학교,서울특별시,강남구,04,Y,ok,2,2,"2026학년도 은광여고 학교교육과정 편성,운영 및 평가에 관한 사항(창체활동).pdf | 2024_2025_2026 입학생 교육과정 학점 배당표(수정본).pdf",D:\project\MAPS\curriculum_files\서울특별시\은광여자고등학교
1914,214c9bfb-5f3b-47c8-9bb0-9af842be9504,중앙대학교사범대학부속고등학교,서울특별시,강남구,04,Y,ok,1,1,2026학년도 중대부고 교육과정 편성·운영·평가 계획.pdf,D:\project\MAPS\curriculum_files\서울특별시\중앙대학교사범대학부속고등학교
1915,94bd916b-c7da-413b-b26c-96c5b1b90eac,숙명여자고등학교,서울특별시,강남구,04,Y,ok,1,1,2026학년도 숙명여자고등학교 학교교육과정 편성 운영 및 평가계획.pdf,D:\project\MAPS\curriculum_files\서울특별시\숙명여자고등학교
1916,6d7a3dd8-e2ab-4ec1-8e93-2f529ad4151d,해성국제컨벤션고등학교,서울특별시,동대문구,04,Y,ok,2,1,"2026 학점 배당표_방송공연과_변경 전, 후.xlsx | 2026학년도 연간 학사일정 계획(2026 0401).xlsx",D:\project\MAPS\curriculum_files\서울특별시\해성국제컨벤션고등학교
1917,8b8f3a17-975a-4f16-9eb6-c84572e4abe5,해성여자고등학교,서울특별시,동대문구,04,Y,ok,2,1,2026학년도 해성여고 학교교육과정 편성·운영·평가 계획.pdf | 2026학년도 해성여고 연간학사일정.pdf,D:\project\MAPS\curriculum_files\서울특별시\해성여자고등학교
1918,159cdf7a-69c0-4062-b6ec-9edb74c03cae,청평고등학교,경기도,가평군,04,Y,no_file,0,0,,
1919,2fa9b209-d3b9-469f-bcf1-10cf27bb4e17,성사고등학교,경기도,고양시 덕양구,04,Y,ok,2,1,2026학년도 성사고 학교교육과정 운영계획.hwpx | 2026학년도 성사고 학사일정.hwpx,D:\project\MAPS\curriculum_files\경기도\성사고등학교
1920,a526ea1d-21df-41cd-9975-37c89f3b94cf,신원고등학교,경기도,고양시 덕양구,04,Y,no_file,0,0,,
1921,25240420-e417-4311-87c6-fe6af9d7b9dc,동국대학교사범대학부속고등학교,서울특별시,동대문구,04,Y,ok,5,3,2026학년도 창체 연간 운영 계획_정보공시용.xlsx | (동대부고)2024학년도 입학생 교육과정 학점 배당표(2015 개정 교육과정).pdf | 2026 연간계획(홈페이지용).pdf | 2025학년도 입학생 교육과정 학점배당표.pdf | 2026학년도 입학생 교육과정 학점배당표.pdf,D:\project\MAPS\curriculum_files\서울특별시\동국대학교사범대학부속고등학교
1922,d6a594c6-bfd0-4081-8f82-ebece50e2bee,경희고등학교,서울특별시,동대문구,04,Y,ok,2,2,2025학년도 입학생 교육과정 학점 배당표(2022 개정 교육과정)_경희고.xlsx | 2026학년도 입학생 교육과정 학점 배당표(2022 개정 교육과정)_경희고.xlsx,D:\project\MAPS\curriculum_files\서울특별시\경희고등학교
1923,3ef9525b-c1b8-4461-b4e2-6d09f8c6e008,경희여자고등학교,서울특별시,동대문구,04,Y,ok,2,1,"2026학년도 경희여고 학교교육과정 편성, 운영, 평가계획.pdf | 2026학년도 경희여고 연간학사 일정.pdf",D:\project\MAPS\curriculum_files\서울특별시\경희여자고등학교
1924,22af7def-1885-4221-a1b7-5f739a0ccfb2,휘경여자고등학교,서울특별시,동대문구,04,Y,no_file,0,0,,
1925,67d4da11-5e22-439d-8cf3-bbfe300cd04c,서울반도체고등학교,서울특별시,동대문구,04,Y,no_file,0,0,,
1926,b61b4a0c-fd93-433a-a09a-ebacb1df7414,휘봉고등학교,서울특별시,동대문구,04,Y,ok,1,1,(정보공시)학교교육과정 편성·운영 및 평가.pdf,D:\project\MAPS\curriculum_files\서울특별시\휘봉고등학교
1927,c4450ed0-8c38-4840-9b2b-62276689b5ce,매홀고등학교,경기도,오산시,04,Y,ok,1,1,2026학년도 매홀고 학교교육과정 편성·운영·평가 계획.hwp,D:\project\MAPS\curriculum_files\경기도\매홀고등학교
1928,7e8bb116-3383-4ea7-9a2d-fe93e67d0a77,숭문고등학교,서울특별시,마포구,04,Y,ok,3,3,2024학년도 입학생 교육과정 학점 배당표(2015 개정 교육과정)_3학년.xlsx | 2025학년도 입학생 교육과정 학점 배당표(2022 개정 교육과정)_2학년.xlsx | 2026학년도 입학생 교육과정 학점 배당표(2022 개정 교육과정)_1학년.xlsx,D:\project\MAPS\curriculum_files\서울특별시\숭문고등학교
1929,0fc9d0f0-fb30-4ee9-a00a-8eab46dba570,경문고등학교,서울특별시,동작구,04,Y,ok,2,2,2025학년도 입학생 교육과정 학점 배당표(2022 개정 교육과정)_경문고.pdf | 2026학년도 입학생 교육과정 학점 배당표(2022 개정 교육과정)_경문고.pdf,D:\project\MAPS\curriculum_files\서울특별시\경문고등학교
1930,d2535d40-e469-4fc6-b77d-e8152457db2f,서울디자인고등학교,서울특별시,마포구,04,Y,ok,1,1,2026학년도 서울디자인고 학교교육과정 편성?운영?평가 계획.hwp,D:\project\MAPS\curriculum_files\서울특별시\서울디자인고등학교
1931,82d33945-5346-498a-a024-73251fb08c33,서울여자고등학교,서울특별시,마포구,04,Y,ok,1,0,2026학년도 학사일정(안).pdf,D:\project\MAPS\curriculum_files\서울특별시\서울여자고등학교
1932,01a88355-27e6-4255-9137-13463e1e86ca,동작고등학교,서울특별시,동작구,04,Y,ok,4,2,[2학년]2025학년도 입학생 교육과정 학점 배당표(2022 개정 교육과정)_동작고(최종안).xlsx | [3학년]2024학년도 입학생 교육과정 학점 배당표(2015 개정 교육과정)_동작고(최종안).xlsx | 2026학년도 창의적 체험활동 운영 계획.hwp | 2026학년도 학사일정(안)_2.6.hwp,D:\project\MAPS\curriculum_files\서울특별시\동작고등학교
1933,1404ed56-a32f-4b0f-835a-f940b58598d1,수도여자고등학교,서울특별시,동작구,04,Y,ok,3,1,2026학년도 체험학습 계획.pdf | 2026학년도 학사일정.pdf | 학교교육과정 편성ㆍ운영 및 평가에 관한 사항(260528수정).pdf,D:\project\MAPS\curriculum_files\서울특별시\수도여자고등학교
1934,e3dfc5e5-c0ff-4877-a3b8-278a32d7eae1,수도여자고등학교부설방송통신고등학교,서울특별시,동작구,04,Y,ok,4,0,(수도여자고등학교 부설 방송통신고등학교) 학교규칙 신구대조표.hwpx | 2026학년도 2학기 학사일정 변경(안).hwpx | 수도여자고등학교 부설 방송통신고등학교 학교 규칙(2026개정안).hwp | 2026학년도 수도여고 부설 방송통신고등학교 학교운영계획서(0410).hwp,D:\project\MAPS\curriculum_files\서울특별시\수도여자고등학교부설방송통신고등학교
1935,f8975288-9d86-4bda-b14c-d8b907014063,서울동구고등학교,서울특별시,성북구,04,Y,ok,2,1,2026학년도 학교교육과정 운영 및 교수학습 방법(0324).hwpx | 2026 학사일정 및 수업일수(0325).hwpx,D:\project\MAPS\curriculum_files\서울특별시\서울동구고등학교
1936,448300f0-f2f6-439a-b798-8a03cf0af3a0,홍익대학교사범대학부속고등학교,서울특별시,성북구,04,Y,no_file,0,0,,
1937,4ea7df67-03b0-4cd4-8345-61c9c1ae7162,성신여자고등학교,서울특별시,성북구,04,Y,ok,1,1,2026학년도 성신여자고등학교 학교교육과정의 편성 운영 및 평가 - 정보공시.hwpx,D:\project\MAPS\curriculum_files\서울특별시\성신여자고등학교
1938,4ffa010d-1aee-40c3-9e32-60cca06fdb83,고명외식고등학교,서울특별시,성북구,04,Y,ok,2,1,2026학년도 고명외식고 학교교육과정 편성·운영·평가 계획.pdf | 2026학년도 고명외식고 연간학사일정.pdf,D:\project\MAPS\curriculum_files\서울특별시\고명외식고등학교
1939,6865a705-9a6b-425c-b67a-40d7c29abfb8,선일여자고등학교,서울특별시,은평구,04,Y,ok,1,0,2026학년도 선일여자고등학교 학사일정.pdf,D:\project\MAPS\curriculum_files\서울특별시\선일여자고등학교
1940,aac20c1c-5aa3-4b0e-98c3-2cc3ee0db23c,대성고등학교,서울특별시,은평구,04,Y,ok,2,1,"2026 학교교육과정 편성,운영,평가계획, 연간학사일정(대성고).hwpx | 2026학년도 교육과정 편제표(변경_260401).xlsx",D:\project\MAPS\curriculum_files\서울특별시\대성고등학교
1941,90c3b3d3-6df1-4f1d-94c1-4f7e1f7f0fef,선정고등학교,서울특별시,은평구,04,Y,ok,3,1,2026학년도 선정고 학교교육과정 편성·운영·평가계획.pdf | 2026학년도 선정고등학교 학교교육계획서.pdf | 창체일정표(2026).pdf,D:\project\MAPS\curriculum_files\서울특별시\선정고등학교
1942,77ad25f7-3108-493e-b3b7-1c22598956b0,선정국제관광고등학교,서울특별시,은평구,04,Y,no_file,0,0,,
1943,1b9f6bbe-ef34-4f59-82ad-823ea07059f2,선일빅데이터고등학교,서울특별시,은평구,04,Y,no_file,0,0,,
1944,21df3e5a-f478-402f-9396-750bf185e2f6,동명생활경영고등학교,서울특별시,은평구,04,Y,ok,1,0,2026학년도 창의적체험활동 운영계획.hwp,D:\project\MAPS\curriculum_files\서울특별시\동명생활경영고등학교
1945,511e3185-e65a-40a9-86c6-bb2043767558,동명여자고등학교,서울특별시,은평구,04,Y,ok,1,0,2026학년도 동명여고 현장체험활동 계획.hwp,D:\project\MAPS\curriculum_files\서울특별시\동명여자고등학교
1946,640b4c22-7836-4cd6-b616-cda3ea4c0e8a,충암고등학교,서울특별시,은평구,04,Y,ok,5,3,"2026학년도 1학년(2026년 입학생) 교육과정 학점배당표.pdf | 2026학년도 2학년(2025년 입학생) 교육과정 학점배당표.pdf | 2026학년도 3학년(2024년 입학생) 교육과정 학점배당표.pdf | 2026학년도 충암고등학교 학사일정(정보공시).pdf | 2026학년도 1,2학년 체험활동 계획.pdf",D:\project\MAPS\curriculum_files\서울특별시\충암고등학교
1947,f4173d34-f310-4830-8313-7ee49764da82,신진과학기술고등학교,서울특별시,은평구,04,Y,ok,1,0,2026학년도 신진과학기술고 연간 학사일정 및 수업시수 편성.pdf,D:\project\MAPS\curriculum_files\서울특별시\신진과학기술고등학교
1948,8789d185-683d-4f2a-875d-dcd00cbf1d1a,숭실고등학교,서울특별시,은평구,04,Y,ok,1,1,2026학년도 숭실고등학교 학교교육과정 편성 운영 및 평가 계획.hwpx,D:\project\MAPS\curriculum_files\서울특별시\숭실고등학교
1949,aae10552-a2b4-4854-a43e-52ded43821df,잠실고등학교,서울특별시,송파구,04,Y,ok,2,1,2026학년도 학사 일정(안).xlsx | 2026학년도 잠실고 학교교육과정 편성·운영·평가 계획.hwpx,D:\project\MAPS\curriculum_files\서울특별시\잠실고등학교
1950,9dd76952-2533-4f7d-86c8-50b0b0a8889b,경성고등학교,서울특별시,마포구,04,Y,ok,7,5,2026학년도 학교교육과정 편성·운영·평가에 관한 사항.pdf | 2026학년도 창의적 체험활동 운영계획.pdf | 2024학년도 입학생 단위배당표.pdf | 2025학년도 입학생 단위배당표.pdf | 2026학년도 입학생 단위배당표.pdf | 2026학년도 교육과정 편제.pdf | 2026학년도 학사일정.pdf,D:\project\MAPS\curriculum_files\서울특별시\경성고등학교
1951,f0a2fbd5-d3c3-4a5d-8284-9f5366b5336b,홍익디자인고등학교,서울특별시,마포구,04,Y,no_file,0,0,,
1952,6013f224-e316-4c35-aa4d-a330717330ee,홍익대학교사범대학부속여자고등학교,서울특별시,마포구,04,Y,no_file,0,0,,
1953,61f248ac-ea08-432f-b4b2-b964678d6545,한성여자고등학교,서울특별시,성북구,04,Y,ok,1,0,2026학년도 한성여자고등학교 연간학사일정표.xlsx,D:\project\MAPS\curriculum_files\서울특별시\한성여자고등학교
1954,03618181-0072-41c0-bfda-bf3bfec5d9c2,상암고등학교,서울특별시,마포구,04,Y,no_file,0,0,,
1955,4b6a5a69-d82f-4354-a822-517f960c8c5d,영파여자고등학교,서울특별시,송파구,04,Y,ok,1,0,2026학년도 학사일정.hwp,D:\project\MAPS\curriculum_files\서울특별시\영파여자고등학교
1956,a278179b-d2fd-4d64-9e66-10f9c54f5904,배명고등학교,서울특별시,송파구,04,Y,ok,2,0,2026학년도 연간 학사일정(정보공시).pdf | 2026학년도 체험활동 계획.pdf,D:\project\MAPS\curriculum_files\서울특별시\배명고등학교
1957,e9464dd2-e7a4-4468-bfb3-9d81b06dff7e,리라아트고등학교,서울특별시,중구,04,Y,ok,1,0,2026학년도 연간 학사일정표.hwp,D:\project\MAPS\curriculum_files\서울특별시\리라아트고등학교
1958,fe13bdd6-7a2e-404e-bcae-cef07c1eb1ec,문정고등학교,서울특별시,송파구,04,Y,ok,2,1,2026학년도 문정고등학교 학교교육과정 학점 배당표.xlsx | 2026학년도 문정고등학교 창의적 체험활동 계획.hwp,D:\project\MAPS\curriculum_files\서울특별시\문정고등학교
1959,06e2f7ba-2ba8-4a16-bc27-0fcbf1098173,문현고등학교,서울특별시,송파구,04,Y,ok,1,0,2026학년도 문현고 학교교육계획서(정보공시1차 항목).pdf,D:\project\MAPS\curriculum_files\서울특별시\문현고등학교
1960,06fed21e-90a4-4ff8-a3db-49196e8b0f00,보성고등학교,서울특별시,송파구,04,Y,no_file,0,0,,
1961,71eafcff-7513-4bc9-9e01-2ecdb9c7ecd3,서울체육고등학교,서울특별시,송파구,04,Y,ok,1,1,2026학년도 학교교육과정 편성?운영?평가 계획.pdf,D:\project\MAPS\curriculum_files\서울특별시\서울체육고등학교
1962,5a6db67d-7535-4b7e-a9ef-d987188ae02b,방산고등학교,서울특별시,송파구,04,Y,ok,1,0,2026학년도 방산고 연간학사일정.xlsx,D:\project\MAPS\curriculum_files\서울특별시\방산고등학교
1963,b682a4b8-a7d9-489b-9ce0-ecfdd5a288cc,창덕여자고등학교,서울특별시,송파구,04,Y,ok,2,1,2026학년도 창덕여고 학교교육과정 편성·운영·평가계획.hwp | 2026학년도 창덕여고 연간학사일정.hwp,D:\project\MAPS\curriculum_files\서울특별시\창덕여자고등학교
1964,284a3fa5-1479-4fdd-9419-b03cbd28e619,오금고등학교,서울특별시,송파구,04,Y,ok,4,2,2025학년도 입학생 교육과정 학점 배당표(2022 개정 교육과정)_오금고.xlsx | 2026학년도 입학생 교육과정 학점 배당표(2022 개정 교육과정)_오금고.xlsx | 2026학년도 학사일정(안).pdf | 2026학년도 창의적 체험활동 연간 운영 계획.xlsx,D:\project\MAPS\curriculum_files\서울특별시\오금고등학교
1965,323a202d-3bd3-44a7-8692-00cdeebb3d3d,보인고등학교,서울특별시,송파구,04,Y,ok,3,0,2026학년도 보인고등학교 학사일정.xlsx | 2026학년도 보인고등학교 교내 창의적체험활동 프로그램 운영 계획.pdf | 2026학년도 보인고등학교 진로특강 프로그램 운영 계획.pdf,D:\project\MAPS\curriculum_files\서울특별시\보인고등학교
1966,7334aee9-119c-4735-8a26-d5e582e146be,경복고등학교,서울특별시,종로구,04,Y,ok,1,0,2026학년도 경복고 연간학사일정.hwp,D:\project\MAPS\curriculum_files\서울특별시\경복고등학교
1967,b89235e0-36d4-4c88-bca4-d1ff332ac465,경복고등학교부설방송통신고등학교,서울특별시,종로구,04,Y,no_file,0,0,,
1968,9baf36f5-9595-4e59-8fcb-5b8cdc5ad7fb,경기상업고등학교,서울특별시,종로구,04,Y,ok,4,2,2026학년도 교육과정 학점 배당표(경기상고)-최종.xlsx | 2026학년도 학사일정(안)(경기상고).xlsx | 2026학년도 학교교육과정 편성운영 기본 방향(경기상고).hwp | 2026학년도 창의적체험활동 연간계획(경기상고).hwp,D:\project\MAPS\curriculum_files\서울특별시\경기상업고등학교
1969,158e9178-5cd4-4085-8f25-6b0f908c6c9b,용문고등학교,서울특별시,성북구,04,Y,ok,1,1,교육과정 편성 및 운영(정보공시).pdf,D:\project\MAPS\curriculum_files\서울특별시\용문고등학교
1970,9bb2184b-f079-4da5-92a5-54946c78e180,인헌고등학교,서울특별시,관악구,04,Y,ok,1,1,2026 인헌고등학교 교육과정 편성 및 운영 규정.hwpx,D:\project\MAPS\curriculum_files\서울특별시\인헌고등학교
1971,aeb6196c-a381-480e-b389-081c4bf1bef5,서울문영여자고등학교,서울특별시,관악구,04,Y,ok,2,2,2025학년도 입학생 교육과정 학점 배당표(2022 개정 교육과정)_서울문영여고.xlsx | 2026학년도 입학생 교육과정 학점 배당표(2022 개정 교육과정)_서울문영여고.xlsx,D:\project\MAPS\curriculum_files\서울특별시\서울문영여자고등학교
1972,66eacaf5-8add-4da6-9de3-362a60d656c0,서울미술고등학교,서울특별시,관악구,04,Y,ok,3,1,2026학년도 창의적 체험활동.pdf | 2026-2024학년도 입학생 교육과정 학점 배당표.pdf | 2026학년도  교과별 정기 및 수행평가계획.pdf,D:\project\MAPS\curriculum_files\서울특별시\서울미술고등학교
1973,f56edce7-5d93-43ec-96aa-146df738ad26,서울관광고등학교,서울특별시,관악구,04,Y,ok,2,1,2026학년도 서울관광고 창의적 체험활동 연간 운영계획표.hwpx | 2026학년도 서울관광고 학교교육과정 편성·운영·평가 계획.xlsx,D:\project\MAPS\curriculum_files\서울특별시\서울관광고등학교
1974,b8a0d0d0-7be9-42c4-93c3-409a1f23c1a0,영락고등학교,서울특별시,관악구,04,Y,ok,1,0,2026학년도 연중학사 계획표.hwp,D:\project\MAPS\curriculum_files\서울특별시\영락고등학교
1975,87480445-0c24-439e-add9-5712e06ecf39,서울여자상업고등학교,서울특별시,관악구,04,Y,ok,2,0,2026학년도 서울여상고 연간 학사일정.pdf | 2026학년도 서울여상고 창의적 체험활동 상황의 평가기준 및 방법.pdf,D:\project\MAPS\curriculum_files\서울특별시\서울여자상업고등학교
1976,e56a25fd-c70f-43b4-bf35-7652932c0f94,당곡고등학교,서울특별시,관악구,04,Y,ok,2,1,2026학년도 당곡고 연간학사일정.pdf | 2026학년도 당곡고 학교교육과정 편성운영평가계획(수정).pdf,D:\project\MAPS\curriculum_files\서울특별시\당곡고등학교
1977,91b1c1ff-c80d-465a-bbd4-ad1464cc2597,영락의료과학고등학교,서울특별시,관악구,04,Y,ok,3,3,2024학년도 입학생 교육과정.pdf | 2025학년도 입학생 교육과정.pdf | 2026학년도 입학생 교육과정.pdf,D:\project\MAPS\curriculum_files\서울특별시\영락의료과학고등학교
1978,b70b4f8e-306e-4a07-ad6b-f541b343b763,구암고등학교,서울특별시,관악구,04,Y,ok,2,2,2026학년도 학교교육과정 편성.pdf | 2026학년도 학교교육과정 평가.pdf,D:\project\MAPS\curriculum_files\서울특별시\구암고등학교
1979,3e76402a-b677-4ebd-95f0-d581f357c36b,백암고등학교,서울특별시,양천구,04,Y,ok,2,1,1. 2026학년도 백암고 학교교육과정 편성·운영·평가 계획.hwp | 2. 2026학년도 백암고 연간학사일정.hwpx,D:\project\MAPS\curriculum_files\서울특별시\백암고등학교
1980,bf1d6c32-6d16-4190-9cc2-0d253ce0efa7,서울영상고등학교,서울특별시,양천구,04,Y,no_file,0,0,,
1981,78be01ae-2e6d-4d6e-84fa-51b87125b718,신목고등학교,서울특별시,양천구,04,Y,ok,4,3,2026학년도 창의적 체험활동 운영 계획.pdf | 2024학년도 입학생 교육과정 학점 배당표(2015 개정 교육과정)_신목고.xlsx | 2025학년도 입학생 교육과정 학점 배당표(2022 개정 교육과정)_신목고.xlsx | 2026학년도 입학생 교육과정 학점 배당표(2022 개정 교육과정)_신목고.xlsx,D:\project\MAPS\curriculum_files\서울특별시\신목고등학교
1982,5370ba6d-0465-4af1-aaa0-8cb7dd41e659,신서고등학교,서울특별시,양천구,04,Y,ok,4,3,2026학년도 창의적 체험활동 운영 계획(신서고).pdf | 2026학년도 입학생 교육과정 학점 배당표(2022 개정 교육과정)_신서고.pdf | 2025학년도 입학생 교육과정 학점 배당표(2022 개정 교육과정)_신서고.pdf | 2024학년도 입학생 교육과정 학점 배당표(2015 개정 교육과정)_신서고.pdf,D:\project\MAPS\curriculum_files\서울특별시\신서고등학교
1983,5167e2d4-a3c8-459f-9eb6-ae5f11d1b22c,양천고등학교,서울특별시,양천구,04,Y,ok,2,2,2025학년도 입학생 교육과정 학점 배당표(2022 개정 교육과정)_양천고.pdf | 2026학년도 입학생 교육과정 학점 배당표(2022 개정 교육과정)_양천고.pdf,D:\project\MAPS\curriculum_files\서울특별시\양천고등학교
1984,6a311d5a-e581-48b1-b4a1-6fbbf750a485,목동고등학교,서울특별시,양천구,04,Y,ok,3,2,2026학년도 목동고 학교교육과정 편성 계획(2025학년도 입학생).xlsx | 2026학년도 목동고 학교교육과정 편성 계획(2026학년도 입학생).xlsx | 2026학년도 목동고 연간학사일정.hwp,D:\project\MAPS\curriculum_files\서울특별시\목동고등학교
1985,5d2eb5f7-0b82-41b0-8004-2c32175096b4,금옥여자고등학교,서울특별시,양천구,04,Y,ok,1,0,2026학년도 연간학사일정.pdf,D:\project\MAPS\curriculum_files\서울특별시\금옥여자고등학교
1986,11adbeed-cf56-49e5-bda0-2342544b77ec,대일관광고등학교,서울특별시,양천구,04,Y,ok,1,1,2026학년도 대일관광고등학교 학교교육과정 편성운영 및 평가에 관한 사항.pdf,D:\project\MAPS\curriculum_files\서울특별시\대일관광고등학교
1987,fe5875d1-9a52-4fca-b1c7-bc09cc537505,광영여자고등학교,서울특별시,양천구,04,Y,ok,2,1,2026학년도 광영여고 학사 일정표.hwp | 2026학년도 학교교육과정 편성·운영·평가계획.hwp,D:\project\MAPS\curriculum_files\서울특별시\광영여자고등학교
1988,9facddb3-4c75-4126-b1db-b4c12e39f4ae,광영고등학교,서울특별시,양천구,04,Y,ok,1,1,2026학년도 광영고 학교교육과정 편성·운영·평가계획.pdf,D:\project\MAPS\curriculum_files\서울특별시\광영고등학교
1989,e3e9ce36-9f70-46b4-b78e-a67717436204,서울금융고등학교,서울특별시,양천구,04,Y,ok,1,0,2026학년도 서울금융고 연간학사일정.xlsx,D:\project\MAPS\curriculum_files\서울특별시\서울금융고등학교
1990,3a078674-b3b1-4e27-9cbc-5a6031b3f2e4,배화여자고등학교,서울특별시,종로구,04,Y,ok,2,1,2026학년도 배화여자고등학교 연간학사일정.pdf | 2026학년도 배화여자고등학교 학교교육과정 편성 운영 및 평가 계획.pdf,D:\project\MAPS\curriculum_files\서울특별시\배화여자고등학교
1991,5709adac-3dd4-417e-b6e6-45e8aa8d93d5,한양과학기술고등학교,서울특별시,중구,04,Y,no_file,0,0,,
1992,d121c0bc-ac93-435c-a16d-e6eb4bac5299,대경생활과학고등학교,서울특별시,중구,04,Y,ok,2,0,2026 창의적체험활동계획.pdf | 연간학사일정.pdf,D:\project\MAPS\curriculum_files\서울특별시\대경생활과학고등학교
1993,c1a32302-8b66-4828-8e4e-614931232180,장충고등학교,서울특별시,중구,04,Y,ok,1,1,2026학년도 교육과정 학점 배당표.xlsx,D:\project\MAPS\curriculum_files\서울특별시\장충고등학교
1994,a55d0a2b-2ce7-4c3b-a6e8-5c69912bc166,성동고등학교,서울특별시,중구,04,Y,ok,3,2,2. 2026학년도 성동고 교육과정 학점 배당표.xlsx | 3. 2026학년도 성동고 창의적 체험활동 연간 운영 계획.xlsx | 2026학년도 성동고 학교교육과정 편성운영평가 계획.hwpx,D:\project\MAPS\curriculum_files\서울특별시\성동고등학교
1995,d960a6cf-5674-433f-8601-9401fcac0ffa,성동글로벌경영고등학교,서울특별시,중구,04,Y,ok,3,3,학교교육과정 편성·운영 및 평가에 관한 사항(1).pdf | 학교교육과정 편성·운영 및 평가에 관한 사항(2).pdf | 학교교육과정 편성·운영 및 평가에 관한 사항(3).pdf,D:\project\MAPS\curriculum_files\서울특별시\성동글로벌경영고등학교
1996,a55528ec-033d-4b36-8837-7933f5580591,성동공업고등학교,서울특별시,중구,04,Y,ok,1,0,2026학년도 창의적 체험활동 연간 운영계획(26.3.23).pdf,D:\project\MAPS\curriculum_files\서울특별시\성동공업고등학교
1997,4cfc0bf5-efdf-4685-af45-361ec1a39630,명일여자고등학교,서울특별시,강동구,04,Y,ok,1,1,학교 교육과정의 성격 및 편성 방향.pdf,D:\project\MAPS\curriculum_files\서울특별시\명일여자고등학교
1998,aae7c378-00f9-4e70-8540-3cae235a0673,서울컨벤션고등학교,서울특별시,강동구,04,Y,ok,2,1,2026학년도 서울컨벤션고 연간학사일정.pdf | 2026학년도 서울컨벤션고 학교교육과정 편성·운영·평가계획(수정).pdf,D:\project\MAPS\curriculum_files\서울특별시\서울컨벤션고등학교
1999,83d58ad5-e835-4220-8847-b407620dbc7f,배재고등학교,서울특별시,강동구,04,Y,ok,4,3,2024년 입학생 교육과정 학점 배당표(2015 개정 교육과정).xlsx | 2025년 입학생 교육과정 학점 배당표(2022 개정 교육과정).xlsx | 2026년 입학생 교육과정 학점 배당표(2022 개정 교육과정).xlsx | 2026학년도 연간학사일정(간략본)-(2026.04.21.).xlsx,D:\project\MAPS\curriculum_files\서울특별시\배재고등학교
2000,9d76b5b7-33bc-4f73-948f-549db40fd52e,광문고등학교,서울특별시,강동구,04,Y,ok,2,1,2026학년도 광문고 연간학사일정.hwp | 2026학년도 광문고 학교교육과정 편성 운영 평가 계획(수정).xlsx,D:\project\MAPS\curriculum_files\서울특별시\광문고등학교
2001,f4ce4fa5-3fd1-4b0b-a312-14b6defe2faf,이화여자외국어고등학교,서울특별시,중구,04,Y,ok,1,1,학교교육과정 편성운영평가에 관한 사항(2026).pdf,D:\project\MAPS\curriculum_files\서울특별시\이화여자외국어고등학교
2002,df5cd09f-e33f-442e-8eb9-6b14ed762fc6,선사고등학교,서울특별시,강동구,04,Y,ok,3,2,2025학년도 입학생 교육과정 학점 배당표(2022 개정 교육과정)_선사고1128.xlsx | 2026학년도 입학생 교육과정 학점 배당표(2022 개정 교육과정)_선사고1128.xlsx | 2026학년도 학사일정(안)(배포용).pdf,D:\project\MAPS\curriculum_files\서울특별시\선사고등학교
2003,a14f668d-2e89-4c86-b01b-7f889fb7f3db,설악고등학교,경기도,가평군,04,Y,ok,2,1,2026학년도 설악고 학교교육과정 편성· 운영· 평가 계획.hwp | 2026학년도 설악고 연간학사일정.hwpx,D:\project\MAPS\curriculum_files\경기도\설악고등학교
2004,8b1eb3a0-76dd-486a-9b5b-ca3836a3f264,고려대학교사범대학부속고등학교,서울특별시,성북구,04,Y,ok,1,0,2026학년도 고대부속고등학교 연간 학사 일정(26.3.31.기준).pdf,D:\project\MAPS\curriculum_files\서울특별시\고려대학교사범대학부속고등학교
2005,3857fe5b-366c-4b28-bd1b-d179483b81a8,대일외국어고등학교,서울특별시,성북구,04,Y,no_file,0,0,,
2006,b6fc85c4-5c53-4587-8459-4c005f37a5b8,서울대학교사범대학부설고등학교,서울특별시,성북구,04,Y,ok,1,1,2026학년도 서울사대부고 학교교육과정 편성·운영·평가 계획.hwp,D:\project\MAPS\curriculum_files\서울특별시\서울대학교사범대학부설고등학교
2007,df3e0d52-e7f6-4f5e-9619-7d763d3cda90,서울도시과학기술고등학교,서울특별시,성북구,04,Y,ok,1,0,(1차)2026학년도 학사일정_서울과기고.pdf,D:\project\MAPS\curriculum_files\서울특별시\서울도시과학기술고등학교
2008,1bedffd7-0537-472f-8869-785ff01ec9e0,석관고등학교,서울특별시,성북구,04,Y,no_file,0,0,,
2009,2b63064f-f486-401c-be6b-fdf3949f67ab,성덕고등학교,서울특별시,강동구,04,Y,ok,3,1,2026학년도 성덕고등학교 교육과정 편성안.xlsx | 2026학년도 성덕고등학교 학사일정.xlsx | 2026학년도 성덕고등학교 창의적 체험활동 연간 운영 계획.hwpx,D:\project\MAPS\curriculum_files\서울특별시\성덕고등학교
2010,73251219-6d78-4927-a1e5-d164f54b02b1,서울의료보건고등학교,서울특별시,중구,04,Y,ok,1,1,학교교육과정 편성 및 운영 평가 계획.pdf,D:\project\MAPS\curriculum_files\서울특별시\서울의료보건고등학교
2011,4d12fa54-da72-4cba-9212-2ca805da9d19,강일고등학교,서울특별시,강동구,04,Y,ok,3,2,2025학년도 입학생 학점 배당표_강일고.xlsx | 2026학년도 입학생 학점 배당표_강일고.xlsx | 2026학년도 강일고 연간학사일정.xlsx,D:\project\MAPS\curriculum_files\서울특별시\강일고등학교
2012,5469995a-3ae3-4c27-a7fc-1306015480c2,청심국제고등학교,경기도,가평군,04,Y,no_file,0,0,,
2013,e317c799-8f98-4a93-a915-4addac5518d8,대구공업고등학교 테크노폴리스 캠퍼스,대구광역시,달성군,04,Y,ok,3,1,2026학년도 특성화·산업수요 맞춤형 고등학교 교육과정 편제표.pdf | 2026학년도 창의적 체험활동 운영 계획.hwp | 2026학년도 학사일정(안).hwpx,D:\project\MAPS\curriculum_files\대구광역시\대구공업고등학교 테크노폴리스 캠퍼스
2014,3c0b541f-f311-4bd5-a67a-f385b09e9c32,영일고등학교,서울특별시,강서구,04,Y,ok,1,1,2026_영일고 학교교육과정 편성운영 및 평가에 관한 계획.pdf,D:\project\MAPS\curriculum_files\서울특별시\영일고등학교
2015,151faf9e-749b-40a7-9035-f94688b4aa59,마포고등학교,서울특별시,강서구,04,Y,no_file,0,0,,
2016,bab2b65f-daa7-48f0-bf96-d72bec8efddf,경복여자고등학교,서울특별시,강서구,04,Y,ok,2,2,2025학년도 입학생 교육과정 학점 배당표(2022 개정 교육과정)_경복여고.xlsx | 2026학년도 입학생 교육과정 학점 배당표(2022 개정 교육과정)_경복여고.xlsx,D:\project\MAPS\curriculum_files\서울특별시\경복여자고등학교
2017,a1e7e037-4361-4ca1-85be-5dd1844d6d66,경복비즈니스고등학교,서울특별시,강서구,04,Y,ok,2,1,창체시수.hwpx | ###2026 교육과정 학점 배당표 서식(경복비즈니스고).xlsx,D:\project\MAPS\curriculum_files\서울특별시\경복비즈니스고등학교
2018,4978eee4-688a-4681-8782-702aced3ddc1,등촌고등학교,서울특별시,강서구,04,Y,ok,9,5,교과별 평가계획.hwp | 2024학년도 입학생 교육과정 학점 배당표(2015 개정 교육과정)_등촌고.xlsx | 2025학년도 교육과정 운영 평가 결과 분석 및 추진계획.hwp | 2025학년도 입학생 교육과정 학점 배당표(2022 개정 교육과정)_등촌고.xlsx | 2026학년도 입학생 교육과정 학점 배당표(2022 개정 교육과정)_등촌고.xlsx | 2026학년도 창의적 체험활동 운영계획.hwp | 교육과정 단위배당표.hwp | 체험활동 계획.hwp | 학교교육과정 편제 및 시간배당표.hwp,D:\project\MAPS\curriculum_files\서울특별시\등촌고등학교
2019,ec1aba9d-42c1-4781-9220-0c3f7fb1c445,대일고등학교,서울특별시,강서구,04,Y,ok,1,0,2026학년도 학사일정.pdf,D:\project\MAPS\curriculum_files\서울특별시\대일고등학교
2020,a5398ffe-ee03-42f0-a8b3-d312c1671940,서울신정고등학교,서울특별시,강서구,04,Y,ok,1,1,서울신정고등학교 2026학년도 교육과정 학점 배당표.xlsx,D:\project\MAPS\curriculum_files\서울특별시\서울신정고등학교
2021,3b6a9c5d-13db-42d9-afb1-79673818be96,한광고등학교,서울특별시,강서구,04,Y,no_file,0,0,,
2022,9dfa1e61-c0a6-4f27-b629-a4f8b5db61c9,한양대학교사범대학부속고등학교,서울특별시,성동구,04,Y,ok,1,0,2026 정보공시 학사일정.pdf,D:\project\MAPS\curriculum_files\서울특별시\한양대학교사범대학부속고등학교
2023,0a72400a-9caa-43ce-b2e9-8879aeec0168,세현고등학교,서울특별시,강서구,04,Y,ok,1,0,2026 학사일정안(세현고).pdf,D:\project\MAPS\curriculum_files\서울특별시\세현고등학교
2024,afe7927f-ba61-4929-9023-db2a5beac600,영등포공업고등학교,서울특별시,강서구,04,Y,ok,1,0,2026학년도 영등포공업고등학교 학사일정.pdf,D:\project\MAPS\curriculum_files\서울특별시\영등포공업고등학교
2025,5c850baf-815b-48cc-aa83-c7b6f15e15ca,동양고등학교,서울특별시,강서구,04,Y,ok,1,1,"2026학년도 동양고등학교 교육과정 운영, 평가.hwpx",D:\project\MAPS\curriculum_files\서울특별시\동양고등학교
2026,bba6fb56-febc-49c1-b8cd-b1960f2391ad,상문고등학교,서울특별시,서초구,04,Y,ok,4,4,2026학년도 상문고 학교교육과정 편성·운영·평가 계획.pdf | 상문고 2024학년도 입학생 교육과정 학점 배당표(2015 개정 교육과정).xlsx | 상문고 2025학년도 입학생 교육과정 학점 배당표(2022 개정 교육과정).xlsx | 상문고 2026학년도 입학생 교육과정 학점 배당표(2022 개정 교육과정).xlsx,D:\project\MAPS\curriculum_files\서울특별시\상문고등학교
2027,55090a62-d6a8-4a94-80e6-aa731c86bbba,서문여자고등학교,서울특별시,서초구,04,Y,ok,1,1,2026학년도 서문여고 학교교육과정 편성·운영·평가 계획.pdf,D:\project\MAPS\curriculum_files\서울특별시\서문여자고등학교
2028,fe3d8edc-f4bf-47f2-92de-9231feeea64c,서울웹툰애니메이션고등학교,서울특별시,서초구,04,Y,no_file,0,0,,
2029,f913e1d4-e71f-42dc-b01b-c702f4935c4c,동덕여자고등학교,서울특별시,서초구,04,Y,ok,2,1,2026학년도 동덕여고 학사일정표.hwp | 2026학년도 동덕여고 학교교육과정 편성 운영 평가 계획.hwp,D:\project\MAPS\curriculum_files\서울특별시\동덕여자고등학교
2030,eb90beb2-e67d-496c-adb8-f139f0563513,공항고등학교,서울특별시,강서구,04,Y,no_file,0,0,,
2031,20539a71-904d-4daf-9e8d-be51e46e3cca,언남고등학교,서울특별시,서초구,04,Y,ok,1,1,2026학년도 언남고 학교교육과정 편성 운영 평가 계획.pdf,D:\project\MAPS\curriculum_files\서울특별시\언남고등학교
2032,9964e3f8-fd61-4bcb-81b4-098c41c2ebce,서울홍신고등학교,서울특별시,강서구,04,Y,ok,2,1,2026 학사일정표.xlsx | 2026학년도 교육과정 학점 배당표.xlsx,D:\project\MAPS\curriculum_files\서울특별시\서울홍신고등학교
2033,76b5de74-0f99-4101-9f94-90da07aea85c,덕원여자고등학교,서울특별시,강서구,04,Y,ok,1,0,2026학년도 연간 창체활동 세부 운영계획.pdf,D:\project\MAPS\curriculum_files\서울특별시\덕원여자고등학교
2034,f854bc5e-57c9-4289-a7c0-9868378a59fb,덕원예술고등학교,서울특별시,강서구,04,Y,no_file,0,0,,
2035,c935ba37-7c22-41c9-a1d3-ea11e743d4de,명덕고등학교,서울특별시,강서구,04,Y,no_file,0,0,,
2036,7d3d4288-e959-4457-99fa-2ec9a32673ee,명덕여자고등학교,서울특별시,강서구,04,Y,ok,2,0,2026학년도 명덕여고 학교교육계획서.pdf | 명덕여고 2026학년도 연간계획.xlsx,D:\project\MAPS\curriculum_files\서울특별시\명덕여자고등학교
2037,519d7f09-9ca5-4d90-b41b-747746a154fd,명덕외국어고등학교,서울특별시,강서구,04,Y,ok,2,1,2026학년도 명덕외국어고등학교 교육과정 편성 운영 및 평가 계획.pdf | 2026학년도 명덕외국어고등학교 연간 학사 일정.pdf,D:\project\MAPS\curriculum_files\서울특별시\명덕외국어고등학교
2038,f6d0d487-1a04-46eb-be26-7b396698b4e0,화곡고등학교,서울특별시,강서구,04,Y,ok,1,1,2026학년도 화곡고등학교 교육과정 현황표.pdf,D:\project\MAPS\curriculum_files\서울특별시\화곡고등학교
2039,458ef682-5394-469d-97c0-12f1d839b91d,수명고등학교,서울특별시,강서구,04,Y,ok,4,2,2026학년도 수명고등학교 체험학습 계획.hwp | 2026학년도 수명고등학교 학사일정.hwp | 수명고 교육과정 편제 통합표(직업계열포함).xlsx | 2026 수명고등학교 학교 교육과정 편성 ·운영 ·평가 및 교육과정 편성·운영의 기본 방향.hwp,D:\project\MAPS\curriculum_files\서울특별시\수명고등학교
2040,ab1cfca5-5000-45e3-af52-d4cfcc2d8455,한서고등학교,서울특별시,강서구,04,Y,ok,1,1,2026학년도 한서고등학교 학교교육과정 편성·운영 및 평가 계획.hwpx,D:\project\MAPS\curriculum_files\서울특별시\한서고등학교
2041,4fa3ecdb-2672-4a33-935d-e324ce556044,서울백영고등학교,서울특별시,강서구,04,Y,no_file,0,0,,
2042,c7e1d35f-a688-43b1-ba74-b5601a2a59f0,서울디지털콘텐츠고등학교,서울특별시,강서구,04,Y,ok,1,0,2026학년도 서울디지털콘텐츠고 연간학사일정.hwp,D:\project\MAPS\curriculum_files\서울특별시\서울디지털콘텐츠고등학교
2043,be2d2a04-e722-46fc-bfc4-11bce4e6e839,덕성여자고등학교,서울특별시,종로구,04,Y,ok,2,2,2025학년도 입학생 교육과정 학점 배당표(2022 개정 교육과정)_덕성여고.xlsx | 2026학년도 입학생 교육과정 학점 배당표(2022 개정 교육과정)_덕성여고.xlsx,D:\project\MAPS\curriculum_files\서울특별시\덕성여자고등학교
2044,ba80ef2e-1f95-433f-bc48-9a7f5c54f897,대구공업고등학교,대구광역시,동구,04,Y,ok,1,1,2026학년도 교육과정 편성 운영(대구공업고등학교).hwp,D:\project\MAPS\curriculum_files\대구광역시\대구공업고등학교
2045,b67c8174-f1da-40c8-a17e-d8fb7ee343c3,대구관광고등학교,대구광역시,동구,04,Y,no_file,0,0,,
2046,dca77042-797e-41ec-be1a-453c203adee8,청구고등학교,대구광역시,동구,04,Y,ok,2,1,2026학년도 청구고등학교 연간학사일정 계획.pdf | 2026학년도 청구고등학교 학교교육과정 편성운영 및 평가에 관한 사항 수정.pdf,D:\project\MAPS\curriculum_files\대구광역시\청구고등학교
2047,c1d8baed-4dee-4d2c-87f1-1f9b4abd4eef,영신고등학교,대구광역시,동구,04,Y,ok,2,1,2026학년도 영신고등학교 연간학사일정.pdf | 2026학년도 영신고등학교 학교교육과정 편성·운영·평가 계획.hwp,D:\project\MAPS\curriculum_files\대구광역시\영신고등학교
2048,be383e4e-8d2d-4ef5-b3cc-e38c0ce277c0,청담고등학교,서울특별시,서초구,04,Y,no_file,0,0,,
2049,1980f590-c597-49e3-9a1c-37e5effa0145,서울방송고등학교,서울특별시,성동구,04,Y,ok,2,1,"2026학년도 서울방송고 학교교육과정 편성, 운영, 평가 계획.xlsx | 2026학년도 서울방송고 연간학사일정.pdf",D:\project\MAPS\curriculum_files\서울특별시\서울방송고등학교
2050,7b1ec863-4e56-4ff8-9c66-bb7dee0891ce,서울고등학교,서울특별시,서초구,04,Y,ok,1,0,2026학년도 서울고등학교 교육과정 학사일정.pdf,D:\project\MAPS\curriculum_files\서울특별시\서울고등학교
2051,5c571812-c664-4495-be26-6b9fb997a233,서초고등학교,서울특별시,서초구,04,Y,no_file,0,0,,
2052,9dfe0125-996c-4ba6-8400-08e1ff1759ec,양재고등학교,서울특별시,서초구,04,Y,ok,3,2,2025학년도 입학생 교육과정 학점 배당표(2022 개정 교육과정)_양재고.xlsx | 2026학년도 입학생 교육과정 학점 배당표(2022 개정 교육과정)_양재고.xlsx | 2026학년도_학사일정(안)(2026.04.02.).hwp,D:\project\MAPS\curriculum_files\서울특별시\양재고등학교
2053,e154002c-4ba7-45dd-8a51-394ef3a031de,경일고등학교,서울특별시,성동구,04,Y,ok,2,2,2. (경일고)2025학년도 입학생 교육과정 학점 배당표(2022 개정 교육과정)_최종.xlsx | 3. (경일고)2024학년도 입학생 교육과정 학점 배당표(2015 개정 교육과정)_경일고(최종).xlsx,D:\project\MAPS\curriculum_files\서울특별시\경일고등학교
2054,397f7d79-db13-4d4d-852e-0534e1ebb0af,성수고등학교,서울특별시,성동구,04,Y,no_file,0,0,,
2055,d0049b19-884a-4524-98ca-15f91de2c485,성수공업고등학교,서울특별시,성동구,04,Y,no_file,0,0,,
2056,acecb049-4bb3-4347-bf65-cd88cbeab743,중앙고등학교,서울특별시,종로구,04,Y,ok,3,3,2024학년도 입학생 교육과정 학점 배당표(2015 개정 교육과정)_중앙고.pdf | 2025학년도 입학생 교육과정 학점 배당표(2022 개정 교육과정)_중앙고.pdf | 2026학년도 입학생 교육과정 학점 배당표(2022 개정 교육과정)_중앙고.pdf,D:\project\MAPS\curriculum_files\서울특별시\중앙고등학교
2057,795ceeb8-37dd-462e-8a17-af382f2ee955,대동세무고등학교,서울특별시,종로구,04,Y,no_file,0,0,,
2058,efb39be2-c2b0-48ed-bd21-2e136ddbf74b,삼각산고등학교,서울특별시,강북구,04,Y,ok,1,0,2026학년도 삼각산고 연간학사일정.hwpx,D:\project\MAPS\curriculum_files\서울특별시\삼각산고등학교
2059,2eec6c00-f549-4036-a509-1d00f747006f,성암국제무역고등학교,서울특별시,강북구,04,Y,ok,1,1,2026 학교교육계획서_교육과정편성_4월_정보공시.hwpx,D:\project\MAPS\curriculum_files\서울특별시\성암국제무역고등학교
2060,803d870b-4cbc-46c3-9e4b-e05d24167f20,영훈고등학교,서울특별시,강북구,04,Y,ok,1,0,2026학년도 영훈고등학교 학사일정.hwp,D:\project\MAPS\curriculum_files\서울특별시\영훈고등학교
2061,a191b91b-cbaa-49f8-bf9c-ff41bd404a31,신일고등학교,서울특별시,강북구,04,Y,ok,2,2,2025학년도 입학생 교육과정 학점 배당표(2022 개정 교육과정)_신일고.xlsx | 2026학년도 입학생 교육과정 학점 배당표(2022 개정 교육과정)_신일고.xlsx,D:\project\MAPS\curriculum_files\서울특별시\신일고등학교
2062,e3f084b5-c164-4e71-a613-9b1d336fcba3,창문여자고등학교,서울특별시,강북구,04,Y,ok,2,1,학교교육과정 편성 및 평가(정보공시).hwpx | 2026학사일정(정보공시).hwpx,D:\project\MAPS\curriculum_files\서울특별시\창문여자고등학교
2063,42b15bcb-6032-4b0f-83e9-c62a2e8be9c6,솔샘고등학교,서울특별시,강북구,04,Y,ok,2,1,2026학년도 솔샘고 연간학사일정.hwpx | 2026학년도 솔샘고등학교 학교교육과정 편성운영 및 평가계획.hwp,D:\project\MAPS\curriculum_files\서울특별시\솔샘고등학교
2064,d090873a-0175-415b-a2e9-2cee7ac512dc,혜화여자고등학교,서울특별시,강북구,04,Y,ok,2,1,2026년 혜화여고 학사일정(안).xlsx | 2026학년도 혜화여고 학교교육과정 편성·운영·평가 계획.hwp,D:\project\MAPS\curriculum_files\서울특별시\혜화여자고등학교
2065,db137d88-4702-415c-b4fa-65f86a6f9969,신도림고등학교,서울특별시,구로구,04,Y,no_file,0,0,,
2066,96109c01-4450-47c3-a867-6ee99389e17f,달성고등학교,대구광역시,서구,04,Y,ok,1,1,2026학년도 달성고 학교교육과정 편성·운영·평가계획.hwp,D:\project\MAPS\curriculum_files\대구광역시\달성고등학교
2067,47236515-f4c4-4f01-a719-a423ca4aaace,대구과학기술고등학교,대구광역시,서구,04,Y,ok,2,0,2026학년도 창의적 체험활동 운영 계획_대구과학기술고.hwp | 2026학년도 학사일정 운영 계획(안)_대구과학기술고.xlsx,D:\project\MAPS\curriculum_files\대구광역시\대구과학기술고등학교
2068,265b3ce4-7f57-4685-98a1-10dbf76634b6,대구제일고등학교,대구광역시,서구,04,Y,ok,4,1,2026학년도 교육과정 최종안(대구제일고등학교).xlsx | 2026학년도 창의적 체험활동 운영 계획.hwp | 2026학년도 학사 일정 및 연간 수업일수 확보 계획 .hwpx | 2026학년도 학교평가 계획서.hwp,D:\project\MAPS\curriculum_files\대구광역시\대구제일고등학교
2069,e1c40f77-a982-4377-a946-e0531fd1b2f5,시지고등학교,대구광역시,수성구,04,Y,ok,2,1,2026학년도 시지고등학교 학교교육과정 편성ㆍ운영 및 평가에 관한 사항.hwp | (붙임) 2026학년도 학사 일정(안)(4.8.).hwp,D:\project\MAPS\curriculum_files\대구광역시\시지고등학교
2070,cec598c0-b663-4633-b32d-c61a9639baf7,덕원고등학교,대구광역시,수성구,04,Y,ok,2,1,2026학년도 덕원고 연간학사일정.hwp | 2026학년도 덕원고 학교교육과정 편성·운영·평가 계획.hwp,D:\project\MAPS\curriculum_files\대구광역시\덕원고등학교
2071,a7f62f99-728d-415b-ac00-70ff07f6bc20,대구농업마이스터고등학교,대구광역시,수성구,04,Y,ok,1,0,(붙임2) 2026학년도 학사력(안).pdf,D:\project\MAPS\curriculum_files\대구광역시\대구농업마이스터고등학교
2072,5c955370-01af-4390-baea-8124f80456ba,원화여자고등학교,대구광역시,달서구,04,Y,ok,1,0,2-가. 학교교육과정 편성·운영·평가 계획(교과·체험활동계획 포함)_수정.hwp,D:\project\MAPS\curriculum_files\대구광역시\원화여자고등학교
2073,e94ca481-dc65-4e63-a90a-24fcf7001e19,상서고등학교,대구광역시,달서구,04,Y,ok,1,0,2026학년도 상서고등학교 연간 교육활동 계획.pdf,D:\project\MAPS\curriculum_files\대구광역시\상서고등학교
2074,fbe3fc89-dcac-4692-b521-34d815a72bb6,경화여자고등학교,대구광역시,달서구,04,Y,ok,1,1,2026학년도 경화여자고등학교 학교교육과정 편성·운영·평가 계획.hwp,D:\project\MAPS\curriculum_files\대구광역시\경화여자고등학교
2075,828d2d3c-8650-449a-89cc-434993ad4b3c,구로고등학교,서울특별시,구로구,04,Y,ok,1,0,2026학년도 구로고 연간학사일정.pdf,D:\project\MAPS\curriculum_files\서울특별시\구로고등학교
2076,a0f12736-1295-49d7-9b85-5ccc1cac0e44,구일고등학교,서울특별시,구로구,04,Y,ok,1,0,2026학년도 구일고 연간학사일정.hwpx,D:\project\MAPS\curriculum_files\서울특별시\구일고등학교
2077,42466ac1-1101-4b3c-8e46-f54f69b9484e,구현고등학교,서울특별시,구로구,04,Y,no_file,0,0,,
2078,196e26ba-ef32-4f73-a10f-a27ce46cc6e7,선덕고등학교,서울특별시,도봉구,04,Y,no_file,0,0,,
2079,777f225d-64be-496c-b180-005e7375eb45,정의여자고등학교,서울특별시,도봉구,04,Y,no_file,0,0,,
2080,8fdf98ad-04d6-4c84-8d45-ad00542793cf,세그루패션디자인고등학교,서울특별시,도봉구,04,Y,ok,2,0,2026학년도 연간 학사일정 수업일수 190일.hwp | 2026학년도 1학기 교과평가계획.hwp,D:\project\MAPS\curriculum_files\서울특별시\세그루패션디자인고등학교
2081,8d1cab1b-f2b2-4fad-98c2-12fd0446c75e,효문고등학교,서울특별시,도봉구,04,Y,ok,3,3,2026학년도 효문고 학교교육과정 편성운영평가 계획(2학년).xlsx | 2026학년도 효문고 학교교육과정 편성운영평가 계획(3학년).xlsx | 2026학년도 효문고 학교교육과정 편성운영평가 계획(1학년_수정).xlsx,D:\project\MAPS\curriculum_files\서울특별시\효문고등학교
2082,58fc6443-e208-430d-88f6-183a6e604fcc,덕일전자공업고등학교,서울특별시,구로구,04,Y,no_file,0,0,,
2083,4db17234-1761-4605-aa68-c461636037f9,서울외국어고등학교,서울특별시,도봉구,04,Y,ok,1,1,학교교육과정 편성 및 운영평가 계획.hwpx,D:\project\MAPS\curriculum_files\서울특별시\서울외국어고등학교
2084,dde6236b-6d28-4e0f-bd28-d576b2decf9a,자운고등학교,서울특별시,도봉구,04,Y,ok,2,2,2025 입학생 교육과정 학점 배당표(2022)_자운고.pdf | 2026 입학생 교육과정 학점 배당표(2022)_자운고.pdf,D:\project\MAPS\curriculum_files\서울특별시\자운고등학교
2085,ba1fe970-7fc0-411a-b5b2-58d03ee1f49d,창동고등학교,서울특별시,도봉구,04,Y,ok,10,8,2_2026본교교육과정.pdf | 2024입학생본교교육과정_공통과정.pdf | 2024입학생본교교육과정_과학중점과정.pdf | 2025입학생본교교육과정_공통과정.pdf | 2025입학생본교교육과정_과학중점과정.pdf | 2026입학생본교교육과정_공통과정.pdf | 2026입학생본교교육과정_과학중점과정.pdf | 4_학교교육과정편성운영평가.pdf | 5_2026학사일정.pdf | 3_2026창의적체험활동운영계획.pdf,D:\project\MAPS\curriculum_files\서울특별시\창동고등학교
2086,426c9d46-d0e9-4a34-a62c-75ad7e00f3ad,누원고등학교,서울특별시,도봉구,04,Y,ok,2,1,2026학년도 누원고등학교 학교교육과정 편성 운영 및 평가 계획.hwp | 2026학년도 누원고등학교 학사일정.xlsx,D:\project\MAPS\curriculum_files\서울특별시\누원고등학교
2087,32a686a5-66b0-490f-9796-d7a9b5e4ad81,도봉고등학교,서울특별시,도봉구,04,Y,no_file,0,0,,
2088,60b805bb-6483-474f-b1f0-f06011f0b15b,대구보건고등학교,대구광역시,달서구,04,Y,ok,2,1,2026학년도 대구보건고 연간학사일정.xls | 2026학년도 대구보건고 학교교육과정 편성·운영·평가 계획.hwp,D:\project\MAPS\curriculum_files\대구광역시\대구보건고등학교
2089,c3310400-55e9-458c-87ab-e1289bf5b10b,와룡고등학교,대구광역시,달서구,04,Y,ok,2,1,2026학년도 와룡고 학교교육과정 편성·운영·평가 계획.hwp | 2026학년도 와룡고 연간학사일정.hwp,D:\project\MAPS\curriculum_files\대구광역시\와룡고등학교
2090,04362da6-af0f-49ef-bedb-d6e53e930944,대구반도체마이스터고등학교,대구광역시,달서구,04,Y,ok,3,1,대구반도체마이스터고등학교 2026학년도 교육과정 편제(성)표_정보공시용.xlsx | 2026학년도 동아리 활동 계획서_정보공시용.hwp | 2026학년도 대구반도체마이스터고 연간학사일정.xlsx,D:\project\MAPS\curriculum_files\대구광역시\대구반도체마이스터고등학교
2091,24a0c616-2df2-4134-82a9-28fd103fdccb,대구제일여자상업고등학교,대구광역시,달서구,04,Y,ok,1,1,2026학년도 대구제일여자상업고 학교교육과정 편성운영평가 계획_수정.hwp,D:\project\MAPS\curriculum_files\대구광역시\대구제일여자상업고등학교
2092,ab79a39a-2d3d-461e-9490-ddd509e24207,도원고등학교,대구광역시,달서구,04,Y,ok,2,0,2026학년도 도원고등학교 창의적체험활동 편성·운영 계획.xlsx | 2026학년도 도원고 연간학사일정.hwpx,D:\project\MAPS\curriculum_files\대구광역시\도원고등학교
2093,b05d1c66-9173-47b7-811f-23d0dbf7e9da,대곡고등학교,대구광역시,달서구,04,Y,ok,1,1,2026학년도 대곡고 학교교육과정 편성·운영·평가계획.hwp,D:\project\MAPS\curriculum_files\대구광역시\대곡고등학교
2094,65528c27-1014-461d-9a9a-7d6100a61837,효성여자고등학교,대구광역시,달서구,04,Y,ok,1,1,2026학년도 효성여고 학교교육과정 편성·운영 및 평가 계획(0410).hwp,D:\project\MAPS\curriculum_files\대구광역시\효성여자고등학교
2095,91991401-0940-4ae2-b8c4-88c0cc797524,대건고등학교,대구광역시,달서구,04,Y,ok,1,0,2026학년도 대건고등학교 학사일정 및 수업일수 확보계획.pdf,D:\project\MAPS\curriculum_files\대구광역시\대건고등학교
2096,81c308bc-6471-4eda-acc4-d5d9b043811d,송현여자고등학교,대구광역시,달서구,04,Y,ok,1,1,2026학년도 송현여고 학교교육과정 편성운영평가계획.hwp,D:\project\MAPS\curriculum_files\대구광역시\송현여자고등학교
2097,477bf975-3788-4540-ae86-4c9009ca8626,호산고등학교,대구광역시,달서구,04,Y,ok,4,0,2026학년도 학사일정 계획(호산고).pdf | 2026학년도 교내 봉사활동 계획.pdf | 2026학년도 창의적 체험활동(진로활동) 연간계획.pdf | 2026학년도 동아리 현황 및 활동 계획서.pdf,D:\project\MAPS\curriculum_files\대구광역시\호산고등학교
2098,19db2ef6-7e08-4f4a-b066-20e2cf45197c,세종고등학교,경기도,여주시,04,Y,no_file,0,0,,
2099,191af7ba-11a2-465b-98b8-85b7059b6ee7,함현고등학교,경기도,시흥시,04,Y,ok,2,1,2026학년도 학교교육과정 운영 계획.pdf | 2026학년도 학사일정 운영 계획.hwp,D:\project\MAPS\curriculum_files\경기도\함현고등학교
2100,e1d10d41-de43-48a7-8858-c2e5c7ba6864,정왕고등학교,경기도,시흥시,04,Y,ok,1,0,2026 학사일정안(0401).pdf,D:\project\MAPS\curriculum_files\경기도\정왕고등학교
2101,df930de0-bbe4-483c-9c4d-d3fd84c1d598,배곧고등학교,경기도,시흥시,04,Y,ok,1,1,2026학년도 학교 교육과정 운영 계획서.hwp,D:\project\MAPS\curriculum_files\경기도\배곧고등학교
2102,d0ed5cb1-b24c-4600-9aad-f6a651854577,군서고등학교,경기도,시흥시,04,Y,ok,1,1,(군서고등학교-4469 (첨부)) 2026학년도 학교교육과정 운영계획서_최종.hwp,D:\project\MAPS\curriculum_files\경기도\군서고등학교
2103,bddcb68b-e6a4-4068-a0ec-fe0e90d4a848,경기스마트고등학교,경기도,시흥시,04,Y,no_file,0,0,,
2104,f1891162-20af-4ddf-badf-88aacf1d810c,서해고등학교,경기도,시흥시,04,Y,ok,1,0,2026학년도 서해고 연간학사일정.hwpx,D:\project\MAPS\curriculum_files\경기도\서해고등학교
2105,9d97d88e-0fc5-435b-86d3-04b62fc6c317,양일고등학교,경기도,양평군,04,Y,no_file,0,0,,
2106,ffcd5d3d-3ce1-4178-b4bf-cca2bb966871,양평고등학교,경기도,양평군,04,Y,no_file,0,0,,
2107,93e19238-1c7b-45d1-ad69-52382153f811,이포고등학교,경기도,여주시,04,Y,ok,3,3,정보공시_2024년 일반고 입학생 교육과정 편성표.pdf | 정보공시_2025년 일반고 입학생 교육과정 편성표.pdf | 정보공시_2026년 일반고 입학생 교육과정 편성표.pdf,D:\project\MAPS\curriculum_files\경기도\이포고등학교
2108,b824a413-8e6e-4218-a81a-9d757a6f9292,조종고등학교,경기도,가평군,04,Y,ok,6,5,연간 학사 운영 계획.hwpx | 2024 일반고 입학생 교육과정 편제표(정보공시용).hwp | 2025 일반고 입학생 교육과정 편제표(정보공시용).xlsx | 2026 일반고 입학생 교육과정 편제표(정보공시용).xlsx | 2024 입학생 직업계고 교육과정 편제표(정보공시용).xlsx | 2025 입학생 직업계고 교육과정 편제표(정보공시용).xlsx,D:\project\MAPS\curriculum_files\경기도\조종고등학교
2109,8eeec2e9-cf47-4f8e-b91d-67dc635d7a3f,일산국제컨벤션고등학교,경기도,고양시 일산서구,04,Y,ok,2,1,2026학년도 일산국제컨벤션고 연간학사일정.xlsx.pdf | 2026학년도 일산국제컨벤션고 학교교육과정 편성·운영·평가 계획.hwp,D:\project\MAPS\curriculum_files\경기도\일산국제컨벤션고등학교
2110,bc823d23-7da1-4e47-ae81-dd1f01d82508,경기영상과학고등학교,경기도,고양시 일산서구,04,Y,no_file,0,0,,
2111,e32463f2-a524-4d5d-bc5a-135981a1cfca,율면고등학교,경기도,이천시,04,Y,ok,1,0,2026학년도 학사일정.hwp,D:\project\MAPS\curriculum_files\경기도\율면고등학교
2112,1aa99aad-d21f-4b9b-a1ab-6b42a4a046f0,안산공업고등학교,경기도,안산시 상록구,04,Y,no_file,0,0,,
2113,2a46bd7a-b897-4470-9dc4-e83c29419826,부곡고등학교,경기도,안산시 상록구,04,Y,ok,3,2,2.2026학년도 학사일정.pdf | 3.2026학년도 정규교육과정 내 동아리활동 운영 계획.pdf | 4.2026학년도 정규교육과정 외 자율동아리 운영 계획.pdf,D:\project\MAPS\curriculum_files\경기도\부곡고등학교
2114,5399f58e-bcfe-43cf-8a38-c604ccfbdd03,여주고등학교,경기도,여주시,04,Y,ok,2,1,2026학년도 연간 학사일정 및 수업일수 계획서.pdf | 2026학년도 여주고등학교 학교교육과정 편성운영계획서.pdf,D:\project\MAPS\curriculum_files\경기도\여주고등학교
2115,6c4733a9-355f-4148-8fbc-7e0061daefb1,남한고등학교,경기도,하남시,04,Y,ok,1,1,2026학년도 남한고등학교 입학생 교육과정 편제표_250918.pdf,D:\project\MAPS\curriculum_files\경기도\남한고등학교
2116,23df4b8f-dbdd-4754-8340-0245dc3a0eb0,풍산고등학교,경기도,하남시,04,Y,ok,1,0,2026학년도 학사일정.pdf,D:\project\MAPS\curriculum_files\경기도\풍산고등학교
2117,c534da45-321e-4f10-8bdf-80ff11f0f22e,군포중앙고등학교,경기도,군포시,04,Y,no_file,0,0,,
2118,0ed8d6d7-ee67-4381-b0a1-553579fe459e,경주디자인고등학교,경상북도,경주시,04,Y,no_file,0,0,,
2119,c4c01f13-b153-4f0f-b6cc-66afc01cf5f2,덕현고등학교,경기도,양주시,04,Y,no_file,0,0,,
2120,a4540dc4-9e50-4855-add2-a05641fa6f19,성안고등학교,경기도,안산시 상록구,04,Y,ok,1,1,2026학년도 교육과정 운영 일정(성안고등학교).hwp,D:\project\MAPS\curriculum_files\경기도\성안고등학교
2121,a671bbca-79b0-4f11-ac44-0134585b1a13,송호고등학교,경기도,안산시 상록구,04,Y,no_file,0,0,,
2122,4f81d940-4be6-4e2d-add7-dafe164e4222,경북에너지기술고등학교,경상북도,상주시,04,Y,ok,1,0,2026학년도 경북에너지기술고 연간학사일정.hwp,D:\project\MAPS\curriculum_files\경상북도\경북에너지기술고등학교
2123,35f53781-c9af-483c-a9a2-574bfb1cad22,우석여자고등학교,경상북도,상주시,04,Y,ok,2,1,2026학년도 우석여자고등학교 학교교육과정 편성·운영·평가 계획.hwp | 2026학년도 우석여자고등학교 연간학사일정.hwpx,D:\project\MAPS\curriculum_files\경상북도\우석여자고등학교
2124,8c76f1a3-ec12-4044-8acf-1ca46d722cc4,고림고등학교,경기도,용인시 처인구,04,Y,ok,1,0,(정보공시)학사일정.pdf,D:\project\MAPS\curriculum_files\경기도\고림고등학교
2125,78a8d645-8d9d-4805-bbc5-9bb85b67878c,진덕고등학교,경기도,용인시 처인구,04,Y,ok,1,0,2026학년도 진덕고 학사일정.pdf,D:\project\MAPS\curriculum_files\경기도\진덕고등학교
2126,fc95256d-c21d-4704-bee4-c030baa9f0bd,덕영고등학교,경기도,용인시 처인구,04,Y,ok,1,1,2026학년도 덕영고등학교교육과정 편성운영 및 평가 계획.hwp,D:\project\MAPS\curriculum_files\경기도\덕영고등학교
2127,ef98f1ec-d607-42a7-9748-4f937ffe3339,감일고등학교,경기도,하남시,04,Y,ok,2,0,2026학년도 감일고등학교 학사일정 변경(안).hwp | 2026 창의적 체험활동 운영 계획서(4.7.).hwpx,D:\project\MAPS\curriculum_files\경기도\감일고등학교
2128,111b04e5-1cd0-4fee-b2ca-bb1ec7f0be82,양서고등학교,경기도,양평군,04,Y,no_file,0,0,,
2129,cba62285-6332-43b8-8c98-566dd9e8dada,화원고등학교,대구광역시,달성군,04,Y,ok,1,0,2026학년도 학사일정.hwp,D:\project\MAPS\curriculum_files\대구광역시\화원고등학교
2130,e4ae1b1a-b40c-4b9c-a21d-459f6602ba0e,신흥고등학교,경기도,동두천시,04,Y,ok,1,1,2026학년도 학교 교육과정 편성 운영 및 평가에 관한 사항.hwp,D:\project\MAPS\curriculum_files\경기도\신흥고등학교
2131,5253b326-25c2-473d-83f0-c7145eb29cc2,과천중앙고등학교,경기도,과천시,04,Y,ok,1,1,2026학년도 제1회 학교운영위원회 안건(교육과정부).hwp,D:\project\MAPS\curriculum_files\경기도\과천중앙고등학교
2132,4130489e-9c88-4ab3-a23a-839349bed102,천천고등학교,경기도,수원시 장안구,04,Y,ok,1,1,2026학년도 천천고등학교 교육과정운영계획서(정보공시용-수정).pdf,D:\project\MAPS\curriculum_files\경기도\천천고등학교
2133,c422e8e5-bf43-4c54-a32e-23510ec1b1c1,경기체육고등학교,경기도,수원시 장안구,04,Y,ok,1,1,2026학년도 경기체육고등학교 학교교육과정 편성·운영·평가 계획.hwp,D:\project\MAPS\curriculum_files\경기도\경기체육고등학교
2134,b7cdeb13-54f0-423a-9b5b-e7cd147ff0bf,영생고등학교,경기도,수원시 장안구,04,Y,ok,2,1,2026학년도 영생고 연간학사일정.hwp | 2026학년도 영생고 학교교육과정 편성·운영·평가 계획.hwp,D:\project\MAPS\curriculum_files\경기도\영생고등학교
2135,f9a16df4-e815-4088-911b-61439862d6f2,대구소프트웨어마이스터고등학교,대구광역시,달성군,04,Y,ok,2,1,2026학년도 대구소프트웨어마이스터고 학교교육과정 편성·운영·평가 계획.hwp | 2026학년도 연간 학사일정.hwp,D:\project\MAPS\curriculum_files\대구광역시\대구소프트웨어마이스터고등학교
2136,aa17077c-ee3a-4cf9-93ce-d99af3173193,분당대진고등학교,경기도,성남시 분당구,04,Y,ok,2,1,"2026학년도 분당대진고등학교 연간 학사일정.hwp | 2026학년도 학교교육과정 편성, 운영, 평가 계획.hwpx",D:\project\MAPS\curriculum_files\경기도\분당대진고등학교
2137,589cbf16-c321-4148-8aa9-f0858e7a54b9,시흥능곡고등학교,경기도,시흥시,04,Y,ok,1,1,2026학년도 시흥능곡고 학교교육과정 편성·운영·평가 계획.hwp,D:\project\MAPS\curriculum_files\경기도\시흥능곡고등학교
2138,440f12c9-7cfe-49c0-8d52-e9d56152b1ec,김포호수고등학교,경기도,김포시,04,Y,ok,2,1,2번. 2026학년도 김포호수고 창의인문부 운영계획서.hwp | 1번. 2026 학교교육과정운영계획서-II. 교육과정 운영 계획(교육과정부) (1).hwp,D:\project\MAPS\curriculum_files\경기도\김포호수고등학교
2139,6c61b3cb-8aeb-4ca2-8a1e-729561d20616,선산고등학교,경상북도,구미시,04,Y,ok,6,4,2026학년도 창의적 체험활동 운영계획.hwp | 2026학년도 전학년교육과정 편성표.pdf | 2026학년도 입학생 3개년 교육과정 편성표.pdf | 2025학년도 입학생 3개년 교육과정 편성표.pdf | 2024학년도 입학생 3개년 교육과정 편성표.pdf | 2026학년도 학사일정.hwp,D:\project\MAPS\curriculum_files\경상북도\선산고등학교
2140,d799cc1e-b47d-4e60-8f81-0364bcfb968c,선산여자고등학교,경상북도,구미시,04,Y,no_file,0,0,,
2141,3389f914-f033-4124-8a74-1a8925c19179,낙생고등학교,경기도,성남시 분당구,04,Y,ok,1,1,2026학년도 낙생고 학교교육과정 편성 운영 및 평가 계획.hwpx,D:\project\MAPS\curriculum_files\경기도\낙생고등학교
2142,5d46e15d-ea56-4273-a89e-f8e672b8100d,통진고등학교,경기도,김포시,04,Y,no_file,0,0,,
2143,d3efb19f-622a-4409-bc4f-b3da3b0e4e73,마송고등학교,경기도,김포시,04,Y,ok,1,0,2026학사일정.pdf,D:\project\MAPS\curriculum_files\경기도\마송고등학교
2144,a97394e6-acee-4d9e-a141-c36cf28af584,한겨레고등학교,경기도,안성시,04,Y,ok,2,0,2026학년도 한겨레고등학교 체험활동 계획.hwpx | 2026학년도 한겨레고등학교 학사일정.xlsx,D:\project\MAPS\curriculum_files\경기도\한겨레고등학교
2145,6a82c52a-5e35-4fe9-8760-629ed7c27a36,관인고등학교,경기도,포천시,04,Y,ok,1,0,2026학년도 관인고등학교학사일정 계획(안).hwp,D:\project\MAPS\curriculum_files\경기도\관인고등학교
2146,df9bf22d-e624-4191-a031-7996c7df1e80,목감고등학교,경기도,시흥시,04,Y,ok,1,0,2026학년도 창의적 체험활동 연간일정 및 시수 배정_2026.3.17.xls,D:\project\MAPS\curriculum_files\경기도\목감고등학교
2147,a397cadd-74f5-4458-8490-498fec728207,분당경영고등학교,경기도,성남시 분당구,04,Y,no_file,0,0,,
2148,070ef986-8f19-4076-8477-df97546fd731,저동고등학교,경기도,고양시 일산동구,04,Y,no_file,0,0,,
2149,359098a0-35dc-4f94-8fe7-540832582cbc,경북기계명장고등학교,경상북도,칠곡군,04,Y,ok,1,1,2026학년도 경북기계명장고등학교 학교교육과정 편성운영평가 계획.pdf,D:\project\MAPS\curriculum_files\경상북도\경북기계명장고등학교
2150,4f17da85-739b-4890-a176-a5292f4338f1,이천세무고등학교,경기도,이천시,04,Y,no_file,0,0,,
2151,4918d50d-3317-4ab7-814d-8fccf9e344a7,여주제일고등학교,경기도,여주시,04,Y,ok,1,1,2026학년도 여주제일고 학교교육과정 편성운영평가 계획.pdf,D:\project\MAPS\curriculum_files\경기도\여주제일고등학교
2152,fc3dff24-8bc8-4c44-b8da-aa707d9161bd,군자디지털과학고등학교,경기도,시흥시,04,Y,ok,1,1,2026학년도 군자디지털과학고 학교교육과정 편성.운영.평가 계획.pdf,D:\project\MAPS\curriculum_files\경기도\군자디지털과학고등학교
2153,826c3489-9857-4eb1-87bf-c80493e847c6,세원고등학교,경기도,고양시 일산동구,04,Y,no_file,0,0,,
2154,91dd45dc-9eea-45fc-a1ad-e2ea8a9200cb,풍동고등학교,경기도,고양시 일산동구,04,Y,ok,2,1,2026학년도 풍동고등학교 연간학사일정.xlsx | 2026학년도 풍동고등학교 학교교육과정 편성.운영.평가 계획.hwp,D:\project\MAPS\curriculum_files\경기도\풍동고등학교
2155,50fb771b-1499-4f59-8a6a-dc460776768b,가곡고등학교,강원특별자치도,삼척시,04,Y,no_file,0,0,,
2156,198f0e8a-7331-4d71-a801-2ec26f51ea79,경일고등학교,경기도,안산시 단원구,04,Y,ok,2,0,2026학년도 경일고등학교 학사일정표.hwpx | 2026년 경일고등학교 창의적체험활동계획.xlsx,D:\project\MAPS\curriculum_files\경기도\경일고등학교
2157,5ce79f83-f5d2-460c-9bc4-de265d024062,선부고등학교,경기도,안산시 단원구,04,Y,ok,1,0,2026학년도 학사일정.hwpx,D:\project\MAPS\curriculum_files\경기도\선부고등학교
2158,47ab0d05-e8aa-437b-8957-4bf661dd778b,강원애니고등학교,강원특별자치도,춘천시,04,Y,ok,1,0,2026학년도 학사일정(안).hwp,D:\project\MAPS\curriculum_files\강원특별자치도\강원애니고등학교
2159,5121fe33-4c77-4dba-b315-a7fb57defa84,홍천고등학교,강원특별자치도,홍천군,04,Y,ok,1,1,2026학년도 1학기 공동교육과정 과목 개설 및 운영 편제표.xlsx,D:\project\MAPS\curriculum_files\강원특별자치도\홍천고등학교
2160,802a560f-9b1e-4c1d-be81-a4823fc76ecf,홍천여자고등학교,강원특별자치도,홍천군,04,Y,ok,2,1,2026학년도 창의적 체험활동 운영 계획(공시).hwpx | 2026학년도 학교교육과정 편성 운영 규정(홍천여고)-공시.hwp,D:\project\MAPS\curriculum_files\강원특별자치도\홍천여자고등학교
2161,ae57dd81-5a98-47c5-9fb6-417faddf5f99,홍천농업고등학교,강원특별자치도,홍천군,04,Y,ok,4,3,2026학년도 신입생 교육과정 편제표.xlsx | 2025학년도 신입생  교육과정 편제표.xlsx | 2024학년도 신입생 교육과정 편제표.xlsx | 2026 학사일정(홍천농업고등학교).hwpx,D:\project\MAPS\curriculum_files\강원특별자치도\홍천농업고등학교
2162,ee8f0382-c94c-43ec-9e13-160fe34979a9,상동고등학교,강원특별자치도,영월군,04,Y,ok,1,1,2026학년도 상동고등학교 학교교육과정 편성·운영·평가 계획.hwp,D:\project\MAPS\curriculum_files\강원특별자치도\상동고등학교
2163,86a8f06f-722e-40c4-ab02-a3eb6aa703c6,인제고등학교,강원특별자치도,인제군,04,Y,ok,1,1,교육과정 편성 운영 평가 계획(교육과정부_정보공시용).pdf,D:\project\MAPS\curriculum_files\강원특별자치도\인제고등학교
2164,d0274930-07a3-40ab-956b-b5e7d8efaa9c,신남고등학교,강원특별자치도,인제군,04,Y,no_file,0,0,,
2165,60b12019-2524-4ce7-8d1e-c2e5786f4137,팔렬고등학교,강원특별자치도,홍천군,04,Y,ok,1,0,2026학년도 수업일수에 따른 연간 학사 일정.hwp,D:\project\MAPS\curriculum_files\강원특별자치도\팔렬고등학교
2166,d10e835c-0b91-4859-985e-d1f08ce80795,서석고등학교,강원특별자치도,홍천군,04,Y,no_file,0,0,,
2167,c434bc3a-f939-4fd3-97e5-d6a34bf0314f,마차고등학교,강원특별자치도,영월군,04,Y,no_file,0,0,,
2168,da760ae6-1146-4678-bf63-62c95beeb6a4,원통고등학교,강원특별자치도,인제군,04,Y,ok,3,2,2026 학교교육과정 편제표.hwp | 2026 창의적체험활동 운영계획.hwp | 2026학년도 원통고등학교 교육과정 운영 규정.hwp,D:\project\MAPS\curriculum_files\강원특별자치도\원통고등학교
2169,2d3fb8b8-ff51-4a33-a15c-037ca8a704b1,기린고등학교,강원특별자치도,인제군,04,Y,ok,1,1,2026학년도 기린고 학교교육과정 편성·운영·평가 계획.hwp,D:\project\MAPS\curriculum_files\강원특별자치도\기린고등학교
2170,e284b6d6-abaf-4107-8c73-3e04cb4b3c8e,원주고등학교,강원특별자치도,원주시,04,Y,no_file,0,0,,
2171,636be355-523a-428e-8db6-61d085c8f84a,원주고등학교부설방송통신고등학교,강원특별자치도,원주시,04,Y,no_file,0,0,,
2172,0619fb1e-5491-49ee-8d93-8ab83c3049ef,상지여자고등학교,강원특별자치도,원주시,04,Y,no_file,0,0,,
2173,7a73e51b-25ff-4f92-bfc7-701cb22dc2d8,북원여자고등학교,강원특별자치도,원주시,04,Y,ok,2,1,2026 학교교육과정 편성 운영 계획.hwp | 2026학년도 1학기 학점이수 인정기준 적용 및 최소 성취수준 보장지도 계획.hwp,D:\project\MAPS\curriculum_files\강원특별자치도\북원여자고등학교
2174,01770955-154a-4e69-9f56-f8568644e020,진광고등학교,강원특별자치도,원주시,04,Y,ok,1,0,2026학년도 진광고 연간학사일정.pdf,D:\project\MAPS\curriculum_files\강원특별자치도\진광고등학교
2175,b274819e-3c83-4b36-8bb1-a9617a3ca585,강원과학고등학교,강원특별자치도,원주시,04,Y,no_file,0,0,,
2176,bfad707f-bb21-4026-bc6a-f6c7c5a1c07c,미래고등학교,강원특별자치도,원주시,04,Y,ok,5,4,2026학년도 미래고등학교 학사일정(안).hwpx | 2026학년도 전학년 교육과정.xlsx | 2024학년도 입학생 교육과정 편제표.xlsx | 2026학년도 입학생 교육과정 편제표.xlsx | 2025학년도 입학생 교육과정 편제표.xlsx,D:\project\MAPS\curriculum_files\강원특별자치도\미래고등학교
2177,30d9a2a7-8d86-4251-ba5f-850378a3a927,원주삼육고등학교,강원특별자치도,원주시,04,Y,ok,1,0,(원주삼육고등학교-16193 (첨부)) 2025 원주삼육고등학교 학교평가 보고서.pdf,D:\project\MAPS\curriculum_files\강원특별자치도\원주삼육고등학교
2178,c40b78e2-4af4-4d2b-9c55-7a8e533033d6,대성고등학교,강원특별자치도,원주시,04,Y,no_file,0,0,,
2179,b199fac9-3e98-4eff-9f91-8067703f5350,치악고등학교,강원특별자치도,원주시,04,Y,no_file,0,0,,
2180,24768e92-f60f-4479-89fc-4fe5f801a07b,원주여자고등학교,강원특별자치도,원주시,04,Y,ok,1,1,2026학년도 원주여자고등학교 학교교육과정 편성·운영·평가 계획.hwpx,D:\project\MAPS\curriculum_files\강원특별자치도\원주여자고등학교
2181,46591d3f-9bf9-48ce-8904-0369a9b359c4,영서고등학교,강원특별자치도,원주시,04,Y,ok,4,1,2026학년도 학사일정표(안).hwp | 2026학년도 창체 자율활동 계획안(최종).hwp | 체험활동 계획.hwpx | 학교 교육과정 편성·운영 기본 사항.hwpx,D:\project\MAPS\curriculum_files\강원특별자치도\영서고등학교
2182,2c113e72-620c-427d-8392-b8ea7e78f4e2,한국의료마이스터고등학교,강원특별자치도,원주시,04,Y,ok,1,0,2026학년도 학사일정(26. 1. 31.).hwp,D:\project\MAPS\curriculum_files\강원특별자치도\한국의료마이스터고등학교
2183,ea97d107-4c0c-400b-986c-b40aa3b8cde3,문막고등학교,강원특별자치도,원주시,04,Y,ok,2,0,2026학년도 연간 학사 일정(노동절 공휴일 미반영).hwp | 2026학년도 연간 학사 일정(노동절 공휴일 반영).hwp,D:\project\MAPS\curriculum_files\강원특별자치도\문막고등학교
2184,3ddbb6f6-d1fa-4148-806f-24b071abf73b,강원생활과학고등학교,강원특별자치도,홍천군,04,Y,ok,2,0,2026학년도 학사일정 변경(5월1일 공휴일).pdf | 2026학년도 학교교육계획서(강원생활과학고등학교-개인정보삭제).pdf,D:\project\MAPS\curriculum_files\강원특별자치도\강원생활과학고등학교
2185,3cc11a21-f470-4ac9-8fb8-5b4399106696,주천고등학교,강원특별자치도,영월군,04,Y,no_file,0,0,,
2186,a72f2fbf-b18d-451e-8f6b-94c8e80cea60,평창고등학교,강원특별자치도,평창군,04,Y,no_file,0,0,,
2187,f888def7-9088-4c56-b33f-744dc46f0875,고성고등학교,강원특별자치도,고성군,04,Y,ok,3,3,2024학년도 고등학교 신입생 3개년 교육과정 편제표.xlsx | 2025학년도 고등학교 신입생 3개년 교육과정 편제표.xlsx | 2026학년도 고등학교 신입생 3개년 교육과정 편제표.xlsx,D:\project\MAPS\curriculum_files\강원특별자치도\고성고등학교
2188,57536908-1702-432f-8fa3-9fc0ba4c8404,거진고등학교,강원특별자치도,고성군,04,Y,ok,2,1,2026학년도 학사일정(안).hwp | 교육과정편성운영평가계획.hwpx,D:\project\MAPS\curriculum_files\강원특별자치도\거진고등학교
2189,f3ad5573-4cc8-4eb3-bf36-f6f1c2b98a22,대진고등학교,강원특별자치도,고성군,04,Y,ok,6,4,창의적 체험활동 편성운영 계획.hwp | 체험활동 계획.hwp | 2024학년도 고등학교 신입생 3개년 교육과정 편제표(대진고2023 대조용).xlsx | 2025학년도 대진고 신입생 3개년 교육과정 편제표.xlsx | 2026학년도 대진고 신입생 3개년 교육과정 편제표.xlsx | 2026학년도 대진고 전학년 교육과정 편제표.xlsx,D:\project\MAPS\curriculum_files\강원특별자치도\대진고등학교
2190,0bd401b6-dfba-4575-9f7e-323a66e09e0f,섬강고등학교,강원특별자치도,원주시,04,Y,no_file,0,0,,
2191,53503d0f-0e02-4318-a757-0c74d25c34d2,원주금융회계고등학교,강원특별자치도,원주시,04,Y,ok,2,1,2026학년도 원주금융회계고 학사일정 운영 계획(안).hwpx | 2026학년도 원주금융회계고 학교교육과정편성운영평가계획.hwp,D:\project\MAPS\curriculum_files\강원특별자치도\원주금융회계고등학교
2192,508bf6aa-aab5-4bca-b95f-301d3e5d6cc4,육민관고등학교,강원특별자치도,원주시,04,Y,ok,11,0,2026학년도 1학년 현장체험학습 계획서.pdf | 2026학년도 2학년 체험활동(수학여행) 계획서.pdf | 2026학년도 3학년 현장체험학습 계획서.pdf | 2026학년도 1학기 창의적 체험활동 자율활동 계획서(1학년).pdf | 2026학년도 1학기 창의적 체험활동 자율활동 계획서(2학년).pdf | 2026학년도 1학기 창의적 체험활동 자율활동 계획서(3학년).pdf | 2026학년도 1학기 창의적 체험활동 진로활동 계획서(1학년).pdf | 2026학년도 1학기 창의적 체험활동 진로활동 계획서(2학년).pdf | 2026학년도 1학기 창의적 체험활동 진로활동 계획서(3학년).pdf | 2026학년도 창의적 체험활동 동아리활동 운영 계획.pdf | 2026 학사일정 운영계획(안).pdf,D:\project\MAPS\curriculum_files\강원특별자치도\육민관고등학교
2193,d998edee-85d7-4846-88d3-059c05f794ac,내면고등학교,강원특별자치도,홍천군,04,Y,ok,3,2,2026학년도 내면고 학교교육과정 편성 운영 평가 계획.hwpx | 내면고 교육과정 편제표.xlsx | 2026학년도 내면고 학사일정.hwpx,D:\project\MAPS\curriculum_files\강원특별자치도\내면고등학교
2194,b71a6694-acdf-4d81-803e-bed48e6b3185,횡성고등학교,강원특별자치도,횡성군,04,Y,no_file,0,0,,
2195,1a50ee59-8958-4134-963a-899526b37c5a,대화고등학교,강원특별자치도,평창군,04,Y,no_file,0,0,,
2196,2e1f726c-8b8b-432f-b1f7-12235559c128,봉평고등학교,강원특별자치도,평창군,04,Y,no_file,0,0,,
2197,e6711274-e8c9-4b0a-a272-8e24fb7e42d7,동광산업과학고등학교,강원특별자치도,고성군,04,Y,ok,3,3,2024학년도 입학생 교육과정 편제표(동광산업과학고).xlsx | 2025학년도 입학생 교육과정 편제표(동광산업과학고).xlsx | 2026학년도 입학생 교육과정 편제표(동광산업과학고).xlsx,D:\project\MAPS\curriculum_files\강원특별자치도\동광산업과학고등학교
2198,0af8eb29-66e9-4c99-aa59-101bac08086f,강릉여자고등학교,강원특별자치도,강릉시,04,Y,ok,1,0,2026학년도 연간학사일정 및 창의적 체험활동 연간 운영 계획.hwp,D:\project\MAPS\curriculum_files\강원특별자치도\강릉여자고등학교
2199,96799ef8-fb70-4b7f-8675-edbbdc0d027b,강릉제일고등학교부설방송통신고등학교,강원특별자치도,강릉시,04,Y,no_file,0,0,,
2200,300d13d4-fbae-4f6b-b060-be4a916d455e,강릉명륜고등학교,강원특별자치도,강릉시,04,Y,ok,2,1,2026학년도 교과 배당 및 시수표.xlsx | 2026학년도 학사운영계획표.xlsx,D:\project\MAPS\curriculum_files\강원특별자치도\강릉명륜고등학교
2201,d0caa383-560d-4f0a-b110-6564857204a8,강일여자고등학교,강원특별자치도,강릉시,04,Y,ok,5,0,2026학년도 강일여고 창체 운영 계획안.pdf | 2026학년도 강일여고 창체동아리.pdf | 2026학년도 강일여고 봉사활동 운영 계획.pdf | 2026학년도 강일여고 학급 특색 자율활동 운영 계획안.pdf | 2026학년도 강일여고 학사일정표.pdf,D:\project\MAPS\curriculum_files\강원특별자치도\강일여자고등학교
2202,f27fb77d-ddda-4263-b3e2-d9c8c4b1f968,강릉제일고등학교,강원특별자치도,강릉시,04,Y,no_file,0,0,,
2203,f0e37234-e5a4-48e1-a5c0-078ccd24066c,경포고등학교,강원특별자치도,강릉시,04,Y,ok,4,3,2026학년도 전학년 창의적체험활동 계획.pdf | 2024학년도 입학생 교육과정 편제표.pdf | 2025학년도 입학생 교육과정 편제표.pdf | 2026학년도 입학생 교육과정 편제표.pdf,D:\project\MAPS\curriculum_files\강원특별자치도\경포고등학교
2204,03a581da-7b43-426a-a760-b317c99f8562,강릉고등학교,강원특별자치도,강릉시,04,Y,no_file,0,0,,
2205,a1d08e46-087c-4362-9295-496b4f20f448,횡성여자고등학교,강원특별자치도,횡성군,04,Y,no_file,0,0,,
2206,4bf7afa2-8b19-4195-b162-e40c73e2e437,진부고등학교,강원특별자치도,평창군,04,Y,no_file,0,0,,
2207,8c5cf3a5-dcb1-4e96-92ba-0adab4c46d60,상지대관령고등학교,강원특별자치도,평창군,04,Y,no_file,0,0,,
2208,9af0d082-75a9-40e8-a56f-bdf7639f2f90,강릉중앙고등학교,강원특별자치도,강릉시,04,Y,ok,8,3,2025학년도 입학생 교육과정 편제표(수정)(2026.03.23.).xlsx | 2026학년도 입학생 교육과정 편제표(수정)(2026.03.23.).xlsx | 2026학년도 강릉중앙고 학교 교육과정 편성과 운영 규정.hwpx | 2026학년도 강릉중앙고 학사일정.hwpx | 2026학년도 창의적 체험활동 연간 세부 운영 계획.hwpx | 2026학년도 강릉중앙고 창체 동아리 운영 계획.hwpx | 2026학년도 강릉중앙고 봉사활동 운영계획.hwp | 2026학년도 학교평가 운영 계획.hwpx,D:\project\MAPS\curriculum_files\강원특별자치도\강릉중앙고등학교
2209,315c1e91-3482-4016-9bcc-40a70be6ee57,강릉문성고등학교,강원특별자치도,강릉시,04,Y,ok,1,1,2026학년도 강릉문성고 학교교육과정 편성 운영 평가 계획.pdf,D:\project\MAPS\curriculum_files\강원특별자치도\강릉문성고등학교
2210,feeaa058-cc50-4b25-afc3-2ff5fe10e198,주문진고등학교,강원특별자치도,강릉시,04,Y,no_file,0,0,,
2211,961c11cd-25f8-43f7-883d-6240963277b2,강릉정보공업고등학교,강원특별자치도,강릉시,04,Y,no_file,0,0,,
2212,365fea70-af5d-450d-8850-3b02d7a53e81,안흥고등학교,강원특별자치도,횡성군,04,Y,ok,1,0,2026학년도 학사일정(안).hwp,D:\project\MAPS\curriculum_files\강원특별자치도\안흥고등학교
2213,74b55878-752d-4a21-94a9-295f83618331,민족사관고등학교,강원특별자치도,횡성군,04,Y,no_file,0,0,,
2214,cce2a691-72bc-4c03-9cd6-a39a94595860,현천고등학교,강원특별자치도,횡성군,04,Y,ok,1,0,2026학년도 현천고 연간학사일정.xlsx,D:\project\MAPS\curriculum_files\강원특별자치도\현천고등학교
2215,dca05868-39f9-452b-ae4c-d68b4a050214,둔내고등학교,강원특별자치도,횡성군,04,Y,ok,1,1,2026학년도 학교 교육과정 편성운영 및 평가(4월).pdf,D:\project\MAPS\curriculum_files\강원특별자치도\둔내고등학교
2216,5e85902c-884a-42ea-bb00-6645a2264aca,정선고등학교,강원특별자치도,정선군,04,Y,no_file,0,0,,
2217,4ec3543e-ced2-460e-8fd8-95ccc8b56d82,정선정보공업고등학교,강원특별자치도,정선군,04,Y,ok,2,1,2026 학교교육과정 편성 운영 및 평가에 관한 사항(정선정보공업고등학교).hwp | 2026학년도 연간 학사일정(정선정보공업고등학교).hwp,D:\project\MAPS\curriculum_files\강원특별자치도\정선정보공업고등학교
2218,f2fffc64-82dc-4416-b647-8e19fd8157fe,고한고등학교,강원특별자치도,정선군,04,Y,ok,1,0,2026학년도 연간 학사일정.pdf,D:\project\MAPS\curriculum_files\강원특별자치도\고한고등학교
2219,3baae2fb-2754-4beb-af50-c0b11be3a1f5,사북고등학교,강원특별자치도,정선군,04,Y,ok,1,1,2026학년도 학교교육과정운영규정(사북고).hwpx,D:\project\MAPS\curriculum_files\강원특별자치도\사북고등학교
2220,6989ef37-0cd0-4922-ba61-59eb81219666,함백여자고등학교,강원특별자치도,정선군,04,Y,no_file,0,0,,
2221,2e849107-270b-4938-901d-033f139af5e7,함백고등학교,강원특별자치도,정선군,04,Y,no_file,0,0,,
2222,f95a16c0-0e5a-4f26-9d8d-29d5b8050766,양양여자고등학교,강원특별자치도,양양군,04,Y,no_file,0,0,,
2223,7342eb73-1283-4b2b-9c54-262f18424078,양양고등학교,강원특별자치도,양양군,04,Y,no_file,0,0,,
2224,43ed9352-300d-4f26-b823-2d5cd62e1934,강원예술고등학교,강원특별자치도,강릉시,04,Y,ok,2,2,2026학년도 입학생 3개년 교육과정 편제표.xlsx | 2026학년도 전학년 교육과정 편제표(강원예술고).xlsx,D:\project\MAPS\curriculum_files\강원특별자치도\강원예술고등학교
2225,352b50b0-22d6-4d58-bb7d-75bf69c8721f,갑천고등학교,강원특별자치도,횡성군,04,Y,no_file,0,0,,
2226,362cb648-5ab5-4824-86d1-c89cc6056508,임계고등학교,강원특별자치도,정선군,04,Y,no_file,0,0,,
2227,5429176b-b35d-4743-b623-0932a0431206,영월고등학교,강원특별자치도,영월군,04,Y,ok,2,1,(정보공시)2026 학사일정 .pdf | (공시자료)2026학년도 영월고등학교 학교교육과정 편성운영 및 평가에 관한 사항.pdf,D:\project\MAPS\curriculum_files\강원특별자치도\영월고등학교
2228,58bce3e5-4cdd-4efc-bfb7-f290643e500f,한국소방마이스터고등학교,강원특별자치도,영월군,04,Y,no_file,0,0,,
2229,8dedd95d-47fe-446a-91c5-a819531623af,석정여자고등학교,강원특별자치도,영월군,04,Y,ok,2,1,2026학년도 석정여자고등학교 연간학사일정.hwpx | 2026학년도 석정여자고등학교 학교교육과정 편성·운영·평가 계획.hwpx,D:\project\MAPS\curriculum_files\강원특별자치도\석정여자고등학교
2230,071b831e-b33f-4878-b4ce-0b835362ce05,여량고등학교,강원특별자치도,정선군,04,Y,no_file,0,0,,
2231,06d80795-57f0-4062-b8ad-492143b9f430,철원고등학교,강원특별자치도,철원군,04,Y,ok,1,1,2026 교육계획서(교육과정부).hwpx,D:\project\MAPS\curriculum_files\강원특별자치도\철원고등학교
2232,685a592f-05e5-47ea-b311-5d66d7b68a3f,북평여자고등학교,강원특별자치도,동해시,04,Y,no_file,0,0,,
2233,a9a80f64-f5f4-41ee-82db-2d4878719534,동해삼육고등학교,강원특별자치도,동해시,04,Y,ok,1,0,2026학년도 연간 교육 일정표(동해삼육고등학교).hwpx,D:\project\MAPS\curriculum_files\강원특별자치도\동해삼육고등학교
2234,5974dba5-d6bc-44fb-b411-0814048ca35c,북평고등학교,강원특별자치도,동해시,04,Y,ok,4,4,2025학년도 입학생 교육과정 편제표.xlsx | 2026학년도 입학생 교육과정 편제표.xlsx | 2026학년도 전학년 교육과정 편제표.xlsx | 2024학년도 입학생 교육과정 편제표(정정).xlsx,D:\project\MAPS\curriculum_files\강원특별자치도\북평고등학교
2235,d3747fb0-2159-46b0-a7f9-26cc001ce479,동해광희고등학교,강원특별자치도,동해시,04,Y,ok,1,1,2026학년도 동해광희고등학교 학교교육과정 편성?운영 및 평가 계획.hwp,D:\project\MAPS\curriculum_files\강원특별자치도\동해광희고등학교
2236,a9dd1c6e-09b0-4bdf-8ec2-f82f137b4e01,묵호고등학교,강원특별자치도,동해시,04,Y,ok,1,0,2026학년도 묵호고 연간학사일정.hwp,D:\project\MAPS\curriculum_files\강원특별자치도\묵호고등학교
2237,708541bc-c16b-4e23-aeba-73a8b696e8eb,묵호고등학교부설방송통신고등학교,강원특별자치도,동해시,04,Y,no_file,0,0,,
2238,3f6e68eb-60fb-422b-a731-6814c401a162,동해상업고등학교,강원특별자치도,동해시,04,Y,no_file,0,0,,
2239,b05f71c2-d3c8-4a73-a6c2-996cecb10bff,덕정고등학교,경기도,양주시,04,Y,ok,2,1,2026학년도 학사일정 및 수업시간 운영 계획(안).pdf | 2026학년도 학교교육과정 편성 운영 평가계획(안).pdf,D:\project\MAPS\curriculum_files\경기도\덕정고등학교
2240,49055e6d-1db6-4638-beab-d8b517ad9a59,덕계고등학교,경기도,양주시,04,Y,ok,1,1,2026학년도 덕계고등학교 학교교육과정(교육과정부).hwp,D:\project\MAPS\curriculum_files\경기도\덕계고등학교
2241,8a49d009-131e-4eff-8696-5d54087c3114,신철원고등학교,강원특별자치도,철원군,04,Y,ok,8,5,2026학년도 3학년 창의적 체험활동 및 봉사활동 운영 계획.hwpx | 2026학년도 신철원고등학교 학교 교육과정 편성·운영 규정.hwp | 2024학년도 입학생 3개년 교육과정 편제표.xlsx | 2025학년도 입학생 3개년 교육과정 편제표.xlsx | 2026학년도 입학생 3개년 교육과정 편제표.xlsx | 2026학년도 전학년 교육과정 편제표.xlsx | 2026학년도 창체동아리 운영계획.hwp | 2026학년도 신철원고등학교 학사일정(안).hwp,D:\project\MAPS\curriculum_files\강원특별자치도\신철원고등학교
2242,d63d65c5-e907-4fb1-b6aa-f40690df9050,철원여자고등학교,강원특별자치도,철원군,04,Y,ok,2,1,2026학년도 교육과정 운영 계획.pdf | 2026학년도 철원여자고등학교 학사일정(안).pdf,D:\project\MAPS\curriculum_files\강원특별자치도\철원여자고등학교
2243,1704bb7a-b49a-4ebc-93b3-2cb19dad667b,황지고등학교부설방송통신고등학교,강원특별자치도,태백시,04,Y,no_file,0,0,,
2244,1385101b-d341-4af5-9f21-4c1e31d09fb0,황지고등학교,강원특별자치도,태백시,04,Y,ok,1,0,2026학년도 연간 학사일정.hwpx,D:\project\MAPS\curriculum_files\강원특별자치도\황지고등학교
2245,15f58d1d-c753-461f-8758-d4aaec6f77d8,황지정보산업고등학교,강원특별자치도,태백시,04,Y,ok,3,3,2026학년도 1학년 교육과정 편제표(정보공시).xlsx | 2026학년도 2학년 교육과정 편제표(정보공시).xlsx | 2026학년도 3학년 교육과정 편성표(정보공시).xlsx,D:\project\MAPS\curriculum_files\강원특별자치도\황지정보산업고등학교
2246,4641eab5-7d0f-4861-a74d-6d805a54882a,한국항공고등학교,강원특별자치도,태백시,04,Y,no_file,0,0,,
2247,7731545d-d18b-4517-832d-e60130eaa92f,철암고등학교,강원특별자치도,태백시,04,Y,ok,1,1,2026학년도 철암고 학교교육과정 편성·운영·평가 계획.hwp,D:\project\MAPS\curriculum_files\강원특별자치도\철암고등학교
2248,01a64702-e1d8-4f03-82c9-89902a6187ec,장성여자고등학교,강원특별자치도,태백시,04,Y,no_file,0,0,,
2249,5e06025b-ddcc-4156-a92e-2457c0e4d663,김화고등학교,강원특별자치도,철원군,04,Y,ok,3,2,2026학년도 1학기 전체학년 편제표(시수표).pdf | 김화고등학교 학교교육과정운영규정.pdf | 2026학년도 김화고등학교 학사일정 .pdf,D:\project\MAPS\curriculum_files\강원특별자치도\김화고등학교
2250,6411123e-520e-48b3-bbc0-9aa24f175a20,한국국방과학고등학교,강원특별자치도,철원군,04,Y,no_file,0,0,,
2251,5b90738f-7152-45bd-b1f5-6a67af1217bb,군위고등학교,대구광역시,군위군,04,Y,no_file,0,0,,
2252,a561ebf0-316c-4aa5-b0ca-24d8c02f7c5b,속초여자고등학교,강원특별자치도,속초시,04,Y,ok,5,5,"속초여자고등학교 2025학년도 신입생 교육과정.hwp | 속초여자고등학교 2026학년도 1, 2학년 편제 및 시간배당표 (2022개정 교육과정).xlsx | 속초여자고등학교 2026학년도 3학년 편제 및 시간배당표 (2015 개정 교육과정).xlsx | 속초여자고등학교 2026학년도 신입생 교육과정.hwp | 속초여자고등학교 2026학년도 전학년 교육과정 .hwp",D:\project\MAPS\curriculum_files\강원특별자치도\속초여자고등학교
2253,eec70417-3a8d-4bd1-8c42-2bb79d538885,설악고등학교부설방송통신고등학교,강원특별자치도,속초시,04,Y,ok,1,1,교육과정 편성운영 및 평가에 관한 사항.hwpx,D:\project\MAPS\curriculum_files\강원특별자치도\설악고등학교부설방송통신고등학교
2254,cf879e2a-53e0-4fb2-8a45-ba2c96783b95,설악고등학교,강원특별자치도,속초시,04,Y,no_file,0,0,,
2255,c42a6d41-6306-460e-871c-36c266a705e7,속초고등학교,강원특별자치도,속초시,04,Y,no_file,0,0,,
2256,3a514c03-dbe8-49e3-ac6a-f44f3cb6e566,삼척고등학교,강원특별자치도,삼척시,04,Y,no_file,0,0,,
2257,3f18f4a0-593d-4dcb-8f05-a04bd2e3480d,화천정보산업고등학교,강원특별자치도,화천군,04,Y,no_file,0,0,,
2258,0d621990-a3d4-4257-965e-c2a305758138,군위정보고등학교,대구광역시,군위군,04,Y,no_file,0,0,,
2259,85b668fd-809a-4998-b1cf-1d392c913449,삼일고등학교,강원특별자치도,삼척시,04,Y,ok,2,1,2026학년도 삼일고 연간학사일정.pdf | 2026학년도 삼일고 학교교육과정 편성.운영.평가계획(수정).hwpx,D:\project\MAPS\curriculum_files\강원특별자치도\삼일고등학교
2260,6737f0f3-6283-43b7-ad23-9a4984b56d8f,삼척여자고등학교,강원특별자치도,삼척시,04,Y,ok,1,0,2026학년도 삼척여자고등학교 연간학사일정.xlsx,D:\project\MAPS\curriculum_files\강원특별자치도\삼척여자고등학교
2261,a5e4711d-efd2-4c2b-92d3-0334211ce837,도계고등학교,강원특별자치도,삼척시,04,Y,ok,1,0,2026학년도 도계고등학교 연간학사일정.hwp,D:\project\MAPS\curriculum_files\강원특별자치도\도계고등학교
2262,e76eaf4a-2cb4-4c0a-9a1e-6af18c599442,도계전산정보고등학교,강원특별자치도,삼척시,04,Y,ok,2,2,2025학년도 입학생 교육과정 편제표(도계전산정보고).xlsx | 2026학년도 입학생 교육과정 편제표(도계전산정보고).xlsx,D:\project\MAPS\curriculum_files\강원특별자치도\도계전산정보고등학교
2263,45549c3c-b42c-4667-b977-8fbd5b874354,간동고등학교,강원특별자치도,화천군,04,Y,no_file,0,0,,
2264,e547bcdb-42a2-4f7a-8bff-4d6cd4c052a1,화천고등학교,강원특별자치도,화천군,04,Y,no_file,0,0,,
2265,913084f0-023f-4106-9b7c-d0861eade647,성수여자고등학교,강원특별자치도,춘천시,04,Y,ok,1,0,2026학년도 학사일정.pdf,D:\project\MAPS\curriculum_files\강원특별자치도\성수여자고등학교
2266,8f39ac4f-3de8-407d-aacc-685b4a082235,성수고등학교,강원특별자치도,춘천시,04,Y,ok,1,0,1-2. 교육과정편성 학사일정.pdf,D:\project\MAPS\curriculum_files\강원특별자치도\성수고등학교
2267,44b037bc-d0ca-4ffc-a192-3d5fcd4629d5,춘천고등학교,강원특별자치도,춘천시,04,Y,no_file,0,0,,
2268,08d632b8-5072-42fd-9084-40298dd0b642,춘천고등학교부설방송통신고등학교,강원특별자치도,춘천시,04,Y,ok,1,0,2026학년도 방송통신고_ 학업성적관리규정(3월).hwp,D:\project\MAPS\curriculum_files\강원특별자치도\춘천고등학교부설방송통신고등학교
2269,ae0e74ae-8d20-4ef1-82fa-6e907f53b664,강원생명과학고등학교,강원특별자치도,춘천시,04,Y,ok,5,4,2026학년도 전학년 교육과정 편제표.xlsx | 2024학년도 입학생 교육과정 편제표(2025.12.).xlsx | 2025학년도 입학생 교육과정 편제표(2025.12.).xlsx | 2026학년도 입학생 교육과정 편제표(2026.02.).xlsx | 2026학년도 창의적 체험활동 운영 계획(공시자료).hwp,D:\project\MAPS\curriculum_files\강원특별자치도\강원생명과학고등학교
2270,e30f2bde-1293-4f7e-a1b1-f03ef07c1a95,강원대학교사범대학부설고등학교,강원특별자치도,춘천시,04,Y,ok,1,1,2026 교육과정 편성 운영 계획.pdf,D:\project\MAPS\curriculum_files\강원특별자치도\강원대학교사범대학부설고등학교
2271,eb51a75f-68b6-4b6f-91cf-dfce0e027e37,봉의고등학교,강원특별자치도,춘천시,04,Y,ok,1,0,2026학년도 봉의고 연간학사일정(3.3.기준).pdf,D:\project\MAPS\curriculum_files\강원특별자치도\봉의고등학교
2272,5ac1397a-0298-4da9-b3ca-f7b3a49886ac,춘천기계공업고등학교,강원특별자치도,춘천시,04,Y,no_file,0,0,,
2273,99961d8f-fc85-4d01-925c-aea33fcfa33d,유봉여자고등학교,강원특별자치도,춘천시,04,Y,ok,1,0,2026학년도 유봉여고 연간학사일정.pdf,D:\project\MAPS\curriculum_files\강원특별자치도\유봉여자고등학교
2274,f594f11b-0bf1-4db2-a393-20968db68df0,강원체육고등학교,강원특별자치도,춘천시,04,Y,ok,1,1,"2026학년도 강원체고 학교교육과정 편성, 운영, 평가 계획.pdf",D:\project\MAPS\curriculum_files\강원특별자치도\강원체육고등학교
2275,619acd15-6f91-4870-95fc-5174a2d9a919,원덕고등학교,강원특별자치도,삼척시,04,Y,no_file,0,0,,
2276,b282fec1-0772-470e-b7ab-8ab1002ea1ca,한국에너지마이스터고등학교,강원특별자치도,삼척시,04,Y,ok,1,0,2026학년도 연간 학사일정 변경(안)_수정.hwpx,D:\project\MAPS\curriculum_files\강원특별자치도\한국에너지마이스터고등학교
2277,c277cd55-ae9a-4e2b-ba84-2bb15e1ed007,사내고등학교,강원특별자치도,화천군,04,Y,ok,3,3,2025학년도 입학생 3개년 교육과정 편제표.xlsx | 2026학년도 입학생 3개년 교육과정 편제표.xlsx | 사내고등학교_2026학년도 전학년 교육과정 편제표.xlsx,D:\project\MAPS\curriculum_files\강원특별자치도\사내고등학교
2278,488f1e11-4a47-4061-8a3d-d0cec8af49d1,양구고등학교,강원특별자치도,양구군,04,Y,ok,6,3,2. 2026 편제표(3개학년).hwpx | 3. 2026 창의적 체험활동.xlsx | 4. 2026 체험활동 계획.hwpx | 5. 2026학년도 교육과정 편성 및 운영 계획.hwp | 1. 2026 교육과정 편제표(전학년).xlsx | 6. 2026학년도 학사 일정.hwpx,D:\project\MAPS\curriculum_files\강원특별자치도\양구고등학교
2279,495a8fba-efea-43f1-97c0-3c22335ac2a7,강원외국어고등학교,강원특별자치도,양구군,04,Y,ok,3,3,2025 신입생 교육과정(수정안)_강원외고(0925).xlsx | 2026 신입생 교육과정(안).xlsx | 2024학년도 입학생 교육과정 편성 개정안(20241108).xlsx,D:\project\MAPS\curriculum_files\강원특별자치도\강원외국어고등학교
2280,0e074a74-116c-4daa-b866-3fb283964e50,양구여자고등학교,강원특별자치도,양구군,04,Y,no_file,0,0,,
2281,d72c86e5-67d8-4ddb-bce4-085819df33e3,춘천한샘고등학교,강원특별자치도,춘천시,04,Y,ok,4,2,2025학년도 입학생 3개년 교육과정 편제표(2022개정)-춘천한샘고(2026.).xlsx | 2026 창의적체험활동 계획.xlsx | 2026학년도 입학생 3개년 교육과정 편제표(2022개정)- 춘천한샘고(26.2.수정).xlsx | 2026학년도 학사일정(최종.hwpx,D:\project\MAPS\curriculum_files\강원특별자치도\춘천한샘고등학교
2282,0767850d-72b4-4bac-a5fd-6a71a6bbec74,춘천여자고등학교부설방송통신고등학교,강원특별자치도,춘천시,04,Y,no_file,0,0,,
2283,24a0117f-1697-4c25-860d-f0a4077acacb,춘천여자고등학교,강원특별자치도,춘천시,04,Y,ok,1,0,2026학년도 학교 교육목표 및 경영 방침.hwpx,D:\project\MAPS\curriculum_files\강원특별자치도\춘천여자고등학교
2284,c6083e12-680e-4d3c-93c0-4428753e7f8a,강원고등학교,강원특별자치도,춘천시,04,Y,no_file,0,0,,
2285,070248d6-0011-4bd1-9969-5036f066c4bb,전인고등학교,강원특별자치도,춘천시,04,Y,ok,1,0,2026학년도 전인고등학교 연간학사일정(정보공시).xlsx,D:\project\MAPS\curriculum_files\강원특별자치도\전인고등학교
2286,1d2b55f1-ae9b-43d3-89a7-a945dd9fdc0b,하장고등학교,강원특별자치도,삼척시,04,Y,no_file,0,0,,
2287,900b036b-d183-470e-880b-5cacd2653588,성원고등학교,전북특별자치도,남원시,04,Y,ok,4,2,(성원고등학교)2025학년도 입학생의 3개년 교육과정 편성표_260319.xlsx | (성원고등학교)2026학년도 입학생의 3개년 교육과정 편성표_260312.xlsx | 2026학년도 학사일정.hwp | 2026학년도 체험학습 계획.xlsx,D:\project\MAPS\curriculum_files\전북특별자치도\성원고등학교
2288,b8f71848-039b-4a08-8754-18c6e8449e93,남원여자고등학교,전북특별자치도,남원시,04,Y,ok,1,0,2026학년도 남원여자고등학교 연간학사일정.hwp,D:\project\MAPS\curriculum_files\전북특별자치도\남원여자고등학교
2289,f539b299-7da5-425e-b156-817fa268bd0e,남원고등학교,전북특별자치도,남원시,04,Y,no_file,0,0,,
2290,ce465db0-1048-4cdc-a547-7f55f3c879dd,남원용성고등학교,전북특별자치도,남원시,04,Y,no_file,0,0,,
2291,76354fd2-9ecf-433e-9476-70a33b9a2afe,남원서진고등학교,전북특별자치도,남원시,04,Y,ok,1,1,"2026학년도 남원서진고등학교 학교교육과정 편성, 운영, 평가 계획.pdf",D:\project\MAPS\curriculum_files\전북특별자치도\남원서진고등학교
2292,f2e934ee-6783-43da-8582-26e71be16751,남원국악예술고등학교,전북특별자치도,남원시,04,Y,no_file,0,0,,
2293,d06414ac-175a-4779-a158-55db07bc190d,원광고등학교,전북특별자치도,익산시,04,Y,ok,3,0,"2026학년도 창의적 체험활동 운영 계획.hwpx | 2026학년도 원광고 연간학사일정.hwp | 2026학년도 원광고 학교교육과정 편성, 운영, 평가 계획 및 체험활동 계획.hwpx",D:\project\MAPS\curriculum_files\전북특별자치도\원광고등학교
2294,3ed8dfeb-6afb-496d-a9c0-72dd0fdcec90,함열고등학교,전북특별자치도,익산시,04,Y,ok,1,1,고등학교 교육과정 편성 운영 규정.hwp,D:\project\MAPS\curriculum_files\전북특별자치도\함열고등학교
2295,f041a5fc-61f7-4419-a7ce-9154bb0673d3,함열여자고등학교,전북특별자치도,익산시,04,Y,ok,1,0,2026학년도 함열여고 연간학사일정.hwp,D:\project\MAPS\curriculum_files\전북특별자치도\함열여자고등학교
2296,4357d233-9af0-43ae-97d7-a7bee419f2c0,만경고등학교,전북특별자치도,김제시,04,Y,no_file,0,0,,
2297,0901dfca-1348-488a-ad92-8f798f2042b3,만경여자고등학교,전북특별자치도,김제시,04,Y,ok,1,0,2026  학사력.hwp,D:\project\MAPS\curriculum_files\전북특별자치도\만경여자고등학교
2298,3d7ea331-dcd8-4698-bacb-5363d44e84df,완주고등학교,전북특별자치도,완주군,04,Y,ok,6,4,교육과정 편성을 위한 기본 계획.hwp | 2026학년도 재학생의 3개년 교육과정 편성표.xlsx | 2026학년도 편제 및 시간배당.pdf | 2025년 학교 교육과정 운영평가.hwp | 2026학년도 창의적 체험활동 운영 계획.hwp | 2026학년도 학사일정.hwp,D:\project\MAPS\curriculum_files\전북특별자치도\완주고등학교
2299,a8f0f72b-0b66-488a-b68e-22d0bd3f7d59,부안고등학교,전북특별자치도,부안군,04,Y,no_file,0,0,,
2300,58aad506-87cf-4112-a4fe-41803ff89c67,부안여자고등학교,전북특별자치도,부안군,04,Y,ok,3,2,2026학년도 학사일정(2학기).pdf | 2026학년도 부안여고 교육과정 편성 및 운영규정(수정안).hwp | 2026학년도 재학생의 3개년 교육과정 편성표.xlsx,D:\project\MAPS\curriculum_files\전북특별자치도\부안여자고등학교
2301,79be6270-2e73-4771-a167-00f081774567,서림고등학교,전북특별자치도,부안군,04,Y,ok,1,0,2. 2026학년도 연간학사일정(정보공시용).xlsx,D:\project\MAPS\curriculum_files\전북특별자치도\서림고등학교
2302,74155311-bf4e-4be7-981c-c879cde2c68b,진경여자고등학교,전북특별자치도,익산시,04,Y,ok,3,1,창의적 체험활동_2026.hwpx | 2026_학사일정(확정).hwpx | 2026학년도 진경여자고등학교 교육과정 편성표(최종).xlsx,D:\project\MAPS\curriculum_files\전북특별자치도\진경여자고등학교
2303,2efed7ee-0aae-418d-b988-dcbe63863e79,김제서고등학교,전북특별자치도,김제시,04,Y,ok,3,1,2026학년도 창의적 체험활동 운영 계획.hwp | 2026 연간 학사일정.hwp | (김제서고등학교)2026학년도 재학생의 3개년 교육과정 편성표 (3).xlsx,D:\project\MAPS\curriculum_files\전북특별자치도\김제서고등학교
2304,f3738c74-aaf0-4e0c-9e13-f9a7f9a12d29,무주고등학교,전북특별자치도,무주군,04,Y,ok,1,1,무주고등학교 교육과정 편성 운영 규정.hwp,D:\project\MAPS\curriculum_files\전북특별자치도\무주고등학교
2305,86391001-7a27-4b79-964a-4c8a75232097,전북베이커리고등학교,전북특별자치도,부안군,04,Y,ok,2,1,2026학년도 창의적체험활동 운영계획(전북베이커리고등학교).hwp | 교육과정 NEIS 편제 및 시간배당(전북베이커리고).pdf,D:\project\MAPS\curriculum_files\전북특별자치도\전북베이커리고등학교
2306,f887323d-944c-4a01-aaf5-529d24dda244,성일고등학교,전북특별자치도,익산시,04,Y,ok,2,1,(성일고등학교-3002 (첨부)) 2026학년도 고등학교 교육과정 편성표(수정본).pdf | (성일고등학교-1494 (첨부)) 2026 학년도 창의적 체험활동 연간 운영 계획표(성일고).xlsx,D:\project\MAPS\curriculum_files\전북특별자치도\성일고등학교
2307,ec819d02-69bd-4f3e-92b5-d0351309437b,한들고등학교,전북특별자치도,군산시,04,Y,ok,2,1,2026학년도 한들고등학교 학사일정(새양식).hwpx | 2026학년도 학교교육과정 편성·운영·평가 계획.hwp,D:\project\MAPS\curriculum_files\전북특별자치도\한들고등학교
2308,1139fc5a-b6be-421b-a647-007d54f87e05,세인고등학교,전북특별자치도,완주군,04,Y,no_file,0,0,,
2309,a84c5c9b-058c-47c1-a70f-d107975afcdc,한국기술부사관고등학교,전북특별자치도,진안군,04,Y,ok,2,1,2026학년도 한기부고 교육과정 편제표.xlsx | 2026학년도 창의적 체험활동 운영계획서(2026.04.01).hwp,D:\project\MAPS\curriculum_files\전북특별자치도\한국기술부사관고등학교
2310,e59bf7ed-6e5c-45e9-b557-376b9c9245ce,진안제일고등학교,전북특별자치도,진안군,04,Y,ok,3,2,2026학년도 창체계획(0309).xlsx | 교육과정 편성·운영 규정.hwp | 2026학년도 재학생의 3개년 교육과정 편성표.xlsx,D:\project\MAPS\curriculum_files\전북특별자치도\진안제일고등학교
2311,d5654ad4-2ada-4a0e-9b98-341e0c3fb7ac,군산중앙고등학교,전북특별자치도,군산시,04,Y,no_file,0,0,,
2312,0df0b022-5a63-4339-8f74-1cf7a39ecf12,효령고등학교,대구광역시,군위군,04,Y,no_file,0,0,,
2313,bc4a8037-295b-4a84-ab75-82fdbd8f896a,한국한방고등학교,전북특별자치도,진안군,04,Y,ok,1,0,2026학년도_한국한방고등학교_학업성적관리규정.hwp,D:\project\MAPS\curriculum_files\전북특별자치도\한국한방고등학교
2314,0f821fb9-f5e0-422b-ab3f-a4ec3931f8fa,안천고등학교,전북특별자치도,진안군,04,Y,ok,1,0,2026학년도 안천중고 연간학사일정.hwp,D:\project\MAPS\curriculum_files\전북특별자치도\안천고등학교
2315,b24c72e7-8cf7-48b4-9d28-d7e2872d9f66,한국치즈과학고등학교,전북특별자치도,임실군,04,Y,ok,1,0,2026학년도 학사일정(안)(26.3.31.).xlsx,D:\project\MAPS\curriculum_files\전북특별자치도\한국치즈과학고등학교
2316,52fdb3bf-7754-4de5-a420-f91acf87e019,전북제일고등학교,전북특별자치도,익산시,04,Y,no_file,0,0,,
2317,c6d9ad87-7d95-4992-8a0f-331f237e88c0,이일여자고등학교,전북특별자치도,익산시,04,Y,ok,4,2,2026학년도 전학년 교육과정 및 3개년 교육과정 편성.xlsx | 2026학년도 교육과정 편성 운영 규정.hwp | 2026학년도 이일여고 체험활동 계획.hwp | 2026학년도 학사일정.xlsx,D:\project\MAPS\curriculum_files\전북특별자치도\이일여자고등학교
2318,0457c71f-3d43-47cf-b329-48c2eccba382,전북기계공업고등학교,전북특별자치도,익산시,04,Y,no_file,0,0,,
2319,35c006ca-64c0-4f11-9c8a-72748f60a37a,이리공업고등학교,전북특별자치도,익산시,04,Y,ok,3,2,2026학년도 이리공업고등학교 창의적 체험활동 운영계획.hwpx | 2026학년도 교육과정 편제 및 학점 배당표_5개과.xlsx | 2026학년도 교육과정 편제 및 학점 배당표_배터리.xlsx,D:\project\MAPS\curriculum_files\전북특별자치도\이리공업고등학교
2320,26a06e87-9b58-497b-a0e7-cefe2f627ba9,이리고등학교,전북특별자치도,익산시,04,Y,no_file,0,0,,
2321,171156b7-2c6d-4eed-8157-4ba10eba33b1,이리여자고등학교,전북특별자치도,익산시,04,Y,no_file,0,0,,
2322,12d3b16a-40c6-4fed-a466-2102da03af91,원광여자고등학교,전북특별자치도,익산시,04,Y,ok,4,2,2026학년도 원광여고 체험학습 일정.pdf | 학교교육과정편제 및 시간배당.pdf | (원광여자고등학교)2026학년도 재학생의 3개년 교육과정 편성표.xlsx | 2026학년도 학사일정(3.20).pdf,D:\project\MAPS\curriculum_files\전북특별자치도\원광여자고등학교
2323,436ce2e3-9f3a-4127-adf3-6bc19c29afd9,원광보건고등학교,전북특별자치도,익산시,04,Y,no_file,0,0,,
2324,16f94911-405f-48bb-a583-eb953296c85d,지평선고등학교,전북특별자치도,김제시,04,Y,no_file,0,0,,
2325,9d0495a0-56e4-4af0-a2a3-9dac30a11d5e,마령고등학교,전북특별자치도,진안군,04,Y,ok,2,1,2026학년도 학사일정표.pdf | 학교 교육과정 편성-운영-평가 계획.pdf,D:\project\MAPS\curriculum_files\전북특별자치도\마령고등학교
2326,842c8092-55e2-477c-8020-3ac1121e2697,순창고등학교,전북특별자치도,순창군,04,Y,no_file,0,0,,
2327,d554d766-0533-4154-90cb-d749e208b0c2,남성고등학교,전북특별자치도,익산시,04,Y,no_file,0,0,,
2328,40d54524-1940-4478-a760-fbc47faa4b49,이리남성여자고등학교,전북특별자치도,익산시,04,Y,ok,1,0,2026학년도 이리남성여고 연간 학사일정 계획.hwpx,D:\project\MAPS\curriculum_files\전북특별자치도\이리남성여자고등학교
2329,2c998689-2233-4ec1-8c42-1d11a280d54d,정주고등학교,전북특별자치도,정읍시,04,Y,no_file,0,0,,
2330,79b9217c-f25d-49d8-9347-2129f7f38764,배영고등학교,전북특별자치도,정읍시,04,Y,ok,1,1,2026학년도 학교 교육과정 일정.hwp,D:\project\MAPS\curriculum_files\전북특별자치도\배영고등학교
2331,083cd374-c010-43c8-9524-9992ac590576,전북체육고등학교,전북특별자치도,완주군,04,Y,ok,1,0,2026학년도 창의적 체험활동 영역별  연간 운영 계획.xlsx,D:\project\MAPS\curriculum_files\전북특별자치도\전북체육고등학교
2332,f2f1ae6e-d7a6-4a44-8572-f26fac02d683,전북유니텍고등학교,전북특별자치도,장수군,04,Y,ok,3,1,2026학년도 교육과정 편제 및 학점 배당표(조리테크과).xlsx | 2026학년도 학사일정.pdf | 2026학년도 창의적체험활동 운영계획(2026.3.17.).pdf,D:\project\MAPS\curriculum_files\전북특별자치도\전북유니텍고등학교
2333,ae9bb45b-1426-45a1-86e6-6bd812946079,백화고등학교,전북특별자치도,장수군,04,Y,ok,1,0,2026학년도연간학사일정(5.1공휴일 반영 최종).hwp,D:\project\MAPS\curriculum_files\전북특별자치도\백화고등학교
2334,f85bef3d-c801-40a3-9923-fbfbdea7db1c,위도고등학교,전북특별자치도,부안군,04,Y,no_file,0,0,,
2335,d6140713-93e5-4856-8135-8835be918bb5,임실고등학교,전북특별자치도,임실군,04,Y,ok,2,0,2026학년도 1학기 학사일정.pdf | 2026학년도 2학기 학사일정.pdf,D:\project\MAPS\curriculum_files\전북특별자치도\임실고등학교
2336,8d36a189-c3df-41bf-9c0e-22f84384797a,한국게임과학고등학교,전북특별자치도,완주군,04,Y,ok,1,1,한국게임과학고등학교 2024-2026학년도 교육과정 편성표(2026.01.03. 변경).xlsx,D:\project\MAPS\curriculum_files\전북특별자치도\한국게임과학고등학교
2337,338f04cd-afb7-417c-b516-f0b7e8feffdf,전주예술고등학교,전북특별자치도,완주군,04,Y,ok,3,2,2026 전주예술고 교육과정 편재 및 시간 배당표(공연예술과).pdf | 2026 전주예술고 교육과정 편재 및 시간 배당표(디자인미술과).pdf | 2026_학사일정-수정.xlsx,D:\project\MAPS\curriculum_files\전북특별자치도\전주예술고등학교
2338,9a45a0f5-8601-440a-a789-61d0fef2cf53,고산고등학교,전북특별자치도,완주군,04,Y,ok,1,1,2026학년도 고산고등학교 교육과정.hwpx,D:\project\MAPS\curriculum_files\전북특별자치도\고산고등학교
2339,889687db-b0ec-43ad-8ff3-fb35b2fab7f8,한국마사고등학교,전북특별자치도,장수군,04,Y,ok,2,1,2026학년도 한국마사고등학교 학교교육과정 편성·운영·평가 계획.hwpx | 2026학년도 한국마사고등학교 연간학사일정.hwpx,D:\project\MAPS\curriculum_files\전북특별자치도\한국마사고등학교
2340,5881cb85-750b-4a0b-b391-3367c2bcdfd8,여산고등학교,전북특별자치도,익산시,04,Y,ok,1,1,2026학년도 여산고 교육과정 편성운영 규정(4월 6일).hwp,D:\project\MAPS\curriculum_files\전북특별자치도\여산고등학교
2341,e190c75d-7de1-4cd3-a413-9c2f63e4820d,익산고등학교,전북특별자치도,익산시,04,Y,no_file,0,0,,
2342,b244b053-030a-417d-a9b3-af15cb94f956,전북과학고등학교,전북특별자치도,익산시,04,Y,ok,2,1,교육과정 편제 및 학점 배당 편성표.xlsx | 2026학년도 학교교육계획서.hwp,D:\project\MAPS\curriculum_files\전북특별자치도\전북과학고등학교
2343,410abe2b-24ca-4bbf-a2cf-4db6365fe679,동국대학교사범대학부속금산고등학교,전북특별자치도,김제시,04,Y,ok,2,0,2026학년도 학사력안(2026.02.11.)-고 ver.xlsx | 창의적 체험활동 편성.hwpx,D:\project\MAPS\curriculum_files\전북특별자치도\동국대학교사범대학부속금산고등학교
2344,d2f183d4-6f2b-457e-bf11-fc7a0f2861ed,무풍고등학교,전북특별자치도,무주군,04,Y,no_file,0,0,,
2345,38d38281-de0e-4a50-b631-9c92950ea092,설천고등학교,전북특별자치도,무주군,04,Y,ok,2,1,(설천고등학교)2026학년도 재학생의 3개년 교육과정 편성표.xlsx | 2025학년도 교육과정 평가 결과.hwp,D:\project\MAPS\curriculum_files\전북특별자치도\설천고등학교
2346,41372588-e914-4765-83f7-6b40d59ef20d,백산고등학교,전북특별자치도,부안군,04,Y,ok,5,3,(백산고등학교)2025학년도 입학생의 3개년 교육과정 편성표_260401.xlsx | (백산고등학교)2026학년도 입학생의 3개년 교육과정 편성표_260401.xlsx | (백산고등학교)2026학년도 재학생의 3개년 교육과정 편성표.xlsx | 2026 백산고등학교 창의적 체험활동 연간 운영계획.hwpx | 2026학년도 연간계획표_백산고.hwp,D:\project\MAPS\curriculum_files\전북특별자치도\백산고등학교
2347,1dff3aac-edb1-4bab-97d3-6016994bc07f,전북자동차고등학교,전북특별자치도,부안군,04,Y,no_file,0,0,,
2348,699ffde4-06c9-453c-94ac-42bda7e10501,한별고등학교,전북특별자치도,완주군,04,Y,ok,1,0,2026학년도 창의적체험활동 운영 계획.hwp,D:\project\MAPS\curriculum_files\전북특별자치도\한별고등학교
2349,aabdfa7c-7ac8-444c-8024-99f0ab8a4ecb,수소에너지고등학교,전북특별자치도,완주군,04,Y,ok,2,1,2026학년도 수소에너지고등학교 학사일정 계획(4.3).hwp | 2026학년도 학교교육과정운영계획(정보공시).pdf,D:\project\MAPS\curriculum_files\전북특별자치도\수소에너지고등학교
2350,d87c29fe-7535-415e-be8e-47ca299ee339,안성고등학교,전북특별자치도,무주군,04,Y,ok,2,1,2026학년도 안성고 창의적 체험활동 운영 계획.hwpx | 2026학년도 안성고 재학생의 3개년 교육과정 편성표.xlsx,D:\project\MAPS\curriculum_files\전북특별자치도\안성고등학교
2351,eb29f13a-b197-440e-8b68-59fdf9c68e08,푸른꿈고등학교,전북특별자치도,무주군,04,Y,ok,1,0,2026학년도 학사일정.pdf,D:\project\MAPS\curriculum_files\전북특별자치도\푸른꿈고등학교
2352,5724a29b-b3fd-43b0-bcc6-de91df608a19,부천북고등학교,경기도,부천시 원미구,04,Y,no_file,0,0,,
2353,1538ca56-ef03-4a6f-ad78-4bb9c23bff1a,도당고등학교,경기도,부천시 원미구,04,Y,ok,1,0,2026학년도 학사일정.pdf,D:\project\MAPS\curriculum_files\경기도\도당고등학교
2354,746eb2c3-e14e-45fd-86e2-b05d5f76ad8d,소명여자고등학교,경기도,부천시 원미구,04,Y,ok,1,1,2026학년도 OO여고 학교교육과정 편성 운영 평가 계획.hwp,D:\project\MAPS\curriculum_files\경기도\소명여자고등학교
2355,3b8ee35d-2c26-4145-82ee-f4eca6e3a666,역곡고등학교,경기도,부천시 원미구,04,Y,ok,2,1,2026학년도 역곡고등학교 학교교육과정 편성·운영 및 평가 계획.hwpx | 2026학년도 역곡고등학교 연간학사일정.hwp,D:\project\MAPS\curriculum_files\경기도\역곡고등학교
2356,79a35555-a0d1-43f9-b430-69af0eb1e195,경기예술고등학교,경기도,부천시 원미구,04,Y,ok,1,0,2026학년도 학사일정.hwp,D:\project\MAPS\curriculum_files\경기도\경기예술고등학교
2357,d72625af-f486-41a0-9f2e-341cb4033089,계남고등학교,경기도,부천시 원미구,04,Y,ok,1,1,2026학년도 계남고 학교교육과정 편성 운영 및 평가.hwp,D:\project\MAPS\curriculum_files\경기도\계남고등학교
2358,4fc5b4ab-9267-4dce-8cda-9dc4d07f6b4b,심원고등학교,경기도,부천시 원미구,04,Y,ok,4,3,2026학년도 입학생 교육과정 편제표(심원고).hwp | 2025학년도 입학생 교육과정 편제표(심원고).hwp | 2024학년도 입학생 교육과정 편제표(심원고).hwp | 2026학년도 연간학사일정(심원고).hwpx,D:\project\MAPS\curriculum_files\경기도\심원고등학교
2359,456c1a12-640a-4172-a34e-fc3ba2403416,부명고등학교,경기도,부천시 원미구,04,Y,ok,1,0,2026학년도 부명고 연간학사일정.hwp,D:\project\MAPS\curriculum_files\경기도\부명고등학교
2360,5456cd3d-d80a-41a1-838c-b29473af1265,중원고등학교,경기도,부천시 원미구,04,Y,no_file,0,0,,
2361,92c3b407-e6fc-4dbc-9c2c-fb32bf3c3950,중흥고등학교,경기도,부천시 원미구,04,Y,ok,1,0,2026학년도 학사일정.hwp,D:\project\MAPS\curriculum_files\경기도\중흥고등학교
2362,0d915fa3-b60e-4563-b310-1da8e4cb1251,원미고등학교,경기도,부천시 원미구,04,Y,ok,2,1,2026학년도 원미고 학교교육과정 편성·운영·평가 계획.pdf | 2026학년도 원미고 연간학사일정.pdf,D:\project\MAPS\curriculum_files\경기도\원미고등학교
2363,ebfc7611-9002-4b65-a9f7-558a5a62820a,경기국제통상고등학교,경기도,부천시 원미구,04,Y,ok,1,1,2026  경기국제통상고등학교 학교교육과정 편성·운영 및 평가.hwpx,D:\project\MAPS\curriculum_files\경기도\경기국제통상고등학교
2364,963ebc93-13e6-4c58-8d90-3ae117bb52b2,부천여자고등학교,경기도,부천시 원미구,04,Y,ok,2,1,"2026학년도 부천여자고등학교 편성,운영,평가 계획.hwpx | 2026학년도 부천여자고등학교 연간학사일정.hwpx",D:\project\MAPS\curriculum_files\경기도\부천여자고등학교
2365,9ae5e8f2-e31d-4696-989f-1f27e6dd12c0,부천정보산업고등학교,경기도,부천시 원미구,04,Y,ok,1,0,2026학년도 학사일정 및 창의적체험활동(안)수정 3.3.xlsx,D:\project\MAPS\curriculum_files\경기도\부천정보산업고등학교
2366,f7c02ce2-5d09-4fa9-a05d-0253458af6b2,상일고등학교,경기도,부천시 원미구,04,Y,ok,1,0,2026학년도 상일고 학사일정.pdf,D:\project\MAPS\curriculum_files\경기도\상일고등학교
2367,9fec3a38-c42d-4f9d-9d2a-491031755c32,상동고등학교부설방송통신고등학교,경기도,부천시 원미구,04,Y,no_file,0,0,,
2368,f487f835-79c0-4474-8dfc-8650bf0d76e6,상동고등학교,경기도,부천시 원미구,04,Y,ok,2,1,2026학년도 상동고등학교 학교교육과정 편성·운영·평가 계획.hwp | 2026학년도 상동고등학교 학사일정.hwp,D:\project\MAPS\curriculum_files\경기도\상동고등학교
2369,335c527f-7199-40cd-90b0-91af191fde12,상원고등학교,경기도,부천시 원미구,04,Y,no_file,0,0,,
2370,ecea006a-5ac9-496e-8658-85a74273c827,소사고등학교,경기도,부천시 소사구,04,Y,ok,1,0,2026학년도 연간 학사일정.hwp,D:\project\MAPS\curriculum_files\경기도\소사고등학교
2371,35a46e6c-9ccc-4857-a12c-8c4715d97e93,정명고등학교,경기도,부천시 소사구,04,Y,no_file,0,0,,
2372,d52470e5-0001-407f-95ff-7ec381805b71,경기경영고등학교,경기도,부천시 소사구,04,Y,ok,1,1,2026학년도 학교교육과정 편성 운영 평가 계획.pdf,D:\project\MAPS\curriculum_files\경기도\경기경영고등학교
2373,ef719194-9956-4371-9590-733726b6d4cb,시온고등학교,경기도,부천시 소사구,04,Y,no_file,0,0,,
2374,5d4a33e8-359d-483e-bca3-f4d7acc8acfe,범박고등학교,경기도,부천시 소사구,04,Y,ok,2,0,2026학년도 창의적 체험활동 운영 계획(수정).hwp | 학교교육과정 운영 평가 결과.pdf,D:\project\MAPS\curriculum_files\경기도\범박고등학교
2375,3980e939-ce63-46e9-b5f1-a35668f4d578,부천고등학교,경기도,부천시 소사구,04,Y,ok,1,0,2026학년도 부천고 연간학사일정.pdf,D:\project\MAPS\curriculum_files\경기도\부천고등학교
2376,3bf7757d-8634-4c52-b6d4-7f8698dea9a5,부천공업고등학교,경기도,부천시 소사구,04,Y,no_file,0,0,,
2377,e53689cd-8a71-4b94-add5-62cdf66f72ac,송내고등학교,경기도,부천시 소사구,04,Y,ok,2,1,2026학년도 송내고 학교교육과정 편성·운영·평가 계획.pdf | 2026학년도 학사일정 운영 계획(수정안).pdf,D:\project\MAPS\curriculum_files\경기도\송내고등학교
2378,853b9c29-0331-482c-8801-4a3239b6c9b2,옥길새길고등학교,경기도,부천시 소사구,04,Y,ok,1,1,2026학년도 옥길새길고 학교교육과정 편성·운영·평가 계획.pdf,D:\project\MAPS\curriculum_files\경기도\옥길새길고등학교
2379,17da3370-e370-4888-a8ce-c1f0ca970c40,덕산고등학교,경기도,부천시 오정구,04,Y,ok,1,0,2026학년도 덕산고 연간학사일정.pdf,D:\project\MAPS\curriculum_files\경기도\덕산고등학교
2380,293305d6-3fc7-4b19-b622-dfa252e9dffb,원종고등학교,경기도,부천시 오정구,04,Y,ok,1,1,"2026학년도 원종고 학교교육과정 편성, 운영, 평가 계획.hwp",D:\project\MAPS\curriculum_files\경기도\원종고등학교
2381,97d52ac8-d686-4f22-aa04-afb83cea70b8,수주고등학교,경기도,부천시 오정구,04,Y,ok,1,0,2026학년도 연간 학사 일정 운영계획(안).hwp,D:\project\MAPS\curriculum_files\경기도\수주고등학교
2382,521c2e23-a2fb-4df1-bb50-53620c51f691,서영여자고등학교,전북특별자치도,정읍시,04,Y,ok,1,0,2026 연간학사일정.hwp,D:\project\MAPS\curriculum_files\전북특별자치도\서영여자고등학교
2383,cc3b6699-51fd-4201-b221-28f5a2b796f2,정읍제일고등학교,전북특별자치도,정읍시,04,Y,ok,4,0,2026학년도 학사일정(확정).hwp | 정읍제일고_(기계과).pdf | 정읍제일고_(바이오식품산업과).pdf | 정읍제일고_(산업기계과).pdf,D:\project\MAPS\curriculum_files\전북특별자치도\정읍제일고등학교
2384,486d6aca-9dfa-4326-a5a8-32127160014e,글로벌학산고등학교,전북특별자치도,정읍시,04,Y,ok,2,1,글로벌학산고등학교 2026학년도 학사일정.xlsx | 글로벌학산고등학교2026학년도글로벌미디어콘텐츠과교육과정편제표(11.20).xlsx,D:\project\MAPS\curriculum_files\전북특별자치도\글로벌학산고등학교
2385,217aaa1e-c8e4-4e33-bede-8586ada61508,정읍여자고등학교,전북특별자치도,정읍시,04,Y,ok,1,1,2026학년도 정읍여고 학교교육과정 편성·운영·평가 계획.hwp,D:\project\MAPS\curriculum_files\전북특별자치도\정읍여자고등학교
2386,04d96084-f909-4db9-8d14-56d4e73f58f1,정읍고등학교,전북특별자치도,정읍시,04,Y,ok,1,1,2026학년도 정읍고등학교 학교교육과정 편성 운영 및 평가 계획.hwp,D:\project\MAPS\curriculum_files\전북특별자치도\정읍고등학교
2387,bc300ff0-f043-4e4e-bf5a-844d86cf298b,호남고등학교,전북특별자치도,정읍시,04,Y,ok,1,0,2026학년도 학사운영 연간계획.hwpx,D:\project\MAPS\curriculum_files\전북특별자치도\호남고등학교
2388,4f3facd7-4bac-422a-b952-49dd364031bd,남원제일고등학교,전북특별자치도,남원시,04,Y,no_file,0,0,,
2389,7baca947-1508-4038-9424-806f8aec92ce,한국경마축산고등학교,전북특별자치도,남원시,04,Y,ok,2,1,2026학년도 학교교육과정 편성 운영 평가 계획.pdf | 2026학년도 연간학사일정.pdf,D:\project\MAPS\curriculum_files\전북특별자치도\한국경마축산고등학교
2390,dde984d8-3c4e-4aff-9f18-361e788b6b7b,장수고등학교,전북특별자치도,장수군,04,Y,ok,4,2,장수고 교육과정 편제 및 시간배당표(수정)3.27..pdf | (장수고등학교)2026학년도 재학생의 3개년 교육과정 편성표(최종).xlsx | 창의적 체험활동 운영 계획.hwpx | 2025 교육과정 운영 평가 결과.hwp,D:\project\MAPS\curriculum_files\전북특별자치도\장수고등학교
2391,1cffbdb4-2e67-48f9-9f79-6dfd5fdcc43f,전주신흥고등학교,전북특별자치도,전주시 완산구,04,Y,ok,2,2,2025입학생 3개년 교육과정 편성표.pdf | 2026입학생 3개년 교육과정 편성표.pdf,D:\project\MAPS\curriculum_files\전북특별자치도\전주신흥고등학교
2392,c64fcfb0-8344-496b-8489-749ec75998bf,전주여자상업고등학교,전북특별자치도,전주시 완산구,04,Y,ok,2,1,2026학년도 학사일정.hwp | 2026학년도 교육과정편제표.xlsx,D:\project\MAPS\curriculum_files\전북특별자치도\전주여자상업고등학교
2393,a5d04aa2-d1c0-4dd8-bd9e-153085d731a9,전주근영여자고등학교,전북특별자치도,전주시 완산구,04,Y,ok,3,1,2026학년도 전주근영여자고 연간 학사일정.pdf | 2026학년도 전주근영여자고 창의적체험활동 계획.pdf | 2026학년도 전주근영여자고 학교교육과정 편성운영 계획(공시).pdf,D:\project\MAPS\curriculum_files\전북특별자치도\전주근영여자고등학교
2394,88724670-c5f7-43b0-aeee-ac0867e258d6,전주한일고등학교,전북특별자치도,전주시 완산구,04,Y,ok,3,1,2026학년도 학교교육계획(창의적체험활동 운영).pdf | 2026 재학생 교육과정 편성표(미개설표시).xlsx | 2026학년도 학사일정.pdf,D:\project\MAPS\curriculum_files\전북특별자치도\전주한일고등학교
2395,2e1cd9f7-0e89-4a98-a62a-9c7847cb0afa,완산여자고등학교,전북특별자치도,전주시 완산구,04,Y,ok,2,0,2026학년도 완산여고 학교규칙(학칙) 개정안.hwp | 2025학년도 완산여자고등학교 학교생활규정.hwp,D:\project\MAPS\curriculum_files\전북특별자치도\완산여자고등학교
2396,0a206ec1-2b56-4851-8019-fe93886042ea,한국전통문화고등학교,전북특별자치도,전주시 완산구,04,Y,ok,3,2,(한국전통문화고등학교(음악과))2026학년도 재학생의 3개년 교육과정 편성표 (학년별).xlsx | 2026학년도 입학생 교육과정 편제 및 학점 배당표(251024)_조리과학과.xlsx | 2026 학사일정(안).hwp,D:\project\MAPS\curriculum_files\전북특별자치도\한국전통문화고등학교
2397,4d5673d6-b8ef-4f81-b8d1-1f8aeaf8f464,전주해성고등학교,전북특별자치도,전주시 완산구,04,Y,ok,2,1,2026학년도 전주해성고 연간학사일정.hwp | 2026학년도 전주해성고 교육과정 편성운영 및 평가계획.hwp,D:\project\MAPS\curriculum_files\전북특별자치도\전주해성고등학교
2398,0b6722a9-a10d-4f50-8ef9-0c11833dacac,완산고등학교,전북특별자치도,전주시 완산구,04,Y,ok,4,3,2026학년도 1학기 학교교육과정 편제 및 시간 배당.pdf | 2026학년도 2학기 학교교육과정 편제 및 시간 배당.pdf | 완산고등학교 교육과정 편성 운영 규정 (2025.08. 개정).hwp | 2026학년도 완산고 연간학사일정.hwp,D:\project\MAPS\curriculum_files\전북특별자치도\완산고등학교
2399,ddda6440-86b2-4452-8286-260f760adf21,상산고등학교,전북특별자치도,전주시 완산구,04,Y,no_file,0,0,,
2400,0735ae5f-a450-4907-a259-bc7c88ebb774,동암고등학교,전북특별자치도,전주시 완산구,04,Y,ok,1,1,(동암고등학교)2026학년도 재학생의 3개년 교육과정 편성표.xlsx,D:\project\MAPS\curriculum_files\전북특별자치도\동암고등학교
2401,75ae2ce8-5a91-4d7f-8a33-55b5b5f57dac,전일고등학교,전북특별자치도,전주시 완산구,04,Y,ok,2,1,2026학년도 학사일정(정보공시용).hwpx | 2026학년도 전일고등학교 교육과정 운영계획(정보공시용).hwpx,D:\project\MAPS\curriculum_files\전북특별자치도\전일고등학교
2402,5a4ed21a-dbdc-4437-8606-166f2158e425,전주영생고등학교,전북특별자치도,전주시 완산구,04,Y,ok,2,1,2. 편제 및 시간 배당(전주영생고등학교).pdf | 3. 2026학년도 학교교육계획서(전주영생고등학교).pdf,D:\project\MAPS\curriculum_files\전북특별자치도\전주영생고등학교
2403,a8860794-e5dd-4cff-a11e-ded097b23212,호남제일고등학교,전북특별자치도,전주시 완산구,04,Y,ok,3,2,"2026학년도 호남제일고 재학생의 3개년 교육과정 편성표.xlsx | 2026학년도 호남제일고 연간학사일정.pdf | 2026학년도 호남제일고 학교교육과정 편성,운영,평가 계획.pdf",D:\project\MAPS\curriculum_files\전북특별자치도\호남제일고등학교
2404,2604858a-37ef-4061-99e2-e9cc22f7c2e6,전주기전여자고등학교,전북특별자치도,전주시 완산구,04,Y,ok,1,1,학교 교육과정 편성 운영 및 평가에 관한 사항.pdf,D:\project\MAPS\curriculum_files\전북특별자치도\전주기전여자고등학교
2405,bc13f015-91a8-4fa2-a88a-f4c6c2a7b807,전주대학교사범대학부설고등학교,전북특별자치도,전주시 완산구,04,Y,ok,4,2,교육과정 편성과 운영 규정.pdf | 2026학년도 창의적 체험활동 일정.pdf | 2026학년도 교육행사표.pdf | 2026학년도 전학년 교육과정 편성표.pdf,D:\project\MAPS\curriculum_files\전북특별자치도\전주대학교사범대학부설고등학교
2406,a0cee0b4-900f-46bc-9c3b-d2a18c9ea0af,유일여자고등학교,전북특별자치도,전주시 덕진구,04,Y,ok,5,1,2026 유일여고 창의적 체험활동 운영 계획.pdf | 2026학년도 유일여자고등학교 체험활동 계획(안).pdf | 2026 학교 교육 계획서(유일여고).pdf | 2026학년도 유일여자고등학교 학사 일정표.pdf | (유일여자고등학교)2026학년도 재학생의 3개년 교육과정 편성표.pdf,D:\project\MAPS\curriculum_files\전북특별자치도\유일여자고등학교
2407,3c3c5dc4-5557-400f-b3a7-e730f046c4c3,전주생명과학고등학교,전북특별자치도,전주시 덕진구,04,Y,ok,1,1,2026학년도 전주생명과학고 교육과정.xlsx,D:\project\MAPS\curriculum_files\전북특별자치도\전주생명과학고등학교
2408,a60e4a35-5811-43dd-b730-05e70f63c86e,전주여자고등학교,전북특별자치도,전주시 덕진구,04,Y,ok,1,1,2026학년도 재학생의 3개년 교육과정 편성표-(2).xlsx,D:\project\MAPS\curriculum_files\전북특별자치도\전주여자고등학교
2409,65ed531d-9f16-436a-be10-6591832cde4b,전주여자고등학교부설방송통신고등학교,전북특별자치도,전주시 덕진구,04,Y,no_file,0,0,,
2410,30951584-99d6-41c0-ae6b-a429bb73ab30,산서고등학교,전북특별자치도,장수군,04,Y,ok,2,0,2026학년도 산서중고등학교 학사일정.hwpx | 2026학년도 창의적 체험활동 운영 계획.hwp,D:\project\MAPS\curriculum_files\전북특별자치도\산서고등학교
2411,f9533aba-9d8e-4ac9-8644-f0eb61a77d79,전북대학교사범대학부설고등학교,전북특별자치도,전주시 덕진구,04,Y,no_file,0,0,,
2412,0730b8c2-23f2-425c-a571-a3a158dbf669,태인고등학교,전북특별자치도,정읍시,04,Y,ok,2,1,2026학년도 연간 학사 일정.hwpx | 학교교육과정 편성 및 운영 평가.hwpx,D:\project\MAPS\curriculum_files\전북특별자치도\태인고등학교
2413,265813ec-0775-44b2-b9f6-a19980ad4632,왕신여자고등학교,전북특별자치도,정읍시,04,Y,ok,2,1,"2026학년도 학교교육과정 편성,운영 및 평가 계획.hwpx | 2026년 수업일수 및 학사일정.xlsx",D:\project\MAPS\curriculum_files\전북특별자치도\왕신여자고등학교
2414,56251100-058d-46bf-bbff-1687c4cb9e2a,신태인고등학교,전북특별자치도,정읍시,04,Y,no_file,0,0,,
2415,5c0c4c03-fa68-47f4-b448-c31f28121b29,인상고등학교,전북특별자치도,정읍시,04,Y,ok,2,1,2026학년도 인상고 학교교육과정 편성 운영 평가 계획.hwpx | 2026학년도 인상고 연간학사일정.hwpx,D:\project\MAPS\curriculum_files\전북특별자치도\인상고등학교
2416,b686381c-01e7-4ad6-88c8-3cc09f8ee67e,덕암고등학교,전북특별자치도,김제시,04,Y,no_file,0,0,,
2417,8f4be2df-935d-4f35-b3f9-4244e0f1d200,덕암정보고등학교,전북특별자치도,김제시,04,Y,ok,2,1,2026학년도 학사운영일정표.3.6.hwpx | 2026학년도 학교육과정편성운영평가 운영계획.hwp,D:\project\MAPS\curriculum_files\전북특별자치도\덕암정보고등학교
2418,92b21328-c63f-4017-85f4-bebdca338683,강호항공고등학교,전북특별자치도,고창군,04,Y,ok,1,1,2026학년도 교육과정 편제 및 학점 배당표_강호항공고_정보공시용.xlsx,D:\project\MAPS\curriculum_files\전북특별자치도\강호항공고등학교
2419,6cd2bd8e-ea59-46e5-8ba9-e289788f4fd3,전주성심여자고등학교,전북특별자치도,전주시 완산구,04,Y,ok,1,1,(전주성심여자고등학교)2026학년도 재학생의 3개년 교육과정 편성표.xlsx,D:\project\MAPS\curriculum_files\전북특별자치도\전주성심여자고등학교
2420,dc4ca2aa-8c21-4ec9-94f0-b4abe51d38f4,전주고등학교,전북특별자치도,전주시 완산구,04,Y,ok,1,1,교육과정 편성·운영 규정안(2026.03.20.).hwp,D:\project\MAPS\curriculum_files\전북특별자치도\전주고등학교
2421,b284a5c7-8847-4076-ab4b-df64d0d494da,전주고등학교부설방송통신고등학교,전북특별자치도,전주시 완산구,04,Y,no_file,0,0,,
2422,0ca92ea8-22d8-4803-a8d5-a52b47e810a1,전주제일고등학교,전북특별자치도,전주시 완산구,04,Y,ok,3,2,2026년 창체 및 공강시간 운영계획.hwp | 교육과정 편성운영 규정 개정본(250530).hwp | (전주제일고등학교)2026학년도 재학생의 3개년 교육과정 편성표.xlsx,D:\project\MAPS\curriculum_files\전북특별자치도\전주제일고등학교
2423,dbafb690-c1cc-49b3-8009-da0e97b32ef1,전주중앙여자고등학교,전북특별자치도,전주시 덕진구,04,Y,no_file,0,0,,
2424,aff9607a-50b1-4b82-b863-32317df68fe8,인월고등학교,전북특별자치도,남원시,04,Y,ok,1,1,(인월고등학교)2026학년도 재학생의 3개년 교육과정 편성표.xlsx,D:\project\MAPS\curriculum_files\전북특별자치도\인월고등학교
2425,2c7dcc44-fe9e-444e-9795-3617a184a2ca,김제고등학교,전북특별자치도,김제시,04,Y,ok,2,1,2026학년도 학사일정(김제고).pdf | 2026학년도 학교교육과정 편성·운영·평가 계획(김제고).pdf,D:\project\MAPS\curriculum_files\전북특별자치도\김제고등학교
2426,a4f097a8-22b2-490e-b0da-3f867872b93b,김제여자고등학교,전북특별자치도,김제시,04,Y,ok,3,2,2026학년도 김제여자고등학교 교육과정 편성운영 규정.hwp | 2026학년도 김제여자고등학교 재학생의 3개년 교육과정 편성표.xlsx | 2026학년도 김제여자고등학교 창의적 체험활동 운영계획.hwp,D:\project\MAPS\curriculum_files\전북특별자치도\김제여자고등학교
2427,2e772bc9-feb2-499d-aa70-a95e3b66fffb,김제농생명마이스터고등학교,전북특별자치도,김제시,04,Y,ok,3,0,2026학년도 김제농생명마이스터고등학교 1학기 창의적 체험활동 운영 계획.hwp | 2026학년도 김제농생명마이스터고등학교 연간학사일정(2026.4.1.학운위 이전).xlsx | 2026학년도 김제농생명마이스터고등학교 교육계획서.hwp,D:\project\MAPS\curriculum_files\전북특별자치도\김제농생명마이스터고등학교
2428,2b7b7ccd-1ff0-4c5f-b4cb-1e409a9d45f1,전라고등학교,전북특별자치도,전주시 덕진구,04,Y,ok,1,0,2026학사일정.hwpx,D:\project\MAPS\curriculum_files\전북특별자치도\전라고등학교
2429,c09d4797-30be-4222-b034-0b2b801d45f0,전주솔내고등학교,전북특별자치도,전주시 덕진구,04,Y,no_file,0,0,,
2430,202f0e75-e850-4551-a928-68d21d0a0a31,전북여자고등학교,전북특별자치도,전주시 덕진구,04,Y,ok,1,1,★2026학년도 교육과정 연간일정표.hwp,D:\project\MAPS\curriculum_files\전북특별자치도\전북여자고등학교
2431,e085bb4b-6187-40b6-bbe8-c4cd215d257d,전주공업고등학교,전북특별자치도,전주시 덕진구,04,Y,ok,7,5,2026학년도 교육과정 편제_기계.xlsx | 2026학년도 교육과정 편제_자동차.xlsx | 2026학년도 교육과정 편제_전기.xlsx | 2026학년도 교육과정 편제_전자.xlsx | 2026학년도 교육과정 편제_토목.xlsx | 2026학년도 창의적 체험활동 편성 및 운영 계획.hwp | 2026학년도 학사일정(2026.3.11.).xlsx,D:\project\MAPS\curriculum_files\전북특별자치도\전주공업고등학교
2432,41672698-f0f4-42b2-990e-f8be6e5829de,양현고등학교,전북특별자치도,전주시 덕진구,04,Y,ok,2,1,2026학년도 학사일정.xlsx | (양현고등학교)2026학년도 재학생의 3개년 교육과정 편성표.xlsx,D:\project\MAPS\curriculum_files\전북특별자치도\양현고등학교
2433,1f644b73-3745-4a07-8325-e42c4f5c55b9,우석고등학교,전북특별자치도,전주시 덕진구,04,Y,ok,2,0,20226 교내 체험활동 목록.hwpx | 2026학년도 우석고 연간학사일정.hwp,D:\project\MAPS\curriculum_files\전북특별자치도\우석고등학교
2434,5cc6f4ff-f807-4302-b007-16842056b83c,고창북고등학교,전북특별자치도,고창군,04,Y,ok,1,0,2026 학사력(정보공시용).hwp,D:\project\MAPS\curriculum_files\전북특별자치도\고창북고등학교
2435,a053c900-a8b9-4603-b3b8-dc2818e5abcc,군산여자고등학교,전북특별자치도,군산시,04,Y,no_file,0,0,,
2436,68ad397b-712e-429a-a57f-89d0b8c62f6b,군산기계공업고등학교,전북특별자치도,군산시,04,Y,ok,4,1,2026학년도 교육과정 편제 및 학점 배정표(최종)_과졍평가형 포함(260303)xlsx (1).xlsx | 2026학년도 학교 평가 지표.hwp | 2025학년도 학교평가 지표 결과 보고서 정보공시 (군산기계) ESG.hwpx | 2026학년도 학사일정(Ver0_0331).xls,D:\project\MAPS\curriculum_files\전북특별자치도\군산기계공업고등학교
2437,05aaf379-73d7-451c-91da-fe0a07ee2f56,군산상일고등학교,전북특별자치도,군산시,04,Y,ok,1,0,"학교 교육과정 편성 운영 및 평가에 관한 사항(교과, 체험활동계획 포함).hwp",D:\project\MAPS\curriculum_files\전북특별자치도\군산상일고등학교
2438,68caa9cb-a9de-4268-9aba-0e244a005f9d,군산영광여자고등학교,전북특별자치도,군산시,04,Y,ok,1,1,2026 군산영광여자고등학교 교육과정 편성 운영 규정.hwp,D:\project\MAPS\curriculum_files\전북특별자치도\군산영광여자고등학교
2439,408b1e56-8a74-46da-aa17-59ed7406e08a,군산고등학교,전북특별자치도,군산시,04,Y,ok,3,1,2026학년도 창의적체험활동 운영 계획서(군산고).hwp | 2026학년도 학사일정(군산고).hwpx | 2026학년도 재학생의 3개년 교육과정 편성표(군산고).xlsx,D:\project\MAPS\curriculum_files\전북특별자치도\군산고등학교
2440,629fe19c-2985-4c66-95f9-fedef2947583,군산제일고등학교,전북특별자치도,군산시,04,Y,no_file,0,0,,
2441,7a2720c6-c575-4804-beed-160d8f6a9e18,군산동고등학교,전북특별자치도,군산시,04,Y,ok,2,0,2026학년도 테마식 현장체험학습 계획안.hwpx | 2026학년도 학사일정(3_17 수정안).hwp,D:\project\MAPS\curriculum_files\전북특별자치도\군산동고등학교
2442,7cef649c-88d9-44ae-b9fb-d3a2504bf91b,군산중앙여자고등학교,전북특별자치도,군산시,04,Y,ok,1,1,2026학년도 교육과정 편성운영 및 평가에 관한 사항.pdf,D:\project\MAPS\curriculum_files\전북특별자치도\군산중앙여자고등학교
2443,feab0f58-0837-467c-98ed-87eb6c15bea3,군산여자상업고등학교,전북특별자치도,군산시,04,Y,ok,12,12,2026학년도 전학년 교육과정 편제표.pdf | 1학년 스마트경영과 교육과정 편제 및 학점 배당표.pdf | 1학년 창업마케팅과 교육과정 편제 및 학점 배당표.pdf | 1학년 IT금융과 교육과정 편제 및 학점 배당표.pdf | 1학년 공공행정과 교육과정 편제 및 학점 배당표.pdf | 2학년 스마트경영과 교육과정 편제 및 학점 배당표.pdf | 2학년 창업마케팅과 교육과정 편제 및 학점 배당표.pdf | 2학년 IT금융과 교육과정 편제 및 학점 배당표.pdf | 2학년 공공행정과 교육과정 편제 및 학점 배당표.pdf | 3학년 경영회계과 교육과정 편제 및 단위배당표.pdf | 3학년 창업경영과 교육과정 편제 및 단위배당표.pdf | 3학년 금융정보과 교육과정 편제 및 단위배당표.pdf,D:\project\MAPS\curriculum_files\전북특별자치도\군산여자상업고등학교
2444,e8058846-de44-45bc-97d5-c8b95022aa19,전북외국어고등학교,전북특별자치도,군산시,04,Y,ok,2,1,전북외국어고등학교 2026학년도 전학년 교육과정 편성표.xlsx | 2026학년도 학사일정(최종).hwp,D:\project\MAPS\curriculum_files\전북특별자치도\전북외국어고등학교
2445,fff47522-d079-4ac6-9f58-c562f3f1cf38,칠보고등학교,전북특별자치도,정읍시,04,Y,ok,1,0,★2026학년도 학사일정(학사력)(20260326 수정).hwp,D:\project\MAPS\curriculum_files\전북특별자치도\칠보고등학교
2446,a90b9bee-8dc1-4f31-9b24-0e62e8269f5a,자유고등학교,전북특별자치도,고창군,04,Y,ok,3,1,2026 자유고 창의적 체험활동 연간 운영계획.hwpx | 2026학년도 자유고 연간 학사일정.hwp | 2026학년도 자유고 교육과정 편성·운영·평가 계획.xlsx,D:\project\MAPS\curriculum_files\전북특별자치도\자유고등학교
2447,5828ffd7-7e70-4fea-9925-548c3ce8b450,고창고등학교,전북특별자치도,고창군,04,Y,ok,3,1,2.(고창고등학교)2026학년도 재학생의 3개년 교육과정 편성표.xlsx | 3. 2026학년도 창의적 체험활동 운영 계획.hwp | 2026학년도 학사 일정 변경(안).hwp,D:\project\MAPS\curriculum_files\전북특별자치도\고창고등학교
2448,1def1143-534f-4a7f-8177-7b86ffd103a3,해리고등학교,전북특별자치도,고창군,04,Y,no_file,0,0,,
2449,d6a42e6f-6612-45cd-a749-241a9db79405,경북일고등학교,경상북도,예천군,04,Y,no_file,0,0,,
2450,1045fac1-871a-4204-9b87-03cc1a912a18,전북인공지능고등학교,전북특별자치도,고창군,04,Y,ok,5,3,2026학년도 교육과정 편성표 (전북인공지능고 보통과-정보공시).xlsx | 2026학년도 교육과정 편성표 (전북인공지능고 생태조경과-정보공시).xlsx | 2026학년도 교육과정 편성표 (전북인공지능고 자동차과-정보공시).xlsx | 2026학년 학사일정(정보공시).xlsx | 2026학년도 창의적 체험활동 운영 계획서 - 정보공시.pdf,D:\project\MAPS\curriculum_files\전북특별자치도\전북인공지능고등학교
2451,79a5b013-2bc4-4b68-b610-fbbc64b3759e,순창제일고등학교,전북특별자치도,순창군,04,Y,ok,1,0,2026학년도 순창제일고 학사일정.hwpx,D:\project\MAPS\curriculum_files\전북특별자치도\순창제일고등학교
2452,1828d7eb-f264-4662-8946-40b43752fa05,전북펫고등학교,전북특별자치도,임실군,04,Y,no_file,0,0,,
2453,3f160b5a-7ddd-4e43-8740-e21440a834ed,동계고등학교,전북특별자치도,순창군,04,Y,ok,2,1,(동계고등학교)2026학년도 재학생의 3개년 교육과정 편성표.xlsx | 2026학년도 학사일정표.hwp,D:\project\MAPS\curriculum_files\전북특별자치도\동계고등학교
2454,6613b0c0-92fa-4fb2-83b6-0c46126f40ec,새솔고등학교,경기도,화성시 만세구,04,Y,ok,2,1,2026학년도 학사일정.pdf | 2026 학교교육과정 편성운영계획(교육과정부).pdf,D:\project\MAPS\curriculum_files\경기도\새솔고등학교
2455,df11b8cc-1acd-456a-9fda-fe4fc0c99b2a,삼괴고등학교,경기도,화성시 만세구,04,Y,ok,4,3,2026 학사 일정.hwpx | 2024학년도 입학생 교육과정 편제표.pdf | 2025 일반고 입학생 교육과정 편성표.pdf | 2026학년도 입학생 교육과정 편제표.pdf,D:\project\MAPS\curriculum_files\경기도\삼괴고등학교
2456,75b55d0a-b2b6-4cc7-a118-e517bc9ca61b,발안바이오과학고등학교,경기도,화성시 만세구,04,Y,ok,2,1,2026학년도 발안바이오과학고 학교교육과정 편성·운영·평가 계획_발안바이오과학고.hwp | 2026학년도 발안바이오과학고 학사일정 및 창의적체험활동 운영_26.3.18.xlsx,D:\project\MAPS\curriculum_files\경기도\발안바이오과학고등학교
2457,7dfb500d-2825-4b72-a63f-07ca7f67196d,하길고등학교,경기도,화성시 만세구,04,Y,ok,1,0,2026학년도 하길고 연간학사일정(정보공시).hwp,D:\project\MAPS\curriculum_files\경기도\하길고등학교
2458,436597f9-f04f-459c-a59c-92bc0e516161,송산고등학교,경기도,화성시 만세구,04,Y,ok,1,0,2026학년도 연간 수업일수 및 수업시수 확보 계획(4.6.).xlsx,D:\project\MAPS\curriculum_files\경기도\송산고등학교
2459,1c223fe4-a196-45cc-be42-e30031773482,화담고등학교,경기도,화성시 효행구,04,Y,ok,1,1,"2026학년도 화담고 학교교육과정 편성, 운영, 평가 계획.pdf",D:\project\MAPS\curriculum_files\경기도\화담고등학교
2460,bfd1ae47-8d9a-498d-b55f-1357607b1a87,봉담고등학교,경기도,화성시 효행구,04,Y,ok,1,1,학교교육과정 편성운영 및 평가에 관한 사항.hwpx,D:\project\MAPS\curriculum_files\경기도\봉담고등학교
2461,7499f1ac-7b14-496b-bb6e-50d541be62e3,와우고등학교,경기도,화성시 효행구,04,Y,ok,1,0,2026학년도 학사일정.hwp,D:\project\MAPS\curriculum_files\경기도\와우고등학교
2462,c12b6f00-d07e-47f2-b5a9-c0bd3d13b362,안화고등학교,경기도,화성시 병점구,04,Y,ok,1,0,연간학사일정.hwpx,D:\project\MAPS\curriculum_files\경기도\안화고등학교
2463,abb57f63-518a-4a9a-86b8-49eb9c27bcfa,화성반월고등학교,경기도,화성시 병점구,04,Y,ok,1,0,(정보공시) 연간학사일정.hwpx,D:\project\MAPS\curriculum_files\경기도\화성반월고등학교
2464,ca64e6bb-a215-4962-9c54-88f299c56a35,동탄국제고등학교,경기도,화성시 동탄구,04,Y,ok,2,1,2026학년도 동탄국제고등학교 연간학사일정.pdf | 2026학년도 동탄국제고등학교 학교교육과정 편성·운영 및 평가 계획.pdf,D:\project\MAPS\curriculum_files\경기도\동탄국제고등학교
2465,55f9345a-af25-4b4d-afc8-45f3a3cd3213,예당고등학교,경기도,화성시 동탄구,04,Y,ok,1,1,2026학년도 예당고 학교교육과정 편성운영평가 계획.hwpx,D:\project\MAPS\curriculum_files\경기도\예당고등학교
2466,30d79a61-ce36-42df-a986-c92307b3c8ec,동탄중앙고등학교,경기도,화성시 동탄구,04,Y,no_file,0,0,,
2467,d1492c35-12fe-453a-867e-093aced637d7,한백고등학교,경기도,화성시 동탄구,04,Y,no_file,0,0,,
2468,08c827d7-74a3-47a7-a94b-1b17f828d2ed,치동고등학교,경기도,화성시 동탄구,04,Y,ok,2,1,2026학년도 치동고 학교교육과정 편성·운영·평가 계획.hwp | 2026학년도 치동고 연간학사일정.hwp,D:\project\MAPS\curriculum_files\경기도\치동고등학교
2469,f704243f-b9ae-4dcb-b6be-13442438b706,신동고등학교,경기도,화성시 동탄구,04,Y,ok,1,1,2026학년도 신동고 학교교육과정 편성·운영·평가 계획.hwp,D:\project\MAPS\curriculum_files\경기도\신동고등학교
2470,f56d4a05-262c-4a0a-b303-666955907fd0,창의고등학교,경기도,화성시 동탄구,04,Y,ok,1,0,2026학년도 창의고 연간학사일정(안) 최종(3.3).hwp,D:\project\MAPS\curriculum_files\경기도\창의고등학교
2471,b96229d1-99c5-4121-b567-dd8aa06163fa,이솔고등학교,경기도,화성시 동탄구,04,Y,no_file,0,0,,
2472,445895cc-07cd-454b-ae86-b0c986e8bd1c,호연고등학교,경기도,화성시 동탄구,04,Y,no_file,0,0,,
2473,e0f9d93d-b1c9-4829-8764-54fdd8fbfd60,서연고등학교,경기도,화성시 동탄구,04,Y,ok,1,1,2026학년도 학교교육과정 편성 및 운영계획_정보공시.pdf,D:\project\MAPS\curriculum_files\경기도\서연고등학교
2474,5f332979-890a-4bf0-b451-e306386329cd,능동고등학교,경기도,화성시 동탄구,04,Y,ok,2,1,2026학년도 능동고 연간학사일정.hwpx | 2026학년도 능동고 학교교육과정편성·운영·평가 계획.hwp,D:\project\MAPS\curriculum_files\경기도\능동고등학교
2475,dc907e15-8777-4bd0-b20d-a0c5a66447a5,향일고등학교,경기도,화성시 만세구,04,Y,ok,2,1,2026학년도 향일고 학교교육과정 편성·운영·평가 계획.hwp | 2026학년도 향일고등학교 연간학사일정.hwpx,D:\project\MAPS\curriculum_files\경기도\향일고등학교
2476,f6690cd6-6bd4-45d2-a1e3-20cd73bf0a52,향남고등학교,경기도,화성시 만세구,04,Y,ok,2,0,2026학년도 체험활동 계획.hwpx | 2026학년도 향남고 연간학사일정.hwp,D:\project\MAPS\curriculum_files\경기도\향남고등학교
2477,8d85f282-2ad6-4ba6-bf7b-593bf70b4aeb,화성고등학교,경기도,화성시 만세구,04,Y,ok,1,1,2026학년도 학교교육과정 편성운영평가계획.pdf,D:\project\MAPS\curriculum_files\경기도\화성고등학교
2478,34e4409b-3df6-49af-b59e-0e586897a917,이산고등학교,경기도,화성시 동탄구,04,Y,ok,1,1,2026학년도 이산고 학교 교육과정 편성?운영?평가 계획.pdf,D:\project\MAPS\curriculum_files\경기도\이산고등학교
