id,name,개설대학,선택과목2022,교과목2015,관련자격,관련직업
309,시각디자인학과,"서울특별시_경희사이버대학교(제1캠퍼스)_시각미디어디자인전공, 서울특별시_국민대학교(제1캠퍼스)_AI디자인학과, 서울특별시_국민대학교(제1캠퍼스)_시각디자인학과, 서울특별시_덕성여자대학교(제1캠퍼스)_시각디자인학과, 서울특별시_덕성여자대학교(제1캠퍼스)_시각디자인전공, 서울특별시_동덕여자대학교(제1캠퍼스)_디자인학부 시각&실내디자인전공, 서울특별시_동덕여자대학교(제1캠퍼스)_시각&실내디자인학과, 서울특별시_디지털서울문화예술대학교(제1캠퍼스)_시각영상디자인학과, 서울특별시_서경대학교(제1캠퍼스)_시각정보디자인전공, 서울특별시_서경대학교(제1캠퍼스)_VD_비주얼디자인, 서울특별시_서울과학기술대학교(제1캠퍼스)_시각문화융합디자인학과, 서울특별시_서울과학기술대학교(제1캠퍼스)_디자인학과(시각디자인전공), 서울특별시_서울여자대학교(제1캠퍼스)_시각디자인전공, 서울특별시_숙명여자대학교(제1캠퍼스)_시각ㆍ영상디자인과, 서울특별시_숭실사이버대학교(제1캠퍼스)_뉴미디어디자인학과, 서울특별시_연세대학교(제1캠퍼스)_통합디자인학과, 서울특별시_이화여자대학교(제1캠퍼스)_시각디자인전공, 서울특별시_한양사이버대학교(제1캠퍼스)_시각디자인학과, 서울특별시_한양사이버대학교(제1캠퍼스)_뉴미디어디자인학과, 서울특별시_홍익대학교(제1캠퍼스)_디자인학부 시각디자인전공, 부산광역시_경성대학교(제1캠퍼스)_시각디자인학과, 부산광역시_경성대학교(제1캠퍼스)_시각디자인학전공, 부산광역시_경성대학교(제1캠퍼스)_영상애니메이션학부, 부산광역시_고신대학교(제1캠퍼스)_시각디자인학과, 부산광역시_국립부경대학교(제1캠퍼스)_시각디자인전공, 부산광역시_동명대학교(제1캠퍼스)_시각디자인학과, 부산광역시_동서대학교(제1캠퍼스)_비쥬얼디자인학전공, 부산광역시_동서대학교(제1캠퍼스)_시각디자인전공, 부산광역시_동서대학교(제1캠퍼스)_Digital Design학과, 부산광역시_동서대학교(제1캠퍼스)_시각디자인학전공, 부산광역시_신라대학교(제1캠퍼스)_시각디자인전공, 부산광역시_신라대학교(제1캠퍼스)_시각디자인학과, 부산광역시_신라대학교(제1캠퍼스)_시각디자인학전공, 인천광역시_인천가톨릭대학교(제2캠퍼스)_시각디자인학과, 인천광역시_인하대학교(제1캠퍼스)_디자인테크놀로지학과, 대전광역시_국립한밭대학교(제1캠퍼스)_시각디자인학과, 대전광역시_국립한밭대학교(제1캠퍼스)_시각ㆍ영상디자인학과, 대전광역시_목원대학교(제1캠퍼스)_시각커뮤니케이션디자인학과, 대구광역시_경북대학교(제1캠퍼스)_시각정보디자인학과, 대구광역시_계명대학교(제2캠퍼스)_시각디자인과, 울산광역시_울산대학교(제1캠퍼스)_시각디자인학전공, 광주광역시_광주대학교(제1캠퍼스)_시각영상디자인학과, 광주광역시_조선대학교(제1캠퍼스)_시각디자인학과, 광주광역시_호남대학교(제1캠퍼스)_시각융합디자인학과, 경기도_가천대학교(제1캠퍼스)_미술ㆍ디자인학부(시각디자인전공), 경기도_강남대학교(제1캠퍼스)_복지융합인재학부 유니버설비주얼디자인전공, 경기도_강남대학교(제1캠퍼스)_유니버설아트디자인학과, 경기도_강남대학교(제1캠퍼스)_예체능학부 유니버설아트디자인전공, 경기도_경기대학교(제1캠퍼스)_시각정보디자인전공, 경기도_경희대학교(제2캠퍼스)_시각디자인학과, 경기도_대진대학교(제1캠퍼스)_시각디자인학과, 경기도_명지대학교 자연캠퍼스(제1캠퍼스)_디자인학부 시각디자인전공, 경기도_명지대학교 자연캠퍼스(제1캠퍼스)_비주얼커뮤니케이션디자인전공, 경기도_명지대학교 자연캠퍼스(제1캠퍼스)_디자인학부 영상디자인전공, 경기도_예원예술대학교(제2캠퍼스)_시각영상디자인전공, 경기도_을지대학교(제2캠퍼스)_시각디자인전공, 경기도_중앙대학교(제2캠퍼스)_디자인학부(시각디자인전공), 경기도_한경국립대학교(제1캠퍼스)_시각미디어디자인전공, 경기도_한세대학교(제1캠퍼스)_시각정보디자인학과, 경기도_협성대학교(제1캠퍼스)_시각조형디자인학과, 경기도_협성대학교(제1캠퍼스)_시각디자인학과, 강원특별자치도_가톨릭관동대학교(제1캠퍼스)_CG디자인전공, 강원특별자치도_강원대학교(제2캠퍼스)_시각멀티미디어디자인학과, 강원특별자치도_상지대학교(제1캠퍼스)_시각영상디자인학과, 강원특별자치도_연세대학교 미래캠퍼스(제1캠퍼스)_시각디자인학전공, 충청북도_건국대학교 글로컬캠퍼스(제1캠퍼스)_시각영상디자인학과, 충청북도_건국대학교 글로컬캠퍼스(제1캠퍼스)_시각영상디자인전공, 충청북도_세명대학교(제1캠퍼스)_시각ㆍ영상디자인학과, 충청북도_우석대학교(제2캠퍼스)_시각커뮤니케이션디자인학과, 충청북도_청주대학교(제1캠퍼스)_시각디자인학과, 충청남도_건양대학교(제1캠퍼스)_시각디자인전공, 충청남도_건양대학교(제1캠퍼스)_시각디자인학과, 충청남도_남서울대학교(제1캠퍼스)_시각미디어디자인학과, 충청남도_남서울대학교(제1캠퍼스)_시각정보디자인학과, 충청남도_단국대학교(제2캠퍼스)_시각디자인과, 충청남도_상명대학교(제2캠퍼스)_시각디자인전공, 충청남도_상명대학교(제2캠퍼스)_시각디자인학과, 충청남도_상명대학교(제2캠퍼스)_디자인학부 ARㆍVR미디어디자인전공, 충청남도_선문대학교(제1캠퍼스)_시각디자인학과, 충청남도_한서대학교(제1캠퍼스)_시각디자인학과, 충청남도_호서대학교(제1캠퍼스)_디지털프로덕트디자인학과, 충청남도_호서대학교(제1캠퍼스)_시각디자인학과, 전북특별자치도_예원예술대학교(제1캠퍼스)_시각디자인전공, 전북특별자치도_예원예술대학교(제1캠퍼스)_시각디자인학과, 전북특별자치도_예원예술대학교(제1캠퍼스)_시각ㆍ영상디자인전공, 전북특별자치도_원광대학교(제1캠퍼스)_시각정보디자인학과, 전북특별자치도_전주대학교(제1캠퍼스)_시각디자인학과, 전북특별자치도_전주대학교(제1캠퍼스)_시각디자인전공, 전북특별자치도_호원대학교(제1캠퍼스)_미디어컨텐츠디자인학과, 전라남도_국립목포대학교(제1캠퍼스)_시각디자인, 경상북도_경운대학교(제1캠퍼스)_시각영상애니메이션전공, 경상북도_경일대학교(제1캠퍼스)_디자인학부 시각영상디자인전공, 경상북도_대구가톨릭대학교(제1캠퍼스)_시각영상디자인과, 경상북도_대구가톨릭대학교(제1캠퍼스)_미디어ㆍ디자인전공, 경상북도_대구가톨릭대학교(제1캠퍼스)_시각디자인과, 경상북도_대구대학교(제1캠퍼스)_시각디자인융합학부(서비스마케팅디자인전공), 경상북도_대구대학교(제1캠퍼스)_시각디자인융합학부(시각디자인전공), 경상북도_대구대학교(제1캠퍼스)_시각디자인학과, 경상북도_대구대학교(제1캠퍼스)_시각디자인융합학부, 경상북도_대구예술대학교(제1캠퍼스)_시각콘텐츠학과, 경상북도_대구예술대학교(제1캠퍼스)_시각디자인전공, 경상북도_영남대학교(제1캠퍼스)_시각디자인학과, 경상남도_경상국립대학교(제1캠퍼스)_디자인비즈니스학과, 경상남도_영산대학교(제1캠퍼스)_시각영상디자인전공, 경상남도_영산대학교(제1캠퍼스)_시각영상디자인학과, 세종특별자치시_홍익대학교 세종캠퍼스(제2캠퍼스)_디자인컨버전스학부","일반 선택: 독서와 작문, 문학, 대수, 확률과 통계, 영어Ⅰ, 영어Ⅱ, 영어 독해오작문, 미술, 정보 등 | 진로 선택: 주제 탐구 독서, 문학과 영상, 미술 창작, 미술 감상과 비평, 인간과 심리 등 | 융합 선택: 매체 의사소통, 미디어 영어, 세계 문화와 영어, 여행지리, 사회문제 탐구, 미술과 매체 등","공통과목: 미술, 윤리 | 일반선택과목: 예술교과 : 미술 | 진로선택과목: 미술 창작, 미술 감상과 비평 | 전문교과Ⅰ: 미술 이론, 미술사, 드로잉, 미술 전공 실기 | 전문교과Ⅱ: 디자인 일반, 시각 디자인, 색채 관리","광고디자인산업기사, 시각디자인산업기사, 웹디자인기능사, 의장디자인산업기사, 전자출판기능사, 컬러리스트기사및산업기사, 컴퓨터그래픽스운용기사, 포장디자인산업기사",광고디자이너
458,재활학과,"서울특별시_서울디지털대학교(제1캠퍼스)_예술치료전공, 서울특별시_서울사이버대학교(제1캠퍼스)_음악치료학과, 서울특별시_서울한영대학교(제1캠퍼스)_유아특수재활학과, 서울특별시_성신여자대학교(제1캠퍼스)_운동재활복지학과, 서울특별시_숭실사이버대학교(제1캠퍼스)_스포츠재활복지학과, 서울특별시_총신대학교(제1캠퍼스)_중독재활상담학과, 서울특별시_한국열린사이버대학교(제1캠퍼스)_통합치유학과, 서울특별시_한양사이버대학교(제1캠퍼스)_미술치료학과, 부산광역시_고신대학교(제1캠퍼스)_재활상담학과, 부산광역시_고신대학교(제1캠퍼스)_재활치료학과, 부산광역시_동명대학교(제1캠퍼스)_언어치료청각재활학과, 부산광역시_동명대학교(제1캠퍼스)_선명상치유학과, 부산광역시_동명대학교(제1캠퍼스)_스포츠재활학과, 부산광역시_동서대학교(제1캠퍼스)_운동처방학전공, 부산광역시_동서대학교(제1캠퍼스)_운동처방학과, 부산광역시_동서대학교(제1캠퍼스)_시니어운동처방학과, 부산광역시_부산디지털대학교(제1캠퍼스)_상담치료학부, 부산광역시_부산외국어대학교(제1캠퍼스)_스포츠재활학과, 인천광역시_가천대학교(제2캠퍼스)_운동재활복지학과, 인천광역시_가천대학교(제2캠퍼스)_운동재활학과, 대전광역시_건양사이버대학교(제1캠퍼스)_행동재활치료학과, 대전광역시_건양사이버대학교(제1캠퍼스)_행동발달치료학과, 대전광역시_우송대학교(제1캠퍼스)_언어치료ㆍ청각재활학과, 광주광역시_광주대학교(제1캠퍼스)_언어재활상담학과, 광주광역시_광주여자대학교(제1캠퍼스)_미래융합학부(언어재활심리학과), 광주광역시_광주여자대학교(제1캠퍼스)_미래융합학부(언어재활전공), 광주광역시_송원대학교(제1캠퍼스)_재활보건관리학과(자연), 광주광역시_송원대학교(제1캠퍼스)_재활보건학과, 경기도_가천대학교(제1캠퍼스)_운동재활학과, 경기도_차의과학대학교(제1캠퍼스)_미술치료학과, 경기도_한경국립대학교(제2캠퍼스)_의료재활공학전공, 경기도_한신대학교(제1캠퍼스)_재활학과, 경기도_한신대학교(제1캠퍼스)_재활상담학과, 경기도_한신대학교(제1캠퍼스)_재활상담학, 강원특별자치도_가톨릭관동대학교(제1캠퍼스)_언어재활학과, 강원특별자치도_가톨릭관동대학교(제1캠퍼스)_중독재활상담학과, 강원특별자치도_가톨릭관동대학교(제1캠퍼스)_언어재활상담학과, 강원특별자치도_가톨릭관동대학교(제1캠퍼스)_치매전문재활학과, 강원특별자치도_가톨릭관동대학교(제1캠퍼스)_중독재활학과, 강원특별자치도_가톨릭관동대학교(제1캠퍼스)_통합치유학과, 강원특별자치도_상지대학교(제1캠퍼스)_놀이심리치료학과, 강원특별자치도_연세대학교 미래캠퍼스(제1캠퍼스)_재활보건학전공, 충청북도_극동대학교(제1캠퍼스)_재활상담치료학과, 충청북도_서원대학교(제1캠퍼스)_헬스케어운동학과, 충청남도_건양대학교(제1캠퍼스)_재활퍼스널트레이닝학과, 충청남도_건양대학교(제1캠퍼스)_심리상담치료학과, 충청남도_나사렛대학교(제1캠퍼스)_재활자립학부, 충청남도_나사렛대학교(제1캠퍼스)_재활공학과, 충청남도_나사렛대학교(제1캠퍼스)_심리재활학전공, 충청남도_나사렛대학교(제1캠퍼스)_재활학트랙, 충청남도_나사렛대학교(제1캠퍼스)_인간재활학전공, 충청남도_단국대학교(제2캠퍼스)_운동처방재활학과, 충청남도_한서대학교(제1캠퍼스)_의료재활학과, 전북특별자치도_우석대학교(제1캠퍼스)_재활학과, 전북특별자치도_전주대학교(제1캠퍼스)_운동처방학과, 전북특별자치도_전주대학교(제1캠퍼스)_재활학과, 전북특별자치도_전주대학교(제1캠퍼스)_예술심리치료학과, 전북특별자치도_한일장신대학교(제1캠퍼스)_운동처방재활학과, 전북특별자치도_호원대학교(제1캠퍼스)_보건헬스케어학과, 전라남도_동신대학교(제1캠퍼스)_운동처방학과, 경상북도_김천대학교(제1캠퍼스)_스포츠재활학과, 경상북도_대구가톨릭대학교(제1캠퍼스)_의료재활학과, 경상북도_대구가톨릭대학교(제1캠퍼스)_재활치료전공, 경상북도_대구대학교(제1캠퍼스)_재활건강증진학과, 경상북도_대구대학교(제1캠퍼스)_의료재활학과, 경상북도_대구대학교(제1캠퍼스)_재활과학계열, 경상북도_대구대학교(제1캠퍼스)_재활심리학과, 경상북도_대구대학교(제1캠퍼스)_재활상담학과, 경상북도_대구사이버대학교(제1캠퍼스)_미술치료학과, 경상북도_대구사이버대학교(제1캠퍼스)_발달재활학과, 경상북도_대구사이버대학교(제1캠퍼스)_놀이치료학과, 경상북도_대구사이버대학교(제1캠퍼스)_심리운동학과, 경상북도_대구사이버대학교(제1캠퍼스)_재활상담학과, 경상북도_대구예술대학교(제1캠퍼스)_복지&심리상담전공, 경상북도_대구한의대학교(제1캠퍼스)_미술놀이치료학과, 경상북도_대구한의대학교(제1캠퍼스)_노인재활치료학과, 경상북도_대구한의대학교(제1캠퍼스)_미술치료학전공, 경상북도_대구한의대학교(제1캠퍼스)_미술심리치료전공, 경상북도_대구한의대학교(제1캠퍼스)_재활치료학전공, 경상북도_대구한의대학교(제1캠퍼스)_미술심리치료학과, 경상북도_대구한의대학교(제1캠퍼스)_치유산업학과, 경상북도_대구한의대학교(제1캠퍼스)_재활치료학부, 경상북도_신경주대학교(제1캠퍼스)_스포츠재활학과, 경상남도_가야대학교(제1캠퍼스)_스포츠재활복지학과, 경상남도_가야대학교(제1캠퍼스)_스포츠재활복지학부, 경상남도_영산대학교(제1캠퍼스)_실버재활학과, 제주특별자치도_제주국제대학교(제1캠퍼스)_복지상담학부 언어치료학전공","일반 선택: 물리학, 화학, 생명과학, 현대사회와 윤리 등 | 진로 선택: 세포와 물질대사, 생물의 유전, 법과 사회, 보건 등 | 융합 선택: 융합과학 탐구 등","공통과목: 영어, 과학 | 일반선택과목: 영어교과 : 영어Ⅰ, 영어Ⅱ, 영어 독해와 작문 | 진로선택과목: 생명과학Ⅱ | 전문교과Ⅰ: 체육지도법, 개인ㆍ대인 운동, 체육 전공 실기 응용 | 전문교과Ⅱ: 인체 구조와 기능, 기초 간호 임상 실무, 보건 간호","물리치료사, 작업치료사, 특수교육교사",물리치료사
10027,스포츠재활과,"서울특별시_서일대학교(제1캠퍼스)_스포츠헬스케어학과, 부산광역시_경남정보대학교(제1캠퍼스)_뷰티헬스과, 부산광역시_경남정보대학교(제1캠퍼스)_스포츠재활지도학과, 부산광역시_경남정보대학교(제1캠퍼스)_스포츠재활트레이닝과, 부산광역시_동의과학대학교(제1캠퍼스)_스포츠재활트레이닝과, 부산광역시_부산과학기술대학교(제1캠퍼스)_재활운동건강과, 부산광역시_부산보건대학교(제1캠퍼스)_스포츠재활과(자연), 부산광역시_부산여자대학교(제1캠퍼스)_아동스포츠재활무용과(3년제), 부산광역시_부산예술대학교(제1캠퍼스)_스포츠재활&다이어트과, 인천광역시_경인여자대학교(제1캠퍼스)_스포츠헬스케어학과, 인천광역시_인하공업전문대학(제1캠퍼스)_스포츠헬스케어학과, 인천광역시_재능대학교(제1캠퍼스)_스포츠재활과, 대구광역시_대구보건대학교(제1캠퍼스)_스포츠재활학과, 대구광역시_영남이공대학교(제1캠퍼스)_스포츠재활ㆍ운동관리과, 대구광역시_영남이공대학교(제1캠퍼스)_스포츠건강재활계열, 대구광역시_영남이공대학교(제1캠퍼스)_스포츠재활과, 대구광역시_영진전문대학교(제1캠퍼스)_스포츠재활과, 울산광역시_울산과학대학교(제1캠퍼스)_스포츠재활학부 스포츠재활전공(자연과학계열), 울산광역시_울산과학대학교(제1캠퍼스)_스포츠재활학부(자연과학계열), 울산광역시_울산과학대학교(제1캠퍼스)_스포츠재활학부 스포츠재활전공, 울산광역시_울산과학대학교(제1캠퍼스)_스포츠건강재활학과, 울산광역시_울산과학대학교(제1캠퍼스)_스포츠재활학부 스포츠지도전공(자연과학계열), 울산광역시_울산과학대학교(제1캠퍼스)_스포츠재활학부 스포츠지도전공, 광주광역시_동강대학교(제1캠퍼스)_스포츠재활트레이닝과, 광주광역시_조선이공대학교(제1캠퍼스)_스포츠재활학부 스포츠재활전공, 광주광역시_조선이공대학교(제1캠퍼스)_스포츠재활학과, 광주광역시_조선이공대학교(제1캠퍼스)_스포츠재활학부, 광주광역시_조선이공대학교(제1캠퍼스)_스포츠재활학부 웰빙헬스케어전공, 광주광역시_조선이공대학교(제1캠퍼스)_스포츠재활과, 경기도_국제대학교(제1캠퍼스)_스포츠헬스케어학과, 경기도_대림대학교(제1캠퍼스)_스포츠재활과(스포츠학부), 경기도_대림대학교(제1캠퍼스)_스포츠재활학부, 경기도_두원공과대학교(제1캠퍼스)_재활운동과학과, 경기도_두원공과대학교(제1캠퍼스)_스포츠재활치료과, 경기도_두원공과대학교(제1캠퍼스)_재활운동과학과(2년제), 경기도_두원공과대학교(제2캠퍼스)_스포츠재활과, 경기도_부천대학교(제1캠퍼스)_재활스포츠학과, 경기도_부천대학교(제1캠퍼스)_재활스포츠과, 경기도_신구대학교(제1캠퍼스)_스포츠재활과, 경기도_여주대학교(제1캠퍼스)_건강운동재활학과, 경기도_연성대학교(제1캠퍼스)_스포츠재활과, 경기도_연성대학교(제1캠퍼스)_스포츠케어과, 경기도_유한대학교(제1캠퍼스)_건강웰니스학과 스포츠재활전공, 경기도_장안대학교(제1캠퍼스)_운동처방과, 경기도_장안대학교(제1캠퍼스)_스포츠재활과, 강원특별자치도_강릉영동대학교(제1캠퍼스)_스포츠레저헬스케어계열, 강원특별자치도_강릉영동대학교(제1캠퍼스)_스포츠재활전공, 강원특별자치도_한국골프과학기술대학교(제1캠퍼스)_골프재활헬스케어과, 강원특별자치도_한국골프과학기술대학교(제1캠퍼스)_골프재활과, 충청북도_강동대학교(제1캠퍼스)_스포츠재활과, 충청북도_대원대학교(제1캠퍼스)_운동재활과, 충청북도_충북보건과학대학교(제1캠퍼스)_스포츠과학과, 충청북도_충북보건과학대학교(제1캠퍼스)_스포츠재활과, 충청북도_충청대학교(제1캠퍼스)_스포츠재활과, 충청북도_충청대학교(제1캠퍼스)_사회체육학부 스포츠재활과, 전북특별자치도_전주기전대학(제1캠퍼스)_운동재활과, 전북특별자치도_전주기전대학(제1캠퍼스)_말산업스포츠재활과, 전북특별자치도_전주기전대학(제1캠퍼스)_운동재활과(예체능), 전라남도_나주대학교(제1캠퍼스)_재활복지스포츠학부, 전라남도_목포과학대학교(제1캠퍼스)_스포츠과학과, 전라남도_전남과학대학교(제1캠퍼스)_뉴로테크헬스케어학과, 전라남도_청암대학교(제1캠퍼스)_재활스포츠과, 경상북도_대경대학교(제1캠퍼스)_스포츠재활과, 경상북도_문경대학교(제1캠퍼스)_스포츠재활과, 경상남도_경남도립거창대학(제1캠퍼스)_스포츠재활운동관리과, 경상남도_김해대학교(제1캠퍼스)_스포츠재활과(축구), 경상남도_동원과학기술대학교(제1캠퍼스)_스포츠재활운동학과, 경상남도_동원과학기술대학교(제1캠퍼스)_스포츠재활학부, 경상남도_동원과학기술대학교(제1캠퍼스)_재활스포츠과, 경상남도_동원과학기술대학교(제1캠퍼스)_스포츠재활운동학부","일반 선택: 독서와 작문, 문학, 대수, 미적분Ⅰ, 확률과 통계, 영어 I,프, 영어 독해와 작문, 현대사회와 윤리, 생명과학, 화학, 정보, 교육학 등 | 진로 선택: 법과 사회, 물질과 에너지, 화학 반응의 세계, 세포와 물질대사, 생물의 유전 등 | 융합 선택: 실생활 영어 회화, 실용 통계, 윤리문제 탐구 등","공통과목: 체육, 윤리 | 일반선택과목: 체육교과 : 체육, 운동과 건강 | 진로선택과목: 스포츠 생활, 체육 탐구 | 전문교과Ⅰ: 스포츠 개론, 체육 지도법, 체육 전공 실기 기초, 체육 전공 실기 심화, 체육 전공 실기 응용 | 전문교과Ⅱ: 인체 구조와 기능, 간호의 기초","사회복지사, 생활스포츠지도자, 요양보호사, 응급구조사, 장애인재활상담사",간병인
20,건축학과,"서울특별시_건국대학교(제1캠퍼스)_건축학전공, 서울특별시_건국대학교(제1캠퍼스)_건축학과, 서울특별시_건국대학교(제1캠퍼스)_건축설계전공, 서울특별시_건국대학교(제1캠퍼스)_건축학부, 서울특별시_고려대학교(제1캠퍼스)_건축학과, 서울특별시_고려대학교(제1캠퍼스)_건축사회환경공학부, 서울특별시_고려사이버대학교(제1캠퍼스)_건축공학부, 서울특별시_광운대학교(제1캠퍼스)_건축학과, 서울특별시_국민대학교(제1캠퍼스)_건축설계전공, 서울특별시_국민대학교(제1캠퍼스)_건축학부, 서울특별시_국민대학교(제1캠퍼스)_건축시스템전공, 서울특별시_국민대학교(제1캠퍼스)_건축학전공, 서울특별시_동국대학교(제1캠퍼스)_건축학전공, 서울특별시_동국대학교(제1캠퍼스)_건축공학부, 서울특별시_삼육대학교(제1캠퍼스)_건축학과(4년제), 서울특별시_삼육대학교(제1캠퍼스)_건축학과(5년제), 서울특별시_서울과학기술대학교(제1캠퍼스)_건축학부건축학전공, 서울특별시_서울과학기술대학교(제1캠퍼스)_건축학부건축공학전공, 서울특별시_서울대학교(제1캠퍼스)_건축학과(건축공학전공), 서울특별시_서울대학교(제1캠퍼스)_건축학과(건축학전공(5년)), 서울특별시_서울대학교(제1캠퍼스)_건축학과, 서울특별시_서울사이버대학교(제1캠퍼스)_건축공간디자인학과, 서울특별시_서울시립대학교(제1캠퍼스)_건축학부 건축공학전공, 서울특별시_서울시립대학교(제1캠퍼스)_건축학부 건축학전공(5년제), 서울특별시_세종대학교(제1캠퍼스)_건축학과, 서울특별시_세종대학교(제1캠퍼스)_건축학전공, 서울특별시_세종사이버대학교(제1캠퍼스)_건축ㆍ도시계획학과, 서울특별시_숭실대학교(제1캠퍼스)_건축학부 건축학전공, 서울특별시_숭실대학교(제1캠퍼스)_건축학부, 서울특별시_숭실대학교(제1캠퍼스)_건축학부 실내건축전공, 서울특별시_숭실대학교(제1캠퍼스)_건축학부 건축공학전공, 서울특별시_숭실사이버대학교(제1캠퍼스)_건설스마트안전공학과, 서울특별시_연세대학교(제1캠퍼스)_건축학(5년제), 서울특별시_연세대학교(제1캠퍼스)_실내건축학과, 서울특별시_연세대학교(제1캠퍼스)_건축공학(4년제), 서울특별시_이화여자대학교(제1캠퍼스)_건축도시시스템공학과, 서울특별시_이화여자대학교(제1캠퍼스)_건축학과(5년), 서울특별시_이화여자대학교(제1캠퍼스)_건축도시시스템공학전공, 서울특별시_이화여자대학교(제1캠퍼스)_건축학전공(5년), 서울특별시_중앙대학교(제1캠퍼스)_건축학부(건축공학전공), 서울특별시_중앙대학교(제1캠퍼스)_건축학부(건축학전공), 서울특별시_중앙대학교(제1캠퍼스)_건축학부, 서울특별시_한국예술종합학교(제1캠퍼스)_건축과, 서울특별시_한양대학교(제1캠퍼스)_건축학부, 서울특별시_한양대학교(제1캠퍼스)_건축공학부, 서울특별시_한양사이버대학교(제1캠퍼스)_건축도시공학과, 서울특별시_한양사이버대학교(제1캠퍼스)_건축공간디자인학과, 서울특별시_홍익대학교(제1캠퍼스)_건축학부, 서울특별시_홍익대학교(제1캠퍼스)_건축학부 건축학전공(5년제), 서울특별시_홍익대학교(제1캠퍼스)_건축학부 실내건축학전공, 부산광역시_경성대학교(제1캠퍼스)_실내건축학과, 부산광역시_경성대학교(제1캠퍼스)_건축학과(5년제), 부산광역시_국립부경대학교(제1캠퍼스)_건축학전공(5년), 부산광역시_국립한국해양대학교(제1캠퍼스)_해양건축공학과, 부산광역시_동명대학교(제1캠퍼스)_건축학과, 부산광역시_동명대학교(제1캠퍼스)_실내건축학과, 부산광역시_동명대학교(제1캠퍼스)_건축학과(5년제), 부산광역시_동서대학교(제1캠퍼스)_건축학과, 부산광역시_동서대학교(제1캠퍼스)_건축설계학전공, 부산광역시_동아대학교(제1캠퍼스)_건축학과 실내건축디자인전공, 부산광역시_동아대학교(제1캠퍼스)_건축학과(5년제), 부산광역시_동아대학교(제1캠퍼스)_건축학과 건축학전공(5년제), 부산광역시_동아대학교(제1캠퍼스)_건축학과, 부산광역시_동의대학교(제1캠퍼스)_건축학전공, 부산광역시_동의대학교(제1캠퍼스)_건축학과, 부산광역시_부산대학교(제1캠퍼스)_건축학과(5년제), 부산광역시_부산대학교(제1캠퍼스)_건축학과, 부산광역시_신라대학교(제1캠퍼스)_건축학부, 부산광역시_신라대학교(제1캠퍼스)_건축학전공(5년제), 부산광역시_신라대학교(제1캠퍼스)_건축학과(4년제, 5년제), 부산광역시_신라대학교(제1캠퍼스)_건축학과, 부산광역시_신라대학교(제1캠퍼스)_건축학전공, 부산광역시_영산대학교(제2캠퍼스)_건축플랜트학과, 인천광역시_인천대학교(제1캠퍼스)_도시건축학전공, 인천광역시_인천대학교(제1캠퍼스)_도시건축학부, 인천광역시_인하대학교(제1캠퍼스)_건축학전공, 인천광역시_인하대학교(제1캠퍼스)_건축학부, 대전광역시_건양대학교(제2캠퍼스)_건축학과, 대전광역시_국립한밭대학교(제1캠퍼스)_건축학과(5년제), 대전광역시_대전대학교(제1캠퍼스)_건축학과(5), 대전광역시_대전대학교(제1캠퍼스)_건축학과(4), 대전광역시_목원대학교(제1캠퍼스)_건축학부 건축학전공(5년제), 대전광역시_목원대학교(제1캠퍼스)_건축학부 건축공학전공, 대전광역시_목원대학교(제1캠퍼스)_건축학부, 대전광역시_배재대학교(제1캠퍼스)_건축학부, 대전광역시_배재대학교(제1캠퍼스)_건축학과, 대전광역시_배재대학교(제1캠퍼스)_실내건축학과, 대전광역시_배재대학교(제1캠퍼스)_건축학전공, 대전광역시_충남대학교(제1캠퍼스)_스마트시티건축공학과, 대전광역시_충남대학교(제1캠퍼스)_건축학과(5), 대전광역시_한남대학교(제1캠퍼스)_건축학과(5년제), 대구광역시_경북대학교(제1캠퍼스)_건축학부(건축공학전공), 대구광역시_경북대학교(제1캠퍼스)_건축학부(건축학전공), 대구광역시_계명대학교(제1캠퍼스)_건축학과, 울산광역시_울산대학교(제1캠퍼스)_건축학전공, 울산광역시_울산대학교(제1캠퍼스)_건축학부, 광주광역시_광주대학교(제1캠퍼스)_건축학부, 광주광역시_전남대학교(제1캠퍼스)_건축학부, 광주광역시_전남대학교(제1캠퍼스)_건축도시설계전공(5년), 광주광역시_조선대학교(제1캠퍼스)_건축학과(5년제), 광주광역시_호남대학교(제1캠퍼스)_건축학과, 광주광역시_호남대학교(제1캠퍼스)_건축학전공, 광주광역시_호남대학교(제1캠퍼스)_건축학부, 경기도_가천대학교(제1캠퍼스)_건축학부, 경기도_가천대학교(제1캠퍼스)_실내건축학전공, 경기도_가천대학교(제1캠퍼스)_건축학전공, 경기도_경기대학교(제1캠퍼스)_건축안전공학과, 경기도_경기대학교(제1캠퍼스)_건축학과, 경기도_경희대학교(제2캠퍼스)_건축학과, 경기도_단국대학교(제1캠퍼스)_건축학부 건축공학전공, 경기도_단국대학교(제1캠퍼스)_건축학부 건축학전공, 경기도_단국대학교(제1캠퍼스)_건축학과, 경기도_단국대학교(제1캠퍼스)_건축학부, 경기도_대진대학교(제1캠퍼스)_건축공학부, 경기도_명지대학교 자연캠퍼스(제1캠퍼스)_건축학부(건축학전공/전통건축전공) (5년제), 경기도_명지대학교 자연캠퍼스(제1캠퍼스)_건축학부 전통건축전공(5년제), 경기도_명지대학교 자연캠퍼스(제1캠퍼스)_건축학부 건축학전공(5년제), 경기도_명지대학교 자연캠퍼스(제1캠퍼스)_건축대학, 경기도_성균관대학교(제2캠퍼스)_건축학과, 경기도_수원대학교(제1캠퍼스)_건축학, 경기도_수원대학교(제1캠퍼스)_건축도시부동산학부, 경기도_아주대학교(제1캠퍼스)_건축학과, 경기도_중부대학교(제2캠퍼스)_건축학전공, 경기도_중부대학교(제2캠퍼스)_건축학과, 경기도_한경국립대학교(제1캠퍼스)_건축융합학부, 경기도_한경국립대학교(제1캠퍼스)_건축학전공, 경기도_한양대학교 ERICA캠퍼스(제1캠퍼스)_건축학전공, 경기도_한양대학교 ERICA캠퍼스(제1캠퍼스)_스마트융합공학부 건축IT융합전공, 경기도_한양대학교 ERICA캠퍼스(제1캠퍼스)_스마트융합공학부 지속가능건축융합전공, 강원특별자치도_가톨릭관동대학교(제1캠퍼스)_건축학전공, 강원특별자치도_가톨릭관동대학교(제1캠퍼스)_건축학부, 강원특별자치도_강원대학교(제1캠퍼스)_건축학전공(5년제), 강원특별자치도_강원대학교(제2캠퍼스)_건설융합학부 건축학전공, 강원특별자치도_강원대학교(제2캠퍼스)_건축시스템공학과, 강원특별자치도_강원대학교(제1캠퍼스)_건축학부, 강원특별자치도_강원대학교(제2캠퍼스)_건축학과(5), 강원특별자치도_강원대학교(제2캠퍼스)_건설융합학부, 강원특별자치도_강원대학교(제2캠퍼스)_건축학전공(5년제), 강원특별자치도_강원대학교(제1캠퍼스)_건축학과(5), 강원특별자치도_강원대학교(제2캠퍼스)_건설융합학부 건축공학전공, 강원특별자치도_강원대학교(제2캠퍼스)_해양건설시스템공학과, 강원특별자치도_한라대학교(제1캠퍼스)_건축학과, 충청북도_국립한국교통대학교(제1캠퍼스)_건축학전공, 충청북도_국립한국교통대학교(제1캠퍼스)_건축학부, 충청북도_국립한국교통대학교(제1캠퍼스)_건축학과, 충청북도_서원대학교(제1캠퍼스)_건축학과, 충청북도_세명대학교(제1캠퍼스)_건축학과, 충청북도_우석대학교(제2캠퍼스)_건축학과, 충청북도_우석대학교(제2캠퍼스)_건축ㆍ인테리어디자인학과, 충청북도_청주대학교(제1캠퍼스)_건축학과, 충청북도_청주대학교(제1캠퍼스)_건축학ㆍ건축공학전공, 충청북도_청주대학교(제1캠퍼스)_건축학과(5), 충청북도_충북대학교(제1캠퍼스)_건축학과, 충청남도_국립공주대학교(제2캠퍼스)_건축학부 건축학전공, 충청남도_국립공주대학교(제2캠퍼스)_그린스마트건축공학과, 충청남도_국립공주대학교(제2캠퍼스)_건축학과, 충청남도_국립공주대학교(제2캠퍼스)_건축학부 건축공학전공, 충청남도_남서울대학교(제1캠퍼스)_건축학과(5), 충청남도_선문대학교(제1캠퍼스)_건축사회환경공학부, 충청남도_선문대학교(제1캠퍼스)_건축학부, 충청남도_순천향대학교(제1캠퍼스)_건축학과(5), 충청남도_한국기술교육대학교(제1캠퍼스)_디자인ㆍ건축공학부, 충청남도_한국기술교육대학교(제1캠퍼스)_건축공학부, 충청남도_한국전통문화대학교(제1캠퍼스)_전통건축학과, 충청남도_한서대학교(제1캠퍼스)_건축학과, 충청남도_호서대학교(제1캠퍼스)_건축학과, 전북특별자치도_국립군산대학교(제1캠퍼스)_건축ㆍ해양건설융합공학부, 전북특별자치도_국립군산대학교(제1캠퍼스)_공간디자인융합기술학부, 전북특별자치도_국립군산대학교(제1캠퍼스)_건축공학부, 전북특별자치도_국립군산대학교(제1캠퍼스)_건축공학부(건축공학전공), 전북특별자치도_국립군산대학교(제1캠퍼스)_공간디자인융합기술학부(공간디자인융합기술학전공), 전북특별자치도_국립군산대학교(제1캠퍼스)_해양건설공학과, 전북특별자치도_원광대학교(제1캠퍼스)_건축학과, 전북특별자치도_전북대학교(제1캠퍼스)_한옥학과, 전북특별자치도_전북대학교(제1캠퍼스)_한옥건축학과, 전북특별자치도_전주대학교(제1캠퍼스)_건축학과, 전북특별자치도_호원대학교(제1캠퍼스)_건축인테리어학과, 전북특별자치도_호원대학교(제1캠퍼스)_건축학과, 전라남도_국립목포대학교(제1캠퍼스)_건축학과, 전라남도_국립목포해양대학교(제1캠퍼스)_해양ㆍ플랜트건설공학과, 전라남도_국립목포해양대학교(제1캠퍼스)_해양건설공학과, 전라남도_국립순천대학교(제1캠퍼스)_건축학부, 전라남도_동신대학교(제1캠퍼스)_건축학과, 전라남도_초당대학교(제1캠퍼스)_건축학과, 경상북도_경일대학교(제1캠퍼스)_건축디자인과(5년제), 경상북도_국립금오공과대학교(제1캠퍼스)_건축학전공(5년), 경상북도_대구가톨릭대학교(제1캠퍼스)_건축학과, 경상북도_대구한의대학교(제1캠퍼스)_스마트시티건축학전공, 경상북도_대구한의대학교(제1캠퍼스)_건축학전공, 경상북도_동양대학교(제1캠퍼스)_스마트건축공학과, 경상북도_동양대학교(제1캠퍼스)_건축소방안전학과, 경상북도_신경주대학교(제1캠퍼스)_전통건축학과, 경상북도_영남대학교(제1캠퍼스)_건축학전공, 경상북도_영남대학교(제1캠퍼스)_건축학부, 경상북도_영남대학교(제1캠퍼스)_건축디자인전공, 경상남도_경남대학교(제1캠퍼스)_건축학전공(5년), 경상남도_경남대학교(제1캠퍼스)_건축학부, 경상남도_경상국립대학교(제1캠퍼스)_건축학과, 경상남도_경상국립대학교(제1캠퍼스)_건축시스템공학전공, 경상남도_경상국립대학교(제1캠퍼스)_건축공학부, 경상남도_국립창원대학교(제1캠퍼스)_건축학부 건축학전공, 경상남도_국립창원대학교(제1캠퍼스)_건축학부 건축공학전공, 경상남도_국립창원대학교(제1캠퍼스)_건축학전공, 경상남도_인제대학교(제1캠퍼스)_건축학과, 경상남도_인제대학교(제1캠퍼스)_실내건축학과(예체능), 경상남도_인제대학교(제1캠퍼스)_실내건축학과, 제주특별자치도_제주국제대학교(제1캠퍼스)_건설공학부 건축학전공, 제주특별자치도_제주국제대학교(제1캠퍼스)_건축학과, 제주특별자치도_제주대학교(제1캠퍼스)_건축학전공, 제주특별자치도_제주대학교(제1캠퍼스)_건축학과, 세종특별자치시_홍익대학교 세종캠퍼스(제2캠퍼스)_건축공학부 건축디자인전공(5년제), 세종특별자치시_홍익대학교 세종캠퍼스(제2캠퍼스)_건축공학부 건축공학전공, 세종특별자치시_홍익대학교 세종캠퍼스(제2캠퍼스)_건축공학부, 세종특별자치시_홍익대학교 세종캠퍼스(제2캠퍼스)_건축공학부 건축학전공(5년제)","일반 선택: 대수, 미적분 Ⅰ,확률과 통계, 물리학, 화학, 세계시민과 지리, 사회와 문화, 세계사 등 | 진로 선택: 기하, 미적분Ⅱ, 도시의 미래 탐구, 역학과 에너지, 물질과 에너지,화학 반응의 세계, 지구시스템과학, 한국지리탐구 등 | 융합 선택: 융합 과학 탐구, 과학의 역사와 문화, 기후변화와 환경생태, 창의공학 설계, 기후변화와 지속가능한 세계 등","공통과목: 수학, 사회, 과학, 기술ㆍ가정 | 일반선택과목: 수학교과 : 수학ⅠㆍⅡ, 미적분, 확률과 통계 | 진로선택과목: 실용수학, 기하, 수학과제 탐구, 사회문제 탐구, 물리학Ⅱ, 화학Ⅱ, 지구과학Ⅱ, 생활과 과학, 융합과학, 공학 일반 | 전문교과Ⅰ: 심화수학ⅠㆍⅡ, 고급 수학ⅠㆍⅡ, 고급 물리학, 물리학 실험, 고급 화학, 화학 실험, 고급 지구과학, 지구과학 실험, 정보과학, 생태와 환경, 과학과제 연구, 지역 이해, 세계 문제와 미래 사회, 사회과제 연구 | 전문교과Ⅱ: 건축 일반, 건축 도면 해석과 제도, 프로그래밍","건설안전기사, 건설재료시험기사, 건축구조기술사, 건축기계정비기술사, 건축기사, 건축목재시공기능장, 건축사, 건축설비기사, 건축시공기술사, 건축일반시공기능장, 건축전기설비기술사, 도시계획기사, 수질환경기사, 실내건축기사, 지적기사, 철도보선산업기사, 토목기사",건설공사품질관리원
10030,문화재보존학과,"서울특별시_동국대학교(제1캠퍼스)_문화재학과, 경기도_용인대학교(제1캠퍼스)_문화재학과, 경기도_중앙승가대학교(제1캠퍼스)_문화재학전공, 충청남도_국립공주대학교(제1캠퍼스)_문화재보존과학과, 충청남도_한국전통문화대학교(제1캠퍼스)_보존과학과, 충청남도_한국전통문화대학교(제1캠퍼스)_문화재관리학과, 충청남도_한국전통문화대학교(제1캠퍼스)_국가유산관리학과, 충청남도_한국전통문화대학교(제1캠퍼스)_문화재보존과학과, 충청남도_한국전통문화대학교(제1캠퍼스)_무형유산학과, 충청남도_한서대학교(제1캠퍼스)_문화재보존학과, 전북특별자치도_예원예술대학교(제1캠퍼스)_문화재보존예술학과, 전라남도_국립목포대학교(제1캠퍼스)_문화유산, 경상북도_국립경국대학교(제1캠퍼스)_문화유산학전공, 경상북도_신경주대학교(제1캠퍼스)_문화재학과, 경상북도_신경주대학교(제1캠퍼스)_문화유산학부, 경상남도_경남대학교(제1캠퍼스)_문화유산복원예술학과","일반 선택: 문학, 독서와 작문, 사회와 문화, 세계시민과 지리, 세계사, 화학, 정보 등 | 진로 선택: 한국지리 탐구, 동아시아 역사 기행, 법과 사회, 인문학과 윤리, 화학 반응의 세계, 미술 감상과 비평, 한문고전 일기, 삶과 종교 등 | 융합 선택: 수학과 문화, 여행지리, 역사로 탐구하는 현대 세계, 사회문제 탐구, 미술과 매체, 지식 재산 일반, 언어생활과 한자 등","공통과목: 사회, 역사, 한문, 수학, 영어, 제2외국어 | 일반선택과목: 사회교과 : 사회문화, 세계사, 동아시아사, 한국지리, 윤리와 사상 | 진로선택과목: 사회문제 탐구, 고전 읽기, 고전과 윤리, 여행지리, 현대 세계의 변화 | 전문교과Ⅰ: 사회탐구 방법, 사회과제 연구, 한국 사회의 이해, 비교 문화, 지역 이해 | 전문교과Ⅱ: 문화콘텐츠 산업 일반","문화재수리기능자, 문화재수리기술자, 박물관및미술관준학예사",문화재보존원
10156,패션디자인학과,"서울특별시_건국대학교(제1캠퍼스)_의상디자인학과, 서울특별시_국민대학교(제1캠퍼스)_의상디자인학과, 서울특별시_덕성여자대학교(제1캠퍼스)_의상디자인학과, 서울특별시_덕성여자대학교(제1캠퍼스)_의상디자인전공, 서울특별시_동덕여자대학교(제1캠퍼스)_디자인학부 패션디자인전공, 서울특별시_동덕여자대학교(제1캠퍼스)_패션디자인학과, 서울특별시_서경대학교(제1캠퍼스)_무대패션전공, 서울특별시_세종대학교(제1캠퍼스)_패션디자인학과, 서울특별시_세종사이버대학교(제1캠퍼스)_패션뷰티경영학과, 서울특별시_이화여자대학교(제1캠퍼스)_섬유예술전공(섬유ㆍ패션학부), 서울특별시_이화여자대학교(제1캠퍼스)_섬유ㆍ패션학부, 서울특별시_한성대학교(제1캠퍼스)_패션디자인전공, 서울특별시_한성대학교(제1캠퍼스)_글로벌패션산업학부, 부산광역시_경성대학교(제1캠퍼스)_패션디자인학과, 부산광역시_국립부경대학교(제1캠퍼스)_패션디자인학과, 부산광역시_동명대학교(제1캠퍼스)_패션디자인학과, 부산광역시_동서대학교(제1캠퍼스)_패션디자인학전공, 부산광역시_동서대학교(제1캠퍼스)_패션디자인학과, 부산광역시_동아대학교(제1캠퍼스)_건축ㆍ디자인ㆍ패션대학 패션디자인학과, 부산광역시_동아대학교(제1캠퍼스)_패션디자인학과, 부산광역시_동의대학교(제1캠퍼스)_패션디자인학과, 부산광역시_신라대학교(제1캠퍼스)_패션디자인학전공, 부산광역시_신라대학교(제1캠퍼스)_패션디자인학과, 부산광역시_신라대학교(제1캠퍼스)_패션디자인전공, 부산광역시_신라대학교(제1캠퍼스)_패션소재디자인전공, 인천광역시_인하대학교(제1캠퍼스)_의류디자인학과, 대전광역시_대전대학교(제1캠퍼스)_패션디자인ㆍ비즈니스학과, 대전광역시_한남대학교(제1캠퍼스)_패션디자인학과, 대구광역시_계명대학교(제2캠퍼스)_텍스타일디자인과, 대구광역시_계명대학교(제2캠퍼스)_패션디자인과, 광주광역시_광주대학교(제1캠퍼스)_패션ㆍ주얼리학부, 광주광역시_광주대학교(제1캠퍼스)_패션주얼리디자인학과, 광주광역시_광주대학교(제1캠퍼스)_패션ㆍ주얼리디자인학부, 광주광역시_조선대학교(제1캠퍼스)_라이프스타일디자인학부(섬유ㆍ패션디자인전공), 광주광역시_호남대학교(제1캠퍼스)_패션디자인학과, 경기도_가천대학교(제1캠퍼스)_미술ㆍ디자인학부(패션디자인), 경기도_경희대학교(제2캠퍼스)_의류디자인학과, 경기도_단국대학교(제1캠퍼스)_디자인학부 패션산업디자인전공, 경기도_명지대학교 자연캠퍼스(제1캠퍼스)_디자인학부 패션디자인전공, 경기도_명지대학교 자연캠퍼스(제1캠퍼스)_패션디자인전공, 경기도_수원대학교(제1캠퍼스)_패션디자인, 경기도_신한대학교(제2캠퍼스)_K뷰티패션학과, 경기도_신한대학교(제2캠퍼스)_패션디자인학과, 경기도_중부대학교(제2캠퍼스)_패션디자인학과, 경기도_중앙대학교(제2캠퍼스)_디자인학부(패션전공), 경기도_중앙대학교(제2캠퍼스)_디자인학부(패션디자인전공), 경기도_평택대학교(제1캠퍼스)_패션디자인및브랜딩학과, 경기도_한양대학교 ERICA캠퍼스(제1캠퍼스)_주얼리ㆍ패션디자인학과, 경기도_화성의과학대학교(제1캠퍼스)_스타일테크학과, 강원특별자치도_국립강릉원주대학교(제1캠퍼스)_패션디자인학과, 강원특별자치도_상지대학교(제1캠퍼스)_패션뷰티학부 패션디자인전공, 강원특별자치도_상지대학교(제1캠퍼스)_패션디자인학과, 충청북도_건국대학교 글로컬캠퍼스(제1캠퍼스)_패션디자인학과, 충청북도_건국대학교 글로컬캠퍼스(제1캠퍼스)_패션디자인전공, 충청북도_세명대학교(제1캠퍼스)_패션디자인학과, 충청북도_우석대학교(제2캠퍼스)_패션스타일링학과, 충청북도_청주대학교(제1캠퍼스)_패션디자인학과, 충청북도_청주대학교(제1캠퍼스)_아트앤패션디자인학과, 충청북도_충북대학교(제1캠퍼스)_패션디자인정보학과, 충청남도_상명대학교(제2캠퍼스)_패션디자인전공, 충청남도_청운대학교(제1캠퍼스)_패션디자인학과, 충청남도_한서대학교(제1캠퍼스)_의상디자인학과, 충청남도_한서대학교(제1캠퍼스)_패션디자인학과, 전북특별자치도_예원예술대학교(제1캠퍼스)_뷰티패션디자인전공, 전북특별자치도_원광대학교(제1캠퍼스)_패션디자인산업학과, 전북특별자치도_원광디지털대학교(제1캠퍼스)_한국복식과학학과, 전북특별자치도_호원대학교(제1캠퍼스)_패션.미용학부, 전북특별자치도_호원대학교(제1캠퍼스)_패션디자인학과, 전라남도_국립순천대학교(제1캠퍼스)_패션디자인학과, 전라남도_국립순천대학교(제1캠퍼스)_패션디자인학전공, 경상북도_경북대학교(제3캠퍼스)_섬유패션디자인학부 패션디자인전공, 경상북도_경북대학교(제3캠퍼스)_섬유패션디자인학부(섬유공학전공, 패션디자인전공), 경상북도_경일대학교(제1캠퍼스)_K-뷰티융합학부 패션디자인전공, 경상북도_경일대학교(제1캠퍼스)_디자인학부 패션디자인전공, 경상북도_국립경국대학교(제1캠퍼스)_패션ㆍ예술ㆍ체육학부, 경상북도_대구가톨릭대학교(제1캠퍼스)_패션디자인과(예체능), 경상북도_대구대학교(제1캠퍼스)_패션디자인학과, 경상북도_대구예술대학교(제1캠퍼스)_패션코스메틱디자인전공, 경상남도_영산대학교(제1캠퍼스)_디자인학부(패션디자인전공), 경상남도_영산대학교(제1캠퍼스)_패션디자인학과","일반 선택: 독서와 작문, 문학, 대수, 확률과 통계, 영어Ⅰ, 영어Ⅱ, 영어 독해오작문, 미술, 정보 등 | 진로 선택: 주제 탐구 독서, 문학과 영상, 미술 창작, 미술 감상과 비평, 인간과 심리 등 | 융합 선택: 매체 의사소통, 미디어 영어, 세계 문화와 영어, 여행지리, 사회문제 탐구, 미술과 매체 등","공통과목: 사회, 체육ㆍ예술 | 일반선택과목: 사회교과 : 경제, 사회ㆍ문화, 생활과 윤리 | 진로선택과목: 미술 창작, 미술 감상과 비평, 지식 재산 일반, 사회문제 탐구 | 전문교과Ⅰ: 미술 이론, 매체 미술, 세계 문제와 미래 사회, 사회 탐구 방법 및 사회과제 연구 | 전문교과Ⅱ: 디자인 일반, 색채 관리, 정보처리와 관리, 빅데이터 분석","숍마스터, 의류기사1급, 의류기사2급, 컬러리스트기사, 패션디자인산업기사, 패션머천다이징산업기사, 한복산업기사",가방디자이너
449,바이오동물과,"서울특별시_동양미래대학교(제1캠퍼스)_바이오융합공학과, 서울특별시_한양여자대학교(제1캠퍼스)_반려동물보건과, 부산광역시_부산경상대학교(제1캠퍼스)_반려동물보건과, 부산광역시_부산보건대학교(제1캠퍼스)_반려동물보건과, 부산광역시_부산여자대학교(제1캠퍼스)_동물보건과, 인천광역시_경인여자대학교(제1캠퍼스)_반려동물보건학과(3년제), 인천광역시_경인여자대학교(제1캠퍼스)_반려동물보건학과, 인천광역시_경인여자대학교(제1캠퍼스)_반려동물산업학과, 인천광역시_재능대학교(제1캠퍼스)_바이오코스메틱과, 대전광역시_우송정보대학(제1캠퍼스)_동물보건과, 대구광역시_계명문화대학교(제1캠퍼스)_반려동물보건과, 대구광역시_수성대학교(제1캠퍼스)_반려동물보건과, 대구광역시_영남이공대학교(제1캠퍼스)_반려동물보건과, 대구광역시_영진전문대학교(제1캠퍼스)_동물보건과, 경기도_대림대학교(제1캠퍼스)_바이오헬스케어과, 경기도_동원대학교(제1캠퍼스)_동물보건과, 경기도_서정대학교(제1캠퍼스)_반려동물보건과, 경기도_서정대학교(제1캠퍼스)_동물보건과, 경기도_수원여자대학교(제2캠퍼스)_펫케어과, 경기도_신구대학교(제1캠퍼스)_바이오동물전공, 경기도_신안산대학교(제1캠퍼스)_반려동물보건과, 경기도_연성대학교(제1캠퍼스)_반려동물보건과(3년제), 경기도_오산대학교(제1캠퍼스)_동물보건과, 경기도_용인예술과학대학교(제1캠퍼스)_반려동물보건과, 경기도_유한대학교(제1캠퍼스)_건강웰니스학과 반려동물산업전공, 경기도_유한대학교(제1캠퍼스)_반려동물보건학과, 경기도_장안대학교(제1캠퍼스)_바이오동물보건과, 경기도_장안대학교(제1캠퍼스)_바이오동물보호과, 충청북도_대원대학교(제1캠퍼스)_바이오메디컬과, 충청남도_연암대학교(제1캠퍼스)_동물보호학과, 전북특별자치도_전북과학대학교(제1캠퍼스)_천연물바이오과, 전북특별자치도_전주기전대학(제1캠퍼스)_동물보건과, 전라남도_청암대학교(제1캠퍼스)_반려동물보건과, 경상북도_대경대학교(제1캠퍼스)_동물보건과, 경상북도_안동과학대학교(제1캠퍼스)_바이오헴프과","일반 선택: 대수, 미적분 Ⅰ, 확률과 통계, 물리학, 화학, 생명과학, 정보 등 | 진로 선택: 기하, 미적분Ⅱ, 물질과 에너지, 화학 반응의 세계, 세포와 물질대사, 생물의 유전 등 | 융합 선택: 융합과학 탐구, 기후변화와 지속가능한 세계 등","공통과목: 과학, 윤리, 교양, 수학 | 일반선택과목: 과학교과 : 생명과학Ⅰ, 화학Ⅰ | 진로선택과목: 생명과학Ⅱ, 융합과학, 생활과 과학, 화학Ⅱ, 농업생명과학, 사회문제 탐구 | 전문교과Ⅰ: 고급생명과학, 생명과학 실험, 과학과제 연구, 융합과학 탐구, 생태와 환경, 정보과학, 사회탐구 방법 | 전문교과Ⅱ: 생명공학 기술, 인간과 환경","실험동물기술원, 축산산업기사",생명과학시험원
340,반려동물과,"부산광역시_경남정보대학교(제1캠퍼스)_반려동물학과, 부산광역시_경남정보대학교(제1캠퍼스)_반려동물라이프계열, 부산광역시_경남정보대학교(제1캠퍼스)_반려동물케어과, 부산광역시_부산경상대학교(제1캠퍼스)_반려동물과, 부산광역시_부산경상대학교(제1캠퍼스)_반려동물산업과, 부산광역시_부산여자대학교(제1캠퍼스)_반려동물과, 인천광역시_경인여자대학교(제1캠퍼스)_펫토탈케어과, 대전광역시_대덕대학교(제1캠퍼스)_펫토탈케어과, 대전광역시_대덕대학교(제1캠퍼스)_반려동물과, 대전광역시_대전과학기술대학교(제1캠퍼스)_반려동물학과, 대전광역시_대전과학기술대학교(제1캠퍼스)_애완동물과, 대전광역시_대전보건대학교(제1캠퍼스)_반려동물과, 대전광역시_대전보건대학교(제1캠퍼스)_펫토탈케어과, 대전광역시_우송정보대학(제1캠퍼스)_K마이스터 스쿨 펫케어전공, 대전광역시_우송정보대학(제1캠퍼스)_반려동물학부, 대구광역시_계명문화대학교(제1캠퍼스)_펫토탈케어과, 대구광역시_계명문화대학교(제1캠퍼스)_펫토탈케어학부, 대구광역시_영남이공대학교(제1캠퍼스)_반려동물스타일리스트과, 대구광역시_영남이공대학교(제1캠퍼스)_반려동물케어과, 대구광역시_영진전문대학교(제1캠퍼스)_반려동물과, 경기도_경복대학교(제1캠퍼스)_반려동물보건과, 경기도_국제대학교(제1캠퍼스)_반려동물과, 경기도_국제대학교(제1캠퍼스)_반려동물학과, 경기도_동원대학교(제1캠퍼스)_반려동물과, 경기도_부천대학교(제1캠퍼스)_반려동물과, 경기도_서정대학교(제1캠퍼스)_반려동물과, 경기도_서정대학교(제1캠퍼스)_반려동물학과, 경기도_서정대학교(제1캠퍼스)_애완동물과, 경기도_수원여자대학교(제2캠퍼스)_반려동물과, 경기도_신구대학교(제1캠퍼스)_애완동물과, 경기도_신구대학교(제1캠퍼스)_애완동물전공, 경기도_신구대학교(제1캠퍼스)_반려동물과, 경기도_신안산대학교(제1캠퍼스)_반려동물과, 경기도_안산대학교(제1캠퍼스)_동물매개케어학과(성인학습자), 경기도_연성대학교(제1캠퍼스)_반려동물과, 경기도_연성대학교(제1캠퍼스)_반려동물산업과, 경기도_오산대학교(제1캠퍼스)_반려동물관리과, 경기도_용인예술과학대학교(제1캠퍼스)_반려동물과, 경기도_용인예술과학대학교(제1캠퍼스)_반려동물과(2년제), 충청북도_충북보건과학대학교(제1캠퍼스)_반려동물문화학과, 충청북도_충청대학교(제1캠퍼스)_반려동물과, 충청북도_충청대학교(제1캠퍼스)_애완동물과, 충청남도_연암대학교(제1캠퍼스)_동물보호계열, 충청남도_혜전대학교(제1캠퍼스)_애완동물관리과, 충청남도_혜전대학교(제1캠퍼스)_반려동물과, 충청남도_혜전대학교(제1캠퍼스)_반려동물토탈케어과, 전북특별자치도_원광보건대학교(제1캠퍼스)_반려동물산업과, 전북특별자치도_전주기전대학(제1캠퍼스)_반려동물과(자연과학), 전북특별자치도_전주기전대학(제1캠퍼스)_반려동물과, 전북특별자치도_전주기전대학(제1캠퍼스)_애완동물관리과, 전라남도_동아보건대학교(제1캠퍼스)_반려동물전공, 전라남도_청암대학교(제1캠퍼스)_반려동물산업과, 경상북도_가톨릭상지대학교(제1캠퍼스)_반려동물과, 경상북도_구미대학교(제1캠퍼스)_반려동물케어과, 경상북도_대경대학교(제1캠퍼스)_신산업창조학부 동물조련이벤트전공, 경상북도_선린대학교(제1캠퍼스)_반려동물과, 경상북도_안동과학대학교(제1캠퍼스)_반려동물케어과","일반 선택: 대수, 미적분Ⅰ, 확률과 통계, 화학, 생명과학, 지구과학, 정보 등 | 진로 선택: 미적분Ⅱ, 인공지능 수학, 물질과 에너지, 화학 반응의 세계, 세포와 물질대사, 생물의 유전, 생활과학 탐구 등 | 융합 선택: 실용 통계, 기후변화와 환경생태 등","공통과목: 과학, 윤리, 교양, 수학 | 일반선택과목: 과학교과 : 생명과학Ⅰ, 화학Ⅰ | 진로선택과목: 생명과학Ⅱ, 융합과학, 생활과 과학, 화학Ⅱ, 농업생명과학, 사회문제 탐구 | 전문교과Ⅰ: 고급생명과학, 생명과학 실험, 과학과제 연구, 융합과학 탐구, 생태와 환경, 정보과학, 사회탐구 방법 | 전문교과Ⅱ: 생명공학 기술, 인간과 환경","반려동물관리사, 애견미용사, 축산기능사",반려동물미용사
245,산림자원학과,"서울특별시_건국대학교(제1캠퍼스)_산림조경전공, 서울특별시_서울대학교(제1캠퍼스)_산림과학부, 대전광역시_충남대학교(제1캠퍼스)_환경임산자원학부, 대전광역시_충남대학교(제1캠퍼스)_산림환경자원학과, 대구광역시_경북대학교(제1캠퍼스)_산림과학.조경학부(임학전공,임산공학전공,조경학전공), 대구광역시_경북대학교(제1캠퍼스)_산림과학.조경학부 임학전공, 대구광역시_경북대학교(제1캠퍼스)_산림과학.조경학부 임산공학전공, 광주광역시_전남대학교(제1캠퍼스)_산림자원학부, 광주광역시_전남대학교(제1캠퍼스)_산림자원학과, 경기도_국제사이버대학교(제1캠퍼스)_식물치유클리닉학과, 강원특별자치도_가톨릭관동대학교(제1캠퍼스)_산림치유학과, 강원특별자치도_강원대학교(제1캠퍼스)_산림자원학과, 강원특별자치도_강원대학교(제1캠퍼스)_산림환경보호학전공, 강원특별자치도_강원대학교(제1캠퍼스)_산림자원조성학전공, 강원특별자치도_강원대학교(제1캠퍼스)_시설농업학전공, 강원특별자치도_강원대학교(제1캠퍼스)_산림과학부, 강원특별자치도_강원대학교(제1캠퍼스)_산림소재공학전공, 강원특별자치도_강원대학교(제1캠퍼스)_산림자원학전공, 강원특별자치도_강원대학교(제1캠퍼스)_산림환경보호학과, 강원특별자치도_강원대학교(제1캠퍼스)_산림자원보호학전공, 강원특별자치도_강원대학교(제1캠퍼스)_산림응용공학부, 강원특별자치도_상지대학교(제1캠퍼스)_산림조경학부 산림과학전공, 강원특별자치도_상지대학교(제1캠퍼스)_산림과학과, 충청북도_우석대학교(제2캠퍼스)_산림조경원예학과, 충청북도_충북대학교(제1캠퍼스)_산림학과, 충청남도_국립공주대학교(제3캠퍼스)_산림과학과, 충청남도_국립공주대학교(제3캠퍼스)_산림자원학과, 전북특별자치도_전북대학교(제1캠퍼스)_목재응용과학과, 전북특별자치도_전북대학교(제1캠퍼스)_산림자원학과, 전라남도_국립목포대학교(제1캠퍼스)_산림자원, 전라남도_국립순천대학교(제1캠퍼스)_산림자원학전공, 전라남도_국립순천대학교(제1캠퍼스)_산림자원ㆍ조경학부(산림자원학전공), 전라남도_국립순천대학교(제1캠퍼스)_산림자원.조경학부, 경상북도_경북대학교(제3캠퍼스)_산림생태보호학과, 경상북도_국립경국대학교(제1캠퍼스)_산림과학전공, 경상북도_국립경국대학교(제1캠퍼스)_산림과학과, 경상북도_대구가톨릭대학교(제1캠퍼스)_원예치료전공, 경상북도_대구가톨릭대학교(제1캠퍼스)_스마트그린케어학과, 경상북도_대구대학교(제1캠퍼스)_산림자원학과, 경상북도_대구한의대학교(제1캠퍼스)_산림비즈니스학과, 경상북도_영남대학교(제1캠퍼스)_산림자원및조경학과, 경상북도_영남대학교(제1캠퍼스)_산림자원학과, 경상남도_경상국립대학교(제1캠퍼스)_산림융복합학전공, 경상남도_경상국립대학교(제1캠퍼스)_산림환경자원학전공, 경상남도_경상국립대학교(제1캠퍼스)_농업식물과학과, 경상남도_경상국립대학교(제1캠퍼스)_환경산림과학부 산림융복합학전공(야), 경상남도_경상국립대학교(제1캠퍼스)_산림자원학과, 경상남도_경상국립대학교(제1캠퍼스)_산림환경자원학과, 경상남도_경상국립대학교(제1캠퍼스)_환경산림과학부(통합대학)","일반 선택: 대수, 미적분Ⅰ, 확률과 통계, 물리학, 화학, 생명과학, 정보 | 진로 선택: 미적분Ⅱ, 인공지능 수학, 한국지리 탐구, 물질과 에너지, 화학 반응의 세계, 세포와 물질대사, 생물의 유전, 지구시스템과학, 생활과학 탐구 | 융합 선택: 실용 통계, 기후변화와 환경생태","공통과목: 과학, 교양, 사회, 영어 | 일반선택과목: 과학교과 : 생명과학Ⅰ, 화학Ⅰ, 지구과학Ⅰ, 물리Ⅰ | 진로선택과목: 생명과학Ⅱ, 융합과학, 생활과 과학, 화학Ⅱ, 농업생명과학, 공학일반, 창의경영, 여행 지리, 실용수학 | 전문교과Ⅰ: 고급 생명과학, 생명과학 실험, 물리화학 실험, 융합과학 탐구, 과학과제 연구, 생태와 환경 | 전문교과Ⅱ: 산림 자원, 산림 휴양, 인간과 환경, 환경화학 기초","산림기사, 생물분류기사, 숲길체험지도사, 유아숲지도사, 임업종묘기사, 자연생태복원기사, 종자기사",산림경영지도원
309,시각디자인학과,"서울특별시_경희사이버대학교(제1캠퍼스)_시각미디어디자인전공, 서울특별시_국민대학교(제1캠퍼스)_AI디자인학과, 서울특별시_국민대학교(제1캠퍼스)_시각디자인학과, 서울특별시_덕성여자대학교(제1캠퍼스)_시각디자인학과, 서울특별시_덕성여자대학교(제1캠퍼스)_시각디자인전공, 서울특별시_동덕여자대학교(제1캠퍼스)_시각&실내디자인학과, 서울특별시_동덕여자대학교(제1캠퍼스)_디자인학부 시각&실내디자인전공, 서울특별시_디지털서울문화예술대학교(제1캠퍼스)_시각영상디자인학과, 서울특별시_서경대학교(제1캠퍼스)_시각정보디자인전공, 서울특별시_서경대학교(제1캠퍼스)_VD_비주얼디자인, 서울특별시_서울과학기술대학교(제1캠퍼스)_시각문화융합디자인학과, 서울특별시_서울과학기술대학교(제1캠퍼스)_디자인학과(시각디자인전공), 서울특별시_서울여자대학교(제1캠퍼스)_시각디자인전공, 서울특별시_숙명여자대학교(제1캠퍼스)_시각ㆍ영상디자인과, 서울특별시_숭실사이버대학교(제1캠퍼스)_뉴미디어디자인학과, 서울특별시_연세대학교(제1캠퍼스)_통합디자인학과, 서울특별시_이화여자대학교(제1캠퍼스)_시각디자인전공, 서울특별시_한양사이버대학교(제1캠퍼스)_시각디자인학과, 서울특별시_한양사이버대학교(제1캠퍼스)_뉴미디어디자인학과, 서울특별시_홍익대학교(제1캠퍼스)_디자인학부 시각디자인전공, 부산광역시_경성대학교(제1캠퍼스)_시각디자인학과, 부산광역시_경성대학교(제1캠퍼스)_시각디자인학전공, 부산광역시_경성대학교(제1캠퍼스)_영상애니메이션학부, 부산광역시_고신대학교(제1캠퍼스)_시각디자인학과, 부산광역시_국립부경대학교(제1캠퍼스)_시각디자인전공, 부산광역시_동명대학교(제1캠퍼스)_시각디자인학과, 부산광역시_동서대학교(제1캠퍼스)_비쥬얼디자인학전공, 부산광역시_동서대학교(제1캠퍼스)_시각디자인전공, 부산광역시_동서대학교(제1캠퍼스)_Digital Design학과, 부산광역시_동서대학교(제1캠퍼스)_시각디자인학전공, 부산광역시_신라대학교(제1캠퍼스)_시각디자인전공, 부산광역시_신라대학교(제1캠퍼스)_시각디자인학전공, 부산광역시_신라대학교(제1캠퍼스)_시각디자인학과, 인천광역시_인천가톨릭대학교(제2캠퍼스)_시각디자인학과, 인천광역시_인하대학교(제1캠퍼스)_디자인테크놀로지학과, 대전광역시_국립한밭대학교(제1캠퍼스)_시각디자인학과, 대전광역시_국립한밭대학교(제1캠퍼스)_시각ㆍ영상디자인학과, 대전광역시_목원대학교(제1캠퍼스)_시각커뮤니케이션디자인학과, 대구광역시_경북대학교(제1캠퍼스)_시각정보디자인학과, 대구광역시_계명대학교(제2캠퍼스)_시각디자인과, 울산광역시_울산대학교(제1캠퍼스)_시각디자인학전공, 광주광역시_광주대학교(제1캠퍼스)_시각영상디자인학과, 광주광역시_조선대학교(제1캠퍼스)_시각디자인학과, 광주광역시_호남대학교(제1캠퍼스)_시각융합디자인학과, 경기도_가천대학교(제1캠퍼스)_미술ㆍ디자인학부(시각디자인전공), 경기도_강남대학교(제1캠퍼스)_복지융합인재학부 유니버설비주얼디자인전공, 경기도_강남대학교(제1캠퍼스)_유니버설아트디자인학과, 경기도_강남대학교(제1캠퍼스)_예체능학부 유니버설아트디자인전공, 경기도_경기대학교(제1캠퍼스)_시각정보디자인전공, 경기도_경희대학교(제2캠퍼스)_시각디자인학과, 경기도_대진대학교(제1캠퍼스)_시각디자인학과, 경기도_명지대학교 자연캠퍼스(제1캠퍼스)_디자인학부 시각디자인전공, 경기도_명지대학교 자연캠퍼스(제1캠퍼스)_비주얼커뮤니케이션디자인전공, 경기도_명지대학교 자연캠퍼스(제1캠퍼스)_디자인학부 영상디자인전공, 경기도_예원예술대학교(제2캠퍼스)_시각영상디자인전공, 경기도_을지대학교(제2캠퍼스)_시각디자인전공, 경기도_중앙대학교(제2캠퍼스)_디자인학부(시각디자인전공), 경기도_한경국립대학교(제1캠퍼스)_시각미디어디자인전공, 경기도_한세대학교(제1캠퍼스)_시각정보디자인학과, 경기도_협성대학교(제1캠퍼스)_시각조형디자인학과, 경기도_협성대학교(제1캠퍼스)_시각디자인학과, 강원특별자치도_가톨릭관동대학교(제1캠퍼스)_CG디자인전공, 강원특별자치도_강원대학교(제2캠퍼스)_시각멀티미디어디자인학과, 강원특별자치도_상지대학교(제1캠퍼스)_시각영상디자인학과, 강원특별자치도_연세대학교 미래캠퍼스(제1캠퍼스)_시각디자인학전공, 충청북도_건국대학교 글로컬캠퍼스(제1캠퍼스)_시각영상디자인학과, 충청북도_건국대학교 글로컬캠퍼스(제1캠퍼스)_시각영상디자인전공, 충청북도_세명대학교(제1캠퍼스)_시각ㆍ영상디자인학과, 충청북도_우석대학교(제2캠퍼스)_시각커뮤니케이션디자인학과, 충청북도_청주대학교(제1캠퍼스)_시각디자인학과, 충청남도_건양대학교(제1캠퍼스)_시각디자인전공, 충청남도_건양대학교(제1캠퍼스)_시각디자인학과, 충청남도_남서울대학교(제1캠퍼스)_시각정보디자인학과, 충청남도_남서울대학교(제1캠퍼스)_시각미디어디자인학과, 충청남도_단국대학교(제2캠퍼스)_시각디자인과, 충청남도_상명대학교(제2캠퍼스)_디자인학부 ARㆍVR미디어디자인전공, 충청남도_상명대학교(제2캠퍼스)_시각디자인학과, 충청남도_상명대학교(제2캠퍼스)_시각디자인전공, 충청남도_선문대학교(제1캠퍼스)_시각디자인학과, 충청남도_한서대학교(제1캠퍼스)_시각디자인학과, 충청남도_호서대학교(제1캠퍼스)_디지털프로덕트디자인학과, 충청남도_호서대학교(제1캠퍼스)_시각디자인학과, 전북특별자치도_예원예술대학교(제1캠퍼스)_시각디자인전공, 전북특별자치도_예원예술대학교(제1캠퍼스)_시각디자인학과, 전북특별자치도_예원예술대학교(제1캠퍼스)_시각ㆍ영상디자인전공, 전북특별자치도_원광대학교(제1캠퍼스)_시각정보디자인학과, 전북특별자치도_전주대학교(제1캠퍼스)_시각디자인학과, 전북특별자치도_전주대학교(제1캠퍼스)_시각디자인전공, 전북특별자치도_호원대학교(제1캠퍼스)_미디어컨텐츠디자인학과, 전라남도_국립목포대학교(제1캠퍼스)_시각디자인, 경상북도_경운대학교(제1캠퍼스)_시각영상애니메이션전공, 경상북도_경일대학교(제1캠퍼스)_디자인학부 시각영상디자인전공, 경상북도_대구가톨릭대학교(제1캠퍼스)_시각영상디자인과, 경상북도_대구가톨릭대학교(제1캠퍼스)_미디어ㆍ디자인전공, 경상북도_대구가톨릭대학교(제1캠퍼스)_시각디자인과, 경상북도_대구대학교(제1캠퍼스)_시각디자인융합학부(시각디자인전공), 경상북도_대구대학교(제1캠퍼스)_시각디자인학과, 경상북도_대구대학교(제1캠퍼스)_시각디자인융합학부, 경상북도_대구대학교(제1캠퍼스)_시각디자인융합학부(서비스마케팅디자인전공), 경상북도_대구예술대학교(제1캠퍼스)_시각디자인전공, 경상북도_대구예술대학교(제1캠퍼스)_시각콘텐츠학과, 경상북도_영남대학교(제1캠퍼스)_시각디자인학과, 경상남도_경상국립대학교(제1캠퍼스)_디자인비즈니스학과, 경상남도_영산대학교(제1캠퍼스)_시각영상디자인전공, 경상남도_영산대학교(제1캠퍼스)_시각영상디자인학과, 세종특별자치시_홍익대학교 세종캠퍼스(제2캠퍼스)_디자인컨버전스학부","일반 선택: 독서와 작문, 문학, 대수, 확률과 통계, 영어Ⅰ, 영어Ⅱ, 영어 독해오작문, 미술, 정보 등 | 진로 선택: 주제 탐구 독서, 문학과 영상, 미술 창작, 미술 감상과 비평, 인간과 심리 등 | 융합 선택: 매체 의사소통, 미디어 영어, 세계 문화와 영어, 여행지리, 사회문제 탐구, 미술과 매체 등","공통과목: 미술, 윤리 | 일반선택과목: 예술교과 : 미술 | 진로선택과목: 미술 창작, 미술 감상과 비평 | 전문교과Ⅰ: 미술 이론, 미술사, 드로잉, 미술 전공 실기 | 전문교과Ⅱ: 디자인 일반, 시각 디자인, 색채 관리","광고디자인산업기사, 시각디자인산업기사, 웹디자인기능사, 의장디자인산업기사, 전자출판기능사, 컬러리스트기사및산업기사, 컴퓨터그래픽스운용기사, 포장디자인산업기사",광고디자이너
458,재활학과,"서울특별시_서울디지털대학교(제1캠퍼스)_예술치료전공, 서울특별시_서울사이버대학교(제1캠퍼스)_음악치료학과, 서울특별시_서울한영대학교(제1캠퍼스)_유아특수재활학과, 서울특별시_성신여자대학교(제1캠퍼스)_운동재활복지학과, 서울특별시_숭실사이버대학교(제1캠퍼스)_스포츠재활복지학과, 서울특별시_총신대학교(제1캠퍼스)_중독재활상담학과, 서울특별시_한국열린사이버대학교(제1캠퍼스)_통합치유학과, 서울특별시_한양사이버대학교(제1캠퍼스)_미술치료학과, 부산광역시_고신대학교(제1캠퍼스)_재활상담학과, 부산광역시_고신대학교(제1캠퍼스)_재활치료학과, 부산광역시_동명대학교(제1캠퍼스)_언어치료청각재활학과, 부산광역시_동명대학교(제1캠퍼스)_선명상치유학과, 부산광역시_동명대학교(제1캠퍼스)_스포츠재활학과, 부산광역시_동서대학교(제1캠퍼스)_운동처방학전공, 부산광역시_동서대학교(제1캠퍼스)_운동처방학과, 부산광역시_동서대학교(제1캠퍼스)_시니어운동처방학과, 부산광역시_부산디지털대학교(제1캠퍼스)_상담치료학부, 부산광역시_부산외국어대학교(제1캠퍼스)_스포츠재활학과, 인천광역시_가천대학교(제2캠퍼스)_운동재활복지학과, 인천광역시_가천대학교(제2캠퍼스)_운동재활학과, 대전광역시_건양사이버대학교(제1캠퍼스)_행동재활치료학과, 대전광역시_건양사이버대학교(제1캠퍼스)_행동발달치료학과, 대전광역시_우송대학교(제1캠퍼스)_언어치료ㆍ청각재활학과, 광주광역시_광주대학교(제1캠퍼스)_언어재활상담학과, 광주광역시_광주여자대학교(제1캠퍼스)_미래융합학부(언어재활심리학과), 광주광역시_광주여자대학교(제1캠퍼스)_미래융합학부(언어재활전공), 광주광역시_송원대학교(제1캠퍼스)_재활보건관리학과(자연), 광주광역시_송원대학교(제1캠퍼스)_재활보건학과, 경기도_가천대학교(제1캠퍼스)_운동재활학과, 경기도_차의과학대학교(제1캠퍼스)_미술치료학과, 경기도_한경국립대학교(제2캠퍼스)_의료재활공학전공, 경기도_한신대학교(제1캠퍼스)_재활학과, 경기도_한신대학교(제1캠퍼스)_재활상담학과, 경기도_한신대학교(제1캠퍼스)_재활상담학, 강원특별자치도_가톨릭관동대학교(제1캠퍼스)_언어재활학과, 강원특별자치도_가톨릭관동대학교(제1캠퍼스)_중독재활상담학과, 강원특별자치도_가톨릭관동대학교(제1캠퍼스)_언어재활상담학과, 강원특별자치도_가톨릭관동대학교(제1캠퍼스)_치매전문재활학과, 강원특별자치도_가톨릭관동대학교(제1캠퍼스)_중독재활학과, 강원특별자치도_가톨릭관동대학교(제1캠퍼스)_통합치유학과, 강원특별자치도_상지대학교(제1캠퍼스)_놀이심리치료학과, 강원특별자치도_연세대학교 미래캠퍼스(제1캠퍼스)_재활보건학전공, 충청북도_극동대학교(제1캠퍼스)_재활상담치료학과, 충청북도_서원대학교(제1캠퍼스)_헬스케어운동학과, 충청남도_건양대학교(제1캠퍼스)_재활퍼스널트레이닝학과, 충청남도_건양대학교(제1캠퍼스)_심리상담치료학과, 충청남도_나사렛대학교(제1캠퍼스)_재활자립학부, 충청남도_나사렛대학교(제1캠퍼스)_재활공학과, 충청남도_나사렛대학교(제1캠퍼스)_심리재활학전공, 충청남도_나사렛대학교(제1캠퍼스)_재활학트랙, 충청남도_나사렛대학교(제1캠퍼스)_인간재활학전공, 충청남도_단국대학교(제2캠퍼스)_운동처방재활학과, 충청남도_한서대학교(제1캠퍼스)_의료재활학과, 전북특별자치도_우석대학교(제1캠퍼스)_재활학과, 전북특별자치도_전주대학교(제1캠퍼스)_운동처방학과, 전북특별자치도_전주대학교(제1캠퍼스)_재활학과, 전북특별자치도_전주대학교(제1캠퍼스)_예술심리치료학과, 전북특별자치도_한일장신대학교(제1캠퍼스)_운동처방재활학과, 전북특별자치도_호원대학교(제1캠퍼스)_보건헬스케어학과, 전라남도_동신대학교(제1캠퍼스)_운동처방학과, 경상북도_김천대학교(제1캠퍼스)_스포츠재활학과, 경상북도_대구가톨릭대학교(제1캠퍼스)_의료재활학과, 경상북도_대구가톨릭대학교(제1캠퍼스)_재활치료전공, 경상북도_대구대학교(제1캠퍼스)_재활건강증진학과, 경상북도_대구대학교(제1캠퍼스)_의료재활학과, 경상북도_대구대학교(제1캠퍼스)_재활과학계열, 경상북도_대구대학교(제1캠퍼스)_재활심리학과, 경상북도_대구대학교(제1캠퍼스)_재활상담학과, 경상북도_대구사이버대학교(제1캠퍼스)_미술치료학과, 경상북도_대구사이버대학교(제1캠퍼스)_놀이치료학과, 경상북도_대구사이버대학교(제1캠퍼스)_발달재활학과, 경상북도_대구사이버대학교(제1캠퍼스)_심리운동학과, 경상북도_대구사이버대학교(제1캠퍼스)_재활상담학과, 경상북도_대구예술대학교(제1캠퍼스)_복지&심리상담전공, 경상북도_대구한의대학교(제1캠퍼스)_미술놀이치료학과, 경상북도_대구한의대학교(제1캠퍼스)_노인재활치료학과, 경상북도_대구한의대학교(제1캠퍼스)_미술심리치료전공, 경상북도_대구한의대학교(제1캠퍼스)_미술치료학전공, 경상북도_대구한의대학교(제1캠퍼스)_재활치료학전공, 경상북도_대구한의대학교(제1캠퍼스)_미술심리치료학과, 경상북도_대구한의대학교(제1캠퍼스)_치유산업학과, 경상북도_대구한의대학교(제1캠퍼스)_재활치료학부, 경상북도_신경주대학교(제1캠퍼스)_스포츠재활학과, 경상남도_가야대학교(제1캠퍼스)_스포츠재활복지학과, 경상남도_가야대학교(제1캠퍼스)_스포츠재활복지학부, 경상남도_영산대학교(제1캠퍼스)_실버재활학과, 제주특별자치도_제주국제대학교(제1캠퍼스)_복지상담학부 언어치료학전공","일반 선택: 물리학, 화학, 생명과학, 현대사회와 윤리 등 | 진로 선택: 세포와 물질대사, 생물의 유전, 법과 사회, 보건 등 | 융합 선택: 융합과학 탐구 등","공통과목: 영어, 과학 | 일반선택과목: 영어교과 : 영어Ⅰ, 영어Ⅱ, 영어 독해와 작문 | 진로선택과목: 생명과학Ⅱ | 전문교과Ⅰ: 체육지도법, 개인ㆍ대인 운동, 체육 전공 실기 응용 | 전문교과Ⅱ: 인체 구조와 기능, 기초 간호 임상 실무, 보건 간호","물리치료사, 작업치료사, 특수교육교사",물리치료사
10027,스포츠재활과,"서울특별시_서일대학교(제1캠퍼스)_스포츠헬스케어학과, 부산광역시_경남정보대학교(제1캠퍼스)_뷰티헬스과, 부산광역시_경남정보대학교(제1캠퍼스)_스포츠재활지도학과, 부산광역시_경남정보대학교(제1캠퍼스)_스포츠재활트레이닝과, 부산광역시_동의과학대학교(제1캠퍼스)_스포츠재활트레이닝과, 부산광역시_부산과학기술대학교(제1캠퍼스)_재활운동건강과, 부산광역시_부산보건대학교(제1캠퍼스)_스포츠재활과(자연), 부산광역시_부산여자대학교(제1캠퍼스)_아동스포츠재활무용과(3년제), 부산광역시_부산예술대학교(제1캠퍼스)_스포츠재활&다이어트과, 인천광역시_경인여자대학교(제1캠퍼스)_스포츠헬스케어학과, 인천광역시_인하공업전문대학(제1캠퍼스)_스포츠헬스케어학과, 인천광역시_재능대학교(제1캠퍼스)_스포츠재활과, 대구광역시_대구보건대학교(제1캠퍼스)_스포츠재활학과, 대구광역시_영남이공대학교(제1캠퍼스)_스포츠재활과, 대구광역시_영남이공대학교(제1캠퍼스)_스포츠재활ㆍ운동관리과, 대구광역시_영남이공대학교(제1캠퍼스)_스포츠건강재활계열, 대구광역시_영진전문대학교(제1캠퍼스)_스포츠재활과, 울산광역시_울산과학대학교(제1캠퍼스)_스포츠재활학부(자연과학계열), 울산광역시_울산과학대학교(제1캠퍼스)_스포츠재활학부 스포츠재활전공, 울산광역시_울산과학대학교(제1캠퍼스)_스포츠재활학부 스포츠지도전공(자연과학계열), 울산광역시_울산과학대학교(제1캠퍼스)_스포츠건강재활학과, 울산광역시_울산과학대학교(제1캠퍼스)_스포츠재활학부 스포츠지도전공, 울산광역시_울산과학대학교(제1캠퍼스)_스포츠재활학부 스포츠재활전공(자연과학계열), 광주광역시_동강대학교(제1캠퍼스)_스포츠재활트레이닝과, 광주광역시_조선이공대학교(제1캠퍼스)_스포츠재활학부, 광주광역시_조선이공대학교(제1캠퍼스)_스포츠재활학부 웰빙헬스케어전공, 광주광역시_조선이공대학교(제1캠퍼스)_스포츠재활과, 광주광역시_조선이공대학교(제1캠퍼스)_스포츠재활학부 스포츠재활전공, 광주광역시_조선이공대학교(제1캠퍼스)_스포츠재활학과, 경기도_국제대학교(제1캠퍼스)_스포츠헬스케어학과, 경기도_대림대학교(제1캠퍼스)_스포츠재활과(스포츠학부), 경기도_대림대학교(제1캠퍼스)_스포츠재활학부, 경기도_두원공과대학교(제1캠퍼스)_재활운동과학과(2년제), 경기도_두원공과대학교(제2캠퍼스)_스포츠재활과, 경기도_두원공과대학교(제1캠퍼스)_재활운동과학과, 경기도_두원공과대학교(제1캠퍼스)_스포츠재활치료과, 경기도_부천대학교(제1캠퍼스)_재활스포츠학과, 경기도_부천대학교(제1캠퍼스)_재활스포츠과, 경기도_신구대학교(제1캠퍼스)_스포츠재활과, 경기도_여주대학교(제1캠퍼스)_건강운동재활학과, 경기도_연성대학교(제1캠퍼스)_스포츠케어과, 경기도_연성대학교(제1캠퍼스)_스포츠재활과, 경기도_유한대학교(제1캠퍼스)_건강웰니스학과 스포츠재활전공, 경기도_장안대학교(제1캠퍼스)_운동처방과, 경기도_장안대학교(제1캠퍼스)_스포츠재활과, 강원특별자치도_강릉영동대학교(제1캠퍼스)_스포츠재활전공, 강원특별자치도_강릉영동대학교(제1캠퍼스)_스포츠레저헬스케어계열, 강원특별자치도_한국골프과학기술대학교(제1캠퍼스)_골프재활과, 강원특별자치도_한국골프과학기술대학교(제1캠퍼스)_골프재활헬스케어과, 충청북도_강동대학교(제1캠퍼스)_스포츠재활과, 충청북도_대원대학교(제1캠퍼스)_운동재활과, 충청북도_충북보건과학대학교(제1캠퍼스)_스포츠재활과, 충청북도_충북보건과학대학교(제1캠퍼스)_스포츠과학과, 충청북도_충청대학교(제1캠퍼스)_사회체육학부 스포츠재활과, 충청북도_충청대학교(제1캠퍼스)_스포츠재활과, 전북특별자치도_전주기전대학(제1캠퍼스)_운동재활과, 전북특별자치도_전주기전대학(제1캠퍼스)_말산업스포츠재활과, 전북특별자치도_전주기전대학(제1캠퍼스)_운동재활과(예체능), 전라남도_나주대학교(제1캠퍼스)_재활복지스포츠학부, 전라남도_목포과학대학교(제1캠퍼스)_스포츠과학과, 전라남도_전남과학대학교(제1캠퍼스)_뉴로테크헬스케어학과, 전라남도_청암대학교(제1캠퍼스)_재활스포츠과, 경상북도_대경대학교(제1캠퍼스)_스포츠재활과, 경상북도_문경대학교(제1캠퍼스)_스포츠재활과, 경상남도_경남도립거창대학(제1캠퍼스)_스포츠재활운동관리과, 경상남도_김해대학교(제1캠퍼스)_스포츠재활과(축구), 경상남도_동원과학기술대학교(제1캠퍼스)_스포츠재활운동학과, 경상남도_동원과학기술대학교(제1캠퍼스)_스포츠재활학부, 경상남도_동원과학기술대학교(제1캠퍼스)_재활스포츠과, 경상남도_동원과학기술대학교(제1캠퍼스)_스포츠재활운동학부","일반 선택: 독서와 작문, 문학, 대수, 미적분Ⅰ, 확률과 통계, 영어 I,프, 영어 독해와 작문, 현대사회와 윤리, 생명과학, 화학, 정보, 교육학 등 | 진로 선택: 법과 사회, 물질과 에너지, 화학 반응의 세계, 세포와 물질대사, 생물의 유전 등 | 융합 선택: 실생활 영어 회화, 실용 통계, 윤리문제 탐구 등","공통과목: 체육, 윤리 | 일반선택과목: 체육교과 : 체육, 운동과 건강 | 진로선택과목: 스포츠 생활, 체육 탐구 | 전문교과Ⅰ: 스포츠 개론, 체육 지도법, 체육 전공 실기 기초, 체육 전공 실기 심화, 체육 전공 실기 응용 | 전문교과Ⅱ: 인체 구조와 기능, 간호의 기초","사회복지사, 생활스포츠지도자, 요양보호사, 응급구조사, 장애인재활상담사",간병인
20,건축학과,"서울특별시_건국대학교(제1캠퍼스)_건축설계전공, 서울특별시_건국대학교(제1캠퍼스)_건축학과, 서울특별시_건국대학교(제1캠퍼스)_건축학부, 서울특별시_건국대학교(제1캠퍼스)_건축학전공, 서울특별시_고려대학교(제1캠퍼스)_건축학과, 서울특별시_고려대학교(제1캠퍼스)_건축사회환경공학부, 서울특별시_고려사이버대학교(제1캠퍼스)_건축공학부, 서울특별시_광운대학교(제1캠퍼스)_건축학과, 서울특별시_국민대학교(제1캠퍼스)_건축학부, 서울특별시_국민대학교(제1캠퍼스)_건축학전공, 서울특별시_국민대학교(제1캠퍼스)_건축시스템전공, 서울특별시_국민대학교(제1캠퍼스)_건축설계전공, 서울특별시_동국대학교(제1캠퍼스)_건축학전공, 서울특별시_동국대학교(제1캠퍼스)_건축공학부, 서울특별시_삼육대학교(제1캠퍼스)_건축학과(5년제), 서울특별시_삼육대학교(제1캠퍼스)_건축학과(4년제), 서울특별시_서울과학기술대학교(제1캠퍼스)_건축학부건축공학전공, 서울특별시_서울과학기술대학교(제1캠퍼스)_건축학부건축학전공, 서울특별시_서울대학교(제1캠퍼스)_건축학과(건축공학전공), 서울특별시_서울대학교(제1캠퍼스)_건축학과, 서울특별시_서울대학교(제1캠퍼스)_건축학과(건축학전공(5년)), 서울특별시_서울사이버대학교(제1캠퍼스)_건축공간디자인학과, 서울특별시_서울시립대학교(제1캠퍼스)_건축학부 건축공학전공, 서울특별시_서울시립대학교(제1캠퍼스)_건축학부 건축학전공(5년제), 서울특별시_세종대학교(제1캠퍼스)_건축학전공, 서울특별시_세종대학교(제1캠퍼스)_건축학과, 서울특별시_세종사이버대학교(제1캠퍼스)_건축ㆍ도시계획학과, 서울특별시_숭실대학교(제1캠퍼스)_건축학부 건축공학전공, 서울특별시_숭실대학교(제1캠퍼스)_건축학부, 서울특별시_숭실대학교(제1캠퍼스)_건축학부 실내건축전공, 서울특별시_숭실대학교(제1캠퍼스)_건축학부 건축학전공, 서울특별시_숭실사이버대학교(제1캠퍼스)_건설스마트안전공학과, 서울특별시_연세대학교(제1캠퍼스)_건축공학(4년제), 서울특별시_연세대학교(제1캠퍼스)_건축학(5년제), 서울특별시_연세대학교(제1캠퍼스)_실내건축학과, 서울특별시_이화여자대학교(제1캠퍼스)_건축학전공(5년), 서울특별시_이화여자대학교(제1캠퍼스)_건축도시시스템공학과, 서울특별시_이화여자대학교(제1캠퍼스)_건축학과(5년), 서울특별시_이화여자대학교(제1캠퍼스)_건축도시시스템공학전공, 서울특별시_중앙대학교(제1캠퍼스)_건축학부(건축공학전공), 서울특별시_중앙대학교(제1캠퍼스)_건축학부(건축학전공), 서울특별시_중앙대학교(제1캠퍼스)_건축학부, 서울특별시_한국예술종합학교(제1캠퍼스)_건축과, 서울특별시_한양대학교(제1캠퍼스)_건축공학부, 서울특별시_한양대학교(제1캠퍼스)_건축학부, 서울특별시_한양사이버대학교(제1캠퍼스)_건축도시공학과, 서울특별시_한양사이버대학교(제1캠퍼스)_건축공간디자인학과, 서울특별시_홍익대학교(제1캠퍼스)_건축학부 실내건축학전공, 서울특별시_홍익대학교(제1캠퍼스)_건축학부, 서울특별시_홍익대학교(제1캠퍼스)_건축학부 건축학전공(5년제), 부산광역시_경성대학교(제1캠퍼스)_건축학과(5년제), 부산광역시_경성대학교(제1캠퍼스)_실내건축학과, 부산광역시_국립부경대학교(제1캠퍼스)_건축학전공(5년), 부산광역시_국립한국해양대학교(제1캠퍼스)_해양건축공학과, 부산광역시_동명대학교(제1캠퍼스)_건축학과(5년제), 부산광역시_동명대학교(제1캠퍼스)_실내건축학과, 부산광역시_동명대학교(제1캠퍼스)_건축학과, 부산광역시_동서대학교(제1캠퍼스)_건축설계학전공, 부산광역시_동서대학교(제1캠퍼스)_건축학과, 부산광역시_동아대학교(제1캠퍼스)_건축학과, 부산광역시_동아대학교(제1캠퍼스)_건축학과 실내건축디자인전공, 부산광역시_동아대학교(제1캠퍼스)_건축학과 건축학전공(5년제), 부산광역시_동아대학교(제1캠퍼스)_건축학과(5년제), 부산광역시_동의대학교(제1캠퍼스)_건축학전공, 부산광역시_동의대학교(제1캠퍼스)_건축학과, 부산광역시_부산대학교(제1캠퍼스)_건축학과, 부산광역시_부산대학교(제1캠퍼스)_건축학과(5년제), 부산광역시_신라대학교(제1캠퍼스)_건축학전공(5년제), 부산광역시_신라대학교(제1캠퍼스)_건축학과(4년제, 5년제), 부산광역시_신라대학교(제1캠퍼스)_건축학전공, 부산광역시_신라대학교(제1캠퍼스)_건축학과, 부산광역시_신라대학교(제1캠퍼스)_건축학부, 부산광역시_영산대학교(제2캠퍼스)_건축플랜트학과, 인천광역시_인천대학교(제1캠퍼스)_도시건축학부, 인천광역시_인천대학교(제1캠퍼스)_도시건축학전공, 인천광역시_인하대학교(제1캠퍼스)_건축학전공, 인천광역시_인하대학교(제1캠퍼스)_건축학부, 대전광역시_건양대학교(제2캠퍼스)_건축학과, 대전광역시_국립한밭대학교(제1캠퍼스)_건축학과(5년제), 대전광역시_대전대학교(제1캠퍼스)_건축학과(4), 대전광역시_대전대학교(제1캠퍼스)_건축학과(5), 대전광역시_목원대학교(제1캠퍼스)_건축학부 건축공학전공, 대전광역시_목원대학교(제1캠퍼스)_건축학부, 대전광역시_목원대학교(제1캠퍼스)_건축학부 건축학전공(5년제), 대전광역시_배재대학교(제1캠퍼스)_건축학부, 대전광역시_배재대학교(제1캠퍼스)_건축학전공, 대전광역시_배재대학교(제1캠퍼스)_건축학과, 대전광역시_배재대학교(제1캠퍼스)_실내건축학과, 대전광역시_충남대학교(제1캠퍼스)_스마트시티건축공학과, 대전광역시_충남대학교(제1캠퍼스)_건축학과(5), 대전광역시_한남대학교(제1캠퍼스)_건축학과(5년제), 대구광역시_경북대학교(제1캠퍼스)_건축학부(건축공학전공), 대구광역시_경북대학교(제1캠퍼스)_건축학부(건축학전공), 대구광역시_계명대학교(제1캠퍼스)_건축학과, 울산광역시_울산대학교(제1캠퍼스)_건축학부, 울산광역시_울산대학교(제1캠퍼스)_건축학전공, 광주광역시_광주대학교(제1캠퍼스)_건축학부, 광주광역시_전남대학교(제1캠퍼스)_건축학부, 광주광역시_전남대학교(제1캠퍼스)_건축도시설계전공(5년), 광주광역시_조선대학교(제1캠퍼스)_건축학과(5년제), 광주광역시_호남대학교(제1캠퍼스)_건축학전공, 광주광역시_호남대학교(제1캠퍼스)_건축학과, 광주광역시_호남대학교(제1캠퍼스)_건축학부, 경기도_가천대학교(제1캠퍼스)_건축학전공, 경기도_가천대학교(제1캠퍼스)_실내건축학전공, 경기도_가천대학교(제1캠퍼스)_건축학부, 경기도_경기대학교(제1캠퍼스)_건축학과, 경기도_경기대학교(제1캠퍼스)_건축안전공학과, 경기도_경희대학교(제2캠퍼스)_건축학과, 경기도_단국대학교(제1캠퍼스)_건축학부 건축학전공, 경기도_단국대학교(제1캠퍼스)_건축학과, 경기도_단국대학교(제1캠퍼스)_건축학부 건축공학전공, 경기도_단국대학교(제1캠퍼스)_건축학부, 경기도_대진대학교(제1캠퍼스)_건축공학부, 경기도_명지대학교 자연캠퍼스(제1캠퍼스)_건축학부 건축학전공(5년제), 경기도_명지대학교 자연캠퍼스(제1캠퍼스)_건축학부(건축학전공/전통건축전공) (5년제), 경기도_명지대학교 자연캠퍼스(제1캠퍼스)_건축학부 전통건축전공(5년제), 경기도_명지대학교 자연캠퍼스(제1캠퍼스)_건축대학, 경기도_성균관대학교(제2캠퍼스)_건축학과, 경기도_수원대학교(제1캠퍼스)_건축도시부동산학부, 경기도_수원대학교(제1캠퍼스)_건축학, 경기도_아주대학교(제1캠퍼스)_건축학과, 경기도_중부대학교(제2캠퍼스)_건축학전공, 경기도_중부대학교(제2캠퍼스)_건축학과, 경기도_한경국립대학교(제1캠퍼스)_건축학전공, 경기도_한경국립대학교(제1캠퍼스)_건축융합학부, 경기도_한양대학교 ERICA캠퍼스(제1캠퍼스)_스마트융합공학부 건축IT융합전공, 경기도_한양대학교 ERICA캠퍼스(제1캠퍼스)_건축학전공, 경기도_한양대학교 ERICA캠퍼스(제1캠퍼스)_스마트융합공학부 지속가능건축융합전공, 강원특별자치도_가톨릭관동대학교(제1캠퍼스)_건축학부, 강원특별자치도_가톨릭관동대학교(제1캠퍼스)_건축학전공, 강원특별자치도_강원대학교(제2캠퍼스)_건설융합학부 건축공학전공, 강원특별자치도_강원대학교(제2캠퍼스)_건설융합학부 건축학전공, 강원특별자치도_강원대학교(제2캠퍼스)_건축학과(5), 강원특별자치도_강원대학교(제1캠퍼스)_건축학부, 강원특별자치도_강원대학교(제2캠퍼스)_건축시스템공학과, 강원특별자치도_강원대학교(제2캠퍼스)_건설융합학부, 강원특별자치도_강원대학교(제1캠퍼스)_건축학과(5), 강원특별자치도_강원대학교(제2캠퍼스)_건축학전공(5년제), 강원특별자치도_강원대학교(제2캠퍼스)_해양건설시스템공학과, 강원특별자치도_강원대학교(제1캠퍼스)_건축학전공(5년제), 강원특별자치도_한라대학교(제1캠퍼스)_건축학과, 충청북도_국립한국교통대학교(제1캠퍼스)_건축학부, 충청북도_국립한국교통대학교(제1캠퍼스)_건축학전공, 충청북도_국립한국교통대학교(제1캠퍼스)_건축학과, 충청북도_서원대학교(제1캠퍼스)_건축학과, 충청북도_세명대학교(제1캠퍼스)_건축학과, 충청북도_우석대학교(제2캠퍼스)_건축ㆍ인테리어디자인학과, 충청북도_우석대학교(제2캠퍼스)_건축학과, 충청북도_청주대학교(제1캠퍼스)_건축학과(5), 충청북도_청주대학교(제1캠퍼스)_건축학ㆍ건축공학전공, 충청북도_청주대학교(제1캠퍼스)_건축학과, 충청북도_충북대학교(제1캠퍼스)_건축학과, 충청남도_국립공주대학교(제2캠퍼스)_건축학부 건축학전공, 충청남도_국립공주대학교(제2캠퍼스)_건축학과, 충청남도_국립공주대학교(제2캠퍼스)_그린스마트건축공학과, 충청남도_국립공주대학교(제2캠퍼스)_건축학부 건축공학전공, 충청남도_남서울대학교(제1캠퍼스)_건축학과(5), 충청남도_선문대학교(제1캠퍼스)_건축사회환경공학부, 충청남도_선문대학교(제1캠퍼스)_건축학부, 충청남도_순천향대학교(제1캠퍼스)_건축학과(5), 충청남도_한국기술교육대학교(제1캠퍼스)_디자인ㆍ건축공학부, 충청남도_한국기술교육대학교(제1캠퍼스)_건축공학부, 충청남도_한국전통문화대학교(제1캠퍼스)_전통건축학과, 충청남도_한서대학교(제1캠퍼스)_건축학과, 충청남도_호서대학교(제1캠퍼스)_건축학과, 전북특별자치도_국립군산대학교(제1캠퍼스)_공간디자인융합기술학부(공간디자인융합기술학전공), 전북특별자치도_국립군산대학교(제1캠퍼스)_건축ㆍ해양건설융합공학부, 전북특별자치도_국립군산대학교(제1캠퍼스)_건축공학부, 전북특별자치도_국립군산대학교(제1캠퍼스)_해양건설공학과, 전북특별자치도_국립군산대학교(제1캠퍼스)_공간디자인융합기술학부, 전북특별자치도_국립군산대학교(제1캠퍼스)_건축공학부(건축공학전공), 전북특별자치도_원광대학교(제1캠퍼스)_건축학과, 전북특별자치도_전북대학교(제1캠퍼스)_한옥건축학과, 전북특별자치도_전북대학교(제1캠퍼스)_한옥학과, 전북특별자치도_전주대학교(제1캠퍼스)_건축학과, 전북특별자치도_호원대학교(제1캠퍼스)_건축인테리어학과, 전북특별자치도_호원대학교(제1캠퍼스)_건축학과, 전라남도_국립목포대학교(제1캠퍼스)_건축학과, 전라남도_국립목포해양대학교(제1캠퍼스)_해양건설공학과, 전라남도_국립목포해양대학교(제1캠퍼스)_해양ㆍ플랜트건설공학과, 전라남도_국립순천대학교(제1캠퍼스)_건축학부, 전라남도_동신대학교(제1캠퍼스)_건축학과, 전라남도_초당대학교(제1캠퍼스)_건축학과, 경상북도_경일대학교(제1캠퍼스)_건축디자인과(5년제), 경상북도_국립금오공과대학교(제1캠퍼스)_건축학전공(5년), 경상북도_대구가톨릭대학교(제1캠퍼스)_건축학과, 경상북도_대구한의대학교(제1캠퍼스)_건축학전공, 경상북도_대구한의대학교(제1캠퍼스)_스마트시티건축학전공, 경상북도_동양대학교(제1캠퍼스)_건축소방안전학과, 경상북도_동양대학교(제1캠퍼스)_스마트건축공학과, 경상북도_신경주대학교(제1캠퍼스)_전통건축학과, 경상북도_영남대학교(제1캠퍼스)_건축디자인전공, 경상북도_영남대학교(제1캠퍼스)_건축학전공, 경상북도_영남대학교(제1캠퍼스)_건축학부, 경상남도_경남대학교(제1캠퍼스)_건축학부, 경상남도_경남대학교(제1캠퍼스)_건축학전공(5년), 경상남도_경상국립대학교(제1캠퍼스)_건축시스템공학전공, 경상남도_경상국립대학교(제1캠퍼스)_건축공학부, 경상남도_경상국립대학교(제1캠퍼스)_건축학과, 경상남도_국립창원대학교(제1캠퍼스)_건축학전공, 경상남도_국립창원대학교(제1캠퍼스)_건축학부 건축공학전공, 경상남도_국립창원대학교(제1캠퍼스)_건축학부 건축학전공, 경상남도_인제대학교(제1캠퍼스)_실내건축학과(예체능), 경상남도_인제대학교(제1캠퍼스)_실내건축학과, 경상남도_인제대학교(제1캠퍼스)_건축학과, 제주특별자치도_제주국제대학교(제1캠퍼스)_건축학과, 제주특별자치도_제주국제대학교(제1캠퍼스)_건설공학부 건축학전공, 제주특별자치도_제주대학교(제1캠퍼스)_건축학과, 제주특별자치도_제주대학교(제1캠퍼스)_건축학전공, 세종특별자치시_홍익대학교 세종캠퍼스(제2캠퍼스)_건축공학부 건축디자인전공(5년제), 세종특별자치시_홍익대학교 세종캠퍼스(제2캠퍼스)_건축공학부, 세종특별자치시_홍익대학교 세종캠퍼스(제2캠퍼스)_건축공학부 건축공학전공, 세종특별자치시_홍익대학교 세종캠퍼스(제2캠퍼스)_건축공학부 건축학전공(5년제)","일반 선택: 대수, 미적분 Ⅰ,확률과 통계, 물리학, 화학, 세계시민과 지리, 사회와 문화, 세계사 등 | 진로 선택: 기하, 미적분Ⅱ, 도시의 미래 탐구, 역학과 에너지, 물질과 에너지,화학 반응의 세계, 지구시스템과학, 한국지리탐구 등 | 융합 선택: 융합 과학 탐구, 과학의 역사와 문화, 기후변화와 환경생태, 창의공학 설계, 기후변화와 지속가능한 세계 등","공통과목: 수학, 사회, 과학, 기술ㆍ가정 | 일반선택과목: 수학교과 : 수학ⅠㆍⅡ, 미적분, 확률과 통계 | 진로선택과목: 실용수학, 기하, 수학과제 탐구, 사회문제 탐구, 물리학Ⅱ, 화학Ⅱ, 지구과학Ⅱ, 생활과 과학, 융합과학, 공학 일반 | 전문교과Ⅰ: 심화수학ⅠㆍⅡ, 고급 수학ⅠㆍⅡ, 고급 물리학, 물리학 실험, 고급 화학, 화학 실험, 고급 지구과학, 지구과학 실험, 정보과학, 생태와 환경, 과학과제 연구, 지역 이해, 세계 문제와 미래 사회, 사회과제 연구 | 전문교과Ⅱ: 건축 일반, 건축 도면 해석과 제도, 프로그래밍","건설안전기사, 건설재료시험기사, 건축구조기술사, 건축기계정비기술사, 건축기사, 건축목재시공기능장, 건축사, 건축설비기사, 건축시공기술사, 건축일반시공기능장, 건축전기설비기술사, 도시계획기사, 수질환경기사, 실내건축기사, 지적기사, 철도보선산업기사, 토목기사",건설공사품질관리원
10030,문화재보존학과,"서울특별시_동국대학교(제1캠퍼스)_문화재학과, 경기도_용인대학교(제1캠퍼스)_문화재학과, 경기도_중앙승가대학교(제1캠퍼스)_문화재학전공, 충청남도_국립공주대학교(제1캠퍼스)_문화재보존과학과, 충청남도_한국전통문화대학교(제1캠퍼스)_국가유산관리학과, 충청남도_한국전통문화대학교(제1캠퍼스)_문화재보존과학과, 충청남도_한국전통문화대학교(제1캠퍼스)_무형유산학과, 충청남도_한국전통문화대학교(제1캠퍼스)_보존과학과, 충청남도_한국전통문화대학교(제1캠퍼스)_문화재관리학과, 충청남도_한서대학교(제1캠퍼스)_문화재보존학과, 전북특별자치도_예원예술대학교(제1캠퍼스)_문화재보존예술학과, 전라남도_국립목포대학교(제1캠퍼스)_문화유산, 경상북도_국립경국대학교(제1캠퍼스)_문화유산학전공, 경상북도_신경주대학교(제1캠퍼스)_문화재학과, 경상북도_신경주대학교(제1캠퍼스)_문화유산학부, 경상남도_경남대학교(제1캠퍼스)_문화유산복원예술학과","일반 선택: 문학, 독서와 작문, 사회와 문화, 세계시민과 지리, 세계사, 화학, 정보 등 | 진로 선택: 한국지리 탐구, 동아시아 역사 기행, 법과 사회, 인문학과 윤리, 화학 반응의 세계, 미술 감상과 비평, 한문고전 일기, 삶과 종교 등 | 융합 선택: 수학과 문화, 여행지리, 역사로 탐구하는 현대 세계, 사회문제 탐구, 미술과 매체, 지식 재산 일반, 언어생활과 한자 등","공통과목: 사회, 역사, 한문, 수학, 영어, 제2외국어 | 일반선택과목: 사회교과 : 사회문화, 세계사, 동아시아사, 한국지리, 윤리와 사상 | 진로선택과목: 사회문제 탐구, 고전 읽기, 고전과 윤리, 여행지리, 현대 세계의 변화 | 전문교과Ⅰ: 사회탐구 방법, 사회과제 연구, 한국 사회의 이해, 비교 문화, 지역 이해 | 전문교과Ⅱ: 문화콘텐츠 산업 일반","문화재수리기능자, 문화재수리기술자, 박물관및미술관준학예사",문화재보존원
10156,패션디자인학과,"서울특별시_건국대학교(제1캠퍼스)_의상디자인학과, 서울특별시_국민대학교(제1캠퍼스)_의상디자인학과, 서울특별시_덕성여자대학교(제1캠퍼스)_의상디자인전공, 서울특별시_덕성여자대학교(제1캠퍼스)_의상디자인학과, 서울특별시_동덕여자대학교(제1캠퍼스)_디자인학부 패션디자인전공, 서울특별시_동덕여자대학교(제1캠퍼스)_패션디자인학과, 서울특별시_서경대학교(제1캠퍼스)_무대패션전공, 서울특별시_세종대학교(제1캠퍼스)_패션디자인학과, 서울특별시_세종사이버대학교(제1캠퍼스)_패션뷰티경영학과, 서울특별시_이화여자대학교(제1캠퍼스)_섬유예술전공(섬유ㆍ패션학부), 서울특별시_이화여자대학교(제1캠퍼스)_섬유ㆍ패션학부, 서울특별시_한성대학교(제1캠퍼스)_패션디자인전공, 서울특별시_한성대학교(제1캠퍼스)_글로벌패션산업학부, 부산광역시_경성대학교(제1캠퍼스)_패션디자인학과, 부산광역시_국립부경대학교(제1캠퍼스)_패션디자인학과, 부산광역시_동명대학교(제1캠퍼스)_패션디자인학과, 부산광역시_동서대학교(제1캠퍼스)_패션디자인학전공, 부산광역시_동서대학교(제1캠퍼스)_패션디자인학과, 부산광역시_동아대학교(제1캠퍼스)_건축ㆍ디자인ㆍ패션대학 패션디자인학과, 부산광역시_동아대학교(제1캠퍼스)_패션디자인학과, 부산광역시_동의대학교(제1캠퍼스)_패션디자인학과, 부산광역시_신라대학교(제1캠퍼스)_패션디자인학전공, 부산광역시_신라대학교(제1캠퍼스)_패션디자인학과, 부산광역시_신라대학교(제1캠퍼스)_패션디자인전공, 부산광역시_신라대학교(제1캠퍼스)_패션소재디자인전공, 인천광역시_인하대학교(제1캠퍼스)_의류디자인학과, 대전광역시_대전대학교(제1캠퍼스)_패션디자인ㆍ비즈니스학과, 대전광역시_한남대학교(제1캠퍼스)_패션디자인학과, 대구광역시_계명대학교(제2캠퍼스)_텍스타일디자인과, 대구광역시_계명대학교(제2캠퍼스)_패션디자인과, 광주광역시_광주대학교(제1캠퍼스)_패션ㆍ주얼리학부, 광주광역시_광주대학교(제1캠퍼스)_패션주얼리디자인학과, 광주광역시_광주대학교(제1캠퍼스)_패션ㆍ주얼리디자인학부, 광주광역시_조선대학교(제1캠퍼스)_라이프스타일디자인학부(섬유ㆍ패션디자인전공), 광주광역시_호남대학교(제1캠퍼스)_패션디자인학과, 경기도_가천대학교(제1캠퍼스)_미술ㆍ디자인학부(패션디자인), 경기도_경희대학교(제2캠퍼스)_의류디자인학과, 경기도_단국대학교(제1캠퍼스)_디자인학부 패션산업디자인전공, 경기도_명지대학교 자연캠퍼스(제1캠퍼스)_디자인학부 패션디자인전공, 경기도_명지대학교 자연캠퍼스(제1캠퍼스)_패션디자인전공, 경기도_수원대학교(제1캠퍼스)_패션디자인, 경기도_신한대학교(제2캠퍼스)_K뷰티패션학과, 경기도_신한대학교(제2캠퍼스)_패션디자인학과, 경기도_중부대학교(제2캠퍼스)_패션디자인학과, 경기도_중앙대학교(제2캠퍼스)_디자인학부(패션전공), 경기도_중앙대학교(제2캠퍼스)_디자인학부(패션디자인전공), 경기도_평택대학교(제1캠퍼스)_패션디자인및브랜딩학과, 경기도_한양대학교 ERICA캠퍼스(제1캠퍼스)_주얼리ㆍ패션디자인학과, 경기도_화성의과학대학교(제1캠퍼스)_스타일테크학과, 강원특별자치도_국립강릉원주대학교(제1캠퍼스)_패션디자인학과, 강원특별자치도_상지대학교(제1캠퍼스)_패션뷰티학부 패션디자인전공, 강원특별자치도_상지대학교(제1캠퍼스)_패션디자인학과, 충청북도_건국대학교 글로컬캠퍼스(제1캠퍼스)_패션디자인학과, 충청북도_건국대학교 글로컬캠퍼스(제1캠퍼스)_패션디자인전공, 충청북도_세명대학교(제1캠퍼스)_패션디자인학과, 충청북도_우석대학교(제2캠퍼스)_패션스타일링학과, 충청북도_청주대학교(제1캠퍼스)_아트앤패션디자인학과, 충청북도_청주대학교(제1캠퍼스)_패션디자인학과, 충청북도_충북대학교(제1캠퍼스)_패션디자인정보학과, 충청남도_상명대학교(제2캠퍼스)_패션디자인전공, 충청남도_청운대학교(제1캠퍼스)_패션디자인학과, 충청남도_한서대학교(제1캠퍼스)_의상디자인학과, 충청남도_한서대학교(제1캠퍼스)_패션디자인학과, 전북특별자치도_예원예술대학교(제1캠퍼스)_뷰티패션디자인전공, 전북특별자치도_원광대학교(제1캠퍼스)_패션디자인산업학과, 전북특별자치도_원광디지털대학교(제1캠퍼스)_한국복식과학학과, 전북특별자치도_호원대학교(제1캠퍼스)_패션디자인학과, 전북특별자치도_호원대학교(제1캠퍼스)_패션.미용학부, 전라남도_국립순천대학교(제1캠퍼스)_패션디자인학과, 전라남도_국립순천대학교(제1캠퍼스)_패션디자인학전공, 경상북도_경북대학교(제3캠퍼스)_섬유패션디자인학부 패션디자인전공, 경상북도_경북대학교(제3캠퍼스)_섬유패션디자인학부(섬유공학전공, 패션디자인전공), 경상북도_경일대학교(제1캠퍼스)_K-뷰티융합학부 패션디자인전공, 경상북도_경일대학교(제1캠퍼스)_디자인학부 패션디자인전공, 경상북도_국립경국대학교(제1캠퍼스)_패션ㆍ예술ㆍ체육학부, 경상북도_대구가톨릭대학교(제1캠퍼스)_패션디자인과(예체능), 경상북도_대구대학교(제1캠퍼스)_패션디자인학과, 경상북도_대구예술대학교(제1캠퍼스)_패션코스메틱디자인전공, 경상남도_영산대학교(제1캠퍼스)_디자인학부(패션디자인전공), 경상남도_영산대학교(제1캠퍼스)_패션디자인학과","일반 선택: 독서와 작문, 문학, 대수, 확률과 통계, 영어Ⅰ, 영어Ⅱ, 영어 독해오작문, 미술, 정보 등 | 진로 선택: 주제 탐구 독서, 문학과 영상, 미술 창작, 미술 감상과 비평, 인간과 심리 등 | 융합 선택: 매체 의사소통, 미디어 영어, 세계 문화와 영어, 여행지리, 사회문제 탐구, 미술과 매체 등","공통과목: 사회, 체육ㆍ예술 | 일반선택과목: 사회교과 : 경제, 사회ㆍ문화, 생활과 윤리 | 진로선택과목: 미술 창작, 미술 감상과 비평, 지식 재산 일반, 사회문제 탐구 | 전문교과Ⅰ: 미술 이론, 매체 미술, 세계 문제와 미래 사회, 사회 탐구 방법 및 사회과제 연구 | 전문교과Ⅱ: 디자인 일반, 색채 관리, 정보처리와 관리, 빅데이터 분석","숍마스터, 의류기사1급, 의류기사2급, 컬러리스트기사, 패션디자인산업기사, 패션머천다이징산업기사, 한복산업기사",가방디자이너
449,바이오동물과,"서울특별시_동양미래대학교(제1캠퍼스)_바이오융합공학과, 서울특별시_한양여자대학교(제1캠퍼스)_반려동물보건과, 부산광역시_부산경상대학교(제1캠퍼스)_반려동물보건과, 부산광역시_부산보건대학교(제1캠퍼스)_반려동물보건과, 부산광역시_부산여자대학교(제1캠퍼스)_동물보건과, 인천광역시_경인여자대학교(제1캠퍼스)_반려동물산업학과, 인천광역시_경인여자대학교(제1캠퍼스)_반려동물보건학과(3년제), 인천광역시_경인여자대학교(제1캠퍼스)_반려동물보건학과, 인천광역시_재능대학교(제1캠퍼스)_바이오코스메틱과, 대전광역시_우송정보대학(제1캠퍼스)_동물보건과, 대구광역시_계명문화대학교(제1캠퍼스)_반려동물보건과, 대구광역시_수성대학교(제1캠퍼스)_반려동물보건과, 대구광역시_영남이공대학교(제1캠퍼스)_반려동물보건과, 대구광역시_영진전문대학교(제1캠퍼스)_동물보건과, 경기도_대림대학교(제1캠퍼스)_바이오헬스케어과, 경기도_동원대학교(제1캠퍼스)_동물보건과, 경기도_서정대학교(제1캠퍼스)_반려동물보건과, 경기도_서정대학교(제1캠퍼스)_동물보건과, 경기도_수원여자대학교(제2캠퍼스)_펫케어과, 경기도_신구대학교(제1캠퍼스)_바이오동물전공, 경기도_신안산대학교(제1캠퍼스)_반려동물보건과, 경기도_연성대학교(제1캠퍼스)_반려동물보건과(3년제), 경기도_오산대학교(제1캠퍼스)_동물보건과, 경기도_용인예술과학대학교(제1캠퍼스)_반려동물보건과, 경기도_유한대학교(제1캠퍼스)_반려동물보건학과, 경기도_유한대학교(제1캠퍼스)_건강웰니스학과 반려동물산업전공, 경기도_장안대학교(제1캠퍼스)_바이오동물보건과, 경기도_장안대학교(제1캠퍼스)_바이오동물보호과, 충청북도_대원대학교(제1캠퍼스)_바이오메디컬과, 충청남도_연암대학교(제1캠퍼스)_동물보호학과, 전북특별자치도_전북과학대학교(제1캠퍼스)_천연물바이오과, 전북특별자치도_전주기전대학(제1캠퍼스)_동물보건과, 전라남도_청암대학교(제1캠퍼스)_반려동물보건과, 경상북도_대경대학교(제1캠퍼스)_동물보건과, 경상북도_안동과학대학교(제1캠퍼스)_바이오헴프과","일반 선택: 대수, 미적분 Ⅰ, 확률과 통계, 물리학, 화학, 생명과학, 정보 등 | 진로 선택: 기하, 미적분Ⅱ, 물질과 에너지, 화학 반응의 세계, 세포와 물질대사, 생물의 유전 등 | 융합 선택: 융합과학 탐구, 기후변화와 지속가능한 세계 등","공통과목: 과학, 윤리, 교양, 수학 | 일반선택과목: 과학교과 : 생명과학Ⅰ, 화학Ⅰ | 진로선택과목: 생명과학Ⅱ, 융합과학, 생활과 과학, 화학Ⅱ, 농업생명과학, 사회문제 탐구 | 전문교과Ⅰ: 고급생명과학, 생명과학 실험, 과학과제 연구, 융합과학 탐구, 생태와 환경, 정보과학, 사회탐구 방법 | 전문교과Ⅱ: 생명공학 기술, 인간과 환경","실험동물기술원, 축산산업기사",생명과학시험원
340,반려동물과,"부산광역시_경남정보대학교(제1캠퍼스)_반려동물케어과, 부산광역시_경남정보대학교(제1캠퍼스)_반려동물학과, 부산광역시_경남정보대학교(제1캠퍼스)_반려동물라이프계열, 부산광역시_부산경상대학교(제1캠퍼스)_반려동물산업과, 부산광역시_부산경상대학교(제1캠퍼스)_반려동물과, 부산광역시_부산여자대학교(제1캠퍼스)_반려동물과, 인천광역시_경인여자대학교(제1캠퍼스)_펫토탈케어과, 대전광역시_대덕대학교(제1캠퍼스)_반려동물과, 대전광역시_대덕대학교(제1캠퍼스)_펫토탈케어과, 대전광역시_대전과학기술대학교(제1캠퍼스)_애완동물과, 대전광역시_대전과학기술대학교(제1캠퍼스)_반려동물학과, 대전광역시_대전보건대학교(제1캠퍼스)_펫토탈케어과, 대전광역시_대전보건대학교(제1캠퍼스)_반려동물과, 대전광역시_우송정보대학(제1캠퍼스)_K마이스터 스쿨 펫케어전공, 대전광역시_우송정보대학(제1캠퍼스)_반려동물학부, 대구광역시_계명문화대학교(제1캠퍼스)_펫토탈케어학부, 대구광역시_계명문화대학교(제1캠퍼스)_펫토탈케어과, 대구광역시_영남이공대학교(제1캠퍼스)_반려동물스타일리스트과, 대구광역시_영남이공대학교(제1캠퍼스)_반려동물케어과, 대구광역시_영진전문대학교(제1캠퍼스)_반려동물과, 경기도_경복대학교(제1캠퍼스)_반려동물보건과, 경기도_국제대학교(제1캠퍼스)_반려동물학과, 경기도_국제대학교(제1캠퍼스)_반려동물과, 경기도_동원대학교(제1캠퍼스)_반려동물과, 경기도_부천대학교(제1캠퍼스)_반려동물과, 경기도_서정대학교(제1캠퍼스)_반려동물과, 경기도_서정대학교(제1캠퍼스)_반려동물학과, 경기도_서정대학교(제1캠퍼스)_애완동물과, 경기도_수원여자대학교(제2캠퍼스)_반려동물과, 경기도_신구대학교(제1캠퍼스)_반려동물과, 경기도_신구대학교(제1캠퍼스)_애완동물과, 경기도_신구대학교(제1캠퍼스)_애완동물전공, 경기도_신안산대학교(제1캠퍼스)_반려동물과, 경기도_안산대학교(제1캠퍼스)_동물매개케어학과(성인학습자), 경기도_연성대학교(제1캠퍼스)_반려동물과, 경기도_연성대학교(제1캠퍼스)_반려동물산업과, 경기도_오산대학교(제1캠퍼스)_반려동물관리과, 경기도_용인예술과학대학교(제1캠퍼스)_반려동물과(2년제), 경기도_용인예술과학대학교(제1캠퍼스)_반려동물과, 충청북도_충북보건과학대학교(제1캠퍼스)_반려동물문화학과, 충청북도_충청대학교(제1캠퍼스)_애완동물과, 충청북도_충청대학교(제1캠퍼스)_반려동물과, 충청남도_연암대학교(제1캠퍼스)_동물보호계열, 충청남도_혜전대학교(제1캠퍼스)_애완동물관리과, 충청남도_혜전대학교(제1캠퍼스)_반려동물과, 충청남도_혜전대학교(제1캠퍼스)_반려동물토탈케어과, 전북특별자치도_원광보건대학교(제1캠퍼스)_반려동물산업과, 전북특별자치도_전주기전대학(제1캠퍼스)_반려동물과(자연과학), 전북특별자치도_전주기전대학(제1캠퍼스)_반려동물과, 전북특별자치도_전주기전대학(제1캠퍼스)_애완동물관리과, 전라남도_동아보건대학교(제1캠퍼스)_반려동물전공, 전라남도_청암대학교(제1캠퍼스)_반려동물산업과, 경상북도_가톨릭상지대학교(제1캠퍼스)_반려동물과, 경상북도_구미대학교(제1캠퍼스)_반려동물케어과, 경상북도_대경대학교(제1캠퍼스)_신산업창조학부 동물조련이벤트전공, 경상북도_선린대학교(제1캠퍼스)_반려동물과, 경상북도_안동과학대학교(제1캠퍼스)_반려동물케어과","일반 선택: 대수, 미적분Ⅰ, 확률과 통계, 화학, 생명과학, 지구과학, 정보 등 | 진로 선택: 미적분Ⅱ, 인공지능 수학, 물질과 에너지, 화학 반응의 세계, 세포와 물질대사, 생물의 유전, 생활과학 탐구 등 | 융합 선택: 실용 통계, 기후변화와 환경생태 등","공통과목: 과학, 윤리, 교양, 수학 | 일반선택과목: 과학교과 : 생명과학Ⅰ, 화학Ⅰ | 진로선택과목: 생명과학Ⅱ, 융합과학, 생활과 과학, 화학Ⅱ, 농업생명과학, 사회문제 탐구 | 전문교과Ⅰ: 고급생명과학, 생명과학 실험, 과학과제 연구, 융합과학 탐구, 생태와 환경, 정보과학, 사회탐구 방법 | 전문교과Ⅱ: 생명공학 기술, 인간과 환경","반려동물관리사, 애견미용사, 축산기능사",반려동물미용사
245,산림자원학과,"서울특별시_건국대학교(제1캠퍼스)_산림조경전공, 서울특별시_서울대학교(제1캠퍼스)_산림과학부, 대전광역시_충남대학교(제1캠퍼스)_환경임산자원학부, 대전광역시_충남대학교(제1캠퍼스)_산림환경자원학과, 대구광역시_경북대학교(제1캠퍼스)_산림과학.조경학부 임학전공, 대구광역시_경북대학교(제1캠퍼스)_산림과학.조경학부 임산공학전공, 대구광역시_경북대학교(제1캠퍼스)_산림과학.조경학부(임학전공,임산공학전공,조경학전공), 광주광역시_전남대학교(제1캠퍼스)_산림자원학부, 광주광역시_전남대학교(제1캠퍼스)_산림자원학과, 경기도_국제사이버대학교(제1캠퍼스)_식물치유클리닉학과, 강원특별자치도_가톨릭관동대학교(제1캠퍼스)_산림치유학과, 강원특별자치도_강원대학교(제1캠퍼스)_시설농업학전공, 강원특별자치도_강원대학교(제1캠퍼스)_산림과학부, 강원특별자치도_강원대학교(제1캠퍼스)_산림자원조성학전공, 강원특별자치도_강원대학교(제1캠퍼스)_산림소재공학전공, 강원특별자치도_강원대학교(제1캠퍼스)_산림자원학전공, 강원특별자치도_강원대학교(제1캠퍼스)_산림환경보호학과, 강원특별자치도_강원대학교(제1캠퍼스)_산림자원보호학전공, 강원특별자치도_강원대학교(제1캠퍼스)_산림응용공학부, 강원특별자치도_강원대학교(제1캠퍼스)_산림자원학과, 강원특별자치도_강원대학교(제1캠퍼스)_산림환경보호학전공, 강원특별자치도_상지대학교(제1캠퍼스)_산림과학과, 강원특별자치도_상지대학교(제1캠퍼스)_산림조경학부 산림과학전공, 충청북도_우석대학교(제2캠퍼스)_산림조경원예학과, 충청북도_충북대학교(제1캠퍼스)_산림학과, 충청남도_국립공주대학교(제3캠퍼스)_산림자원학과, 충청남도_국립공주대학교(제3캠퍼스)_산림과학과, 전북특별자치도_전북대학교(제1캠퍼스)_산림자원학과, 전북특별자치도_전북대학교(제1캠퍼스)_목재응용과학과, 전라남도_국립목포대학교(제1캠퍼스)_산림자원, 전라남도_국립순천대학교(제1캠퍼스)_산림자원ㆍ조경학부(산림자원학전공), 전라남도_국립순천대학교(제1캠퍼스)_산림자원.조경학부, 전라남도_국립순천대학교(제1캠퍼스)_산림자원학전공, 경상북도_경북대학교(제3캠퍼스)_산림생태보호학과, 경상북도_국립경국대학교(제1캠퍼스)_산림과학전공, 경상북도_국립경국대학교(제1캠퍼스)_산림과학과, 경상북도_대구가톨릭대학교(제1캠퍼스)_원예치료전공, 경상북도_대구가톨릭대학교(제1캠퍼스)_스마트그린케어학과, 경상북도_대구대학교(제1캠퍼스)_산림자원학과, 경상북도_대구한의대학교(제1캠퍼스)_산림비즈니스학과, 경상북도_영남대학교(제1캠퍼스)_산림자원및조경학과, 경상북도_영남대학교(제1캠퍼스)_산림자원학과, 경상남도_경상국립대학교(제1캠퍼스)_농업식물과학과, 경상남도_경상국립대학교(제1캠퍼스)_환경산림과학부 산림융복합학전공(야), 경상남도_경상국립대학교(제1캠퍼스)_산림자원학과, 경상남도_경상국립대학교(제1캠퍼스)_산림환경자원학과, 경상남도_경상국립대학교(제1캠퍼스)_환경산림과학부(통합대학), 경상남도_경상국립대학교(제1캠퍼스)_산림융복합학전공, 경상남도_경상국립대학교(제1캠퍼스)_산림환경자원학전공","일반 선택: 대수, 미적분Ⅰ, 확률과 통계, 물리학, 화학, 생명과학, 정보 | 진로 선택: 미적분Ⅱ, 인공지능 수학, 한국지리 탐구, 물질과 에너지, 화학 반응의 세계, 세포와 물질대사, 생물의 유전, 지구시스템과학, 생활과학 탐구 | 융합 선택: 실용 통계, 기후변화와 환경생태","공통과목: 과학, 교양, 사회, 영어 | 일반선택과목: 과학교과 : 생명과학Ⅰ, 화학Ⅰ, 지구과학Ⅰ, 물리Ⅰ | 진로선택과목: 생명과학Ⅱ, 융합과학, 생활과 과학, 화학Ⅱ, 농업생명과학, 공학일반, 창의경영, 여행 지리, 실용수학 | 전문교과Ⅰ: 고급 생명과학, 생명과학 실험, 물리화학 실험, 융합과학 탐구, 과학과제 연구, 생태와 환경 | 전문교과Ⅱ: 산림 자원, 산림 휴양, 인간과 환경, 환경화학 기초","산림기사, 생물분류기사, 숲길체험지도사, 유아숲지도사, 임업종묘기사, 자연생태복원기사, 종자기사",산림경영지도원
309,시각디자인학과,"서울특별시_경희사이버대학교(제1캠퍼스)_시각미디어디자인전공, 서울특별시_국민대학교(제1캠퍼스)_AI디자인학과, 서울특별시_국민대학교(제1캠퍼스)_시각디자인학과, 서울특별시_덕성여자대학교(제1캠퍼스)_시각디자인학과, 서울특별시_덕성여자대학교(제1캠퍼스)_시각디자인전공, 서울특별시_동덕여자대학교(제1캠퍼스)_디자인학부 시각&실내디자인전공, 서울특별시_동덕여자대학교(제1캠퍼스)_시각&실내디자인학과, 서울특별시_디지털서울문화예술대학교(제1캠퍼스)_시각영상디자인학과, 서울특별시_서경대학교(제1캠퍼스)_시각정보디자인전공, 서울특별시_서경대학교(제1캠퍼스)_VD_비주얼디자인, 서울특별시_서울과학기술대학교(제1캠퍼스)_시각문화융합디자인학과, 서울특별시_서울과학기술대학교(제1캠퍼스)_디자인학과(시각디자인전공), 서울특별시_서울여자대학교(제1캠퍼스)_시각디자인전공, 서울특별시_숙명여자대학교(제1캠퍼스)_시각ㆍ영상디자인과, 서울특별시_숭실사이버대학교(제1캠퍼스)_뉴미디어디자인학과, 서울특별시_연세대학교(제1캠퍼스)_통합디자인학과, 서울특별시_이화여자대학교(제1캠퍼스)_시각디자인전공, 서울특별시_한양사이버대학교(제1캠퍼스)_뉴미디어디자인학과, 서울특별시_한양사이버대학교(제1캠퍼스)_시각디자인학과, 서울특별시_홍익대학교(제1캠퍼스)_디자인학부 시각디자인전공, 부산광역시_경성대학교(제1캠퍼스)_영상애니메이션학부, 부산광역시_경성대학교(제1캠퍼스)_시각디자인학과, 부산광역시_경성대학교(제1캠퍼스)_시각디자인학전공, 부산광역시_고신대학교(제1캠퍼스)_시각디자인학과, 부산광역시_국립부경대학교(제1캠퍼스)_시각디자인전공, 부산광역시_동명대학교(제1캠퍼스)_시각디자인학과, 부산광역시_동서대학교(제1캠퍼스)_Digital Design학과, 부산광역시_동서대학교(제1캠퍼스)_시각디자인학전공, 부산광역시_동서대학교(제1캠퍼스)_비쥬얼디자인학전공, 부산광역시_동서대학교(제1캠퍼스)_시각디자인전공, 부산광역시_신라대학교(제1캠퍼스)_시각디자인전공, 부산광역시_신라대학교(제1캠퍼스)_시각디자인학전공, 부산광역시_신라대학교(제1캠퍼스)_시각디자인학과, 인천광역시_인천가톨릭대학교(제2캠퍼스)_시각디자인학과, 인천광역시_인하대학교(제1캠퍼스)_디자인테크놀로지학과, 대전광역시_국립한밭대학교(제1캠퍼스)_시각디자인학과, 대전광역시_국립한밭대학교(제1캠퍼스)_시각ㆍ영상디자인학과, 대전광역시_목원대학교(제1캠퍼스)_시각커뮤니케이션디자인학과, 대구광역시_경북대학교(제1캠퍼스)_시각정보디자인학과, 대구광역시_계명대학교(제2캠퍼스)_시각디자인과, 울산광역시_울산대학교(제1캠퍼스)_시각디자인학전공, 광주광역시_광주대학교(제1캠퍼스)_시각영상디자인학과, 광주광역시_조선대학교(제1캠퍼스)_시각디자인학과, 광주광역시_호남대학교(제1캠퍼스)_시각융합디자인학과, 경기도_가천대학교(제1캠퍼스)_미술ㆍ디자인학부(시각디자인전공), 경기도_강남대학교(제1캠퍼스)_예체능학부 유니버설아트디자인전공, 경기도_강남대학교(제1캠퍼스)_복지융합인재학부 유니버설비주얼디자인전공, 경기도_강남대학교(제1캠퍼스)_유니버설아트디자인학과, 경기도_경기대학교(제1캠퍼스)_시각정보디자인전공, 경기도_경희대학교(제2캠퍼스)_시각디자인학과, 경기도_대진대학교(제1캠퍼스)_시각디자인학과, 경기도_명지대학교 자연캠퍼스(제1캠퍼스)_비주얼커뮤니케이션디자인전공, 경기도_명지대학교 자연캠퍼스(제1캠퍼스)_디자인학부 영상디자인전공, 경기도_명지대학교 자연캠퍼스(제1캠퍼스)_디자인학부 시각디자인전공, 경기도_예원예술대학교(제2캠퍼스)_시각영상디자인전공, 경기도_을지대학교(제2캠퍼스)_시각디자인전공, 경기도_중앙대학교(제2캠퍼스)_디자인학부(시각디자인전공), 경기도_한경국립대학교(제1캠퍼스)_시각미디어디자인전공, 경기도_한세대학교(제1캠퍼스)_시각정보디자인학과, 경기도_협성대학교(제1캠퍼스)_시각조형디자인학과, 경기도_협성대학교(제1캠퍼스)_시각디자인학과, 강원특별자치도_가톨릭관동대학교(제1캠퍼스)_CG디자인전공, 강원특별자치도_강원대학교(제2캠퍼스)_시각멀티미디어디자인학과, 강원특별자치도_상지대학교(제1캠퍼스)_시각영상디자인학과, 강원특별자치도_연세대학교 미래캠퍼스(제1캠퍼스)_시각디자인학전공, 충청북도_건국대학교 글로컬캠퍼스(제1캠퍼스)_시각영상디자인학과, 충청북도_건국대학교 글로컬캠퍼스(제1캠퍼스)_시각영상디자인전공, 충청북도_세명대학교(제1캠퍼스)_시각ㆍ영상디자인학과, 충청북도_우석대학교(제2캠퍼스)_시각커뮤니케이션디자인학과, 충청북도_청주대학교(제1캠퍼스)_시각디자인학과, 충청남도_건양대학교(제1캠퍼스)_시각디자인학과, 충청남도_건양대학교(제1캠퍼스)_시각디자인전공, 충청남도_남서울대학교(제1캠퍼스)_시각미디어디자인학과, 충청남도_남서울대학교(제1캠퍼스)_시각정보디자인학과, 충청남도_단국대학교(제2캠퍼스)_시각디자인과, 충청남도_상명대학교(제2캠퍼스)_시각디자인전공, 충청남도_상명대학교(제2캠퍼스)_시각디자인학과, 충청남도_상명대학교(제2캠퍼스)_디자인학부 ARㆍVR미디어디자인전공, 충청남도_선문대학교(제1캠퍼스)_시각디자인학과, 충청남도_한서대학교(제1캠퍼스)_시각디자인학과, 충청남도_호서대학교(제1캠퍼스)_디지털프로덕트디자인학과, 충청남도_호서대학교(제1캠퍼스)_시각디자인학과, 전북특별자치도_예원예술대학교(제1캠퍼스)_시각디자인전공, 전북특별자치도_예원예술대학교(제1캠퍼스)_시각디자인학과, 전북특별자치도_예원예술대학교(제1캠퍼스)_시각ㆍ영상디자인전공, 전북특별자치도_원광대학교(제1캠퍼스)_시각정보디자인학과, 전북특별자치도_전주대학교(제1캠퍼스)_시각디자인학과, 전북특별자치도_전주대학교(제1캠퍼스)_시각디자인전공, 전북특별자치도_호원대학교(제1캠퍼스)_미디어컨텐츠디자인학과, 전라남도_국립목포대학교(제1캠퍼스)_시각디자인, 경상북도_경운대학교(제1캠퍼스)_시각영상애니메이션전공, 경상북도_경일대학교(제1캠퍼스)_디자인학부 시각영상디자인전공, 경상북도_대구가톨릭대학교(제1캠퍼스)_미디어ㆍ디자인전공, 경상북도_대구가톨릭대학교(제1캠퍼스)_시각디자인과, 경상북도_대구가톨릭대학교(제1캠퍼스)_시각영상디자인과, 경상북도_대구대학교(제1캠퍼스)_시각디자인융합학부, 경상북도_대구대학교(제1캠퍼스)_시각디자인융합학부(서비스마케팅디자인전공), 경상북도_대구대학교(제1캠퍼스)_시각디자인융합학부(시각디자인전공), 경상북도_대구대학교(제1캠퍼스)_시각디자인학과, 경상북도_대구예술대학교(제1캠퍼스)_시각콘텐츠학과, 경상북도_대구예술대학교(제1캠퍼스)_시각디자인전공, 경상북도_영남대학교(제1캠퍼스)_시각디자인학과, 경상남도_경상국립대학교(제1캠퍼스)_디자인비즈니스학과, 경상남도_영산대학교(제1캠퍼스)_시각영상디자인전공, 경상남도_영산대학교(제1캠퍼스)_시각영상디자인학과, 세종특별자치시_홍익대학교 세종캠퍼스(제2캠퍼스)_디자인컨버전스학부","일반 선택: 독서와 작문, 문학, 대수, 확률과 통계, 영어Ⅰ, 영어Ⅱ, 영어 독해오작문, 미술, 정보 등 | 진로 선택: 주제 탐구 독서, 문학과 영상, 미술 창작, 미술 감상과 비평, 인간과 심리 등 | 융합 선택: 매체 의사소통, 미디어 영어, 세계 문화와 영어, 여행지리, 사회문제 탐구, 미술과 매체 등","공통과목: 미술, 윤리 | 일반선택과목: 예술교과 : 미술 | 진로선택과목: 미술 창작, 미술 감상과 비평 | 전문교과Ⅰ: 미술 이론, 미술사, 드로잉, 미술 전공 실기 | 전문교과Ⅱ: 디자인 일반, 시각 디자인, 색채 관리","광고디자인산업기사, 시각디자인산업기사, 웹디자인기능사, 의장디자인산업기사, 전자출판기능사, 컬러리스트기사및산업기사, 컴퓨터그래픽스운용기사, 포장디자인산업기사",광고디자이너
458,재활학과,"서울특별시_서울디지털대학교(제1캠퍼스)_예술치료전공, 서울특별시_서울사이버대학교(제1캠퍼스)_음악치료학과, 서울특별시_서울한영대학교(제1캠퍼스)_유아특수재활학과, 서울특별시_성신여자대학교(제1캠퍼스)_운동재활복지학과, 서울특별시_숭실사이버대학교(제1캠퍼스)_스포츠재활복지학과, 서울특별시_총신대학교(제1캠퍼스)_중독재활상담학과, 서울특별시_한국열린사이버대학교(제1캠퍼스)_통합치유학과, 서울특별시_한양사이버대학교(제1캠퍼스)_미술치료학과, 부산광역시_고신대학교(제1캠퍼스)_재활상담학과, 부산광역시_고신대학교(제1캠퍼스)_재활치료학과, 부산광역시_동명대학교(제1캠퍼스)_스포츠재활학과, 부산광역시_동명대학교(제1캠퍼스)_언어치료청각재활학과, 부산광역시_동명대학교(제1캠퍼스)_선명상치유학과, 부산광역시_동서대학교(제1캠퍼스)_운동처방학전공, 부산광역시_동서대학교(제1캠퍼스)_운동처방학과, 부산광역시_동서대학교(제1캠퍼스)_시니어운동처방학과, 부산광역시_부산디지털대학교(제1캠퍼스)_상담치료학부, 부산광역시_부산외국어대학교(제1캠퍼스)_스포츠재활학과, 인천광역시_가천대학교(제2캠퍼스)_운동재활복지학과, 인천광역시_가천대학교(제2캠퍼스)_운동재활학과, 대전광역시_건양사이버대학교(제1캠퍼스)_행동재활치료학과, 대전광역시_건양사이버대학교(제1캠퍼스)_행동발달치료학과, 대전광역시_우송대학교(제1캠퍼스)_언어치료ㆍ청각재활학과, 광주광역시_광주대학교(제1캠퍼스)_언어재활상담학과, 광주광역시_광주여자대학교(제1캠퍼스)_미래융합학부(언어재활심리학과), 광주광역시_광주여자대학교(제1캠퍼스)_미래융합학부(언어재활전공), 광주광역시_송원대학교(제1캠퍼스)_재활보건학과, 광주광역시_송원대학교(제1캠퍼스)_재활보건관리학과(자연), 경기도_가천대학교(제1캠퍼스)_운동재활학과, 경기도_차의과학대학교(제1캠퍼스)_미술치료학과, 경기도_한경국립대학교(제2캠퍼스)_의료재활공학전공, 경기도_한신대학교(제1캠퍼스)_재활학과, 경기도_한신대학교(제1캠퍼스)_재활상담학과, 경기도_한신대학교(제1캠퍼스)_재활상담학, 강원특별자치도_가톨릭관동대학교(제1캠퍼스)_언어재활학과, 강원특별자치도_가톨릭관동대학교(제1캠퍼스)_중독재활상담학과, 강원특별자치도_가톨릭관동대학교(제1캠퍼스)_중독재활학과, 강원특별자치도_가톨릭관동대학교(제1캠퍼스)_언어재활상담학과, 강원특별자치도_가톨릭관동대학교(제1캠퍼스)_치매전문재활학과, 강원특별자치도_가톨릭관동대학교(제1캠퍼스)_통합치유학과, 강원특별자치도_상지대학교(제1캠퍼스)_놀이심리치료학과, 강원특별자치도_연세대학교 미래캠퍼스(제1캠퍼스)_재활보건학전공, 충청북도_극동대학교(제1캠퍼스)_재활상담치료학과, 충청북도_서원대학교(제1캠퍼스)_헬스케어운동학과, 충청남도_건양대학교(제1캠퍼스)_재활퍼스널트레이닝학과, 충청남도_건양대학교(제1캠퍼스)_심리상담치료학과, 충청남도_나사렛대학교(제1캠퍼스)_인간재활학전공, 충청남도_나사렛대학교(제1캠퍼스)_재활자립학부, 충청남도_나사렛대학교(제1캠퍼스)_재활공학과, 충청남도_나사렛대학교(제1캠퍼스)_심리재활학전공, 충청남도_나사렛대학교(제1캠퍼스)_재활학트랙, 충청남도_단국대학교(제2캠퍼스)_운동처방재활학과, 충청남도_한서대학교(제1캠퍼스)_의료재활학과, 전북특별자치도_우석대학교(제1캠퍼스)_재활학과, 전북특별자치도_전주대학교(제1캠퍼스)_운동처방학과, 전북특별자치도_전주대학교(제1캠퍼스)_재활학과, 전북특별자치도_전주대학교(제1캠퍼스)_예술심리치료학과, 전북특별자치도_한일장신대학교(제1캠퍼스)_운동처방재활학과, 전북특별자치도_호원대학교(제1캠퍼스)_보건헬스케어학과, 전라남도_동신대학교(제1캠퍼스)_운동처방학과, 경상북도_김천대학교(제1캠퍼스)_스포츠재활학과, 경상북도_대구가톨릭대학교(제1캠퍼스)_재활치료전공, 경상북도_대구가톨릭대학교(제1캠퍼스)_의료재활학과, 경상북도_대구대학교(제1캠퍼스)_재활건강증진학과, 경상북도_대구대학교(제1캠퍼스)_의료재활학과, 경상북도_대구대학교(제1캠퍼스)_재활과학계열, 경상북도_대구대학교(제1캠퍼스)_재활심리학과, 경상북도_대구대학교(제1캠퍼스)_재활상담학과, 경상북도_대구사이버대학교(제1캠퍼스)_재활상담학과, 경상북도_대구사이버대학교(제1캠퍼스)_미술치료학과, 경상북도_대구사이버대학교(제1캠퍼스)_발달재활학과, 경상북도_대구사이버대학교(제1캠퍼스)_놀이치료학과, 경상북도_대구사이버대학교(제1캠퍼스)_심리운동학과, 경상북도_대구예술대학교(제1캠퍼스)_복지&심리상담전공, 경상북도_대구한의대학교(제1캠퍼스)_재활치료학부, 경상북도_대구한의대학교(제1캠퍼스)_미술놀이치료학과, 경상북도_대구한의대학교(제1캠퍼스)_노인재활치료학과, 경상북도_대구한의대학교(제1캠퍼스)_미술치료학전공, 경상북도_대구한의대학교(제1캠퍼스)_미술심리치료전공, 경상북도_대구한의대학교(제1캠퍼스)_재활치료학전공, 경상북도_대구한의대학교(제1캠퍼스)_미술심리치료학과, 경상북도_대구한의대학교(제1캠퍼스)_치유산업학과, 경상북도_신경주대학교(제1캠퍼스)_스포츠재활학과, 경상남도_가야대학교(제1캠퍼스)_스포츠재활복지학과, 경상남도_가야대학교(제1캠퍼스)_스포츠재활복지학부, 경상남도_영산대학교(제1캠퍼스)_실버재활학과, 제주특별자치도_제주국제대학교(제1캠퍼스)_복지상담학부 언어치료학전공","일반 선택: 물리학, 화학, 생명과학, 현대사회와 윤리 등 | 진로 선택: 세포와 물질대사, 생물의 유전, 법과 사회, 보건 등 | 융합 선택: 융합과학 탐구 등","공통과목: 영어, 과학 | 일반선택과목: 영어교과 : 영어Ⅰ, 영어Ⅱ, 영어 독해와 작문 | 진로선택과목: 생명과학Ⅱ | 전문교과Ⅰ: 체육지도법, 개인ㆍ대인 운동, 체육 전공 실기 응용 | 전문교과Ⅱ: 인체 구조와 기능, 기초 간호 임상 실무, 보건 간호","물리치료사, 작업치료사, 특수교육교사",물리치료사
10027,스포츠재활과,"서울특별시_서일대학교(제1캠퍼스)_스포츠헬스케어학과, 부산광역시_경남정보대학교(제1캠퍼스)_스포츠재활지도학과, 부산광역시_경남정보대학교(제1캠퍼스)_뷰티헬스과, 부산광역시_경남정보대학교(제1캠퍼스)_스포츠재활트레이닝과, 부산광역시_동의과학대학교(제1캠퍼스)_스포츠재활트레이닝과, 부산광역시_부산과학기술대학교(제1캠퍼스)_재활운동건강과, 부산광역시_부산보건대학교(제1캠퍼스)_스포츠재활과(자연), 부산광역시_부산여자대학교(제1캠퍼스)_아동스포츠재활무용과(3년제), 부산광역시_부산예술대학교(제1캠퍼스)_스포츠재활&다이어트과, 인천광역시_경인여자대학교(제1캠퍼스)_스포츠헬스케어학과, 인천광역시_인하공업전문대학(제1캠퍼스)_스포츠헬스케어학과, 인천광역시_재능대학교(제1캠퍼스)_스포츠재활과, 대구광역시_대구보건대학교(제1캠퍼스)_스포츠재활학과, 대구광역시_영남이공대학교(제1캠퍼스)_스포츠재활ㆍ운동관리과, 대구광역시_영남이공대학교(제1캠퍼스)_스포츠건강재활계열, 대구광역시_영남이공대학교(제1캠퍼스)_스포츠재활과, 대구광역시_영진전문대학교(제1캠퍼스)_스포츠재활과, 울산광역시_울산과학대학교(제1캠퍼스)_스포츠재활학부 스포츠지도전공, 울산광역시_울산과학대학교(제1캠퍼스)_스포츠재활학부 스포츠재활전공(자연과학계열), 울산광역시_울산과학대학교(제1캠퍼스)_스포츠재활학부 스포츠재활전공, 울산광역시_울산과학대학교(제1캠퍼스)_스포츠재활학부(자연과학계열), 울산광역시_울산과학대학교(제1캠퍼스)_스포츠건강재활학과, 울산광역시_울산과학대학교(제1캠퍼스)_스포츠재활학부 스포츠지도전공(자연과학계열), 광주광역시_동강대학교(제1캠퍼스)_스포츠재활트레이닝과, 광주광역시_조선이공대학교(제1캠퍼스)_스포츠재활과, 광주광역시_조선이공대학교(제1캠퍼스)_스포츠재활학부 스포츠재활전공, 광주광역시_조선이공대학교(제1캠퍼스)_스포츠재활학과, 광주광역시_조선이공대학교(제1캠퍼스)_스포츠재활학부, 광주광역시_조선이공대학교(제1캠퍼스)_스포츠재활학부 웰빙헬스케어전공, 경기도_국제대학교(제1캠퍼스)_스포츠헬스케어학과, 경기도_대림대학교(제1캠퍼스)_스포츠재활학부, 경기도_대림대학교(제1캠퍼스)_스포츠재활과(스포츠학부), 경기도_두원공과대학교(제1캠퍼스)_재활운동과학과, 경기도_두원공과대학교(제1캠퍼스)_스포츠재활치료과, 경기도_두원공과대학교(제1캠퍼스)_재활운동과학과(2년제), 경기도_두원공과대학교(제2캠퍼스)_스포츠재활과, 경기도_부천대학교(제1캠퍼스)_재활스포츠과, 경기도_부천대학교(제1캠퍼스)_재활스포츠학과, 경기도_신구대학교(제1캠퍼스)_스포츠재활과, 경기도_여주대학교(제1캠퍼스)_건강운동재활학과, 경기도_연성대학교(제1캠퍼스)_스포츠재활과, 경기도_연성대학교(제1캠퍼스)_스포츠케어과, 경기도_유한대학교(제1캠퍼스)_건강웰니스학과 스포츠재활전공, 경기도_장안대학교(제1캠퍼스)_운동처방과, 경기도_장안대학교(제1캠퍼스)_스포츠재활과, 강원특별자치도_강릉영동대학교(제1캠퍼스)_스포츠레저헬스케어계열, 강원특별자치도_강릉영동대학교(제1캠퍼스)_스포츠재활전공, 강원특별자치도_한국골프과학기술대학교(제1캠퍼스)_골프재활과, 강원특별자치도_한국골프과학기술대학교(제1캠퍼스)_골프재활헬스케어과, 충청북도_강동대학교(제1캠퍼스)_스포츠재활과, 충청북도_대원대학교(제1캠퍼스)_운동재활과, 충청북도_충북보건과학대학교(제1캠퍼스)_스포츠과학과, 충청북도_충북보건과학대학교(제1캠퍼스)_스포츠재활과, 충청북도_충청대학교(제1캠퍼스)_스포츠재활과, 충청북도_충청대학교(제1캠퍼스)_사회체육학부 스포츠재활과, 전북특별자치도_전주기전대학(제1캠퍼스)_운동재활과, 전북특별자치도_전주기전대학(제1캠퍼스)_말산업스포츠재활과, 전북특별자치도_전주기전대학(제1캠퍼스)_운동재활과(예체능), 전라남도_나주대학교(제1캠퍼스)_재활복지스포츠학부, 전라남도_목포과학대학교(제1캠퍼스)_스포츠과학과, 전라남도_전남과학대학교(제1캠퍼스)_뉴로테크헬스케어학과, 전라남도_청암대학교(제1캠퍼스)_재활스포츠과, 경상북도_대경대학교(제1캠퍼스)_스포츠재활과, 경상북도_문경대학교(제1캠퍼스)_스포츠재활과, 경상남도_경남도립거창대학(제1캠퍼스)_스포츠재활운동관리과, 경상남도_김해대학교(제1캠퍼스)_스포츠재활과(축구), 경상남도_동원과학기술대학교(제1캠퍼스)_스포츠재활운동학과, 경상남도_동원과학기술대학교(제1캠퍼스)_스포츠재활학부, 경상남도_동원과학기술대학교(제1캠퍼스)_재활스포츠과, 경상남도_동원과학기술대학교(제1캠퍼스)_스포츠재활운동학부","일반 선택: 독서와 작문, 문학, 대수, 미적분Ⅰ, 확률과 통계, 영어 I,프, 영어 독해와 작문, 현대사회와 윤리, 생명과학, 화학, 정보, 교육학 등 | 진로 선택: 법과 사회, 물질과 에너지, 화학 반응의 세계, 세포와 물질대사, 생물의 유전 등 | 융합 선택: 실생활 영어 회화, 실용 통계, 윤리문제 탐구 등","공통과목: 체육, 윤리 | 일반선택과목: 체육교과 : 체육, 운동과 건강 | 진로선택과목: 스포츠 생활, 체육 탐구 | 전문교과Ⅰ: 스포츠 개론, 체육 지도법, 체육 전공 실기 기초, 체육 전공 실기 심화, 체육 전공 실기 응용 | 전문교과Ⅱ: 인체 구조와 기능, 간호의 기초","사회복지사, 생활스포츠지도자, 요양보호사, 응급구조사, 장애인재활상담사",간병인
20,건축학과,"서울특별시_건국대학교(제1캠퍼스)_건축학전공, 서울특별시_건국대학교(제1캠퍼스)_건축학과, 서울특별시_건국대학교(제1캠퍼스)_건축설계전공, 서울특별시_건국대학교(제1캠퍼스)_건축학부, 서울특별시_고려대학교(제1캠퍼스)_건축사회환경공학부, 서울특별시_고려대학교(제1캠퍼스)_건축학과, 서울특별시_고려사이버대학교(제1캠퍼스)_건축공학부, 서울특별시_광운대학교(제1캠퍼스)_건축학과, 서울특별시_국민대학교(제1캠퍼스)_건축시스템전공, 서울특별시_국민대학교(제1캠퍼스)_건축학부, 서울특별시_국민대학교(제1캠퍼스)_건축설계전공, 서울특별시_국민대학교(제1캠퍼스)_건축학전공, 서울특별시_동국대학교(제1캠퍼스)_건축공학부, 서울특별시_동국대학교(제1캠퍼스)_건축학전공, 서울특별시_삼육대학교(제1캠퍼스)_건축학과(4년제), 서울특별시_삼육대학교(제1캠퍼스)_건축학과(5년제), 서울특별시_서울과학기술대학교(제1캠퍼스)_건축학부건축학전공, 서울특별시_서울과학기술대학교(제1캠퍼스)_건축학부건축공학전공, 서울특별시_서울대학교(제1캠퍼스)_건축학과(건축학전공(5년)), 서울특별시_서울대학교(제1캠퍼스)_건축학과(건축공학전공), 서울특별시_서울대학교(제1캠퍼스)_건축학과, 서울특별시_서울사이버대학교(제1캠퍼스)_건축공간디자인학과, 서울특별시_서울시립대학교(제1캠퍼스)_건축학부 건축학전공(5년제), 서울특별시_서울시립대학교(제1캠퍼스)_건축학부 건축공학전공, 서울특별시_세종대학교(제1캠퍼스)_건축학과, 서울특별시_세종대학교(제1캠퍼스)_건축학전공, 서울특별시_세종사이버대학교(제1캠퍼스)_건축ㆍ도시계획학과, 서울특별시_숭실대학교(제1캠퍼스)_건축학부 실내건축전공, 서울특별시_숭실대학교(제1캠퍼스)_건축학부 건축학전공, 서울특별시_숭실대학교(제1캠퍼스)_건축학부 건축공학전공, 서울특별시_숭실대학교(제1캠퍼스)_건축학부, 서울특별시_숭실사이버대학교(제1캠퍼스)_건설스마트안전공학과, 서울특별시_연세대학교(제1캠퍼스)_실내건축학과, 서울특별시_연세대학교(제1캠퍼스)_건축공학(4년제), 서울특별시_연세대학교(제1캠퍼스)_건축학(5년제), 서울특별시_이화여자대학교(제1캠퍼스)_건축학과(5년), 서울특별시_이화여자대학교(제1캠퍼스)_건축도시시스템공학전공, 서울특별시_이화여자대학교(제1캠퍼스)_건축학전공(5년), 서울특별시_이화여자대학교(제1캠퍼스)_건축도시시스템공학과, 서울특별시_중앙대학교(제1캠퍼스)_건축학부(건축학전공), 서울특별시_중앙대학교(제1캠퍼스)_건축학부, 서울특별시_중앙대학교(제1캠퍼스)_건축학부(건축공학전공), 서울특별시_한국예술종합학교(제1캠퍼스)_건축과, 서울특별시_한양대학교(제1캠퍼스)_건축학부, 서울특별시_한양대학교(제1캠퍼스)_건축공학부, 서울특별시_한양사이버대학교(제1캠퍼스)_건축공간디자인학과, 서울특별시_한양사이버대학교(제1캠퍼스)_건축도시공학과, 서울특별시_홍익대학교(제1캠퍼스)_건축학부, 서울특별시_홍익대학교(제1캠퍼스)_건축학부 실내건축학전공, 서울특별시_홍익대학교(제1캠퍼스)_건축학부 건축학전공(5년제), 부산광역시_경성대학교(제1캠퍼스)_건축학과(5년제), 부산광역시_경성대학교(제1캠퍼스)_실내건축학과, 부산광역시_국립부경대학교(제1캠퍼스)_건축학전공(5년), 부산광역시_국립한국해양대학교(제1캠퍼스)_해양건축공학과, 부산광역시_동명대학교(제1캠퍼스)_실내건축학과, 부산광역시_동명대학교(제1캠퍼스)_건축학과, 부산광역시_동명대학교(제1캠퍼스)_건축학과(5년제), 부산광역시_동서대학교(제1캠퍼스)_건축학과, 부산광역시_동서대학교(제1캠퍼스)_건축설계학전공, 부산광역시_동아대학교(제1캠퍼스)_건축학과(5년제), 부산광역시_동아대학교(제1캠퍼스)_건축학과, 부산광역시_동아대학교(제1캠퍼스)_건축학과 실내건축디자인전공, 부산광역시_동아대학교(제1캠퍼스)_건축학과 건축학전공(5년제), 부산광역시_동의대학교(제1캠퍼스)_건축학과, 부산광역시_동의대학교(제1캠퍼스)_건축학전공, 부산광역시_부산대학교(제1캠퍼스)_건축학과, 부산광역시_부산대학교(제1캠퍼스)_건축학과(5년제), 부산광역시_신라대학교(제1캠퍼스)_건축학전공, 부산광역시_신라대학교(제1캠퍼스)_건축학부, 부산광역시_신라대학교(제1캠퍼스)_건축학전공(5년제), 부산광역시_신라대학교(제1캠퍼스)_건축학과(4년제, 5년제), 부산광역시_신라대학교(제1캠퍼스)_건축학과, 부산광역시_영산대학교(제2캠퍼스)_건축플랜트학과, 인천광역시_인천대학교(제1캠퍼스)_도시건축학전공, 인천광역시_인천대학교(제1캠퍼스)_도시건축학부, 인천광역시_인하대학교(제1캠퍼스)_건축학부, 인천광역시_인하대학교(제1캠퍼스)_건축학전공, 대전광역시_건양대학교(제2캠퍼스)_건축학과, 대전광역시_국립한밭대학교(제1캠퍼스)_건축학과(5년제), 대전광역시_대전대학교(제1캠퍼스)_건축학과(4), 대전광역시_대전대학교(제1캠퍼스)_건축학과(5), 대전광역시_목원대학교(제1캠퍼스)_건축학부 건축학전공(5년제), 대전광역시_목원대학교(제1캠퍼스)_건축학부, 대전광역시_목원대학교(제1캠퍼스)_건축학부 건축공학전공, 대전광역시_배재대학교(제1캠퍼스)_건축학부, 대전광역시_배재대학교(제1캠퍼스)_실내건축학과, 대전광역시_배재대학교(제1캠퍼스)_건축학과, 대전광역시_배재대학교(제1캠퍼스)_건축학전공, 대전광역시_충남대학교(제1캠퍼스)_건축학과(5), 대전광역시_충남대학교(제1캠퍼스)_스마트시티건축공학과, 대전광역시_한남대학교(제1캠퍼스)_건축학과(5년제), 대구광역시_경북대학교(제1캠퍼스)_건축학부(건축공학전공), 대구광역시_경북대학교(제1캠퍼스)_건축학부(건축학전공), 대구광역시_계명대학교(제1캠퍼스)_건축학과, 울산광역시_울산대학교(제1캠퍼스)_건축학전공, 울산광역시_울산대학교(제1캠퍼스)_건축학부, 광주광역시_광주대학교(제1캠퍼스)_건축학부, 광주광역시_전남대학교(제1캠퍼스)_건축도시설계전공(5년), 광주광역시_전남대학교(제1캠퍼스)_건축학부, 광주광역시_조선대학교(제1캠퍼스)_건축학과(5년제), 광주광역시_호남대학교(제1캠퍼스)_건축학과, 광주광역시_호남대학교(제1캠퍼스)_건축학전공, 광주광역시_호남대학교(제1캠퍼스)_건축학부, 경기도_가천대학교(제1캠퍼스)_건축학부, 경기도_가천대학교(제1캠퍼스)_건축학전공, 경기도_가천대학교(제1캠퍼스)_실내건축학전공, 경기도_경기대학교(제1캠퍼스)_건축안전공학과, 경기도_경기대학교(제1캠퍼스)_건축학과, 경기도_경희대학교(제2캠퍼스)_건축학과, 경기도_단국대학교(제1캠퍼스)_건축학부, 경기도_단국대학교(제1캠퍼스)_건축학부 건축공학전공, 경기도_단국대학교(제1캠퍼스)_건축학부 건축학전공, 경기도_단국대학교(제1캠퍼스)_건축학과, 경기도_대진대학교(제1캠퍼스)_건축공학부, 경기도_명지대학교 자연캠퍼스(제1캠퍼스)_건축대학, 경기도_명지대학교 자연캠퍼스(제1캠퍼스)_건축학부 전통건축전공(5년제), 경기도_명지대학교 자연캠퍼스(제1캠퍼스)_건축학부 건축학전공(5년제), 경기도_명지대학교 자연캠퍼스(제1캠퍼스)_건축학부(건축학전공/전통건축전공) (5년제), 경기도_성균관대학교(제2캠퍼스)_건축학과, 경기도_수원대학교(제1캠퍼스)_건축학, 경기도_수원대학교(제1캠퍼스)_건축도시부동산학부, 경기도_아주대학교(제1캠퍼스)_건축학과, 경기도_중부대학교(제2캠퍼스)_건축학전공, 경기도_중부대학교(제2캠퍼스)_건축학과, 경기도_한경국립대학교(제1캠퍼스)_건축학전공, 경기도_한경국립대학교(제1캠퍼스)_건축융합학부, 경기도_한양대학교 ERICA캠퍼스(제1캠퍼스)_스마트융합공학부 건축IT융합전공, 경기도_한양대학교 ERICA캠퍼스(제1캠퍼스)_건축학전공, 경기도_한양대학교 ERICA캠퍼스(제1캠퍼스)_스마트융합공학부 지속가능건축융합전공, 강원특별자치도_가톨릭관동대학교(제1캠퍼스)_건축학전공, 강원특별자치도_가톨릭관동대학교(제1캠퍼스)_건축학부, 강원특별자치도_강원대학교(제2캠퍼스)_해양건설시스템공학과, 강원특별자치도_강원대학교(제1캠퍼스)_건축학전공(5년제), 강원특별자치도_강원대학교(제2캠퍼스)_건설융합학부 건축학전공, 강원특별자치도_강원대학교(제2캠퍼스)_건축학과(5), 강원특별자치도_강원대학교(제1캠퍼스)_건축학부, 강원특별자치도_강원대학교(제2캠퍼스)_건설융합학부 건축공학전공, 강원특별자치도_강원대학교(제2캠퍼스)_건설융합학부, 강원특별자치도_강원대학교(제1캠퍼스)_건축학과(5), 강원특별자치도_강원대학교(제2캠퍼스)_건축학전공(5년제), 강원특별자치도_강원대학교(제2캠퍼스)_건축시스템공학과, 강원특별자치도_한라대학교(제1캠퍼스)_건축학과, 충청북도_국립한국교통대학교(제1캠퍼스)_건축학전공, 충청북도_국립한국교통대학교(제1캠퍼스)_건축학부, 충청북도_국립한국교통대학교(제1캠퍼스)_건축학과, 충청북도_서원대학교(제1캠퍼스)_건축학과, 충청북도_세명대학교(제1캠퍼스)_건축학과, 충청북도_우석대학교(제2캠퍼스)_건축학과, 충청북도_우석대학교(제2캠퍼스)_건축ㆍ인테리어디자인학과, 충청북도_청주대학교(제1캠퍼스)_건축학ㆍ건축공학전공, 충청북도_청주대학교(제1캠퍼스)_건축학과, 충청북도_청주대학교(제1캠퍼스)_건축학과(5), 충청북도_충북대학교(제1캠퍼스)_건축학과, 충청남도_국립공주대학교(제2캠퍼스)_그린스마트건축공학과, 충청남도_국립공주대학교(제2캠퍼스)_건축학부 건축공학전공, 충청남도_국립공주대학교(제2캠퍼스)_건축학부 건축학전공, 충청남도_국립공주대학교(제2캠퍼스)_건축학과, 충청남도_남서울대학교(제1캠퍼스)_건축학과(5), 충청남도_선문대학교(제1캠퍼스)_건축사회환경공학부, 충청남도_선문대학교(제1캠퍼스)_건축학부, 충청남도_순천향대학교(제1캠퍼스)_건축학과(5), 충청남도_한국기술교육대학교(제1캠퍼스)_디자인ㆍ건축공학부, 충청남도_한국기술교육대학교(제1캠퍼스)_건축공학부, 충청남도_한국전통문화대학교(제1캠퍼스)_전통건축학과, 충청남도_한서대학교(제1캠퍼스)_건축학과, 충청남도_호서대학교(제1캠퍼스)_건축학과, 전북특별자치도_국립군산대학교(제1캠퍼스)_건축공학부, 전북특별자치도_국립군산대학교(제1캠퍼스)_해양건설공학과, 전북특별자치도_국립군산대학교(제1캠퍼스)_공간디자인융합기술학부, 전북특별자치도_국립군산대학교(제1캠퍼스)_공간디자인융합기술학부(공간디자인융합기술학전공), 전북특별자치도_국립군산대학교(제1캠퍼스)_건축공학부(건축공학전공), 전북특별자치도_국립군산대학교(제1캠퍼스)_건축ㆍ해양건설융합공학부, 전북특별자치도_원광대학교(제1캠퍼스)_건축학과, 전북특별자치도_전북대학교(제1캠퍼스)_한옥학과, 전북특별자치도_전북대학교(제1캠퍼스)_한옥건축학과, 전북특별자치도_전주대학교(제1캠퍼스)_건축학과, 전북특별자치도_호원대학교(제1캠퍼스)_건축학과, 전북특별자치도_호원대학교(제1캠퍼스)_건축인테리어학과, 전라남도_국립목포대학교(제1캠퍼스)_건축학과, 전라남도_국립목포해양대학교(제1캠퍼스)_해양ㆍ플랜트건설공학과, 전라남도_국립목포해양대학교(제1캠퍼스)_해양건설공학과, 전라남도_국립순천대학교(제1캠퍼스)_건축학부, 전라남도_동신대학교(제1캠퍼스)_건축학과, 전라남도_초당대학교(제1캠퍼스)_건축학과, 경상북도_경일대학교(제1캠퍼스)_건축디자인과(5년제), 경상북도_국립금오공과대학교(제1캠퍼스)_건축학전공(5년), 경상북도_대구가톨릭대학교(제1캠퍼스)_건축학과, 경상북도_대구한의대학교(제1캠퍼스)_건축학전공, 경상북도_대구한의대학교(제1캠퍼스)_스마트시티건축학전공, 경상북도_동양대학교(제1캠퍼스)_건축소방안전학과, 경상북도_동양대학교(제1캠퍼스)_스마트건축공학과, 경상북도_신경주대학교(제1캠퍼스)_전통건축학과, 경상북도_영남대학교(제1캠퍼스)_건축디자인전공, 경상북도_영남대학교(제1캠퍼스)_건축학전공, 경상북도_영남대학교(제1캠퍼스)_건축학부, 경상남도_경남대학교(제1캠퍼스)_건축학전공(5년), 경상남도_경남대학교(제1캠퍼스)_건축학부, 경상남도_경상국립대학교(제1캠퍼스)_건축학과, 경상남도_경상국립대학교(제1캠퍼스)_건축공학부, 경상남도_경상국립대학교(제1캠퍼스)_건축시스템공학전공, 경상남도_국립창원대학교(제1캠퍼스)_건축학부 건축공학전공, 경상남도_국립창원대학교(제1캠퍼스)_건축학부 건축학전공, 경상남도_국립창원대학교(제1캠퍼스)_건축학전공, 경상남도_인제대학교(제1캠퍼스)_실내건축학과(예체능), 경상남도_인제대학교(제1캠퍼스)_건축학과, 경상남도_인제대학교(제1캠퍼스)_실내건축학과, 제주특별자치도_제주국제대학교(제1캠퍼스)_건설공학부 건축학전공, 제주특별자치도_제주국제대학교(제1캠퍼스)_건축학과, 제주특별자치도_제주대학교(제1캠퍼스)_건축학과, 제주특별자치도_제주대학교(제1캠퍼스)_건축학전공, 세종특별자치시_홍익대학교 세종캠퍼스(제2캠퍼스)_건축공학부, 세종특별자치시_홍익대학교 세종캠퍼스(제2캠퍼스)_건축공학부 건축학전공(5년제), 세종특별자치시_홍익대학교 세종캠퍼스(제2캠퍼스)_건축공학부 건축공학전공, 세종특별자치시_홍익대학교 세종캠퍼스(제2캠퍼스)_건축공학부 건축디자인전공(5년제)","일반 선택: 대수, 미적분 Ⅰ,확률과 통계, 물리학, 화학, 세계시민과 지리, 사회와 문화, 세계사 등 | 진로 선택: 기하, 미적분Ⅱ, 도시의 미래 탐구, 역학과 에너지, 물질과 에너지,화학 반응의 세계, 지구시스템과학, 한국지리탐구 등 | 융합 선택: 융합 과학 탐구, 과학의 역사와 문화, 기후변화와 환경생태, 창의공학 설계, 기후변화와 지속가능한 세계 등","공통과목: 수학, 사회, 과학, 기술ㆍ가정 | 일반선택과목: 수학교과 : 수학ⅠㆍⅡ, 미적분, 확률과 통계 | 진로선택과목: 실용수학, 기하, 수학과제 탐구, 사회문제 탐구, 물리학Ⅱ, 화학Ⅱ, 지구과학Ⅱ, 생활과 과학, 융합과학, 공학 일반 | 전문교과Ⅰ: 심화수학ⅠㆍⅡ, 고급 수학ⅠㆍⅡ, 고급 물리학, 물리학 실험, 고급 화학, 화학 실험, 고급 지구과학, 지구과학 실험, 정보과학, 생태와 환경, 과학과제 연구, 지역 이해, 세계 문제와 미래 사회, 사회과제 연구 | 전문교과Ⅱ: 건축 일반, 건축 도면 해석과 제도, 프로그래밍","건설안전기사, 건설재료시험기사, 건축구조기술사, 건축기계정비기술사, 건축기사, 건축목재시공기능장, 건축사, 건축설비기사, 건축시공기술사, 건축일반시공기능장, 건축전기설비기술사, 도시계획기사, 수질환경기사, 실내건축기사, 지적기사, 철도보선산업기사, 토목기사",건설공사품질관리원
10030,문화재보존학과,"서울특별시_동국대학교(제1캠퍼스)_문화재학과, 경기도_용인대학교(제1캠퍼스)_문화재학과, 경기도_중앙승가대학교(제1캠퍼스)_문화재학전공, 충청남도_국립공주대학교(제1캠퍼스)_문화재보존과학과, 충청남도_한국전통문화대학교(제1캠퍼스)_문화재보존과학과, 충청남도_한국전통문화대학교(제1캠퍼스)_무형유산학과, 충청남도_한국전통문화대학교(제1캠퍼스)_보존과학과, 충청남도_한국전통문화대학교(제1캠퍼스)_문화재관리학과, 충청남도_한국전통문화대학교(제1캠퍼스)_국가유산관리학과, 충청남도_한서대학교(제1캠퍼스)_문화재보존학과, 전북특별자치도_예원예술대학교(제1캠퍼스)_문화재보존예술학과, 전라남도_국립목포대학교(제1캠퍼스)_문화유산, 경상북도_국립경국대학교(제1캠퍼스)_문화유산학전공, 경상북도_신경주대학교(제1캠퍼스)_문화유산학부, 경상북도_신경주대학교(제1캠퍼스)_문화재학과, 경상남도_경남대학교(제1캠퍼스)_문화유산복원예술학과","일반 선택: 문학, 독서와 작문, 사회와 문화, 세계시민과 지리, 세계사, 화학, 정보 등 | 진로 선택: 한국지리 탐구, 동아시아 역사 기행, 법과 사회, 인문학과 윤리, 화학 반응의 세계, 미술 감상과 비평, 한문고전 일기, 삶과 종교 등 | 융합 선택: 수학과 문화, 여행지리, 역사로 탐구하는 현대 세계, 사회문제 탐구, 미술과 매체, 지식 재산 일반, 언어생활과 한자 등","공통과목: 사회, 역사, 한문, 수학, 영어, 제2외국어 | 일반선택과목: 사회교과 : 사회문화, 세계사, 동아시아사, 한국지리, 윤리와 사상 | 진로선택과목: 사회문제 탐구, 고전 읽기, 고전과 윤리, 여행지리, 현대 세계의 변화 | 전문교과Ⅰ: 사회탐구 방법, 사회과제 연구, 한국 사회의 이해, 비교 문화, 지역 이해 | 전문교과Ⅱ: 문화콘텐츠 산업 일반","문화재수리기능자, 문화재수리기술자, 박물관및미술관준학예사",문화재보존원
10156,패션디자인학과,"서울특별시_건국대학교(제1캠퍼스)_의상디자인학과, 서울특별시_국민대학교(제1캠퍼스)_의상디자인학과, 서울특별시_덕성여자대학교(제1캠퍼스)_의상디자인학과, 서울특별시_덕성여자대학교(제1캠퍼스)_의상디자인전공, 서울특별시_동덕여자대학교(제1캠퍼스)_디자인학부 패션디자인전공, 서울특별시_동덕여자대학교(제1캠퍼스)_패션디자인학과, 서울특별시_서경대학교(제1캠퍼스)_무대패션전공, 서울특별시_세종대학교(제1캠퍼스)_패션디자인학과, 서울특별시_세종사이버대학교(제1캠퍼스)_패션뷰티경영학과, 서울특별시_이화여자대학교(제1캠퍼스)_섬유ㆍ패션학부, 서울특별시_이화여자대학교(제1캠퍼스)_섬유예술전공(섬유ㆍ패션학부), 서울특별시_한성대학교(제1캠퍼스)_글로벌패션산업학부, 서울특별시_한성대학교(제1캠퍼스)_패션디자인전공, 부산광역시_경성대학교(제1캠퍼스)_패션디자인학과, 부산광역시_국립부경대학교(제1캠퍼스)_패션디자인학과, 부산광역시_동명대학교(제1캠퍼스)_패션디자인학과, 부산광역시_동서대학교(제1캠퍼스)_패션디자인학과, 부산광역시_동서대학교(제1캠퍼스)_패션디자인학전공, 부산광역시_동아대학교(제1캠퍼스)_건축ㆍ디자인ㆍ패션대학 패션디자인학과, 부산광역시_동아대학교(제1캠퍼스)_패션디자인학과, 부산광역시_동의대학교(제1캠퍼스)_패션디자인학과, 부산광역시_신라대학교(제1캠퍼스)_패션소재디자인전공, 부산광역시_신라대학교(제1캠퍼스)_패션디자인학전공, 부산광역시_신라대학교(제1캠퍼스)_패션디자인학과, 부산광역시_신라대학교(제1캠퍼스)_패션디자인전공, 인천광역시_인하대학교(제1캠퍼스)_의류디자인학과, 대전광역시_대전대학교(제1캠퍼스)_패션디자인ㆍ비즈니스학과, 대전광역시_한남대학교(제1캠퍼스)_패션디자인학과, 대구광역시_계명대학교(제2캠퍼스)_패션디자인과, 대구광역시_계명대학교(제2캠퍼스)_텍스타일디자인과, 광주광역시_광주대학교(제1캠퍼스)_패션ㆍ주얼리디자인학부, 광주광역시_광주대학교(제1캠퍼스)_패션ㆍ주얼리학부, 광주광역시_광주대학교(제1캠퍼스)_패션주얼리디자인학과, 광주광역시_조선대학교(제1캠퍼스)_라이프스타일디자인학부(섬유ㆍ패션디자인전공), 광주광역시_호남대학교(제1캠퍼스)_패션디자인학과, 경기도_가천대학교(제1캠퍼스)_미술ㆍ디자인학부(패션디자인), 경기도_경희대학교(제2캠퍼스)_의류디자인학과, 경기도_단국대학교(제1캠퍼스)_디자인학부 패션산업디자인전공, 경기도_명지대학교 자연캠퍼스(제1캠퍼스)_디자인학부 패션디자인전공, 경기도_명지대학교 자연캠퍼스(제1캠퍼스)_패션디자인전공, 경기도_수원대학교(제1캠퍼스)_패션디자인, 경기도_신한대학교(제2캠퍼스)_K뷰티패션학과, 경기도_신한대학교(제2캠퍼스)_패션디자인학과, 경기도_중부대학교(제2캠퍼스)_패션디자인학과, 경기도_중앙대학교(제2캠퍼스)_디자인학부(패션디자인전공), 경기도_중앙대학교(제2캠퍼스)_디자인학부(패션전공), 경기도_평택대학교(제1캠퍼스)_패션디자인및브랜딩학과, 경기도_한양대학교 ERICA캠퍼스(제1캠퍼스)_주얼리ㆍ패션디자인학과, 경기도_화성의과학대학교(제1캠퍼스)_스타일테크학과, 강원특별자치도_국립강릉원주대학교(제1캠퍼스)_패션디자인학과, 강원특별자치도_상지대학교(제1캠퍼스)_패션뷰티학부 패션디자인전공, 강원특별자치도_상지대학교(제1캠퍼스)_패션디자인학과, 충청북도_건국대학교 글로컬캠퍼스(제1캠퍼스)_패션디자인학과, 충청북도_건국대학교 글로컬캠퍼스(제1캠퍼스)_패션디자인전공, 충청북도_세명대학교(제1캠퍼스)_패션디자인학과, 충청북도_우석대학교(제2캠퍼스)_패션스타일링학과, 충청북도_청주대학교(제1캠퍼스)_패션디자인학과, 충청북도_청주대학교(제1캠퍼스)_아트앤패션디자인학과, 충청북도_충북대학교(제1캠퍼스)_패션디자인정보학과, 충청남도_상명대학교(제2캠퍼스)_패션디자인전공, 충청남도_청운대학교(제1캠퍼스)_패션디자인학과, 충청남도_한서대학교(제1캠퍼스)_패션디자인학과, 충청남도_한서대학교(제1캠퍼스)_의상디자인학과, 전북특별자치도_예원예술대학교(제1캠퍼스)_뷰티패션디자인전공, 전북특별자치도_원광대학교(제1캠퍼스)_패션디자인산업학과, 전북특별자치도_원광디지털대학교(제1캠퍼스)_한국복식과학학과, 전북특별자치도_호원대학교(제1캠퍼스)_패션.미용학부, 전북특별자치도_호원대학교(제1캠퍼스)_패션디자인학과, 전라남도_국립순천대학교(제1캠퍼스)_패션디자인학전공, 전라남도_국립순천대학교(제1캠퍼스)_패션디자인학과, 경상북도_경북대학교(제3캠퍼스)_섬유패션디자인학부(섬유공학전공, 패션디자인전공), 경상북도_경북대학교(제3캠퍼스)_섬유패션디자인학부 패션디자인전공, 경상북도_경일대학교(제1캠퍼스)_K-뷰티융합학부 패션디자인전공, 경상북도_경일대학교(제1캠퍼스)_디자인학부 패션디자인전공, 경상북도_국립경국대학교(제1캠퍼스)_패션ㆍ예술ㆍ체육학부, 경상북도_대구가톨릭대학교(제1캠퍼스)_패션디자인과(예체능), 경상북도_대구대학교(제1캠퍼스)_패션디자인학과, 경상북도_대구예술대학교(제1캠퍼스)_패션코스메틱디자인전공, 경상남도_영산대학교(제1캠퍼스)_패션디자인학과, 경상남도_영산대학교(제1캠퍼스)_디자인학부(패션디자인전공)","일반 선택: 독서와 작문, 문학, 대수, 확률과 통계, 영어Ⅰ, 영어Ⅱ, 영어 독해오작문, 미술, 정보 등 | 진로 선택: 주제 탐구 독서, 문학과 영상, 미술 창작, 미술 감상과 비평, 인간과 심리 등 | 융합 선택: 매체 의사소통, 미디어 영어, 세계 문화와 영어, 여행지리, 사회문제 탐구, 미술과 매체 등","공통과목: 사회, 체육ㆍ예술 | 일반선택과목: 사회교과 : 경제, 사회ㆍ문화, 생활과 윤리 | 진로선택과목: 미술 창작, 미술 감상과 비평, 지식 재산 일반, 사회문제 탐구 | 전문교과Ⅰ: 미술 이론, 매체 미술, 세계 문제와 미래 사회, 사회 탐구 방법 및 사회과제 연구 | 전문교과Ⅱ: 디자인 일반, 색채 관리, 정보처리와 관리, 빅데이터 분석","숍마스터, 의류기사1급, 의류기사2급, 컬러리스트기사, 패션디자인산업기사, 패션머천다이징산업기사, 한복산업기사",가방디자이너
449,바이오동물과,"서울특별시_동양미래대학교(제1캠퍼스)_바이오융합공학과, 서울특별시_한양여자대학교(제1캠퍼스)_반려동물보건과, 부산광역시_부산경상대학교(제1캠퍼스)_반려동물보건과, 부산광역시_부산보건대학교(제1캠퍼스)_반려동물보건과, 부산광역시_부산여자대학교(제1캠퍼스)_동물보건과, 인천광역시_경인여자대학교(제1캠퍼스)_반려동물보건학과(3년제), 인천광역시_경인여자대학교(제1캠퍼스)_반려동물보건학과, 인천광역시_경인여자대학교(제1캠퍼스)_반려동물산업학과, 인천광역시_재능대학교(제1캠퍼스)_바이오코스메틱과, 대전광역시_우송정보대학(제1캠퍼스)_동물보건과, 대구광역시_계명문화대학교(제1캠퍼스)_반려동물보건과, 대구광역시_수성대학교(제1캠퍼스)_반려동물보건과, 대구광역시_영남이공대학교(제1캠퍼스)_반려동물보건과, 대구광역시_영진전문대학교(제1캠퍼스)_동물보건과, 경기도_대림대학교(제1캠퍼스)_바이오헬스케어과, 경기도_동원대학교(제1캠퍼스)_동물보건과, 경기도_서정대학교(제1캠퍼스)_동물보건과, 경기도_서정대학교(제1캠퍼스)_반려동물보건과, 경기도_수원여자대학교(제2캠퍼스)_펫케어과, 경기도_신구대학교(제1캠퍼스)_바이오동물전공, 경기도_신안산대학교(제1캠퍼스)_반려동물보건과, 경기도_연성대학교(제1캠퍼스)_반려동물보건과(3년제), 경기도_오산대학교(제1캠퍼스)_동물보건과, 경기도_용인예술과학대학교(제1캠퍼스)_반려동물보건과, 경기도_유한대학교(제1캠퍼스)_반려동물보건학과, 경기도_유한대학교(제1캠퍼스)_건강웰니스학과 반려동물산업전공, 경기도_장안대학교(제1캠퍼스)_바이오동물보건과, 경기도_장안대학교(제1캠퍼스)_바이오동물보호과, 충청북도_대원대학교(제1캠퍼스)_바이오메디컬과, 충청남도_연암대학교(제1캠퍼스)_동물보호학과, 전북특별자치도_전북과학대학교(제1캠퍼스)_천연물바이오과, 전북특별자치도_전주기전대학(제1캠퍼스)_동물보건과, 전라남도_청암대학교(제1캠퍼스)_반려동물보건과, 경상북도_대경대학교(제1캠퍼스)_동물보건과, 경상북도_안동과학대학교(제1캠퍼스)_바이오헴프과","일반 선택: 대수, 미적분 Ⅰ, 확률과 통계, 물리학, 화학, 생명과학, 정보 등 | 진로 선택: 기하, 미적분Ⅱ, 물질과 에너지, 화학 반응의 세계, 세포와 물질대사, 생물의 유전 등 | 융합 선택: 융합과학 탐구, 기후변화와 지속가능한 세계 등","공통과목: 과학, 윤리, 교양, 수학 | 일반선택과목: 과학교과 : 생명과학Ⅰ, 화학Ⅰ | 진로선택과목: 생명과학Ⅱ, 융합과학, 생활과 과학, 화학Ⅱ, 농업생명과학, 사회문제 탐구 | 전문교과Ⅰ: 고급생명과학, 생명과학 실험, 과학과제 연구, 융합과학 탐구, 생태와 환경, 정보과학, 사회탐구 방법 | 전문교과Ⅱ: 생명공학 기술, 인간과 환경","실험동물기술원, 축산산업기사",생명과학시험원
340,반려동물과,"부산광역시_경남정보대학교(제1캠퍼스)_반려동물케어과, 부산광역시_경남정보대학교(제1캠퍼스)_반려동물학과, 부산광역시_경남정보대학교(제1캠퍼스)_반려동물라이프계열, 부산광역시_부산경상대학교(제1캠퍼스)_반려동물산업과, 부산광역시_부산경상대학교(제1캠퍼스)_반려동물과, 부산광역시_부산여자대학교(제1캠퍼스)_반려동물과, 인천광역시_경인여자대학교(제1캠퍼스)_펫토탈케어과, 대전광역시_대덕대학교(제1캠퍼스)_반려동물과, 대전광역시_대덕대학교(제1캠퍼스)_펫토탈케어과, 대전광역시_대전과학기술대학교(제1캠퍼스)_애완동물과, 대전광역시_대전과학기술대학교(제1캠퍼스)_반려동물학과, 대전광역시_대전보건대학교(제1캠퍼스)_펫토탈케어과, 대전광역시_대전보건대학교(제1캠퍼스)_반려동물과, 대전광역시_우송정보대학(제1캠퍼스)_반려동물학부, 대전광역시_우송정보대학(제1캠퍼스)_K마이스터 스쿨 펫케어전공, 대구광역시_계명문화대학교(제1캠퍼스)_펫토탈케어학부, 대구광역시_계명문화대학교(제1캠퍼스)_펫토탈케어과, 대구광역시_영남이공대학교(제1캠퍼스)_반려동물케어과, 대구광역시_영남이공대학교(제1캠퍼스)_반려동물스타일리스트과, 대구광역시_영진전문대학교(제1캠퍼스)_반려동물과, 경기도_경복대학교(제1캠퍼스)_반려동물보건과, 경기도_국제대학교(제1캠퍼스)_반려동물학과, 경기도_국제대학교(제1캠퍼스)_반려동물과, 경기도_동원대학교(제1캠퍼스)_반려동물과, 경기도_부천대학교(제1캠퍼스)_반려동물과, 경기도_서정대학교(제1캠퍼스)_반려동물학과, 경기도_서정대학교(제1캠퍼스)_애완동물과, 경기도_서정대학교(제1캠퍼스)_반려동물과, 경기도_수원여자대학교(제2캠퍼스)_반려동물과, 경기도_신구대학교(제1캠퍼스)_애완동물전공, 경기도_신구대학교(제1캠퍼스)_반려동물과, 경기도_신구대학교(제1캠퍼스)_애완동물과, 경기도_신안산대학교(제1캠퍼스)_반려동물과, 경기도_안산대학교(제1캠퍼스)_동물매개케어학과(성인학습자), 경기도_연성대학교(제1캠퍼스)_반려동물산업과, 경기도_연성대학교(제1캠퍼스)_반려동물과, 경기도_오산대학교(제1캠퍼스)_반려동물관리과, 경기도_용인예술과학대학교(제1캠퍼스)_반려동물과(2년제), 경기도_용인예술과학대학교(제1캠퍼스)_반려동물과, 충청북도_충북보건과학대학교(제1캠퍼스)_반려동물문화학과, 충청북도_충청대학교(제1캠퍼스)_반려동물과, 충청북도_충청대학교(제1캠퍼스)_애완동물과, 충청남도_연암대학교(제1캠퍼스)_동물보호계열, 충청남도_혜전대학교(제1캠퍼스)_반려동물과, 충청남도_혜전대학교(제1캠퍼스)_반려동물토탈케어과, 충청남도_혜전대학교(제1캠퍼스)_애완동물관리과, 전북특별자치도_원광보건대학교(제1캠퍼스)_반려동물산업과, 전북특별자치도_전주기전대학(제1캠퍼스)_반려동물과, 전북특별자치도_전주기전대학(제1캠퍼스)_애완동물관리과, 전북특별자치도_전주기전대학(제1캠퍼스)_반려동물과(자연과학), 전라남도_동아보건대학교(제1캠퍼스)_반려동물전공, 전라남도_청암대학교(제1캠퍼스)_반려동물산업과, 경상북도_가톨릭상지대학교(제1캠퍼스)_반려동물과, 경상북도_구미대학교(제1캠퍼스)_반려동물케어과, 경상북도_대경대학교(제1캠퍼스)_신산업창조학부 동물조련이벤트전공, 경상북도_선린대학교(제1캠퍼스)_반려동물과, 경상북도_안동과학대학교(제1캠퍼스)_반려동물케어과","일반 선택: 대수, 미적분Ⅰ, 확률과 통계, 화학, 생명과학, 지구과학, 정보 등 | 진로 선택: 미적분Ⅱ, 인공지능 수학, 물질과 에너지, 화학 반응의 세계, 세포와 물질대사, 생물의 유전, 생활과학 탐구 등 | 융합 선택: 실용 통계, 기후변화와 환경생태 등","공통과목: 과학, 윤리, 교양, 수학 | 일반선택과목: 과학교과 : 생명과학Ⅰ, 화학Ⅰ | 진로선택과목: 생명과학Ⅱ, 융합과학, 생활과 과학, 화학Ⅱ, 농업생명과학, 사회문제 탐구 | 전문교과Ⅰ: 고급생명과학, 생명과학 실험, 과학과제 연구, 융합과학 탐구, 생태와 환경, 정보과학, 사회탐구 방법 | 전문교과Ⅱ: 생명공학 기술, 인간과 환경","반려동물관리사, 애견미용사, 축산기능사",반려동물미용사
245,산림자원학과,"서울특별시_건국대학교(제1캠퍼스)_산림조경전공, 서울특별시_서울대학교(제1캠퍼스)_산림과학부, 대전광역시_충남대학교(제1캠퍼스)_환경임산자원학부, 대전광역시_충남대학교(제1캠퍼스)_산림환경자원학과, 대구광역시_경북대학교(제1캠퍼스)_산림과학.조경학부 임학전공, 대구광역시_경북대학교(제1캠퍼스)_산림과학.조경학부 임산공학전공, 대구광역시_경북대학교(제1캠퍼스)_산림과학.조경학부(임학전공,임산공학전공,조경학전공), 광주광역시_전남대학교(제1캠퍼스)_산림자원학부, 광주광역시_전남대학교(제1캠퍼스)_산림자원학과, 경기도_국제사이버대학교(제1캠퍼스)_식물치유클리닉학과, 강원특별자치도_가톨릭관동대학교(제1캠퍼스)_산림치유학과, 강원특별자치도_강원대학교(제1캠퍼스)_산림환경보호학과, 강원특별자치도_강원대학교(제1캠퍼스)_산림자원보호학전공, 강원특별자치도_강원대학교(제1캠퍼스)_산림응용공학부, 강원특별자치도_강원대학교(제1캠퍼스)_산림자원학과, 강원특별자치도_강원대학교(제1캠퍼스)_산림환경보호학전공, 강원특별자치도_강원대학교(제1캠퍼스)_시설농업학전공, 강원특별자치도_강원대학교(제1캠퍼스)_산림과학부, 강원특별자치도_강원대학교(제1캠퍼스)_산림자원조성학전공, 강원특별자치도_강원대학교(제1캠퍼스)_산림소재공학전공, 강원특별자치도_강원대학교(제1캠퍼스)_산림자원학전공, 강원특별자치도_상지대학교(제1캠퍼스)_산림조경학부 산림과학전공, 강원특별자치도_상지대학교(제1캠퍼스)_산림과학과, 충청북도_우석대학교(제2캠퍼스)_산림조경원예학과, 충청북도_충북대학교(제1캠퍼스)_산림학과, 충청남도_국립공주대학교(제3캠퍼스)_산림과학과, 충청남도_국립공주대학교(제3캠퍼스)_산림자원학과, 전북특별자치도_전북대학교(제1캠퍼스)_산림자원학과, 전북특별자치도_전북대학교(제1캠퍼스)_목재응용과학과, 전라남도_국립목포대학교(제1캠퍼스)_산림자원, 전라남도_국립순천대학교(제1캠퍼스)_산림자원ㆍ조경학부(산림자원학전공), 전라남도_국립순천대학교(제1캠퍼스)_산림자원.조경학부, 전라남도_국립순천대학교(제1캠퍼스)_산림자원학전공, 경상북도_경북대학교(제3캠퍼스)_산림생태보호학과, 경상북도_국립경국대학교(제1캠퍼스)_산림과학과, 경상북도_국립경국대학교(제1캠퍼스)_산림과학전공, 경상북도_대구가톨릭대학교(제1캠퍼스)_원예치료전공, 경상북도_대구가톨릭대학교(제1캠퍼스)_스마트그린케어학과, 경상북도_대구대학교(제1캠퍼스)_산림자원학과, 경상북도_대구한의대학교(제1캠퍼스)_산림비즈니스학과, 경상북도_영남대학교(제1캠퍼스)_산림자원및조경학과, 경상북도_영남대학교(제1캠퍼스)_산림자원학과, 경상남도_경상국립대학교(제1캠퍼스)_환경산림과학부 산림융복합학전공(야), 경상남도_경상국립대학교(제1캠퍼스)_산림자원학과, 경상남도_경상국립대학교(제1캠퍼스)_산림환경자원학과, 경상남도_경상국립대학교(제1캠퍼스)_환경산림과학부(통합대학), 경상남도_경상국립대학교(제1캠퍼스)_산림융복합학전공, 경상남도_경상국립대학교(제1캠퍼스)_산림환경자원학전공, 경상남도_경상국립대학교(제1캠퍼스)_농업식물과학과","일반 선택: 대수, 미적분Ⅰ, 확률과 통계, 물리학, 화학, 생명과학, 정보 | 진로 선택: 미적분Ⅱ, 인공지능 수학, 한국지리 탐구, 물질과 에너지, 화학 반응의 세계, 세포와 물질대사, 생물의 유전, 지구시스템과학, 생활과학 탐구 | 융합 선택: 실용 통계, 기후변화와 환경생태","공통과목: 과학, 교양, 사회, 영어 | 일반선택과목: 과학교과 : 생명과학Ⅰ, 화학Ⅰ, 지구과학Ⅰ, 물리Ⅰ | 진로선택과목: 생명과학Ⅱ, 융합과학, 생활과 과학, 화학Ⅱ, 농업생명과학, 공학일반, 창의경영, 여행 지리, 실용수학 | 전문교과Ⅰ: 고급 생명과학, 생명과학 실험, 물리화학 실험, 융합과학 탐구, 과학과제 연구, 생태와 환경 | 전문교과Ⅱ: 산림 자원, 산림 휴양, 인간과 환경, 환경화학 기초","산림기사, 생물분류기사, 숲길체험지도사, 유아숲지도사, 임업종묘기사, 자연생태복원기사, 종자기사",산림경영지도원
309,시각디자인학과,"서울특별시_경희사이버대학교(제1캠퍼스)_시각미디어디자인전공, 서울특별시_국민대학교(제1캠퍼스)_AI디자인학과, 서울특별시_국민대학교(제1캠퍼스)_시각디자인학과, 서울특별시_덕성여자대학교(제1캠퍼스)_시각디자인학과, 서울특별시_덕성여자대학교(제1캠퍼스)_시각디자인전공, 서울특별시_동덕여자대학교(제1캠퍼스)_시각&실내디자인학과, 서울특별시_동덕여자대학교(제1캠퍼스)_디자인학부 시각&실내디자인전공, 서울특별시_디지털서울문화예술대학교(제1캠퍼스)_시각영상디자인학과, 서울특별시_서경대학교(제1캠퍼스)_시각정보디자인전공, 서울특별시_서경대학교(제1캠퍼스)_VD_비주얼디자인, 서울특별시_서울과학기술대학교(제1캠퍼스)_디자인학과(시각디자인전공), 서울특별시_서울과학기술대학교(제1캠퍼스)_시각문화융합디자인학과, 서울특별시_서울여자대학교(제1캠퍼스)_시각디자인전공, 서울특별시_숙명여자대학교(제1캠퍼스)_시각ㆍ영상디자인과, 서울특별시_숭실사이버대학교(제1캠퍼스)_뉴미디어디자인학과, 서울특별시_연세대학교(제1캠퍼스)_통합디자인학과, 서울특별시_이화여자대학교(제1캠퍼스)_시각디자인전공, 서울특별시_한양사이버대학교(제1캠퍼스)_시각디자인학과, 서울특별시_한양사이버대학교(제1캠퍼스)_뉴미디어디자인학과, 서울특별시_홍익대학교(제1캠퍼스)_디자인학부 시각디자인전공, 부산광역시_경성대학교(제1캠퍼스)_영상애니메이션학부, 부산광역시_경성대학교(제1캠퍼스)_시각디자인학과, 부산광역시_경성대학교(제1캠퍼스)_시각디자인학전공, 부산광역시_고신대학교(제1캠퍼스)_시각디자인학과, 부산광역시_국립부경대학교(제1캠퍼스)_시각디자인전공, 부산광역시_동명대학교(제1캠퍼스)_시각디자인학과, 부산광역시_동서대학교(제1캠퍼스)_시각디자인전공, 부산광역시_동서대학교(제1캠퍼스)_Digital Design학과, 부산광역시_동서대학교(제1캠퍼스)_시각디자인학전공, 부산광역시_동서대학교(제1캠퍼스)_비쥬얼디자인학전공, 부산광역시_신라대학교(제1캠퍼스)_시각디자인학전공, 부산광역시_신라대학교(제1캠퍼스)_시각디자인학과, 부산광역시_신라대학교(제1캠퍼스)_시각디자인전공, 인천광역시_인천가톨릭대학교(제2캠퍼스)_시각디자인학과, 인천광역시_인하대학교(제1캠퍼스)_디자인테크놀로지학과, 대전광역시_국립한밭대학교(제1캠퍼스)_시각ㆍ영상디자인학과, 대전광역시_국립한밭대학교(제1캠퍼스)_시각디자인학과, 대전광역시_목원대학교(제1캠퍼스)_시각커뮤니케이션디자인학과, 대구광역시_경북대학교(제1캠퍼스)_시각정보디자인학과, 대구광역시_계명대학교(제2캠퍼스)_시각디자인과, 울산광역시_울산대학교(제1캠퍼스)_시각디자인학전공, 광주광역시_광주대학교(제1캠퍼스)_시각영상디자인학과, 광주광역시_조선대학교(제1캠퍼스)_시각디자인학과, 광주광역시_호남대학교(제1캠퍼스)_시각융합디자인학과, 경기도_가천대학교(제1캠퍼스)_미술ㆍ디자인학부(시각디자인전공), 경기도_강남대학교(제1캠퍼스)_유니버설아트디자인학과, 경기도_강남대학교(제1캠퍼스)_예체능학부 유니버설아트디자인전공, 경기도_강남대학교(제1캠퍼스)_복지융합인재학부 유니버설비주얼디자인전공, 경기도_경기대학교(제1캠퍼스)_시각정보디자인전공, 경기도_경희대학교(제2캠퍼스)_시각디자인학과, 경기도_대진대학교(제1캠퍼스)_시각디자인학과, 경기도_명지대학교 자연캠퍼스(제1캠퍼스)_디자인학부 시각디자인전공, 경기도_명지대학교 자연캠퍼스(제1캠퍼스)_비주얼커뮤니케이션디자인전공, 경기도_명지대학교 자연캠퍼스(제1캠퍼스)_디자인학부 영상디자인전공, 경기도_예원예술대학교(제2캠퍼스)_시각영상디자인전공, 경기도_을지대학교(제2캠퍼스)_시각디자인전공, 경기도_중앙대학교(제2캠퍼스)_디자인학부(시각디자인전공), 경기도_한경국립대학교(제1캠퍼스)_시각미디어디자인전공, 경기도_한세대학교(제1캠퍼스)_시각정보디자인학과, 경기도_협성대학교(제1캠퍼스)_시각조형디자인학과, 경기도_협성대학교(제1캠퍼스)_시각디자인학과, 강원특별자치도_가톨릭관동대학교(제1캠퍼스)_CG디자인전공, 강원특별자치도_강원대학교(제2캠퍼스)_시각멀티미디어디자인학과, 강원특별자치도_상지대학교(제1캠퍼스)_시각영상디자인학과, 강원특별자치도_연세대학교 미래캠퍼스(제1캠퍼스)_시각디자인학전공, 충청북도_건국대학교 글로컬캠퍼스(제1캠퍼스)_시각영상디자인전공, 충청북도_건국대학교 글로컬캠퍼스(제1캠퍼스)_시각영상디자인학과, 충청북도_세명대학교(제1캠퍼스)_시각ㆍ영상디자인학과, 충청북도_우석대학교(제2캠퍼스)_시각커뮤니케이션디자인학과, 충청북도_청주대학교(제1캠퍼스)_시각디자인학과, 충청남도_건양대학교(제1캠퍼스)_시각디자인전공, 충청남도_건양대학교(제1캠퍼스)_시각디자인학과, 충청남도_남서울대학교(제1캠퍼스)_시각미디어디자인학과, 충청남도_남서울대학교(제1캠퍼스)_시각정보디자인학과, 충청남도_단국대학교(제2캠퍼스)_시각디자인과, 충청남도_상명대학교(제2캠퍼스)_시각디자인전공, 충청남도_상명대학교(제2캠퍼스)_디자인학부 ARㆍVR미디어디자인전공, 충청남도_상명대학교(제2캠퍼스)_시각디자인학과, 충청남도_선문대학교(제1캠퍼스)_시각디자인학과, 충청남도_한서대학교(제1캠퍼스)_시각디자인학과, 충청남도_호서대학교(제1캠퍼스)_시각디자인학과, 충청남도_호서대학교(제1캠퍼스)_디지털프로덕트디자인학과, 전북특별자치도_예원예술대학교(제1캠퍼스)_시각ㆍ영상디자인전공, 전북특별자치도_예원예술대학교(제1캠퍼스)_시각디자인전공, 전북특별자치도_예원예술대학교(제1캠퍼스)_시각디자인학과, 전북특별자치도_원광대학교(제1캠퍼스)_시각정보디자인학과, 전북특별자치도_전주대학교(제1캠퍼스)_시각디자인학과, 전북특별자치도_전주대학교(제1캠퍼스)_시각디자인전공, 전북특별자치도_호원대학교(제1캠퍼스)_미디어컨텐츠디자인학과, 전라남도_국립목포대학교(제1캠퍼스)_시각디자인, 경상북도_경운대학교(제1캠퍼스)_시각영상애니메이션전공, 경상북도_경일대학교(제1캠퍼스)_디자인학부 시각영상디자인전공, 경상북도_대구가톨릭대학교(제1캠퍼스)_시각영상디자인과, 경상북도_대구가톨릭대학교(제1캠퍼스)_미디어ㆍ디자인전공, 경상북도_대구가톨릭대학교(제1캠퍼스)_시각디자인과, 경상북도_대구대학교(제1캠퍼스)_시각디자인학과, 경상북도_대구대학교(제1캠퍼스)_시각디자인융합학부, 경상북도_대구대학교(제1캠퍼스)_시각디자인융합학부(서비스마케팅디자인전공), 경상북도_대구대학교(제1캠퍼스)_시각디자인융합학부(시각디자인전공), 경상북도_대구예술대학교(제1캠퍼스)_시각디자인전공, 경상북도_대구예술대학교(제1캠퍼스)_시각콘텐츠학과, 경상북도_영남대학교(제1캠퍼스)_시각디자인학과, 경상남도_경상국립대학교(제1캠퍼스)_디자인비즈니스학과, 경상남도_영산대학교(제1캠퍼스)_시각영상디자인전공, 경상남도_영산대학교(제1캠퍼스)_시각영상디자인학과, 세종특별자치시_홍익대학교 세종캠퍼스(제2캠퍼스)_디자인컨버전스학부","일반 선택: 독서와 작문, 문학, 대수, 확률과 통계, 영어Ⅰ, 영어Ⅱ, 영어 독해오작문, 미술, 정보 등 | 진로 선택: 주제 탐구 독서, 문학과 영상, 미술 창작, 미술 감상과 비평, 인간과 심리 등 | 융합 선택: 매체 의사소통, 미디어 영어, 세계 문화와 영어, 여행지리, 사회문제 탐구, 미술과 매체 등","공통과목: 미술, 윤리 | 일반선택과목: 예술교과 : 미술 | 진로선택과목: 미술 창작, 미술 감상과 비평 | 전문교과Ⅰ: 미술 이론, 미술사, 드로잉, 미술 전공 실기 | 전문교과Ⅱ: 디자인 일반, 시각 디자인, 색채 관리","광고디자인산업기사, 시각디자인산업기사, 웹디자인기능사, 의장디자인산업기사, 전자출판기능사, 컬러리스트기사및산업기사, 컴퓨터그래픽스운용기사, 포장디자인산업기사",광고디자이너
458,재활학과,"서울특별시_서울디지털대학교(제1캠퍼스)_예술치료전공, 서울특별시_서울사이버대학교(제1캠퍼스)_음악치료학과, 서울특별시_서울한영대학교(제1캠퍼스)_유아특수재활학과, 서울특별시_성신여자대학교(제1캠퍼스)_운동재활복지학과, 서울특별시_숭실사이버대학교(제1캠퍼스)_스포츠재활복지학과, 서울특별시_총신대학교(제1캠퍼스)_중독재활상담학과, 서울특별시_한국열린사이버대학교(제1캠퍼스)_통합치유학과, 서울특별시_한양사이버대학교(제1캠퍼스)_미술치료학과, 부산광역시_고신대학교(제1캠퍼스)_재활상담학과, 부산광역시_고신대학교(제1캠퍼스)_재활치료학과, 부산광역시_동명대학교(제1캠퍼스)_언어치료청각재활학과, 부산광역시_동명대학교(제1캠퍼스)_선명상치유학과, 부산광역시_동명대학교(제1캠퍼스)_스포츠재활학과, 부산광역시_동서대학교(제1캠퍼스)_운동처방학전공, 부산광역시_동서대학교(제1캠퍼스)_운동처방학과, 부산광역시_동서대학교(제1캠퍼스)_시니어운동처방학과, 부산광역시_부산디지털대학교(제1캠퍼스)_상담치료학부, 부산광역시_부산외국어대학교(제1캠퍼스)_스포츠재활학과, 인천광역시_가천대학교(제2캠퍼스)_운동재활복지학과, 인천광역시_가천대학교(제2캠퍼스)_운동재활학과, 대전광역시_건양사이버대학교(제1캠퍼스)_행동재활치료학과, 대전광역시_건양사이버대학교(제1캠퍼스)_행동발달치료학과, 대전광역시_우송대학교(제1캠퍼스)_언어치료ㆍ청각재활학과, 광주광역시_광주대학교(제1캠퍼스)_언어재활상담학과, 광주광역시_광주여자대학교(제1캠퍼스)_미래융합학부(언어재활전공), 광주광역시_광주여자대학교(제1캠퍼스)_미래융합학부(언어재활심리학과), 광주광역시_송원대학교(제1캠퍼스)_재활보건관리학과(자연), 광주광역시_송원대학교(제1캠퍼스)_재활보건학과, 경기도_가천대학교(제1캠퍼스)_운동재활학과, 경기도_차의과학대학교(제1캠퍼스)_미술치료학과, 경기도_한경국립대학교(제2캠퍼스)_의료재활공학전공, 경기도_한신대학교(제1캠퍼스)_재활학과, 경기도_한신대학교(제1캠퍼스)_재활상담학과, 경기도_한신대학교(제1캠퍼스)_재활상담학, 강원특별자치도_가톨릭관동대학교(제1캠퍼스)_언어재활학과, 강원특별자치도_가톨릭관동대학교(제1캠퍼스)_중독재활상담학과, 강원특별자치도_가톨릭관동대학교(제1캠퍼스)_치매전문재활학과, 강원특별자치도_가톨릭관동대학교(제1캠퍼스)_중독재활학과, 강원특별자치도_가톨릭관동대학교(제1캠퍼스)_언어재활상담학과, 강원특별자치도_가톨릭관동대학교(제1캠퍼스)_통합치유학과, 강원특별자치도_상지대학교(제1캠퍼스)_놀이심리치료학과, 강원특별자치도_연세대학교 미래캠퍼스(제1캠퍼스)_재활보건학전공, 충청북도_극동대학교(제1캠퍼스)_재활상담치료학과, 충청북도_서원대학교(제1캠퍼스)_헬스케어운동학과, 충청남도_건양대학교(제1캠퍼스)_재활퍼스널트레이닝학과, 충청남도_건양대학교(제1캠퍼스)_심리상담치료학과, 충청남도_나사렛대학교(제1캠퍼스)_재활자립학부, 충청남도_나사렛대학교(제1캠퍼스)_재활공학과, 충청남도_나사렛대학교(제1캠퍼스)_심리재활학전공, 충청남도_나사렛대학교(제1캠퍼스)_재활학트랙, 충청남도_나사렛대학교(제1캠퍼스)_인간재활학전공, 충청남도_단국대학교(제2캠퍼스)_운동처방재활학과, 충청남도_한서대학교(제1캠퍼스)_의료재활학과, 전북특별자치도_우석대학교(제1캠퍼스)_재활학과, 전북특별자치도_전주대학교(제1캠퍼스)_운동처방학과, 전북특별자치도_전주대학교(제1캠퍼스)_재활학과, 전북특별자치도_전주대학교(제1캠퍼스)_예술심리치료학과, 전북특별자치도_한일장신대학교(제1캠퍼스)_운동처방재활학과, 전북특별자치도_호원대학교(제1캠퍼스)_보건헬스케어학과, 전라남도_동신대학교(제1캠퍼스)_운동처방학과, 경상북도_김천대학교(제1캠퍼스)_스포츠재활학과, 경상북도_대구가톨릭대학교(제1캠퍼스)_재활치료전공, 경상북도_대구가톨릭대학교(제1캠퍼스)_의료재활학과, 경상북도_대구대학교(제1캠퍼스)_재활건강증진학과, 경상북도_대구대학교(제1캠퍼스)_재활과학계열, 경상북도_대구대학교(제1캠퍼스)_의료재활학과, 경상북도_대구대학교(제1캠퍼스)_재활심리학과, 경상북도_대구대학교(제1캠퍼스)_재활상담학과, 경상북도_대구사이버대학교(제1캠퍼스)_놀이치료학과, 경상북도_대구사이버대학교(제1캠퍼스)_발달재활학과, 경상북도_대구사이버대학교(제1캠퍼스)_심리운동학과, 경상북도_대구사이버대학교(제1캠퍼스)_재활상담학과, 경상북도_대구사이버대학교(제1캠퍼스)_미술치료학과, 경상북도_대구예술대학교(제1캠퍼스)_복지&심리상담전공, 경상북도_대구한의대학교(제1캠퍼스)_미술놀이치료학과, 경상북도_대구한의대학교(제1캠퍼스)_노인재활치료학과, 경상북도_대구한의대학교(제1캠퍼스)_미술치료학전공, 경상북도_대구한의대학교(제1캠퍼스)_미술심리치료전공, 경상북도_대구한의대학교(제1캠퍼스)_재활치료학전공, 경상북도_대구한의대학교(제1캠퍼스)_미술심리치료학과, 경상북도_대구한의대학교(제1캠퍼스)_치유산업학과, 경상북도_대구한의대학교(제1캠퍼스)_재활치료학부, 경상북도_신경주대학교(제1캠퍼스)_스포츠재활학과, 경상남도_가야대학교(제1캠퍼스)_스포츠재활복지학과, 경상남도_가야대학교(제1캠퍼스)_스포츠재활복지학부, 경상남도_영산대학교(제1캠퍼스)_실버재활학과, 제주특별자치도_제주국제대학교(제1캠퍼스)_복지상담학부 언어치료학전공","일반 선택: 물리학, 화학, 생명과학, 현대사회와 윤리 등 | 진로 선택: 세포와 물질대사, 생물의 유전, 법과 사회, 보건 등 | 융합 선택: 융합과학 탐구 등","공통과목: 영어, 과학 | 일반선택과목: 영어교과 : 영어Ⅰ, 영어Ⅱ, 영어 독해와 작문 | 진로선택과목: 생명과학Ⅱ | 전문교과Ⅰ: 체육지도법, 개인ㆍ대인 운동, 체육 전공 실기 응용 | 전문교과Ⅱ: 인체 구조와 기능, 기초 간호 임상 실무, 보건 간호","물리치료사, 작업치료사, 특수교육교사",물리치료사
10027,스포츠재활과,"서울특별시_서일대학교(제1캠퍼스)_스포츠헬스케어학과, 부산광역시_경남정보대학교(제1캠퍼스)_스포츠재활지도학과, 부산광역시_경남정보대학교(제1캠퍼스)_뷰티헬스과, 부산광역시_경남정보대학교(제1캠퍼스)_스포츠재활트레이닝과, 부산광역시_동의과학대학교(제1캠퍼스)_스포츠재활트레이닝과, 부산광역시_부산과학기술대학교(제1캠퍼스)_재활운동건강과, 부산광역시_부산보건대학교(제1캠퍼스)_스포츠재활과(자연), 부산광역시_부산여자대학교(제1캠퍼스)_아동스포츠재활무용과(3년제), 부산광역시_부산예술대학교(제1캠퍼스)_스포츠재활&다이어트과, 인천광역시_경인여자대학교(제1캠퍼스)_스포츠헬스케어학과, 인천광역시_인하공업전문대학(제1캠퍼스)_스포츠헬스케어학과, 인천광역시_재능대학교(제1캠퍼스)_스포츠재활과, 대구광역시_대구보건대학교(제1캠퍼스)_스포츠재활학과, 대구광역시_영남이공대학교(제1캠퍼스)_스포츠재활과, 대구광역시_영남이공대학교(제1캠퍼스)_스포츠재활ㆍ운동관리과, 대구광역시_영남이공대학교(제1캠퍼스)_스포츠건강재활계열, 대구광역시_영진전문대학교(제1캠퍼스)_스포츠재활과, 울산광역시_울산과학대학교(제1캠퍼스)_스포츠건강재활학과, 울산광역시_울산과학대학교(제1캠퍼스)_스포츠재활학부 스포츠지도전공(자연과학계열), 울산광역시_울산과학대학교(제1캠퍼스)_스포츠재활학부 스포츠지도전공, 울산광역시_울산과학대학교(제1캠퍼스)_스포츠재활학부 스포츠재활전공(자연과학계열), 울산광역시_울산과학대학교(제1캠퍼스)_스포츠재활학부 스포츠재활전공, 울산광역시_울산과학대학교(제1캠퍼스)_스포츠재활학부(자연과학계열), 광주광역시_동강대학교(제1캠퍼스)_스포츠재활트레이닝과, 광주광역시_조선이공대학교(제1캠퍼스)_스포츠재활학부 웰빙헬스케어전공, 광주광역시_조선이공대학교(제1캠퍼스)_스포츠재활과, 광주광역시_조선이공대학교(제1캠퍼스)_스포츠재활학부 스포츠재활전공, 광주광역시_조선이공대학교(제1캠퍼스)_스포츠재활학과, 광주광역시_조선이공대학교(제1캠퍼스)_스포츠재활학부, 경기도_국제대학교(제1캠퍼스)_스포츠헬스케어학과, 경기도_대림대학교(제1캠퍼스)_스포츠재활과(스포츠학부), 경기도_대림대학교(제1캠퍼스)_스포츠재활학부, 경기도_두원공과대학교(제1캠퍼스)_재활운동과학과(2년제), 경기도_두원공과대학교(제2캠퍼스)_스포츠재활과, 경기도_두원공과대학교(제1캠퍼스)_재활운동과학과, 경기도_두원공과대학교(제1캠퍼스)_스포츠재활치료과, 경기도_부천대학교(제1캠퍼스)_재활스포츠학과, 경기도_부천대학교(제1캠퍼스)_재활스포츠과, 경기도_신구대학교(제1캠퍼스)_스포츠재활과, 경기도_여주대학교(제1캠퍼스)_건강운동재활학과, 경기도_연성대학교(제1캠퍼스)_스포츠케어과, 경기도_연성대학교(제1캠퍼스)_스포츠재활과, 경기도_유한대학교(제1캠퍼스)_건강웰니스학과 스포츠재활전공, 경기도_장안대학교(제1캠퍼스)_운동처방과, 경기도_장안대학교(제1캠퍼스)_스포츠재활과, 강원특별자치도_강릉영동대학교(제1캠퍼스)_스포츠재활전공, 강원특별자치도_강릉영동대학교(제1캠퍼스)_스포츠레저헬스케어계열, 강원특별자치도_한국골프과학기술대학교(제1캠퍼스)_골프재활과, 강원특별자치도_한국골프과학기술대학교(제1캠퍼스)_골프재활헬스케어과, 충청북도_강동대학교(제1캠퍼스)_스포츠재활과, 충청북도_대원대학교(제1캠퍼스)_운동재활과, 충청북도_충북보건과학대학교(제1캠퍼스)_스포츠과학과, 충청북도_충북보건과학대학교(제1캠퍼스)_스포츠재활과, 충청북도_충청대학교(제1캠퍼스)_사회체육학부 스포츠재활과, 충청북도_충청대학교(제1캠퍼스)_스포츠재활과, 전북특별자치도_전주기전대학(제1캠퍼스)_운동재활과, 전북특별자치도_전주기전대학(제1캠퍼스)_말산업스포츠재활과, 전북특별자치도_전주기전대학(제1캠퍼스)_운동재활과(예체능), 전라남도_나주대학교(제1캠퍼스)_재활복지스포츠학부, 전라남도_목포과학대학교(제1캠퍼스)_스포츠과학과, 전라남도_전남과학대학교(제1캠퍼스)_뉴로테크헬스케어학과, 전라남도_청암대학교(제1캠퍼스)_재활스포츠과, 경상북도_대경대학교(제1캠퍼스)_스포츠재활과, 경상북도_문경대학교(제1캠퍼스)_스포츠재활과, 경상남도_경남도립거창대학(제1캠퍼스)_스포츠재활운동관리과, 경상남도_김해대학교(제1캠퍼스)_스포츠재활과(축구), 경상남도_동원과학기술대학교(제1캠퍼스)_스포츠재활운동학과, 경상남도_동원과학기술대학교(제1캠퍼스)_재활스포츠과, 경상남도_동원과학기술대학교(제1캠퍼스)_스포츠재활학부, 경상남도_동원과학기술대학교(제1캠퍼스)_스포츠재활운동학부","일반 선택: 독서와 작문, 문학, 대수, 미적분Ⅰ, 확률과 통계, 영어 I,프, 영어 독해와 작문, 현대사회와 윤리, 생명과학, 화학, 정보, 교육학 등 | 진로 선택: 법과 사회, 물질과 에너지, 화학 반응의 세계, 세포와 물질대사, 생물의 유전 등 | 융합 선택: 실생활 영어 회화, 실용 통계, 윤리문제 탐구 등","공통과목: 체육, 윤리 | 일반선택과목: 체육교과 : 체육, 운동과 건강 | 진로선택과목: 스포츠 생활, 체육 탐구 | 전문교과Ⅰ: 스포츠 개론, 체육 지도법, 체육 전공 실기 기초, 체육 전공 실기 심화, 체육 전공 실기 응용 | 전문교과Ⅱ: 인체 구조와 기능, 간호의 기초","사회복지사, 생활스포츠지도자, 요양보호사, 응급구조사, 장애인재활상담사",간병인
20,건축학과,"서울특별시_건국대학교(제1캠퍼스)_건축학전공, 서울특별시_건국대학교(제1캠퍼스)_건축학과, 서울특별시_건국대학교(제1캠퍼스)_건축설계전공, 서울특별시_건국대학교(제1캠퍼스)_건축학부, 서울특별시_고려대학교(제1캠퍼스)_건축사회환경공학부, 서울특별시_고려대학교(제1캠퍼스)_건축학과, 서울특별시_고려사이버대학교(제1캠퍼스)_건축공학부, 서울특별시_광운대학교(제1캠퍼스)_건축학과, 서울특별시_국민대학교(제1캠퍼스)_건축시스템전공, 서울특별시_국민대학교(제1캠퍼스)_건축학부, 서울특별시_국민대학교(제1캠퍼스)_건축설계전공, 서울특별시_국민대학교(제1캠퍼스)_건축학전공, 서울특별시_동국대학교(제1캠퍼스)_건축공학부, 서울특별시_동국대학교(제1캠퍼스)_건축학전공, 서울특별시_삼육대학교(제1캠퍼스)_건축학과(4년제), 서울특별시_삼육대학교(제1캠퍼스)_건축학과(5년제), 서울특별시_서울과학기술대학교(제1캠퍼스)_건축학부건축학전공, 서울특별시_서울과학기술대학교(제1캠퍼스)_건축학부건축공학전공, 서울특별시_서울대학교(제1캠퍼스)_건축학과(건축학전공(5년)), 서울특별시_서울대학교(제1캠퍼스)_건축학과, 서울특별시_서울대학교(제1캠퍼스)_건축학과(건축공학전공), 서울특별시_서울사이버대학교(제1캠퍼스)_건축공간디자인학과, 서울특별시_서울시립대학교(제1캠퍼스)_건축학부 건축공학전공, 서울특별시_서울시립대학교(제1캠퍼스)_건축학부 건축학전공(5년제), 서울특별시_세종대학교(제1캠퍼스)_건축학전공, 서울특별시_세종대학교(제1캠퍼스)_건축학과, 서울특별시_세종사이버대학교(제1캠퍼스)_건축ㆍ도시계획학과, 서울특별시_숭실대학교(제1캠퍼스)_건축학부 실내건축전공, 서울특별시_숭실대학교(제1캠퍼스)_건축학부 건축학전공, 서울특별시_숭실대학교(제1캠퍼스)_건축학부, 서울특별시_숭실대학교(제1캠퍼스)_건축학부 건축공학전공, 서울특별시_숭실사이버대학교(제1캠퍼스)_건설스마트안전공학과, 서울특별시_연세대학교(제1캠퍼스)_건축공학(4년제), 서울특별시_연세대학교(제1캠퍼스)_건축학(5년제), 서울특별시_연세대학교(제1캠퍼스)_실내건축학과, 서울특별시_이화여자대학교(제1캠퍼스)_건축학전공(5년), 서울특별시_이화여자대학교(제1캠퍼스)_건축도시시스템공학과, 서울특별시_이화여자대학교(제1캠퍼스)_건축학과(5년), 서울특별시_이화여자대학교(제1캠퍼스)_건축도시시스템공학전공, 서울특별시_중앙대학교(제1캠퍼스)_건축학부(건축학전공), 서울특별시_중앙대학교(제1캠퍼스)_건축학부, 서울특별시_중앙대학교(제1캠퍼스)_건축학부(건축공학전공), 서울특별시_한국예술종합학교(제1캠퍼스)_건축과, 서울특별시_한양대학교(제1캠퍼스)_건축학부, 서울특별시_한양대학교(제1캠퍼스)_건축공학부, 서울특별시_한양사이버대학교(제1캠퍼스)_건축도시공학과, 서울특별시_한양사이버대학교(제1캠퍼스)_건축공간디자인학과, 서울특별시_홍익대학교(제1캠퍼스)_건축학부, 서울특별시_홍익대학교(제1캠퍼스)_건축학부 실내건축학전공, 서울특별시_홍익대학교(제1캠퍼스)_건축학부 건축학전공(5년제), 부산광역시_경성대학교(제1캠퍼스)_건축학과(5년제), 부산광역시_경성대학교(제1캠퍼스)_실내건축학과, 부산광역시_국립부경대학교(제1캠퍼스)_건축학전공(5년), 부산광역시_국립한국해양대학교(제1캠퍼스)_해양건축공학과, 부산광역시_동명대학교(제1캠퍼스)_실내건축학과, 부산광역시_동명대학교(제1캠퍼스)_건축학과, 부산광역시_동명대학교(제1캠퍼스)_건축학과(5년제), 부산광역시_동서대학교(제1캠퍼스)_건축설계학전공, 부산광역시_동서대학교(제1캠퍼스)_건축학과, 부산광역시_동아대학교(제1캠퍼스)_건축학과(5년제), 부산광역시_동아대학교(제1캠퍼스)_건축학과, 부산광역시_동아대학교(제1캠퍼스)_건축학과 실내건축디자인전공, 부산광역시_동아대학교(제1캠퍼스)_건축학과 건축학전공(5년제), 부산광역시_동의대학교(제1캠퍼스)_건축학과, 부산광역시_동의대학교(제1캠퍼스)_건축학전공, 부산광역시_부산대학교(제1캠퍼스)_건축학과(5년제), 부산광역시_부산대학교(제1캠퍼스)_건축학과, 부산광역시_신라대학교(제1캠퍼스)_건축학전공(5년제), 부산광역시_신라대학교(제1캠퍼스)_건축학과, 부산광역시_신라대학교(제1캠퍼스)_건축학과(4년제, 5년제), 부산광역시_신라대학교(제1캠퍼스)_건축학전공, 부산광역시_신라대학교(제1캠퍼스)_건축학부, 부산광역시_영산대학교(제2캠퍼스)_건축플랜트학과, 인천광역시_인천대학교(제1캠퍼스)_도시건축학부, 인천광역시_인천대학교(제1캠퍼스)_도시건축학전공, 인천광역시_인하대학교(제1캠퍼스)_건축학전공, 인천광역시_인하대학교(제1캠퍼스)_건축학부, 대전광역시_건양대학교(제2캠퍼스)_건축학과, 대전광역시_국립한밭대학교(제1캠퍼스)_건축학과(5년제), 대전광역시_대전대학교(제1캠퍼스)_건축학과(4), 대전광역시_대전대학교(제1캠퍼스)_건축학과(5), 대전광역시_목원대학교(제1캠퍼스)_건축학부 건축학전공(5년제), 대전광역시_목원대학교(제1캠퍼스)_건축학부, 대전광역시_목원대학교(제1캠퍼스)_건축학부 건축공학전공, 대전광역시_배재대학교(제1캠퍼스)_건축학부, 대전광역시_배재대학교(제1캠퍼스)_실내건축학과, 대전광역시_배재대학교(제1캠퍼스)_건축학과, 대전광역시_배재대학교(제1캠퍼스)_건축학전공, 대전광역시_충남대학교(제1캠퍼스)_스마트시티건축공학과, 대전광역시_충남대학교(제1캠퍼스)_건축학과(5), 대전광역시_한남대학교(제1캠퍼스)_건축학과(5년제), 대구광역시_경북대학교(제1캠퍼스)_건축학부(건축학전공), 대구광역시_경북대학교(제1캠퍼스)_건축학부(건축공학전공), 대구광역시_계명대학교(제1캠퍼스)_건축학과, 울산광역시_울산대학교(제1캠퍼스)_건축학전공, 울산광역시_울산대학교(제1캠퍼스)_건축학부, 광주광역시_광주대학교(제1캠퍼스)_건축학부, 광주광역시_전남대학교(제1캠퍼스)_건축학부, 광주광역시_전남대학교(제1캠퍼스)_건축도시설계전공(5년), 광주광역시_조선대학교(제1캠퍼스)_건축학과(5년제), 광주광역시_호남대학교(제1캠퍼스)_건축학전공, 광주광역시_호남대학교(제1캠퍼스)_건축학부, 광주광역시_호남대학교(제1캠퍼스)_건축학과, 경기도_가천대학교(제1캠퍼스)_건축학전공, 경기도_가천대학교(제1캠퍼스)_실내건축학전공, 경기도_가천대학교(제1캠퍼스)_건축학부, 경기도_경기대학교(제1캠퍼스)_건축안전공학과, 경기도_경기대학교(제1캠퍼스)_건축학과, 경기도_경희대학교(제2캠퍼스)_건축학과, 경기도_단국대학교(제1캠퍼스)_건축학부 건축공학전공, 경기도_단국대학교(제1캠퍼스)_건축학부 건축학전공, 경기도_단국대학교(제1캠퍼스)_건축학과, 경기도_단국대학교(제1캠퍼스)_건축학부, 경기도_대진대학교(제1캠퍼스)_건축공학부, 경기도_명지대학교 자연캠퍼스(제1캠퍼스)_건축대학, 경기도_명지대학교 자연캠퍼스(제1캠퍼스)_건축학부 건축학전공(5년제), 경기도_명지대학교 자연캠퍼스(제1캠퍼스)_건축학부(건축학전공/전통건축전공) (5년제), 경기도_명지대학교 자연캠퍼스(제1캠퍼스)_건축학부 전통건축전공(5년제), 경기도_성균관대학교(제2캠퍼스)_건축학과, 경기도_수원대학교(제1캠퍼스)_건축도시부동산학부, 경기도_수원대학교(제1캠퍼스)_건축학, 경기도_아주대학교(제1캠퍼스)_건축학과, 경기도_중부대학교(제2캠퍼스)_건축학전공, 경기도_중부대학교(제2캠퍼스)_건축학과, 경기도_한경국립대학교(제1캠퍼스)_건축학전공, 경기도_한경국립대학교(제1캠퍼스)_건축융합학부, 경기도_한양대학교 ERICA캠퍼스(제1캠퍼스)_스마트융합공학부 지속가능건축융합전공, 경기도_한양대학교 ERICA캠퍼스(제1캠퍼스)_스마트융합공학부 건축IT융합전공, 경기도_한양대학교 ERICA캠퍼스(제1캠퍼스)_건축학전공, 강원특별자치도_가톨릭관동대학교(제1캠퍼스)_건축학전공, 강원특별자치도_가톨릭관동대학교(제1캠퍼스)_건축학부, 강원특별자치도_강원대학교(제2캠퍼스)_건설융합학부 건축학전공, 강원특별자치도_강원대학교(제2캠퍼스)_건축학과(5), 강원특별자치도_강원대학교(제1캠퍼스)_건축학부, 강원특별자치도_강원대학교(제2캠퍼스)_건설융합학부 건축공학전공, 강원특별자치도_강원대학교(제2캠퍼스)_건설융합학부, 강원특별자치도_강원대학교(제1캠퍼스)_건축학과(5), 강원특별자치도_강원대학교(제2캠퍼스)_건축학전공(5년제), 강원특별자치도_강원대학교(제2캠퍼스)_건축시스템공학과, 강원특별자치도_강원대학교(제2캠퍼스)_해양건설시스템공학과, 강원특별자치도_강원대학교(제1캠퍼스)_건축학전공(5년제), 강원특별자치도_한라대학교(제1캠퍼스)_건축학과, 충청북도_국립한국교통대학교(제1캠퍼스)_건축학부, 충청북도_국립한국교통대학교(제1캠퍼스)_건축학과, 충청북도_국립한국교통대학교(제1캠퍼스)_건축학전공, 충청북도_서원대학교(제1캠퍼스)_건축학과, 충청북도_세명대학교(제1캠퍼스)_건축학과, 충청북도_우석대학교(제2캠퍼스)_건축ㆍ인테리어디자인학과, 충청북도_우석대학교(제2캠퍼스)_건축학과, 충청북도_청주대학교(제1캠퍼스)_건축학과, 충청북도_청주대학교(제1캠퍼스)_건축학ㆍ건축공학전공, 충청북도_청주대학교(제1캠퍼스)_건축학과(5), 충청북도_충북대학교(제1캠퍼스)_건축학과, 충청남도_국립공주대학교(제2캠퍼스)_건축학부 건축공학전공, 충청남도_국립공주대학교(제2캠퍼스)_건축학부 건축학전공, 충청남도_국립공주대학교(제2캠퍼스)_건축학과, 충청남도_국립공주대학교(제2캠퍼스)_그린스마트건축공학과, 충청남도_남서울대학교(제1캠퍼스)_건축학과(5), 충청남도_선문대학교(제1캠퍼스)_건축학부, 충청남도_선문대학교(제1캠퍼스)_건축사회환경공학부, 충청남도_순천향대학교(제1캠퍼스)_건축학과(5), 충청남도_한국기술교육대학교(제1캠퍼스)_디자인ㆍ건축공학부, 충청남도_한국기술교육대학교(제1캠퍼스)_건축공학부, 충청남도_한국전통문화대학교(제1캠퍼스)_전통건축학과, 충청남도_한서대학교(제1캠퍼스)_건축학과, 충청남도_호서대학교(제1캠퍼스)_건축학과, 전북특별자치도_국립군산대학교(제1캠퍼스)_공간디자인융합기술학부, 전북특별자치도_국립군산대학교(제1캠퍼스)_건축공학부(건축공학전공), 전북특별자치도_국립군산대학교(제1캠퍼스)_공간디자인융합기술학부(공간디자인융합기술학전공), 전북특별자치도_국립군산대학교(제1캠퍼스)_건축ㆍ해양건설융합공학부, 전북특별자치도_국립군산대학교(제1캠퍼스)_건축공학부, 전북특별자치도_국립군산대학교(제1캠퍼스)_해양건설공학과, 전북특별자치도_원광대학교(제1캠퍼스)_건축학과, 전북특별자치도_전북대학교(제1캠퍼스)_한옥학과, 전북특별자치도_전북대학교(제1캠퍼스)_한옥건축학과, 전북특별자치도_전주대학교(제1캠퍼스)_건축학과, 전북특별자치도_호원대학교(제1캠퍼스)_건축학과, 전북특별자치도_호원대학교(제1캠퍼스)_건축인테리어학과, 전라남도_국립목포대학교(제1캠퍼스)_건축학과, 전라남도_국립목포해양대학교(제1캠퍼스)_해양ㆍ플랜트건설공학과, 전라남도_국립목포해양대학교(제1캠퍼스)_해양건설공학과, 전라남도_국립순천대학교(제1캠퍼스)_건축학부, 전라남도_동신대학교(제1캠퍼스)_건축학과, 전라남도_초당대학교(제1캠퍼스)_건축학과, 경상북도_경일대학교(제1캠퍼스)_건축디자인과(5년제), 경상북도_국립금오공과대학교(제1캠퍼스)_건축학전공(5년), 경상북도_대구가톨릭대학교(제1캠퍼스)_건축학과, 경상북도_대구한의대학교(제1캠퍼스)_건축학전공, 경상북도_대구한의대학교(제1캠퍼스)_스마트시티건축학전공, 경상북도_동양대학교(제1캠퍼스)_건축소방안전학과, 경상북도_동양대학교(제1캠퍼스)_스마트건축공학과, 경상북도_신경주대학교(제1캠퍼스)_전통건축학과, 경상북도_영남대학교(제1캠퍼스)_건축디자인전공, 경상북도_영남대학교(제1캠퍼스)_건축학전공, 경상북도_영남대학교(제1캠퍼스)_건축학부, 경상남도_경남대학교(제1캠퍼스)_건축학부, 경상남도_경남대학교(제1캠퍼스)_건축학전공(5년), 경상남도_경상국립대학교(제1캠퍼스)_건축공학부, 경상남도_경상국립대학교(제1캠퍼스)_건축시스템공학전공, 경상남도_경상국립대학교(제1캠퍼스)_건축학과, 경상남도_국립창원대학교(제1캠퍼스)_건축학전공, 경상남도_국립창원대학교(제1캠퍼스)_건축학부 건축공학전공, 경상남도_국립창원대학교(제1캠퍼스)_건축학부 건축학전공, 경상남도_인제대학교(제1캠퍼스)_건축학과, 경상남도_인제대학교(제1캠퍼스)_실내건축학과(예체능), 경상남도_인제대학교(제1캠퍼스)_실내건축학과, 제주특별자치도_제주국제대학교(제1캠퍼스)_건축학과, 제주특별자치도_제주국제대학교(제1캠퍼스)_건설공학부 건축학전공, 제주특별자치도_제주대학교(제1캠퍼스)_건축학전공, 제주특별자치도_제주대학교(제1캠퍼스)_건축학과, 세종특별자치시_홍익대학교 세종캠퍼스(제2캠퍼스)_건축공학부 건축학전공(5년제), 세종특별자치시_홍익대학교 세종캠퍼스(제2캠퍼스)_건축공학부 건축디자인전공(5년제), 세종특별자치시_홍익대학교 세종캠퍼스(제2캠퍼스)_건축공학부, 세종특별자치시_홍익대학교 세종캠퍼스(제2캠퍼스)_건축공학부 건축공학전공","일반 선택: 대수, 미적분 Ⅰ,확률과 통계, 물리학, 화학, 세계시민과 지리, 사회와 문화, 세계사 등 | 진로 선택: 기하, 미적분Ⅱ, 도시의 미래 탐구, 역학과 에너지, 물질과 에너지,화학 반응의 세계, 지구시스템과학, 한국지리탐구 등 | 융합 선택: 융합 과학 탐구, 과학의 역사와 문화, 기후변화와 환경생태, 창의공학 설계, 기후변화와 지속가능한 세계 등","공통과목: 수학, 사회, 과학, 기술ㆍ가정 | 일반선택과목: 수학교과 : 수학ⅠㆍⅡ, 미적분, 확률과 통계 | 진로선택과목: 실용수학, 기하, 수학과제 탐구, 사회문제 탐구, 물리학Ⅱ, 화학Ⅱ, 지구과학Ⅱ, 생활과 과학, 융합과학, 공학 일반 | 전문교과Ⅰ: 심화수학ⅠㆍⅡ, 고급 수학ⅠㆍⅡ, 고급 물리학, 물리학 실험, 고급 화학, 화학 실험, 고급 지구과학, 지구과학 실험, 정보과학, 생태와 환경, 과학과제 연구, 지역 이해, 세계 문제와 미래 사회, 사회과제 연구 | 전문교과Ⅱ: 건축 일반, 건축 도면 해석과 제도, 프로그래밍","건설안전기사, 건설재료시험기사, 건축구조기술사, 건축기계정비기술사, 건축기사, 건축목재시공기능장, 건축사, 건축설비기사, 건축시공기술사, 건축일반시공기능장, 건축전기설비기술사, 도시계획기사, 수질환경기사, 실내건축기사, 지적기사, 철도보선산업기사, 토목기사",건설공사품질관리원
10030,문화재보존학과,"서울특별시_동국대학교(제1캠퍼스)_문화재학과, 경기도_용인대학교(제1캠퍼스)_문화재학과, 경기도_중앙승가대학교(제1캠퍼스)_문화재학전공, 충청남도_국립공주대학교(제1캠퍼스)_문화재보존과학과, 충청남도_한국전통문화대학교(제1캠퍼스)_문화재보존과학과, 충청남도_한국전통문화대학교(제1캠퍼스)_무형유산학과, 충청남도_한국전통문화대학교(제1캠퍼스)_보존과학과, 충청남도_한국전통문화대학교(제1캠퍼스)_문화재관리학과, 충청남도_한국전통문화대학교(제1캠퍼스)_국가유산관리학과, 충청남도_한서대학교(제1캠퍼스)_문화재보존학과, 전북특별자치도_예원예술대학교(제1캠퍼스)_문화재보존예술학과, 전라남도_국립목포대학교(제1캠퍼스)_문화유산, 경상북도_국립경국대학교(제1캠퍼스)_문화유산학전공, 경상북도_신경주대학교(제1캠퍼스)_문화재학과, 경상북도_신경주대학교(제1캠퍼스)_문화유산학부, 경상남도_경남대학교(제1캠퍼스)_문화유산복원예술학과","일반 선택: 문학, 독서와 작문, 사회와 문화, 세계시민과 지리, 세계사, 화학, 정보 등 | 진로 선택: 한국지리 탐구, 동아시아 역사 기행, 법과 사회, 인문학과 윤리, 화학 반응의 세계, 미술 감상과 비평, 한문고전 일기, 삶과 종교 등 | 융합 선택: 수학과 문화, 여행지리, 역사로 탐구하는 현대 세계, 사회문제 탐구, 미술과 매체, 지식 재산 일반, 언어생활과 한자 등","공통과목: 사회, 역사, 한문, 수학, 영어, 제2외국어 | 일반선택과목: 사회교과 : 사회문화, 세계사, 동아시아사, 한국지리, 윤리와 사상 | 진로선택과목: 사회문제 탐구, 고전 읽기, 고전과 윤리, 여행지리, 현대 세계의 변화 | 전문교과Ⅰ: 사회탐구 방법, 사회과제 연구, 한국 사회의 이해, 비교 문화, 지역 이해 | 전문교과Ⅱ: 문화콘텐츠 산업 일반","문화재수리기능자, 문화재수리기술자, 박물관및미술관준학예사",문화재보존원
10156,패션디자인학과,"서울특별시_건국대학교(제1캠퍼스)_의상디자인학과, 서울특별시_국민대학교(제1캠퍼스)_의상디자인학과, 서울특별시_덕성여자대학교(제1캠퍼스)_의상디자인전공, 서울특별시_덕성여자대학교(제1캠퍼스)_의상디자인학과, 서울특별시_동덕여자대학교(제1캠퍼스)_디자인학부 패션디자인전공, 서울특별시_동덕여자대학교(제1캠퍼스)_패션디자인학과, 서울특별시_서경대학교(제1캠퍼스)_무대패션전공, 서울특별시_세종대학교(제1캠퍼스)_패션디자인학과, 서울특별시_세종사이버대학교(제1캠퍼스)_패션뷰티경영학과, 서울특별시_이화여자대학교(제1캠퍼스)_섬유ㆍ패션학부, 서울특별시_이화여자대학교(제1캠퍼스)_섬유예술전공(섬유ㆍ패션학부), 서울특별시_한성대학교(제1캠퍼스)_글로벌패션산업학부, 서울특별시_한성대학교(제1캠퍼스)_패션디자인전공, 부산광역시_경성대학교(제1캠퍼스)_패션디자인학과, 부산광역시_국립부경대학교(제1캠퍼스)_패션디자인학과, 부산광역시_동명대학교(제1캠퍼스)_패션디자인학과, 부산광역시_동서대학교(제1캠퍼스)_패션디자인학전공, 부산광역시_동서대학교(제1캠퍼스)_패션디자인학과, 부산광역시_동아대학교(제1캠퍼스)_건축ㆍ디자인ㆍ패션대학 패션디자인학과, 부산광역시_동아대학교(제1캠퍼스)_패션디자인학과, 부산광역시_동의대학교(제1캠퍼스)_패션디자인학과, 부산광역시_신라대학교(제1캠퍼스)_패션디자인학과, 부산광역시_신라대학교(제1캠퍼스)_패션디자인전공, 부산광역시_신라대학교(제1캠퍼스)_패션소재디자인전공, 부산광역시_신라대학교(제1캠퍼스)_패션디자인학전공, 인천광역시_인하대학교(제1캠퍼스)_의류디자인학과, 대전광역시_대전대학교(제1캠퍼스)_패션디자인ㆍ비즈니스학과, 대전광역시_한남대학교(제1캠퍼스)_패션디자인학과, 대구광역시_계명대학교(제2캠퍼스)_패션디자인과, 대구광역시_계명대학교(제2캠퍼스)_텍스타일디자인과, 광주광역시_광주대학교(제1캠퍼스)_패션ㆍ주얼리디자인학부, 광주광역시_광주대학교(제1캠퍼스)_패션ㆍ주얼리학부, 광주광역시_광주대학교(제1캠퍼스)_패션주얼리디자인학과, 광주광역시_조선대학교(제1캠퍼스)_라이프스타일디자인학부(섬유ㆍ패션디자인전공), 광주광역시_호남대학교(제1캠퍼스)_패션디자인학과, 경기도_가천대학교(제1캠퍼스)_미술ㆍ디자인학부(패션디자인), 경기도_경희대학교(제2캠퍼스)_의류디자인학과, 경기도_단국대학교(제1캠퍼스)_디자인학부 패션산업디자인전공, 경기도_명지대학교 자연캠퍼스(제1캠퍼스)_디자인학부 패션디자인전공, 경기도_명지대학교 자연캠퍼스(제1캠퍼스)_패션디자인전공, 경기도_수원대학교(제1캠퍼스)_패션디자인, 경기도_신한대학교(제2캠퍼스)_패션디자인학과, 경기도_신한대학교(제2캠퍼스)_K뷰티패션학과, 경기도_중부대학교(제2캠퍼스)_패션디자인학과, 경기도_중앙대학교(제2캠퍼스)_디자인학부(패션디자인전공), 경기도_중앙대학교(제2캠퍼스)_디자인학부(패션전공), 경기도_평택대학교(제1캠퍼스)_패션디자인및브랜딩학과, 경기도_한양대학교 ERICA캠퍼스(제1캠퍼스)_주얼리ㆍ패션디자인학과, 경기도_화성의과학대학교(제1캠퍼스)_스타일테크학과, 강원특별자치도_국립강릉원주대학교(제1캠퍼스)_패션디자인학과, 강원특별자치도_상지대학교(제1캠퍼스)_패션뷰티학부 패션디자인전공, 강원특별자치도_상지대학교(제1캠퍼스)_패션디자인학과, 충청북도_건국대학교 글로컬캠퍼스(제1캠퍼스)_패션디자인학과, 충청북도_건국대학교 글로컬캠퍼스(제1캠퍼스)_패션디자인전공, 충청북도_세명대학교(제1캠퍼스)_패션디자인학과, 충청북도_우석대학교(제2캠퍼스)_패션스타일링학과, 충청북도_청주대학교(제1캠퍼스)_아트앤패션디자인학과, 충청북도_청주대학교(제1캠퍼스)_패션디자인학과, 충청북도_충북대학교(제1캠퍼스)_패션디자인정보학과, 충청남도_상명대학교(제2캠퍼스)_패션디자인전공, 충청남도_청운대학교(제1캠퍼스)_패션디자인학과, 충청남도_한서대학교(제1캠퍼스)_의상디자인학과, 충청남도_한서대학교(제1캠퍼스)_패션디자인학과, 전북특별자치도_예원예술대학교(제1캠퍼스)_뷰티패션디자인전공, 전북특별자치도_원광대학교(제1캠퍼스)_패션디자인산업학과, 전북특별자치도_원광디지털대학교(제1캠퍼스)_한국복식과학학과, 전북특별자치도_호원대학교(제1캠퍼스)_패션.미용학부, 전북특별자치도_호원대학교(제1캠퍼스)_패션디자인학과, 전라남도_국립순천대학교(제1캠퍼스)_패션디자인학과, 전라남도_국립순천대학교(제1캠퍼스)_패션디자인학전공, 경상북도_경북대학교(제3캠퍼스)_섬유패션디자인학부 패션디자인전공, 경상북도_경북대학교(제3캠퍼스)_섬유패션디자인학부(섬유공학전공, 패션디자인전공), 경상북도_경일대학교(제1캠퍼스)_디자인학부 패션디자인전공, 경상북도_경일대학교(제1캠퍼스)_K-뷰티융합학부 패션디자인전공, 경상북도_국립경국대학교(제1캠퍼스)_패션ㆍ예술ㆍ체육학부, 경상북도_대구가톨릭대학교(제1캠퍼스)_패션디자인과(예체능), 경상북도_대구대학교(제1캠퍼스)_패션디자인학과, 경상북도_대구예술대학교(제1캠퍼스)_패션코스메틱디자인전공, 경상남도_영산대학교(제1캠퍼스)_디자인학부(패션디자인전공), 경상남도_영산대학교(제1캠퍼스)_패션디자인학과","일반 선택: 독서와 작문, 문학, 대수, 확률과 통계, 영어Ⅰ, 영어Ⅱ, 영어 독해오작문, 미술, 정보 등 | 진로 선택: 주제 탐구 독서, 문학과 영상, 미술 창작, 미술 감상과 비평, 인간과 심리 등 | 융합 선택: 매체 의사소통, 미디어 영어, 세계 문화와 영어, 여행지리, 사회문제 탐구, 미술과 매체 등","공통과목: 사회, 체육ㆍ예술 | 일반선택과목: 사회교과 : 경제, 사회ㆍ문화, 생활과 윤리 | 진로선택과목: 미술 창작, 미술 감상과 비평, 지식 재산 일반, 사회문제 탐구 | 전문교과Ⅰ: 미술 이론, 매체 미술, 세계 문제와 미래 사회, 사회 탐구 방법 및 사회과제 연구 | 전문교과Ⅱ: 디자인 일반, 색채 관리, 정보처리와 관리, 빅데이터 분석","숍마스터, 의류기사1급, 의류기사2급, 컬러리스트기사, 패션디자인산업기사, 패션머천다이징산업기사, 한복산업기사",가방디자이너
449,바이오동물과,"서울특별시_동양미래대학교(제1캠퍼스)_바이오융합공학과, 서울특별시_한양여자대학교(제1캠퍼스)_반려동물보건과, 부산광역시_부산경상대학교(제1캠퍼스)_반려동물보건과, 부산광역시_부산보건대학교(제1캠퍼스)_반려동물보건과, 부산광역시_부산여자대학교(제1캠퍼스)_동물보건과, 인천광역시_경인여자대학교(제1캠퍼스)_반려동물산업학과, 인천광역시_경인여자대학교(제1캠퍼스)_반려동물보건학과(3년제), 인천광역시_경인여자대학교(제1캠퍼스)_반려동물보건학과, 인천광역시_재능대학교(제1캠퍼스)_바이오코스메틱과, 대전광역시_우송정보대학(제1캠퍼스)_동물보건과, 대구광역시_계명문화대학교(제1캠퍼스)_반려동물보건과, 대구광역시_수성대학교(제1캠퍼스)_반려동물보건과, 대구광역시_영남이공대학교(제1캠퍼스)_반려동물보건과, 대구광역시_영진전문대학교(제1캠퍼스)_동물보건과, 경기도_대림대학교(제1캠퍼스)_바이오헬스케어과, 경기도_동원대학교(제1캠퍼스)_동물보건과, 경기도_서정대학교(제1캠퍼스)_반려동물보건과, 경기도_서정대학교(제1캠퍼스)_동물보건과, 경기도_수원여자대학교(제2캠퍼스)_펫케어과, 경기도_신구대학교(제1캠퍼스)_바이오동물전공, 경기도_신안산대학교(제1캠퍼스)_반려동물보건과, 경기도_연성대학교(제1캠퍼스)_반려동물보건과(3년제), 경기도_오산대학교(제1캠퍼스)_동물보건과, 경기도_용인예술과학대학교(제1캠퍼스)_반려동물보건과, 경기도_유한대학교(제1캠퍼스)_반려동물보건학과, 경기도_유한대학교(제1캠퍼스)_건강웰니스학과 반려동물산업전공, 경기도_장안대학교(제1캠퍼스)_바이오동물보호과, 경기도_장안대학교(제1캠퍼스)_바이오동물보건과, 충청북도_대원대학교(제1캠퍼스)_바이오메디컬과, 충청남도_연암대학교(제1캠퍼스)_동물보호학과, 전북특별자치도_전북과학대학교(제1캠퍼스)_천연물바이오과, 전북특별자치도_전주기전대학(제1캠퍼스)_동물보건과, 전라남도_청암대학교(제1캠퍼스)_반려동물보건과, 경상북도_대경대학교(제1캠퍼스)_동물보건과, 경상북도_안동과학대학교(제1캠퍼스)_바이오헴프과","일반 선택: 대수, 미적분 Ⅰ, 확률과 통계, 물리학, 화학, 생명과학, 정보 등 | 진로 선택: 기하, 미적분Ⅱ, 물질과 에너지, 화학 반응의 세계, 세포와 물질대사, 생물의 유전 등 | 융합 선택: 융합과학 탐구, 기후변화와 지속가능한 세계 등","공통과목: 과학, 윤리, 교양, 수학 | 일반선택과목: 과학교과 : 생명과학Ⅰ, 화학Ⅰ | 진로선택과목: 생명과학Ⅱ, 융합과학, 생활과 과학, 화학Ⅱ, 농업생명과학, 사회문제 탐구 | 전문교과Ⅰ: 고급생명과학, 생명과학 실험, 과학과제 연구, 융합과학 탐구, 생태와 환경, 정보과학, 사회탐구 방법 | 전문교과Ⅱ: 생명공학 기술, 인간과 환경","실험동물기술원, 축산산업기사",생명과학시험원
340,반려동물과,"부산광역시_경남정보대학교(제1캠퍼스)_반려동물라이프계열, 부산광역시_경남정보대학교(제1캠퍼스)_반려동물케어과, 부산광역시_경남정보대학교(제1캠퍼스)_반려동물학과, 부산광역시_부산경상대학교(제1캠퍼스)_반려동물과, 부산광역시_부산경상대학교(제1캠퍼스)_반려동물산업과, 부산광역시_부산여자대학교(제1캠퍼스)_반려동물과, 인천광역시_경인여자대학교(제1캠퍼스)_펫토탈케어과, 대전광역시_대덕대학교(제1캠퍼스)_펫토탈케어과, 대전광역시_대덕대학교(제1캠퍼스)_반려동물과, 대전광역시_대전과학기술대학교(제1캠퍼스)_반려동물학과, 대전광역시_대전과학기술대학교(제1캠퍼스)_애완동물과, 대전광역시_대전보건대학교(제1캠퍼스)_펫토탈케어과, 대전광역시_대전보건대학교(제1캠퍼스)_반려동물과, 대전광역시_우송정보대학(제1캠퍼스)_반려동물학부, 대전광역시_우송정보대학(제1캠퍼스)_K마이스터 스쿨 펫케어전공, 대구광역시_계명문화대학교(제1캠퍼스)_펫토탈케어학부, 대구광역시_계명문화대학교(제1캠퍼스)_펫토탈케어과, 대구광역시_영남이공대학교(제1캠퍼스)_반려동물스타일리스트과, 대구광역시_영남이공대학교(제1캠퍼스)_반려동물케어과, 대구광역시_영진전문대학교(제1캠퍼스)_반려동물과, 경기도_경복대학교(제1캠퍼스)_반려동물보건과, 경기도_국제대학교(제1캠퍼스)_반려동물과, 경기도_국제대학교(제1캠퍼스)_반려동물학과, 경기도_동원대학교(제1캠퍼스)_반려동물과, 경기도_부천대학교(제1캠퍼스)_반려동물과, 경기도_서정대학교(제1캠퍼스)_반려동물학과, 경기도_서정대학교(제1캠퍼스)_애완동물과, 경기도_서정대학교(제1캠퍼스)_반려동물과, 경기도_수원여자대학교(제2캠퍼스)_반려동물과, 경기도_신구대학교(제1캠퍼스)_애완동물과, 경기도_신구대학교(제1캠퍼스)_애완동물전공, 경기도_신구대학교(제1캠퍼스)_반려동물과, 경기도_신안산대학교(제1캠퍼스)_반려동물과, 경기도_안산대학교(제1캠퍼스)_동물매개케어학과(성인학습자), 경기도_연성대학교(제1캠퍼스)_반려동물산업과, 경기도_연성대학교(제1캠퍼스)_반려동물과, 경기도_오산대학교(제1캠퍼스)_반려동물관리과, 경기도_용인예술과학대학교(제1캠퍼스)_반려동물과, 경기도_용인예술과학대학교(제1캠퍼스)_반려동물과(2년제), 충청북도_충북보건과학대학교(제1캠퍼스)_반려동물문화학과, 충청북도_충청대학교(제1캠퍼스)_반려동물과, 충청북도_충청대학교(제1캠퍼스)_애완동물과, 충청남도_연암대학교(제1캠퍼스)_동물보호계열, 충청남도_혜전대학교(제1캠퍼스)_애완동물관리과, 충청남도_혜전대학교(제1캠퍼스)_반려동물과, 충청남도_혜전대학교(제1캠퍼스)_반려동물토탈케어과, 전북특별자치도_원광보건대학교(제1캠퍼스)_반려동물산업과, 전북특별자치도_전주기전대학(제1캠퍼스)_반려동물과(자연과학), 전북특별자치도_전주기전대학(제1캠퍼스)_반려동물과, 전북특별자치도_전주기전대학(제1캠퍼스)_애완동물관리과, 전라남도_동아보건대학교(제1캠퍼스)_반려동물전공, 전라남도_청암대학교(제1캠퍼스)_반려동물산업과, 경상북도_가톨릭상지대학교(제1캠퍼스)_반려동물과, 경상북도_구미대학교(제1캠퍼스)_반려동물케어과, 경상북도_대경대학교(제1캠퍼스)_신산업창조학부 동물조련이벤트전공, 경상북도_선린대학교(제1캠퍼스)_반려동물과, 경상북도_안동과학대학교(제1캠퍼스)_반려동물케어과","일반 선택: 대수, 미적분Ⅰ, 확률과 통계, 화학, 생명과학, 지구과학, 정보 등 | 진로 선택: 미적분Ⅱ, 인공지능 수학, 물질과 에너지, 화학 반응의 세계, 세포와 물질대사, 생물의 유전, 생활과학 탐구 등 | 융합 선택: 실용 통계, 기후변화와 환경생태 등","공통과목: 과학, 윤리, 교양, 수학 | 일반선택과목: 과학교과 : 생명과학Ⅰ, 화학Ⅰ | 진로선택과목: 생명과학Ⅱ, 융합과학, 생활과 과학, 화학Ⅱ, 농업생명과학, 사회문제 탐구 | 전문교과Ⅰ: 고급생명과학, 생명과학 실험, 과학과제 연구, 융합과학 탐구, 생태와 환경, 정보과학, 사회탐구 방법 | 전문교과Ⅱ: 생명공학 기술, 인간과 환경","반려동물관리사, 애견미용사, 축산기능사",반려동물미용사
245,산림자원학과,"서울특별시_건국대학교(제1캠퍼스)_산림조경전공, 서울특별시_서울대학교(제1캠퍼스)_산림과학부, 대전광역시_충남대학교(제1캠퍼스)_환경임산자원학부, 대전광역시_충남대학교(제1캠퍼스)_산림환경자원학과, 대구광역시_경북대학교(제1캠퍼스)_산림과학.조경학부(임학전공,임산공학전공,조경학전공), 대구광역시_경북대학교(제1캠퍼스)_산림과학.조경학부 임학전공, 대구광역시_경북대학교(제1캠퍼스)_산림과학.조경학부 임산공학전공, 광주광역시_전남대학교(제1캠퍼스)_산림자원학부, 광주광역시_전남대학교(제1캠퍼스)_산림자원학과, 경기도_국제사이버대학교(제1캠퍼스)_식물치유클리닉학과, 강원특별자치도_가톨릭관동대학교(제1캠퍼스)_산림치유학과, 강원특별자치도_강원대학교(제1캠퍼스)_산림환경보호학전공, 강원특별자치도_강원대학교(제1캠퍼스)_시설농업학전공, 강원특별자치도_강원대학교(제1캠퍼스)_산림과학부, 강원특별자치도_강원대학교(제1캠퍼스)_산림자원조성학전공, 강원특별자치도_강원대학교(제1캠퍼스)_산림소재공학전공, 강원특별자치도_강원대학교(제1캠퍼스)_산림자원학전공, 강원특별자치도_강원대학교(제1캠퍼스)_산림환경보호학과, 강원특별자치도_강원대학교(제1캠퍼스)_산림자원보호학전공, 강원특별자치도_강원대학교(제1캠퍼스)_산림응용공학부, 강원특별자치도_강원대학교(제1캠퍼스)_산림자원학과, 강원특별자치도_상지대학교(제1캠퍼스)_산림조경학부 산림과학전공, 강원특별자치도_상지대학교(제1캠퍼스)_산림과학과, 충청북도_우석대학교(제2캠퍼스)_산림조경원예학과, 충청북도_충북대학교(제1캠퍼스)_산림학과, 충청남도_국립공주대학교(제3캠퍼스)_산림자원학과, 충청남도_국립공주대학교(제3캠퍼스)_산림과학과, 전북특별자치도_전북대학교(제1캠퍼스)_목재응용과학과, 전북특별자치도_전북대학교(제1캠퍼스)_산림자원학과, 전라남도_국립목포대학교(제1캠퍼스)_산림자원, 전라남도_국립순천대학교(제1캠퍼스)_산림자원ㆍ조경학부(산림자원학전공), 전라남도_국립순천대학교(제1캠퍼스)_산림자원.조경학부, 전라남도_국립순천대학교(제1캠퍼스)_산림자원학전공, 경상북도_경북대학교(제3캠퍼스)_산림생태보호학과, 경상북도_국립경국대학교(제1캠퍼스)_산림과학전공, 경상북도_국립경국대학교(제1캠퍼스)_산림과학과, 경상북도_대구가톨릭대학교(제1캠퍼스)_원예치료전공, 경상북도_대구가톨릭대학교(제1캠퍼스)_스마트그린케어학과, 경상북도_대구대학교(제1캠퍼스)_산림자원학과, 경상북도_대구한의대학교(제1캠퍼스)_산림비즈니스학과, 경상북도_영남대학교(제1캠퍼스)_산림자원학과, 경상북도_영남대학교(제1캠퍼스)_산림자원및조경학과, 경상남도_경상국립대학교(제1캠퍼스)_산림환경자원학전공, 경상남도_경상국립대학교(제1캠퍼스)_농업식물과학과, 경상남도_경상국립대학교(제1캠퍼스)_환경산림과학부 산림융복합학전공(야), 경상남도_경상국립대학교(제1캠퍼스)_산림자원학과, 경상남도_경상국립대학교(제1캠퍼스)_산림환경자원학과, 경상남도_경상국립대학교(제1캠퍼스)_환경산림과학부(통합대학), 경상남도_경상국립대학교(제1캠퍼스)_산림융복합학전공","일반 선택: 대수, 미적분Ⅰ, 확률과 통계, 물리학, 화학, 생명과학, 정보 | 진로 선택: 미적분Ⅱ, 인공지능 수학, 한국지리 탐구, 물질과 에너지, 화학 반응의 세계, 세포와 물질대사, 생물의 유전, 지구시스템과학, 생활과학 탐구 | 융합 선택: 실용 통계, 기후변화와 환경생태","공통과목: 과학, 교양, 사회, 영어 | 일반선택과목: 과학교과 : 생명과학Ⅰ, 화학Ⅰ, 지구과학Ⅰ, 물리Ⅰ | 진로선택과목: 생명과학Ⅱ, 융합과학, 생활과 과학, 화학Ⅱ, 농업생명과학, 공학일반, 창의경영, 여행 지리, 실용수학 | 전문교과Ⅰ: 고급 생명과학, 생명과학 실험, 물리화학 실험, 융합과학 탐구, 과학과제 연구, 생태와 환경 | 전문교과Ⅱ: 산림 자원, 산림 휴양, 인간과 환경, 환경화학 기초","산림기사, 생물분류기사, 숲길체험지도사, 유아숲지도사, 임업종묘기사, 자연생태복원기사, 종자기사",산림경영지도원
309,시각디자인학과,"서울특별시_경희사이버대학교(제1캠퍼스)_시각미디어디자인전공, 서울특별시_국민대학교(제1캠퍼스)_AI디자인학과, 서울특별시_국민대학교(제1캠퍼스)_시각디자인학과, 서울특별시_덕성여자대학교(제1캠퍼스)_시각디자인학과, 서울특별시_덕성여자대학교(제1캠퍼스)_시각디자인전공, 서울특별시_동덕여자대학교(제1캠퍼스)_디자인학부 시각&실내디자인전공, 서울특별시_동덕여자대학교(제1캠퍼스)_시각&실내디자인학과, 서울특별시_디지털서울문화예술대학교(제1캠퍼스)_시각영상디자인학과, 서울특별시_서경대학교(제1캠퍼스)_VD_비주얼디자인, 서울특별시_서경대학교(제1캠퍼스)_시각정보디자인전공, 서울특별시_서울과학기술대학교(제1캠퍼스)_시각문화융합디자인학과, 서울특별시_서울과학기술대학교(제1캠퍼스)_디자인학과(시각디자인전공), 서울특별시_서울여자대학교(제1캠퍼스)_시각디자인전공, 서울특별시_숙명여자대학교(제1캠퍼스)_시각ㆍ영상디자인과, 서울특별시_숭실사이버대학교(제1캠퍼스)_뉴미디어디자인학과, 서울특별시_연세대학교(제1캠퍼스)_통합디자인학과, 서울특별시_이화여자대학교(제1캠퍼스)_시각디자인전공, 서울특별시_한양사이버대학교(제1캠퍼스)_시각디자인학과, 서울특별시_한양사이버대학교(제1캠퍼스)_뉴미디어디자인학과, 서울특별시_홍익대학교(제1캠퍼스)_디자인학부 시각디자인전공, 부산광역시_경성대학교(제1캠퍼스)_영상애니메이션학부, 부산광역시_경성대학교(제1캠퍼스)_시각디자인학과, 부산광역시_경성대학교(제1캠퍼스)_시각디자인학전공, 부산광역시_고신대학교(제1캠퍼스)_시각디자인학과, 부산광역시_국립부경대학교(제1캠퍼스)_시각디자인전공, 부산광역시_동명대학교(제1캠퍼스)_시각디자인학과, 부산광역시_동서대학교(제1캠퍼스)_시각디자인학전공, 부산광역시_동서대학교(제1캠퍼스)_비쥬얼디자인학전공, 부산광역시_동서대학교(제1캠퍼스)_시각디자인전공, 부산광역시_동서대학교(제1캠퍼스)_Digital Design학과, 부산광역시_신라대학교(제1캠퍼스)_시각디자인전공, 부산광역시_신라대학교(제1캠퍼스)_시각디자인학전공, 부산광역시_신라대학교(제1캠퍼스)_시각디자인학과, 인천광역시_인천가톨릭대학교(제2캠퍼스)_시각디자인학과, 인천광역시_인하대학교(제1캠퍼스)_디자인테크놀로지학과, 대전광역시_국립한밭대학교(제1캠퍼스)_시각디자인학과, 대전광역시_국립한밭대학교(제1캠퍼스)_시각ㆍ영상디자인학과, 대전광역시_목원대학교(제1캠퍼스)_시각커뮤니케이션디자인학과, 대구광역시_경북대학교(제1캠퍼스)_시각정보디자인학과, 대구광역시_계명대학교(제2캠퍼스)_시각디자인과, 울산광역시_울산대학교(제1캠퍼스)_시각디자인학전공, 광주광역시_광주대학교(제1캠퍼스)_시각영상디자인학과, 광주광역시_조선대학교(제1캠퍼스)_시각디자인학과, 광주광역시_호남대학교(제1캠퍼스)_시각융합디자인학과, 경기도_가천대학교(제1캠퍼스)_미술ㆍ디자인학부(시각디자인전공), 경기도_강남대학교(제1캠퍼스)_예체능학부 유니버설아트디자인전공, 경기도_강남대학교(제1캠퍼스)_복지융합인재학부 유니버설비주얼디자인전공, 경기도_강남대학교(제1캠퍼스)_유니버설아트디자인학과, 경기도_경기대학교(제1캠퍼스)_시각정보디자인전공, 경기도_경희대학교(제2캠퍼스)_시각디자인학과, 경기도_대진대학교(제1캠퍼스)_시각디자인학과, 경기도_명지대학교 자연캠퍼스(제1캠퍼스)_디자인학부 시각디자인전공, 경기도_명지대학교 자연캠퍼스(제1캠퍼스)_비주얼커뮤니케이션디자인전공, 경기도_명지대학교 자연캠퍼스(제1캠퍼스)_디자인학부 영상디자인전공, 경기도_예원예술대학교(제2캠퍼스)_시각영상디자인전공, 경기도_을지대학교(제2캠퍼스)_시각디자인전공, 경기도_중앙대학교(제2캠퍼스)_디자인학부(시각디자인전공), 경기도_한경국립대학교(제1캠퍼스)_시각미디어디자인전공, 경기도_한세대학교(제1캠퍼스)_시각정보디자인학과, 경기도_협성대학교(제1캠퍼스)_시각디자인학과, 경기도_협성대학교(제1캠퍼스)_시각조형디자인학과, 강원특별자치도_가톨릭관동대학교(제1캠퍼스)_CG디자인전공, 강원특별자치도_강원대학교(제2캠퍼스)_시각멀티미디어디자인학과, 강원특별자치도_상지대학교(제1캠퍼스)_시각영상디자인학과, 강원특별자치도_연세대학교 미래캠퍼스(제1캠퍼스)_시각디자인학전공, 충청북도_건국대학교 글로컬캠퍼스(제1캠퍼스)_시각영상디자인학과, 충청북도_건국대학교 글로컬캠퍼스(제1캠퍼스)_시각영상디자인전공, 충청북도_세명대학교(제1캠퍼스)_시각ㆍ영상디자인학과, 충청북도_우석대학교(제2캠퍼스)_시각커뮤니케이션디자인학과, 충청북도_청주대학교(제1캠퍼스)_시각디자인학과, 충청남도_건양대학교(제1캠퍼스)_시각디자인학과, 충청남도_건양대학교(제1캠퍼스)_시각디자인전공, 충청남도_남서울대학교(제1캠퍼스)_시각미디어디자인학과, 충청남도_남서울대학교(제1캠퍼스)_시각정보디자인학과, 충청남도_단국대학교(제2캠퍼스)_시각디자인과, 충청남도_상명대학교(제2캠퍼스)_시각디자인전공, 충청남도_상명대학교(제2캠퍼스)_시각디자인학과, 충청남도_상명대학교(제2캠퍼스)_디자인학부 ARㆍVR미디어디자인전공, 충청남도_선문대학교(제1캠퍼스)_시각디자인학과, 충청남도_한서대학교(제1캠퍼스)_시각디자인학과, 충청남도_호서대학교(제1캠퍼스)_디지털프로덕트디자인학과, 충청남도_호서대학교(제1캠퍼스)_시각디자인학과, 전북특별자치도_예원예술대학교(제1캠퍼스)_시각디자인전공, 전북특별자치도_예원예술대학교(제1캠퍼스)_시각디자인학과, 전북특별자치도_예원예술대학교(제1캠퍼스)_시각ㆍ영상디자인전공, 전북특별자치도_원광대학교(제1캠퍼스)_시각정보디자인학과, 전북특별자치도_전주대학교(제1캠퍼스)_시각디자인학과, 전북특별자치도_전주대학교(제1캠퍼스)_시각디자인전공, 전북특별자치도_호원대학교(제1캠퍼스)_미디어컨텐츠디자인학과, 전라남도_국립목포대학교(제1캠퍼스)_시각디자인, 경상북도_경운대학교(제1캠퍼스)_시각영상애니메이션전공, 경상북도_경일대학교(제1캠퍼스)_디자인학부 시각영상디자인전공, 경상북도_대구가톨릭대학교(제1캠퍼스)_시각디자인과, 경상북도_대구가톨릭대학교(제1캠퍼스)_시각영상디자인과, 경상북도_대구가톨릭대학교(제1캠퍼스)_미디어ㆍ디자인전공, 경상북도_대구대학교(제1캠퍼스)_시각디자인융합학부, 경상북도_대구대학교(제1캠퍼스)_시각디자인융합학부(서비스마케팅디자인전공), 경상북도_대구대학교(제1캠퍼스)_시각디자인융합학부(시각디자인전공), 경상북도_대구대학교(제1캠퍼스)_시각디자인학과, 경상북도_대구예술대학교(제1캠퍼스)_시각콘텐츠학과, 경상북도_대구예술대학교(제1캠퍼스)_시각디자인전공, 경상북도_영남대학교(제1캠퍼스)_시각디자인학과, 경상남도_경상국립대학교(제1캠퍼스)_디자인비즈니스학과, 경상남도_영산대학교(제1캠퍼스)_시각영상디자인전공, 경상남도_영산대학교(제1캠퍼스)_시각영상디자인학과, 세종특별자치시_홍익대학교 세종캠퍼스(제2캠퍼스)_디자인컨버전스학부","일반 선택: 독서와 작문, 문학, 대수, 확률과 통계, 영어Ⅰ, 영어Ⅱ, 영어 독해오작문, 미술, 정보 등 | 진로 선택: 주제 탐구 독서, 문학과 영상, 미술 창작, 미술 감상과 비평, 인간과 심리 등 | 융합 선택: 매체 의사소통, 미디어 영어, 세계 문화와 영어, 여행지리, 사회문제 탐구, 미술과 매체 등","공통과목: 미술, 윤리 | 일반선택과목: 예술교과 : 미술 | 진로선택과목: 미술 창작, 미술 감상과 비평 | 전문교과Ⅰ: 미술 이론, 미술사, 드로잉, 미술 전공 실기 | 전문교과Ⅱ: 디자인 일반, 시각 디자인, 색채 관리","광고디자인산업기사, 시각디자인산업기사, 웹디자인기능사, 의장디자인산업기사, 전자출판기능사, 컬러리스트기사및산업기사, 컴퓨터그래픽스운용기사, 포장디자인산업기사",광고디자이너
458,재활학과,"서울특별시_서울디지털대학교(제1캠퍼스)_예술치료전공, 서울특별시_서울사이버대학교(제1캠퍼스)_음악치료학과, 서울특별시_서울한영대학교(제1캠퍼스)_유아특수재활학과, 서울특별시_성신여자대학교(제1캠퍼스)_운동재활복지학과, 서울특별시_숭실사이버대학교(제1캠퍼스)_스포츠재활복지학과, 서울특별시_총신대학교(제1캠퍼스)_중독재활상담학과, 서울특별시_한국열린사이버대학교(제1캠퍼스)_통합치유학과, 서울특별시_한양사이버대학교(제1캠퍼스)_미술치료학과, 부산광역시_고신대학교(제1캠퍼스)_재활치료학과, 부산광역시_고신대학교(제1캠퍼스)_재활상담학과, 부산광역시_동명대학교(제1캠퍼스)_선명상치유학과, 부산광역시_동명대학교(제1캠퍼스)_스포츠재활학과, 부산광역시_동명대학교(제1캠퍼스)_언어치료청각재활학과, 부산광역시_동서대학교(제1캠퍼스)_운동처방학과, 부산광역시_동서대학교(제1캠퍼스)_시니어운동처방학과, 부산광역시_동서대학교(제1캠퍼스)_운동처방학전공, 부산광역시_부산디지털대학교(제1캠퍼스)_상담치료학부, 부산광역시_부산외국어대학교(제1캠퍼스)_스포츠재활학과, 인천광역시_가천대학교(제2캠퍼스)_운동재활복지학과, 인천광역시_가천대학교(제2캠퍼스)_운동재활학과, 대전광역시_건양사이버대학교(제1캠퍼스)_행동발달치료학과, 대전광역시_건양사이버대학교(제1캠퍼스)_행동재활치료학과, 대전광역시_우송대학교(제1캠퍼스)_언어치료ㆍ청각재활학과, 광주광역시_광주대학교(제1캠퍼스)_언어재활상담학과, 광주광역시_광주여자대학교(제1캠퍼스)_미래융합학부(언어재활전공), 광주광역시_광주여자대학교(제1캠퍼스)_미래융합학부(언어재활심리학과), 광주광역시_송원대학교(제1캠퍼스)_재활보건관리학과(자연), 광주광역시_송원대학교(제1캠퍼스)_재활보건학과, 경기도_가천대학교(제1캠퍼스)_운동재활학과, 경기도_차의과학대학교(제1캠퍼스)_미술치료학과, 경기도_한경국립대학교(제2캠퍼스)_의료재활공학전공, 경기도_한신대학교(제1캠퍼스)_재활학과, 경기도_한신대학교(제1캠퍼스)_재활상담학과, 경기도_한신대학교(제1캠퍼스)_재활상담학, 강원특별자치도_가톨릭관동대학교(제1캠퍼스)_중독재활상담학과, 강원특별자치도_가톨릭관동대학교(제1캠퍼스)_언어재활상담학과, 강원특별자치도_가톨릭관동대학교(제1캠퍼스)_치매전문재활학과, 강원특별자치도_가톨릭관동대학교(제1캠퍼스)_중독재활학과, 강원특별자치도_가톨릭관동대학교(제1캠퍼스)_통합치유학과, 강원특별자치도_가톨릭관동대학교(제1캠퍼스)_언어재활학과, 강원특별자치도_상지대학교(제1캠퍼스)_놀이심리치료학과, 강원특별자치도_연세대학교 미래캠퍼스(제1캠퍼스)_재활보건학전공, 충청북도_극동대학교(제1캠퍼스)_재활상담치료학과, 충청북도_서원대학교(제1캠퍼스)_헬스케어운동학과, 충청남도_건양대학교(제1캠퍼스)_재활퍼스널트레이닝학과, 충청남도_건양대학교(제1캠퍼스)_심리상담치료학과, 충청남도_나사렛대학교(제1캠퍼스)_재활자립학부, 충청남도_나사렛대학교(제1캠퍼스)_재활공학과, 충청남도_나사렛대학교(제1캠퍼스)_심리재활학전공, 충청남도_나사렛대학교(제1캠퍼스)_재활학트랙, 충청남도_나사렛대학교(제1캠퍼스)_인간재활학전공, 충청남도_단국대학교(제2캠퍼스)_운동처방재활학과, 충청남도_한서대학교(제1캠퍼스)_의료재활학과, 전북특별자치도_우석대학교(제1캠퍼스)_재활학과, 전북특별자치도_전주대학교(제1캠퍼스)_운동처방학과, 전북특별자치도_전주대학교(제1캠퍼스)_재활학과, 전북특별자치도_전주대학교(제1캠퍼스)_예술심리치료학과, 전북특별자치도_한일장신대학교(제1캠퍼스)_운동처방재활학과, 전북특별자치도_호원대학교(제1캠퍼스)_보건헬스케어학과, 전라남도_동신대학교(제1캠퍼스)_운동처방학과, 경상북도_김천대학교(제1캠퍼스)_스포츠재활학과, 경상북도_대구가톨릭대학교(제1캠퍼스)_의료재활학과, 경상북도_대구가톨릭대학교(제1캠퍼스)_재활치료전공, 경상북도_대구대학교(제1캠퍼스)_의료재활학과, 경상북도_대구대학교(제1캠퍼스)_재활과학계열, 경상북도_대구대학교(제1캠퍼스)_재활심리학과, 경상북도_대구대학교(제1캠퍼스)_재활상담학과, 경상북도_대구대학교(제1캠퍼스)_재활건강증진학과, 경상북도_대구사이버대학교(제1캠퍼스)_놀이치료학과, 경상북도_대구사이버대학교(제1캠퍼스)_발달재활학과, 경상북도_대구사이버대학교(제1캠퍼스)_심리운동학과, 경상북도_대구사이버대학교(제1캠퍼스)_재활상담학과, 경상북도_대구사이버대학교(제1캠퍼스)_미술치료학과, 경상북도_대구예술대학교(제1캠퍼스)_복지&심리상담전공, 경상북도_대구한의대학교(제1캠퍼스)_노인재활치료학과, 경상북도_대구한의대학교(제1캠퍼스)_미술놀이치료학과, 경상북도_대구한의대학교(제1캠퍼스)_미술심리치료전공, 경상북도_대구한의대학교(제1캠퍼스)_미술치료학전공, 경상북도_대구한의대학교(제1캠퍼스)_재활치료학전공, 경상북도_대구한의대학교(제1캠퍼스)_치유산업학과, 경상북도_대구한의대학교(제1캠퍼스)_미술심리치료학과, 경상북도_대구한의대학교(제1캠퍼스)_재활치료학부, 경상북도_신경주대학교(제1캠퍼스)_스포츠재활학과, 경상남도_가야대학교(제1캠퍼스)_스포츠재활복지학과, 경상남도_가야대학교(제1캠퍼스)_스포츠재활복지학부, 경상남도_영산대학교(제1캠퍼스)_실버재활학과, 제주특별자치도_제주국제대학교(제1캠퍼스)_복지상담학부 언어치료학전공","일반 선택: 물리학, 화학, 생명과학, 현대사회와 윤리 등 | 진로 선택: 세포와 물질대사, 생물의 유전, 법과 사회, 보건 등 | 융합 선택: 융합과학 탐구 등","공통과목: 영어, 과학 | 일반선택과목: 영어교과 : 영어Ⅰ, 영어Ⅱ, 영어 독해와 작문 | 진로선택과목: 생명과학Ⅱ | 전문교과Ⅰ: 체육지도법, 개인ㆍ대인 운동, 체육 전공 실기 응용 | 전문교과Ⅱ: 인체 구조와 기능, 기초 간호 임상 실무, 보건 간호","물리치료사, 작업치료사, 특수교육교사",물리치료사
10027,스포츠재활과,"서울특별시_서일대학교(제1캠퍼스)_스포츠헬스케어학과, 부산광역시_경남정보대학교(제1캠퍼스)_스포츠재활지도학과, 부산광역시_경남정보대학교(제1캠퍼스)_뷰티헬스과, 부산광역시_경남정보대학교(제1캠퍼스)_스포츠재활트레이닝과, 부산광역시_동의과학대학교(제1캠퍼스)_스포츠재활트레이닝과, 부산광역시_부산과학기술대학교(제1캠퍼스)_재활운동건강과, 부산광역시_부산보건대학교(제1캠퍼스)_스포츠재활과(자연), 부산광역시_부산여자대학교(제1캠퍼스)_아동스포츠재활무용과(3년제), 부산광역시_부산예술대학교(제1캠퍼스)_스포츠재활&다이어트과, 인천광역시_경인여자대학교(제1캠퍼스)_스포츠헬스케어학과, 인천광역시_인하공업전문대학(제1캠퍼스)_스포츠헬스케어학과, 인천광역시_재능대학교(제1캠퍼스)_스포츠재활과, 대구광역시_대구보건대학교(제1캠퍼스)_스포츠재활학과, 대구광역시_영남이공대학교(제1캠퍼스)_스포츠재활과, 대구광역시_영남이공대학교(제1캠퍼스)_스포츠재활ㆍ운동관리과, 대구광역시_영남이공대학교(제1캠퍼스)_스포츠건강재활계열, 대구광역시_영진전문대학교(제1캠퍼스)_스포츠재활과, 울산광역시_울산과학대학교(제1캠퍼스)_스포츠건강재활학과, 울산광역시_울산과학대학교(제1캠퍼스)_스포츠재활학부 스포츠지도전공(자연과학계열), 울산광역시_울산과학대학교(제1캠퍼스)_스포츠재활학부 스포츠지도전공, 울산광역시_울산과학대학교(제1캠퍼스)_스포츠재활학부 스포츠재활전공(자연과학계열), 울산광역시_울산과학대학교(제1캠퍼스)_스포츠재활학부 스포츠재활전공, 울산광역시_울산과학대학교(제1캠퍼스)_스포츠재활학부(자연과학계열), 광주광역시_동강대학교(제1캠퍼스)_스포츠재활트레이닝과, 광주광역시_조선이공대학교(제1캠퍼스)_스포츠재활학부 웰빙헬스케어전공, 광주광역시_조선이공대학교(제1캠퍼스)_스포츠재활과, 광주광역시_조선이공대학교(제1캠퍼스)_스포츠재활학부 스포츠재활전공, 광주광역시_조선이공대학교(제1캠퍼스)_스포츠재활학과, 광주광역시_조선이공대학교(제1캠퍼스)_스포츠재활학부, 경기도_국제대학교(제1캠퍼스)_스포츠헬스케어학과, 경기도_대림대학교(제1캠퍼스)_스포츠재활과(스포츠학부), 경기도_대림대학교(제1캠퍼스)_스포츠재활학부, 경기도_두원공과대학교(제1캠퍼스)_재활운동과학과(2년제), 경기도_두원공과대학교(제2캠퍼스)_스포츠재활과, 경기도_두원공과대학교(제1캠퍼스)_재활운동과학과, 경기도_두원공과대학교(제1캠퍼스)_스포츠재활치료과, 경기도_부천대학교(제1캠퍼스)_재활스포츠학과, 경기도_부천대학교(제1캠퍼스)_재활스포츠과, 경기도_신구대학교(제1캠퍼스)_스포츠재활과, 경기도_여주대학교(제1캠퍼스)_건강운동재활학과, 경기도_연성대학교(제1캠퍼스)_스포츠케어과, 경기도_연성대학교(제1캠퍼스)_스포츠재활과, 경기도_유한대학교(제1캠퍼스)_건강웰니스학과 스포츠재활전공, 경기도_장안대학교(제1캠퍼스)_운동처방과, 경기도_장안대학교(제1캠퍼스)_스포츠재활과, 강원특별자치도_강릉영동대학교(제1캠퍼스)_스포츠재활전공, 강원특별자치도_강릉영동대학교(제1캠퍼스)_스포츠레저헬스케어계열, 강원특별자치도_한국골프과학기술대학교(제1캠퍼스)_골프재활과, 강원특별자치도_한국골프과학기술대학교(제1캠퍼스)_골프재활헬스케어과, 충청북도_강동대학교(제1캠퍼스)_스포츠재활과, 충청북도_대원대학교(제1캠퍼스)_운동재활과, 충청북도_충북보건과학대학교(제1캠퍼스)_스포츠과학과, 충청북도_충북보건과학대학교(제1캠퍼스)_스포츠재활과, 충청북도_충청대학교(제1캠퍼스)_사회체육학부 스포츠재활과, 충청북도_충청대학교(제1캠퍼스)_스포츠재활과, 전북특별자치도_전주기전대학(제1캠퍼스)_운동재활과, 전북특별자치도_전주기전대학(제1캠퍼스)_말산업스포츠재활과, 전북특별자치도_전주기전대학(제1캠퍼스)_운동재활과(예체능), 전라남도_나주대학교(제1캠퍼스)_재활복지스포츠학부, 전라남도_목포과학대학교(제1캠퍼스)_스포츠과학과, 전라남도_전남과학대학교(제1캠퍼스)_뉴로테크헬스케어학과, 전라남도_청암대학교(제1캠퍼스)_재활스포츠과, 경상북도_대경대학교(제1캠퍼스)_스포츠재활과, 경상북도_문경대학교(제1캠퍼스)_스포츠재활과, 경상남도_경남도립거창대학(제1캠퍼스)_스포츠재활운동관리과, 경상남도_김해대학교(제1캠퍼스)_스포츠재활과(축구), 경상남도_동원과학기술대학교(제1캠퍼스)_스포츠재활운동학과, 경상남도_동원과학기술대학교(제1캠퍼스)_스포츠재활학부, 경상남도_동원과학기술대학교(제1캠퍼스)_재활스포츠과, 경상남도_동원과학기술대학교(제1캠퍼스)_스포츠재활운동학부","일반 선택: 독서와 작문, 문학, 대수, 미적분Ⅰ, 확률과 통계, 영어 I,프, 영어 독해와 작문, 현대사회와 윤리, 생명과학, 화학, 정보, 교육학 등 | 진로 선택: 법과 사회, 물질과 에너지, 화학 반응의 세계, 세포와 물질대사, 생물의 유전 등 | 융합 선택: 실생활 영어 회화, 실용 통계, 윤리문제 탐구 등","공통과목: 체육, 윤리 | 일반선택과목: 체육교과 : 체육, 운동과 건강 | 진로선택과목: 스포츠 생활, 체육 탐구 | 전문교과Ⅰ: 스포츠 개론, 체육 지도법, 체육 전공 실기 기초, 체육 전공 실기 심화, 체육 전공 실기 응용 | 전문교과Ⅱ: 인체 구조와 기능, 간호의 기초","사회복지사, 생활스포츠지도자, 요양보호사, 응급구조사, 장애인재활상담사",간병인
20,건축학과,"서울특별시_건국대학교(제1캠퍼스)_건축설계전공, 서울특별시_건국대학교(제1캠퍼스)_건축학과, 서울특별시_건국대학교(제1캠퍼스)_건축학부, 서울특별시_건국대학교(제1캠퍼스)_건축학전공, 서울특별시_고려대학교(제1캠퍼스)_건축학과, 서울특별시_고려대학교(제1캠퍼스)_건축사회환경공학부, 서울특별시_고려사이버대학교(제1캠퍼스)_건축공학부, 서울특별시_광운대학교(제1캠퍼스)_건축학과, 서울특별시_국민대학교(제1캠퍼스)_건축학부, 서울특별시_국민대학교(제1캠퍼스)_건축학전공, 서울특별시_국민대학교(제1캠퍼스)_건축시스템전공, 서울특별시_국민대학교(제1캠퍼스)_건축설계전공, 서울특별시_동국대학교(제1캠퍼스)_건축학전공, 서울특별시_동국대학교(제1캠퍼스)_건축공학부, 서울특별시_삼육대학교(제1캠퍼스)_건축학과(5년제), 서울특별시_삼육대학교(제1캠퍼스)_건축학과(4년제), 서울특별시_서울과학기술대학교(제1캠퍼스)_건축학부건축공학전공, 서울특별시_서울과학기술대학교(제1캠퍼스)_건축학부건축학전공, 서울특별시_서울대학교(제1캠퍼스)_건축학과(건축공학전공), 서울특별시_서울대학교(제1캠퍼스)_건축학과, 서울특별시_서울대학교(제1캠퍼스)_건축학과(건축학전공(5년)), 서울특별시_서울사이버대학교(제1캠퍼스)_건축공간디자인학과, 서울특별시_서울시립대학교(제1캠퍼스)_건축학부 건축공학전공, 서울특별시_서울시립대학교(제1캠퍼스)_건축학부 건축학전공(5년제), 서울특별시_세종대학교(제1캠퍼스)_건축학과, 서울특별시_세종대학교(제1캠퍼스)_건축학전공, 서울특별시_세종사이버대학교(제1캠퍼스)_건축ㆍ도시계획학과, 서울특별시_숭실대학교(제1캠퍼스)_건축학부 건축공학전공, 서울특별시_숭실대학교(제1캠퍼스)_건축학부, 서울특별시_숭실대학교(제1캠퍼스)_건축학부 실내건축전공, 서울특별시_숭실대학교(제1캠퍼스)_건축학부 건축학전공, 서울특별시_숭실사이버대학교(제1캠퍼스)_건설스마트안전공학과, 서울특별시_연세대학교(제1캠퍼스)_건축공학(4년제), 서울특별시_연세대학교(제1캠퍼스)_건축학(5년제), 서울특별시_연세대학교(제1캠퍼스)_실내건축학과, 서울특별시_이화여자대학교(제1캠퍼스)_건축학전공(5년), 서울특별시_이화여자대학교(제1캠퍼스)_건축도시시스템공학과, 서울특별시_이화여자대학교(제1캠퍼스)_건축학과(5년), 서울특별시_이화여자대학교(제1캠퍼스)_건축도시시스템공학전공, 서울특별시_중앙대학교(제1캠퍼스)_건축학부(건축공학전공), 서울특별시_중앙대학교(제1캠퍼스)_건축학부(건축학전공), 서울특별시_중앙대학교(제1캠퍼스)_건축학부, 서울특별시_한국예술종합학교(제1캠퍼스)_건축과, 서울특별시_한양대학교(제1캠퍼스)_건축공학부, 서울특별시_한양대학교(제1캠퍼스)_건축학부, 서울특별시_한양사이버대학교(제1캠퍼스)_건축도시공학과, 서울특별시_한양사이버대학교(제1캠퍼스)_건축공간디자인학과, 서울특별시_홍익대학교(제1캠퍼스)_건축학부 실내건축학전공, 서울특별시_홍익대학교(제1캠퍼스)_건축학부 건축학전공(5년제), 서울특별시_홍익대학교(제1캠퍼스)_건축학부, 부산광역시_경성대학교(제1캠퍼스)_건축학과(5년제), 부산광역시_경성대학교(제1캠퍼스)_실내건축학과, 부산광역시_국립부경대학교(제1캠퍼스)_건축학전공(5년), 부산광역시_국립한국해양대학교(제1캠퍼스)_해양건축공학과, 부산광역시_동명대학교(제1캠퍼스)_건축학과(5년제), 부산광역시_동명대학교(제1캠퍼스)_실내건축학과, 부산광역시_동명대학교(제1캠퍼스)_건축학과, 부산광역시_동서대학교(제1캠퍼스)_건축학과, 부산광역시_동서대학교(제1캠퍼스)_건축설계학전공, 부산광역시_동아대학교(제1캠퍼스)_건축학과, 부산광역시_동아대학교(제1캠퍼스)_건축학과 실내건축디자인전공, 부산광역시_동아대학교(제1캠퍼스)_건축학과 건축학전공(5년제), 부산광역시_동아대학교(제1캠퍼스)_건축학과(5년제), 부산광역시_동의대학교(제1캠퍼스)_건축학전공, 부산광역시_동의대학교(제1캠퍼스)_건축학과, 부산광역시_부산대학교(제1캠퍼스)_건축학과, 부산광역시_부산대학교(제1캠퍼스)_건축학과(5년제), 부산광역시_신라대학교(제1캠퍼스)_건축학부, 부산광역시_신라대학교(제1캠퍼스)_건축학전공(5년제), 부산광역시_신라대학교(제1캠퍼스)_건축학전공, 부산광역시_신라대학교(제1캠퍼스)_건축학과(4년제, 5년제), 부산광역시_신라대학교(제1캠퍼스)_건축학과, 부산광역시_영산대학교(제2캠퍼스)_건축플랜트학과, 인천광역시_인천대학교(제1캠퍼스)_도시건축학부, 인천광역시_인천대학교(제1캠퍼스)_도시건축학전공, 인천광역시_인하대학교(제1캠퍼스)_건축학전공, 인천광역시_인하대학교(제1캠퍼스)_건축학부, 대전광역시_건양대학교(제2캠퍼스)_건축학과, 대전광역시_국립한밭대학교(제1캠퍼스)_건축학과(5년제), 대전광역시_대전대학교(제1캠퍼스)_건축학과(4), 대전광역시_대전대학교(제1캠퍼스)_건축학과(5), 대전광역시_목원대학교(제1캠퍼스)_건축학부 건축공학전공, 대전광역시_목원대학교(제1캠퍼스)_건축학부, 대전광역시_목원대학교(제1캠퍼스)_건축학부 건축학전공(5년제), 대전광역시_배재대학교(제1캠퍼스)_건축학부, 대전광역시_배재대학교(제1캠퍼스)_건축학전공, 대전광역시_배재대학교(제1캠퍼스)_건축학과, 대전광역시_배재대학교(제1캠퍼스)_실내건축학과, 대전광역시_충남대학교(제1캠퍼스)_스마트시티건축공학과, 대전광역시_충남대학교(제1캠퍼스)_건축학과(5), 대전광역시_한남대학교(제1캠퍼스)_건축학과(5년제), 대구광역시_경북대학교(제1캠퍼스)_건축학부(건축공학전공), 대구광역시_경북대학교(제1캠퍼스)_건축학부(건축학전공), 대구광역시_계명대학교(제1캠퍼스)_건축학과, 울산광역시_울산대학교(제1캠퍼스)_건축학부, 울산광역시_울산대학교(제1캠퍼스)_건축학전공, 광주광역시_광주대학교(제1캠퍼스)_건축학부, 광주광역시_전남대학교(제1캠퍼스)_건축도시설계전공(5년), 광주광역시_전남대학교(제1캠퍼스)_건축학부, 광주광역시_조선대학교(제1캠퍼스)_건축학과(5년제), 광주광역시_호남대학교(제1캠퍼스)_건축학전공, 광주광역시_호남대학교(제1캠퍼스)_건축학과, 광주광역시_호남대학교(제1캠퍼스)_건축학부, 경기도_가천대학교(제1캠퍼스)_건축학부, 경기도_가천대학교(제1캠퍼스)_건축학전공, 경기도_가천대학교(제1캠퍼스)_실내건축학전공, 경기도_경기대학교(제1캠퍼스)_건축학과, 경기도_경기대학교(제1캠퍼스)_건축안전공학과, 경기도_경희대학교(제2캠퍼스)_건축학과, 경기도_단국대학교(제1캠퍼스)_건축학부 건축학전공, 경기도_단국대학교(제1캠퍼스)_건축학부 건축공학전공, 경기도_단국대학교(제1캠퍼스)_건축학과, 경기도_단국대학교(제1캠퍼스)_건축학부, 경기도_대진대학교(제1캠퍼스)_건축공학부, 경기도_명지대학교 자연캠퍼스(제1캠퍼스)_건축학부 건축학전공(5년제), 경기도_명지대학교 자연캠퍼스(제1캠퍼스)_건축학부(건축학전공/전통건축전공) (5년제), 경기도_명지대학교 자연캠퍼스(제1캠퍼스)_건축학부 전통건축전공(5년제), 경기도_명지대학교 자연캠퍼스(제1캠퍼스)_건축대학, 경기도_성균관대학교(제2캠퍼스)_건축학과, 경기도_수원대학교(제1캠퍼스)_건축도시부동산학부, 경기도_수원대학교(제1캠퍼스)_건축학, 경기도_아주대학교(제1캠퍼스)_건축학과, 경기도_중부대학교(제2캠퍼스)_건축학전공, 경기도_중부대학교(제2캠퍼스)_건축학과, 경기도_한경국립대학교(제1캠퍼스)_건축학전공, 경기도_한경국립대학교(제1캠퍼스)_건축융합학부, 경기도_한양대학교 ERICA캠퍼스(제1캠퍼스)_스마트융합공학부 건축IT융합전공, 경기도_한양대학교 ERICA캠퍼스(제1캠퍼스)_건축학전공, 경기도_한양대학교 ERICA캠퍼스(제1캠퍼스)_스마트융합공학부 지속가능건축융합전공, 강원특별자치도_가톨릭관동대학교(제1캠퍼스)_건축학부, 강원특별자치도_가톨릭관동대학교(제1캠퍼스)_건축학전공, 강원특별자치도_강원대학교(제2캠퍼스)_건설융합학부 건축공학전공, 강원특별자치도_강원대학교(제1캠퍼스)_건축학전공(5년제), 강원특별자치도_강원대학교(제2캠퍼스)_건설융합학부 건축학전공, 강원특별자치도_강원대학교(제2캠퍼스)_건축학과(5), 강원특별자치도_강원대학교(제1캠퍼스)_건축학부, 강원특별자치도_강원대학교(제2캠퍼스)_건축시스템공학과, 강원특별자치도_강원대학교(제2캠퍼스)_건설융합학부, 강원특별자치도_강원대학교(제1캠퍼스)_건축학과(5), 강원특별자치도_강원대학교(제2캠퍼스)_건축학전공(5년제), 강원특별자치도_강원대학교(제2캠퍼스)_해양건설시스템공학과, 강원특별자치도_한라대학교(제1캠퍼스)_건축학과, 충청북도_국립한국교통대학교(제1캠퍼스)_건축학부, 충청북도_국립한국교통대학교(제1캠퍼스)_건축학전공, 충청북도_국립한국교통대학교(제1캠퍼스)_건축학과, 충청북도_서원대학교(제1캠퍼스)_건축학과, 충청북도_세명대학교(제1캠퍼스)_건축학과, 충청북도_우석대학교(제2캠퍼스)_건축ㆍ인테리어디자인학과, 충청북도_우석대학교(제2캠퍼스)_건축학과, 충청북도_청주대학교(제1캠퍼스)_건축학과, 충청북도_청주대학교(제1캠퍼스)_건축학과(5), 충청북도_청주대학교(제1캠퍼스)_건축학ㆍ건축공학전공, 충청북도_충북대학교(제1캠퍼스)_건축학과, 충청남도_국립공주대학교(제2캠퍼스)_건축학부 건축학전공, 충청남도_국립공주대학교(제2캠퍼스)_건축학과, 충청남도_국립공주대학교(제2캠퍼스)_그린스마트건축공학과, 충청남도_국립공주대학교(제2캠퍼스)_건축학부 건축공학전공, 충청남도_남서울대학교(제1캠퍼스)_건축학과(5), 충청남도_선문대학교(제1캠퍼스)_건축사회환경공학부, 충청남도_선문대학교(제1캠퍼스)_건축학부, 충청남도_순천향대학교(제1캠퍼스)_건축학과(5), 충청남도_한국기술교육대학교(제1캠퍼스)_디자인ㆍ건축공학부, 충청남도_한국기술교육대학교(제1캠퍼스)_건축공학부, 충청남도_한국전통문화대학교(제1캠퍼스)_전통건축학과, 충청남도_한서대학교(제1캠퍼스)_건축학과, 충청남도_호서대학교(제1캠퍼스)_건축학과, 전북특별자치도_국립군산대학교(제1캠퍼스)_공간디자인융합기술학부(공간디자인융합기술학전공), 전북특별자치도_국립군산대학교(제1캠퍼스)_건축ㆍ해양건설융합공학부, 전북특별자치도_국립군산대학교(제1캠퍼스)_해양건설공학과, 전북특별자치도_국립군산대학교(제1캠퍼스)_건축공학부, 전북특별자치도_국립군산대학교(제1캠퍼스)_공간디자인융합기술학부, 전북특별자치도_국립군산대학교(제1캠퍼스)_건축공학부(건축공학전공), 전북특별자치도_원광대학교(제1캠퍼스)_건축학과, 전북특별자치도_전북대학교(제1캠퍼스)_한옥건축학과, 전북특별자치도_전북대학교(제1캠퍼스)_한옥학과, 전북특별자치도_전주대학교(제1캠퍼스)_건축학과, 전북특별자치도_호원대학교(제1캠퍼스)_건축인테리어학과, 전북특별자치도_호원대학교(제1캠퍼스)_건축학과, 전라남도_국립목포대학교(제1캠퍼스)_건축학과, 전라남도_국립목포해양대학교(제1캠퍼스)_해양건설공학과, 전라남도_국립목포해양대학교(제1캠퍼스)_해양ㆍ플랜트건설공학과, 전라남도_국립순천대학교(제1캠퍼스)_건축학부, 전라남도_동신대학교(제1캠퍼스)_건축학과, 전라남도_초당대학교(제1캠퍼스)_건축학과, 경상북도_경일대학교(제1캠퍼스)_건축디자인과(5년제), 경상북도_국립금오공과대학교(제1캠퍼스)_건축학전공(5년), 경상북도_대구가톨릭대학교(제1캠퍼스)_건축학과, 경상북도_대구한의대학교(제1캠퍼스)_건축학전공, 경상북도_대구한의대학교(제1캠퍼스)_스마트시티건축학전공, 경상북도_동양대학교(제1캠퍼스)_건축소방안전학과, 경상북도_동양대학교(제1캠퍼스)_스마트건축공학과, 경상북도_신경주대학교(제1캠퍼스)_전통건축학과, 경상북도_영남대학교(제1캠퍼스)_건축디자인전공, 경상북도_영남대학교(제1캠퍼스)_건축학전공, 경상북도_영남대학교(제1캠퍼스)_건축학부, 경상남도_경남대학교(제1캠퍼스)_건축학부, 경상남도_경남대학교(제1캠퍼스)_건축학전공(5년), 경상남도_경상국립대학교(제1캠퍼스)_건축학과, 경상남도_경상국립대학교(제1캠퍼스)_건축시스템공학전공, 경상남도_경상국립대학교(제1캠퍼스)_건축공학부, 경상남도_국립창원대학교(제1캠퍼스)_건축학전공, 경상남도_국립창원대학교(제1캠퍼스)_건축학부 건축공학전공, 경상남도_국립창원대학교(제1캠퍼스)_건축학부 건축학전공, 경상남도_인제대학교(제1캠퍼스)_실내건축학과(예체능), 경상남도_인제대학교(제1캠퍼스)_실내건축학과, 경상남도_인제대학교(제1캠퍼스)_건축학과, 제주특별자치도_제주국제대학교(제1캠퍼스)_건축학과, 제주특별자치도_제주국제대학교(제1캠퍼스)_건설공학부 건축학전공, 제주특별자치도_제주대학교(제1캠퍼스)_건축학전공, 제주특별자치도_제주대학교(제1캠퍼스)_건축학과, 세종특별자치시_홍익대학교 세종캠퍼스(제2캠퍼스)_건축공학부 건축디자인전공(5년제), 세종특별자치시_홍익대학교 세종캠퍼스(제2캠퍼스)_건축공학부 건축공학전공, 세종특별자치시_홍익대학교 세종캠퍼스(제2캠퍼스)_건축공학부, 세종특별자치시_홍익대학교 세종캠퍼스(제2캠퍼스)_건축공학부 건축학전공(5년제)","일반 선택: 대수, 미적분 Ⅰ,확률과 통계, 물리학, 화학, 세계시민과 지리, 사회와 문화, 세계사 등 | 진로 선택: 기하, 미적분Ⅱ, 도시의 미래 탐구, 역학과 에너지, 물질과 에너지,화학 반응의 세계, 지구시스템과학, 한국지리탐구 등 | 융합 선택: 융합 과학 탐구, 과학의 역사와 문화, 기후변화와 환경생태, 창의공학 설계, 기후변화와 지속가능한 세계 등","공통과목: 수학, 사회, 과학, 기술ㆍ가정 | 일반선택과목: 수학교과 : 수학ⅠㆍⅡ, 미적분, 확률과 통계 | 진로선택과목: 실용수학, 기하, 수학과제 탐구, 사회문제 탐구, 물리학Ⅱ, 화학Ⅱ, 지구과학Ⅱ, 생활과 과학, 융합과학, 공학 일반 | 전문교과Ⅰ: 심화수학ⅠㆍⅡ, 고급 수학ⅠㆍⅡ, 고급 물리학, 물리학 실험, 고급 화학, 화학 실험, 고급 지구과학, 지구과학 실험, 정보과학, 생태와 환경, 과학과제 연구, 지역 이해, 세계 문제와 미래 사회, 사회과제 연구 | 전문교과Ⅱ: 건축 일반, 건축 도면 해석과 제도, 프로그래밍","건설안전기사, 건설재료시험기사, 건축구조기술사, 건축기계정비기술사, 건축기사, 건축목재시공기능장, 건축사, 건축설비기사, 건축시공기술사, 건축일반시공기능장, 건축전기설비기술사, 도시계획기사, 수질환경기사, 실내건축기사, 지적기사, 철도보선산업기사, 토목기사",건설공사품질관리원
10030,문화재보존학과,"서울특별시_동국대학교(제1캠퍼스)_문화재학과, 경기도_용인대학교(제1캠퍼스)_문화재학과, 경기도_중앙승가대학교(제1캠퍼스)_문화재학전공, 충청남도_국립공주대학교(제1캠퍼스)_문화재보존과학과, 충청남도_한국전통문화대학교(제1캠퍼스)_문화재보존과학과, 충청남도_한국전통문화대학교(제1캠퍼스)_무형유산학과, 충청남도_한국전통문화대학교(제1캠퍼스)_보존과학과, 충청남도_한국전통문화대학교(제1캠퍼스)_문화재관리학과, 충청남도_한국전통문화대학교(제1캠퍼스)_국가유산관리학과, 충청남도_한서대학교(제1캠퍼스)_문화재보존학과, 전북특별자치도_예원예술대학교(제1캠퍼스)_문화재보존예술학과, 전라남도_국립목포대학교(제1캠퍼스)_문화유산, 경상북도_국립경국대학교(제1캠퍼스)_문화유산학전공, 경상북도_신경주대학교(제1캠퍼스)_문화유산학부, 경상북도_신경주대학교(제1캠퍼스)_문화재학과, 경상남도_경남대학교(제1캠퍼스)_문화유산복원예술학과","일반 선택: 문학, 독서와 작문, 사회와 문화, 세계시민과 지리, 세계사, 화학, 정보 등 | 진로 선택: 한국지리 탐구, 동아시아 역사 기행, 법과 사회, 인문학과 윤리, 화학 반응의 세계, 미술 감상과 비평, 한문고전 일기, 삶과 종교 등 | 융합 선택: 수학과 문화, 여행지리, 역사로 탐구하는 현대 세계, 사회문제 탐구, 미술과 매체, 지식 재산 일반, 언어생활과 한자 등","공통과목: 사회, 역사, 한문, 수학, 영어, 제2외국어 | 일반선택과목: 사회교과 : 사회문화, 세계사, 동아시아사, 한국지리, 윤리와 사상 | 진로선택과목: 사회문제 탐구, 고전 읽기, 고전과 윤리, 여행지리, 현대 세계의 변화 | 전문교과Ⅰ: 사회탐구 방법, 사회과제 연구, 한국 사회의 이해, 비교 문화, 지역 이해 | 전문교과Ⅱ: 문화콘텐츠 산업 일반","문화재수리기능자, 문화재수리기술자, 박물관및미술관준학예사",문화재보존원
10156,패션디자인학과,"서울특별시_건국대학교(제1캠퍼스)_의상디자인학과, 서울특별시_국민대학교(제1캠퍼스)_의상디자인학과, 서울특별시_덕성여자대학교(제1캠퍼스)_의상디자인학과, 서울특별시_덕성여자대학교(제1캠퍼스)_의상디자인전공, 서울특별시_동덕여자대학교(제1캠퍼스)_패션디자인학과, 서울특별시_동덕여자대학교(제1캠퍼스)_디자인학부 패션디자인전공, 서울특별시_서경대학교(제1캠퍼스)_무대패션전공, 서울특별시_세종대학교(제1캠퍼스)_패션디자인학과, 서울특별시_세종사이버대학교(제1캠퍼스)_패션뷰티경영학과, 서울특별시_이화여자대학교(제1캠퍼스)_섬유예술전공(섬유ㆍ패션학부), 서울특별시_이화여자대학교(제1캠퍼스)_섬유ㆍ패션학부, 서울특별시_한성대학교(제1캠퍼스)_패션디자인전공, 서울특별시_한성대학교(제1캠퍼스)_글로벌패션산업학부, 부산광역시_경성대학교(제1캠퍼스)_패션디자인학과, 부산광역시_국립부경대학교(제1캠퍼스)_패션디자인학과, 부산광역시_동명대학교(제1캠퍼스)_패션디자인학과, 부산광역시_동서대학교(제1캠퍼스)_패션디자인학전공, 부산광역시_동서대학교(제1캠퍼스)_패션디자인학과, 부산광역시_동아대학교(제1캠퍼스)_건축ㆍ디자인ㆍ패션대학 패션디자인학과, 부산광역시_동아대학교(제1캠퍼스)_패션디자인학과, 부산광역시_동의대학교(제1캠퍼스)_패션디자인학과, 부산광역시_신라대학교(제1캠퍼스)_패션디자인학전공, 부산광역시_신라대학교(제1캠퍼스)_패션디자인학과, 부산광역시_신라대학교(제1캠퍼스)_패션디자인전공, 부산광역시_신라대학교(제1캠퍼스)_패션소재디자인전공, 인천광역시_인하대학교(제1캠퍼스)_의류디자인학과, 대전광역시_대전대학교(제1캠퍼스)_패션디자인ㆍ비즈니스학과, 대전광역시_한남대학교(제1캠퍼스)_패션디자인학과, 대구광역시_계명대학교(제2캠퍼스)_텍스타일디자인과, 대구광역시_계명대학교(제2캠퍼스)_패션디자인과, 광주광역시_광주대학교(제1캠퍼스)_패션ㆍ주얼리학부, 광주광역시_광주대학교(제1캠퍼스)_패션주얼리디자인학과, 광주광역시_광주대학교(제1캠퍼스)_패션ㆍ주얼리디자인학부, 광주광역시_조선대학교(제1캠퍼스)_라이프스타일디자인학부(섬유ㆍ패션디자인전공), 광주광역시_호남대학교(제1캠퍼스)_패션디자인학과, 경기도_가천대학교(제1캠퍼스)_미술ㆍ디자인학부(패션디자인), 경기도_경희대학교(제2캠퍼스)_의류디자인학과, 경기도_단국대학교(제1캠퍼스)_디자인학부 패션산업디자인전공, 경기도_명지대학교 자연캠퍼스(제1캠퍼스)_디자인학부 패션디자인전공, 경기도_명지대학교 자연캠퍼스(제1캠퍼스)_패션디자인전공, 경기도_수원대학교(제1캠퍼스)_패션디자인, 경기도_신한대학교(제2캠퍼스)_K뷰티패션학과, 경기도_신한대학교(제2캠퍼스)_패션디자인학과, 경기도_중부대학교(제2캠퍼스)_패션디자인학과, 경기도_중앙대학교(제2캠퍼스)_디자인학부(패션전공), 경기도_중앙대학교(제2캠퍼스)_디자인학부(패션디자인전공), 경기도_평택대학교(제1캠퍼스)_패션디자인및브랜딩학과, 경기도_한양대학교 ERICA캠퍼스(제1캠퍼스)_주얼리ㆍ패션디자인학과, 경기도_화성의과학대학교(제1캠퍼스)_스타일테크학과, 강원특별자치도_국립강릉원주대학교(제1캠퍼스)_패션디자인학과, 강원특별자치도_상지대학교(제1캠퍼스)_패션뷰티학부 패션디자인전공, 강원특별자치도_상지대학교(제1캠퍼스)_패션디자인학과, 충청북도_건국대학교 글로컬캠퍼스(제1캠퍼스)_패션디자인학과, 충청북도_건국대학교 글로컬캠퍼스(제1캠퍼스)_패션디자인전공, 충청북도_세명대학교(제1캠퍼스)_패션디자인학과, 충청북도_우석대학교(제2캠퍼스)_패션스타일링학과, 충청북도_청주대학교(제1캠퍼스)_패션디자인학과, 충청북도_청주대학교(제1캠퍼스)_아트앤패션디자인학과, 충청북도_충북대학교(제1캠퍼스)_패션디자인정보학과, 충청남도_상명대학교(제2캠퍼스)_패션디자인전공, 충청남도_청운대학교(제1캠퍼스)_패션디자인학과, 충청남도_한서대학교(제1캠퍼스)_의상디자인학과, 충청남도_한서대학교(제1캠퍼스)_패션디자인학과, 전북특별자치도_예원예술대학교(제1캠퍼스)_뷰티패션디자인전공, 전북특별자치도_원광대학교(제1캠퍼스)_패션디자인산업학과, 전북특별자치도_원광디지털대학교(제1캠퍼스)_한국복식과학학과, 전북특별자치도_호원대학교(제1캠퍼스)_패션.미용학부, 전북특별자치도_호원대학교(제1캠퍼스)_패션디자인학과, 전라남도_국립순천대학교(제1캠퍼스)_패션디자인학과, 전라남도_국립순천대학교(제1캠퍼스)_패션디자인학전공, 경상북도_경북대학교(제3캠퍼스)_섬유패션디자인학부 패션디자인전공, 경상북도_경북대학교(제3캠퍼스)_섬유패션디자인학부(섬유공학전공, 패션디자인전공), 경상북도_경일대학교(제1캠퍼스)_K-뷰티융합학부 패션디자인전공, 경상북도_경일대학교(제1캠퍼스)_디자인학부 패션디자인전공, 경상북도_국립경국대학교(제1캠퍼스)_패션ㆍ예술ㆍ체육학부, 경상북도_대구가톨릭대학교(제1캠퍼스)_패션디자인과(예체능), 경상북도_대구대학교(제1캠퍼스)_패션디자인학과, 경상북도_대구예술대학교(제1캠퍼스)_패션코스메틱디자인전공, 경상남도_영산대학교(제1캠퍼스)_디자인학부(패션디자인전공), 경상남도_영산대학교(제1캠퍼스)_패션디자인학과","일반 선택: 독서와 작문, 문학, 대수, 확률과 통계, 영어Ⅰ, 영어Ⅱ, 영어 독해오작문, 미술, 정보 등 | 진로 선택: 주제 탐구 독서, 문학과 영상, 미술 창작, 미술 감상과 비평, 인간과 심리 등 | 융합 선택: 매체 의사소통, 미디어 영어, 세계 문화와 영어, 여행지리, 사회문제 탐구, 미술과 매체 등","공통과목: 사회, 체육ㆍ예술 | 일반선택과목: 사회교과 : 경제, 사회ㆍ문화, 생활과 윤리 | 진로선택과목: 미술 창작, 미술 감상과 비평, 지식 재산 일반, 사회문제 탐구 | 전문교과Ⅰ: 미술 이론, 매체 미술, 세계 문제와 미래 사회, 사회 탐구 방법 및 사회과제 연구 | 전문교과Ⅱ: 디자인 일반, 색채 관리, 정보처리와 관리, 빅데이터 분석","숍마스터, 의류기사1급, 의류기사2급, 컬러리스트기사, 패션디자인산업기사, 패션머천다이징산업기사, 한복산업기사",가방디자이너
449,바이오동물과,"서울특별시_동양미래대학교(제1캠퍼스)_바이오융합공학과, 서울특별시_한양여자대학교(제1캠퍼스)_반려동물보건과, 부산광역시_부산경상대학교(제1캠퍼스)_반려동물보건과, 부산광역시_부산보건대학교(제1캠퍼스)_반려동물보건과, 부산광역시_부산여자대학교(제1캠퍼스)_동물보건과, 인천광역시_경인여자대학교(제1캠퍼스)_반려동물보건학과(3년제), 인천광역시_경인여자대학교(제1캠퍼스)_반려동물보건학과, 인천광역시_경인여자대학교(제1캠퍼스)_반려동물산업학과, 인천광역시_재능대학교(제1캠퍼스)_바이오코스메틱과, 대전광역시_우송정보대학(제1캠퍼스)_동물보건과, 대구광역시_계명문화대학교(제1캠퍼스)_반려동물보건과, 대구광역시_수성대학교(제1캠퍼스)_반려동물보건과, 대구광역시_영남이공대학교(제1캠퍼스)_반려동물보건과, 대구광역시_영진전문대학교(제1캠퍼스)_동물보건과, 경기도_대림대학교(제1캠퍼스)_바이오헬스케어과, 경기도_동원대학교(제1캠퍼스)_동물보건과, 경기도_서정대학교(제1캠퍼스)_동물보건과, 경기도_서정대학교(제1캠퍼스)_반려동물보건과, 경기도_수원여자대학교(제2캠퍼스)_펫케어과, 경기도_신구대학교(제1캠퍼스)_바이오동물전공, 경기도_신안산대학교(제1캠퍼스)_반려동물보건과, 경기도_연성대학교(제1캠퍼스)_반려동물보건과(3년제), 경기도_오산대학교(제1캠퍼스)_동물보건과, 경기도_용인예술과학대학교(제1캠퍼스)_반려동물보건과, 경기도_유한대학교(제1캠퍼스)_반려동물보건학과, 경기도_유한대학교(제1캠퍼스)_건강웰니스학과 반려동물산업전공, 경기도_장안대학교(제1캠퍼스)_바이오동물보건과, 경기도_장안대학교(제1캠퍼스)_바이오동물보호과, 충청북도_대원대학교(제1캠퍼스)_바이오메디컬과, 충청남도_연암대학교(제1캠퍼스)_동물보호학과, 전북특별자치도_전북과학대학교(제1캠퍼스)_천연물바이오과, 전북특별자치도_전주기전대학(제1캠퍼스)_동물보건과, 전라남도_청암대학교(제1캠퍼스)_반려동물보건과, 경상북도_대경대학교(제1캠퍼스)_동물보건과, 경상북도_안동과학대학교(제1캠퍼스)_바이오헴프과","일반 선택: 대수, 미적분 Ⅰ, 확률과 통계, 물리학, 화학, 생명과학, 정보 등 | 진로 선택: 기하, 미적분Ⅱ, 물질과 에너지, 화학 반응의 세계, 세포와 물질대사, 생물의 유전 등 | 융합 선택: 융합과학 탐구, 기후변화와 지속가능한 세계 등","공통과목: 과학, 윤리, 교양, 수학 | 일반선택과목: 과학교과 : 생명과학Ⅰ, 화학Ⅰ | 진로선택과목: 생명과학Ⅱ, 융합과학, 생활과 과학, 화학Ⅱ, 농업생명과학, 사회문제 탐구 | 전문교과Ⅰ: 고급생명과학, 생명과학 실험, 과학과제 연구, 융합과학 탐구, 생태와 환경, 정보과학, 사회탐구 방법 | 전문교과Ⅱ: 생명공학 기술, 인간과 환경","실험동물기술원, 축산산업기사",생명과학시험원
340,반려동물과,"부산광역시_경남정보대학교(제1캠퍼스)_반려동물케어과, 부산광역시_경남정보대학교(제1캠퍼스)_반려동물학과, 부산광역시_경남정보대학교(제1캠퍼스)_반려동물라이프계열, 부산광역시_부산경상대학교(제1캠퍼스)_반려동물산업과, 부산광역시_부산경상대학교(제1캠퍼스)_반려동물과, 부산광역시_부산여자대학교(제1캠퍼스)_반려동물과, 인천광역시_경인여자대학교(제1캠퍼스)_펫토탈케어과, 대전광역시_대덕대학교(제1캠퍼스)_반려동물과, 대전광역시_대덕대학교(제1캠퍼스)_펫토탈케어과, 대전광역시_대전과학기술대학교(제1캠퍼스)_애완동물과, 대전광역시_대전과학기술대학교(제1캠퍼스)_반려동물학과, 대전광역시_대전보건대학교(제1캠퍼스)_펫토탈케어과, 대전광역시_대전보건대학교(제1캠퍼스)_반려동물과, 대전광역시_우송정보대학(제1캠퍼스)_K마이스터 스쿨 펫케어전공, 대전광역시_우송정보대학(제1캠퍼스)_반려동물학부, 대구광역시_계명문화대학교(제1캠퍼스)_펫토탈케어학부, 대구광역시_계명문화대학교(제1캠퍼스)_펫토탈케어과, 대구광역시_영남이공대학교(제1캠퍼스)_반려동물스타일리스트과, 대구광역시_영남이공대학교(제1캠퍼스)_반려동물케어과, 대구광역시_영진전문대학교(제1캠퍼스)_반려동물과, 경기도_경복대학교(제1캠퍼스)_반려동물보건과, 경기도_국제대학교(제1캠퍼스)_반려동물학과, 경기도_국제대학교(제1캠퍼스)_반려동물과, 경기도_동원대학교(제1캠퍼스)_반려동물과, 경기도_부천대학교(제1캠퍼스)_반려동물과, 경기도_서정대학교(제1캠퍼스)_반려동물과, 경기도_서정대학교(제1캠퍼스)_반려동물학과, 경기도_서정대학교(제1캠퍼스)_애완동물과, 경기도_수원여자대학교(제2캠퍼스)_반려동물과, 경기도_신구대학교(제1캠퍼스)_반려동물과, 경기도_신구대학교(제1캠퍼스)_애완동물과, 경기도_신구대학교(제1캠퍼스)_애완동물전공, 경기도_신안산대학교(제1캠퍼스)_반려동물과, 경기도_안산대학교(제1캠퍼스)_동물매개케어학과(성인학습자), 경기도_연성대학교(제1캠퍼스)_반려동물과, 경기도_연성대학교(제1캠퍼스)_반려동물산업과, 경기도_오산대학교(제1캠퍼스)_반려동물관리과, 경기도_용인예술과학대학교(제1캠퍼스)_반려동물과(2년제), 경기도_용인예술과학대학교(제1캠퍼스)_반려동물과, 충청북도_충북보건과학대학교(제1캠퍼스)_반려동물문화학과, 충청북도_충청대학교(제1캠퍼스)_애완동물과, 충청북도_충청대학교(제1캠퍼스)_반려동물과, 충청남도_연암대학교(제1캠퍼스)_동물보호계열, 충청남도_혜전대학교(제1캠퍼스)_애완동물관리과, 충청남도_혜전대학교(제1캠퍼스)_반려동물과, 충청남도_혜전대학교(제1캠퍼스)_반려동물토탈케어과, 전북특별자치도_원광보건대학교(제1캠퍼스)_반려동물산업과, 전북특별자치도_전주기전대학(제1캠퍼스)_반려동물과(자연과학), 전북특별자치도_전주기전대학(제1캠퍼스)_반려동물과, 전북특별자치도_전주기전대학(제1캠퍼스)_애완동물관리과, 전라남도_동아보건대학교(제1캠퍼스)_반려동물전공, 전라남도_청암대학교(제1캠퍼스)_반려동물산업과, 경상북도_가톨릭상지대학교(제1캠퍼스)_반려동물과, 경상북도_구미대학교(제1캠퍼스)_반려동물케어과, 경상북도_대경대학교(제1캠퍼스)_신산업창조학부 동물조련이벤트전공, 경상북도_선린대학교(제1캠퍼스)_반려동물과, 경상북도_안동과학대학교(제1캠퍼스)_반려동물케어과","일반 선택: 대수, 미적분Ⅰ, 확률과 통계, 화학, 생명과학, 지구과학, 정보 등 | 진로 선택: 미적분Ⅱ, 인공지능 수학, 물질과 에너지, 화학 반응의 세계, 세포와 물질대사, 생물의 유전, 생활과학 탐구 등 | 융합 선택: 실용 통계, 기후변화와 환경생태 등","공통과목: 과학, 윤리, 교양, 수학 | 일반선택과목: 과학교과 : 생명과학Ⅰ, 화학Ⅰ | 진로선택과목: 생명과학Ⅱ, 융합과학, 생활과 과학, 화학Ⅱ, 농업생명과학, 사회문제 탐구 | 전문교과Ⅰ: 고급생명과학, 생명과학 실험, 과학과제 연구, 융합과학 탐구, 생태와 환경, 정보과학, 사회탐구 방법 | 전문교과Ⅱ: 생명공학 기술, 인간과 환경","반려동물관리사, 애견미용사, 축산기능사",반려동물미용사
245,산림자원학과,"서울특별시_건국대학교(제1캠퍼스)_산림조경전공, 서울특별시_서울대학교(제1캠퍼스)_산림과학부, 대전광역시_충남대학교(제1캠퍼스)_환경임산자원학부, 대전광역시_충남대학교(제1캠퍼스)_산림환경자원학과, 대구광역시_경북대학교(제1캠퍼스)_산림과학.조경학부(임학전공,임산공학전공,조경학전공), 대구광역시_경북대학교(제1캠퍼스)_산림과학.조경학부 임학전공, 대구광역시_경북대학교(제1캠퍼스)_산림과학.조경학부 임산공학전공, 광주광역시_전남대학교(제1캠퍼스)_산림자원학부, 광주광역시_전남대학교(제1캠퍼스)_산림자원학과, 경기도_국제사이버대학교(제1캠퍼스)_식물치유클리닉학과, 강원특별자치도_가톨릭관동대학교(제1캠퍼스)_산림치유학과, 강원특별자치도_강원대학교(제1캠퍼스)_산림환경보호학전공, 강원특별자치도_강원대학교(제1캠퍼스)_산림자원조성학전공, 강원특별자치도_강원대학교(제1캠퍼스)_시설농업학전공, 강원특별자치도_강원대학교(제1캠퍼스)_산림과학부, 강원특별자치도_강원대학교(제1캠퍼스)_산림소재공학전공, 강원특별자치도_강원대학교(제1캠퍼스)_산림자원학전공, 강원특별자치도_강원대학교(제1캠퍼스)_산림환경보호학과, 강원특별자치도_강원대학교(제1캠퍼스)_산림자원보호학전공, 강원특별자치도_강원대학교(제1캠퍼스)_산림응용공학부, 강원특별자치도_강원대학교(제1캠퍼스)_산림자원학과, 강원특별자치도_상지대학교(제1캠퍼스)_산림조경학부 산림과학전공, 강원특별자치도_상지대학교(제1캠퍼스)_산림과학과, 충청북도_우석대학교(제2캠퍼스)_산림조경원예학과, 충청북도_충북대학교(제1캠퍼스)_산림학과, 충청남도_국립공주대학교(제3캠퍼스)_산림자원학과, 충청남도_국립공주대학교(제3캠퍼스)_산림과학과, 전북특별자치도_전북대학교(제1캠퍼스)_목재응용과학과, 전북특별자치도_전북대학교(제1캠퍼스)_산림자원학과, 전라남도_국립목포대학교(제1캠퍼스)_산림자원, 전라남도_국립순천대학교(제1캠퍼스)_산림자원ㆍ조경학부(산림자원학전공), 전라남도_국립순천대학교(제1캠퍼스)_산림자원.조경학부, 전라남도_국립순천대학교(제1캠퍼스)_산림자원학전공, 경상북도_경북대학교(제3캠퍼스)_산림생태보호학과, 경상북도_국립경국대학교(제1캠퍼스)_산림과학전공, 경상북도_국립경국대학교(제1캠퍼스)_산림과학과, 경상북도_대구가톨릭대학교(제1캠퍼스)_원예치료전공, 경상북도_대구가톨릭대학교(제1캠퍼스)_스마트그린케어학과, 경상북도_대구대학교(제1캠퍼스)_산림자원학과, 경상북도_대구한의대학교(제1캠퍼스)_산림비즈니스학과, 경상북도_영남대학교(제1캠퍼스)_산림자원학과, 경상북도_영남대학교(제1캠퍼스)_산림자원및조경학과, 경상남도_경상국립대학교(제1캠퍼스)_산림환경자원학전공, 경상남도_경상국립대학교(제1캠퍼스)_농업식물과학과, 경상남도_경상국립대학교(제1캠퍼스)_환경산림과학부 산림융복합학전공(야), 경상남도_경상국립대학교(제1캠퍼스)_산림자원학과, 경상남도_경상국립대학교(제1캠퍼스)_산림환경자원학과, 경상남도_경상국립대학교(제1캠퍼스)_환경산림과학부(통합대학), 경상남도_경상국립대학교(제1캠퍼스)_산림융복합학전공","일반 선택: 대수, 미적분Ⅰ, 확률과 통계, 물리학, 화학, 생명과학, 정보 | 진로 선택: 미적분Ⅱ, 인공지능 수학, 한국지리 탐구, 물질과 에너지, 화학 반응의 세계, 세포와 물질대사, 생물의 유전, 지구시스템과학, 생활과학 탐구 | 융합 선택: 실용 통계, 기후변화와 환경생태","공통과목: 과학, 교양, 사회, 영어 | 일반선택과목: 과학교과 : 생명과학Ⅰ, 화학Ⅰ, 지구과학Ⅰ, 물리Ⅰ | 진로선택과목: 생명과학Ⅱ, 융합과학, 생활과 과학, 화학Ⅱ, 농업생명과학, 공학일반, 창의경영, 여행 지리, 실용수학 | 전문교과Ⅰ: 고급 생명과학, 생명과학 실험, 물리화학 실험, 융합과학 탐구, 과학과제 연구, 생태와 환경 | 전문교과Ⅱ: 산림 자원, 산림 휴양, 인간과 환경, 환경화학 기초","산림기사, 생물분류기사, 숲길체험지도사, 유아숲지도사, 임업종묘기사, 자연생태복원기사, 종자기사",산림경영지도원
309,시각디자인학과,"서울특별시_경희사이버대학교(제1캠퍼스)_시각미디어디자인전공, 서울특별시_국민대학교(제1캠퍼스)_시각디자인학과, 서울특별시_국민대학교(제1캠퍼스)_AI디자인학과, 서울특별시_덕성여자대학교(제1캠퍼스)_시각디자인전공, 서울특별시_덕성여자대학교(제1캠퍼스)_시각디자인학과, 서울특별시_동덕여자대학교(제1캠퍼스)_디자인학부 시각&실내디자인전공, 서울특별시_동덕여자대학교(제1캠퍼스)_시각&실내디자인학과, 서울특별시_디지털서울문화예술대학교(제1캠퍼스)_시각영상디자인학과, 서울특별시_서경대학교(제1캠퍼스)_VD_비주얼디자인, 서울특별시_서경대학교(제1캠퍼스)_시각정보디자인전공, 서울특별시_서울과학기술대학교(제1캠퍼스)_시각문화융합디자인학과, 서울특별시_서울과학기술대학교(제1캠퍼스)_디자인학과(시각디자인전공), 서울특별시_서울여자대학교(제1캠퍼스)_시각디자인전공, 서울특별시_숙명여자대학교(제1캠퍼스)_시각ㆍ영상디자인과, 서울특별시_숭실사이버대학교(제1캠퍼스)_뉴미디어디자인학과, 서울특별시_연세대학교(제1캠퍼스)_통합디자인학과, 서울특별시_이화여자대학교(제1캠퍼스)_시각디자인전공, 서울특별시_한양사이버대학교(제1캠퍼스)_뉴미디어디자인학과, 서울특별시_한양사이버대학교(제1캠퍼스)_시각디자인학과, 서울특별시_홍익대학교(제1캠퍼스)_디자인학부 시각디자인전공, 부산광역시_경성대학교(제1캠퍼스)_영상애니메이션학부, 부산광역시_경성대학교(제1캠퍼스)_시각디자인학과, 부산광역시_경성대학교(제1캠퍼스)_시각디자인학전공, 부산광역시_고신대학교(제1캠퍼스)_시각디자인학과, 부산광역시_국립부경대학교(제1캠퍼스)_시각디자인전공, 부산광역시_동명대학교(제1캠퍼스)_시각디자인학과, 부산광역시_동서대학교(제1캠퍼스)_시각디자인학전공, 부산광역시_동서대학교(제1캠퍼스)_비쥬얼디자인학전공, 부산광역시_동서대학교(제1캠퍼스)_시각디자인전공, 부산광역시_동서대학교(제1캠퍼스)_Digital Design학과, 부산광역시_신라대학교(제1캠퍼스)_시각디자인전공, 부산광역시_신라대학교(제1캠퍼스)_시각디자인학전공, 부산광역시_신라대학교(제1캠퍼스)_시각디자인학과, 인천광역시_인천가톨릭대학교(제2캠퍼스)_시각디자인학과, 인천광역시_인하대학교(제1캠퍼스)_디자인테크놀로지학과, 대전광역시_국립한밭대학교(제1캠퍼스)_시각디자인학과, 대전광역시_국립한밭대학교(제1캠퍼스)_시각ㆍ영상디자인학과, 대전광역시_목원대학교(제1캠퍼스)_시각커뮤니케이션디자인학과, 대구광역시_경북대학교(제1캠퍼스)_시각정보디자인학과, 대구광역시_계명대학교(제2캠퍼스)_시각디자인과, 울산광역시_울산대학교(제1캠퍼스)_시각디자인학전공, 광주광역시_광주대학교(제1캠퍼스)_시각영상디자인학과, 광주광역시_조선대학교(제1캠퍼스)_시각디자인학과, 광주광역시_호남대학교(제1캠퍼스)_시각융합디자인학과, 경기도_가천대학교(제1캠퍼스)_미술ㆍ디자인학부(시각디자인전공), 경기도_강남대학교(제1캠퍼스)_예체능학부 유니버설아트디자인전공, 경기도_강남대학교(제1캠퍼스)_복지융합인재학부 유니버설비주얼디자인전공, 경기도_강남대학교(제1캠퍼스)_유니버설아트디자인학과, 경기도_경기대학교(제1캠퍼스)_시각정보디자인전공, 경기도_경희대학교(제2캠퍼스)_시각디자인학과, 경기도_대진대학교(제1캠퍼스)_시각디자인학과, 경기도_명지대학교 자연캠퍼스(제1캠퍼스)_디자인학부 영상디자인전공, 경기도_명지대학교 자연캠퍼스(제1캠퍼스)_디자인학부 시각디자인전공, 경기도_명지대학교 자연캠퍼스(제1캠퍼스)_비주얼커뮤니케이션디자인전공, 경기도_예원예술대학교(제2캠퍼스)_시각영상디자인전공, 경기도_을지대학교(제2캠퍼스)_시각디자인전공, 경기도_중앙대학교(제2캠퍼스)_디자인학부(시각디자인전공), 경기도_한경국립대학교(제1캠퍼스)_시각미디어디자인전공, 경기도_한세대학교(제1캠퍼스)_시각정보디자인학과, 경기도_협성대학교(제1캠퍼스)_시각디자인학과, 경기도_협성대학교(제1캠퍼스)_시각조형디자인학과, 강원특별자치도_가톨릭관동대학교(제1캠퍼스)_CG디자인전공, 강원특별자치도_강원대학교(제2캠퍼스)_시각멀티미디어디자인학과, 강원특별자치도_상지대학교(제1캠퍼스)_시각영상디자인학과, 강원특별자치도_연세대학교 미래캠퍼스(제1캠퍼스)_시각디자인학전공, 충청북도_건국대학교 글로컬캠퍼스(제1캠퍼스)_시각영상디자인학과, 충청북도_건국대학교 글로컬캠퍼스(제1캠퍼스)_시각영상디자인전공, 충청북도_세명대학교(제1캠퍼스)_시각ㆍ영상디자인학과, 충청북도_우석대학교(제2캠퍼스)_시각커뮤니케이션디자인학과, 충청북도_청주대학교(제1캠퍼스)_시각디자인학과, 충청남도_건양대학교(제1캠퍼스)_시각디자인학과, 충청남도_건양대학교(제1캠퍼스)_시각디자인전공, 충청남도_남서울대학교(제1캠퍼스)_시각미디어디자인학과, 충청남도_남서울대학교(제1캠퍼스)_시각정보디자인학과, 충청남도_단국대학교(제2캠퍼스)_시각디자인과, 충청남도_상명대학교(제2캠퍼스)_시각디자인전공, 충청남도_상명대학교(제2캠퍼스)_시각디자인학과, 충청남도_상명대학교(제2캠퍼스)_디자인학부 ARㆍVR미디어디자인전공, 충청남도_선문대학교(제1캠퍼스)_시각디자인학과, 충청남도_한서대학교(제1캠퍼스)_시각디자인학과, 충청남도_호서대학교(제1캠퍼스)_디지털프로덕트디자인학과, 충청남도_호서대학교(제1캠퍼스)_시각디자인학과, 전북특별자치도_예원예술대학교(제1캠퍼스)_시각디자인전공, 전북특별자치도_예원예술대학교(제1캠퍼스)_시각디자인학과, 전북특별자치도_예원예술대학교(제1캠퍼스)_시각ㆍ영상디자인전공, 전북특별자치도_원광대학교(제1캠퍼스)_시각정보디자인학과, 전북특별자치도_전주대학교(제1캠퍼스)_시각디자인학과, 전북특별자치도_전주대학교(제1캠퍼스)_시각디자인전공, 전북특별자치도_호원대학교(제1캠퍼스)_미디어컨텐츠디자인학과, 전라남도_국립목포대학교(제1캠퍼스)_시각디자인, 경상북도_경운대학교(제1캠퍼스)_시각영상애니메이션전공, 경상북도_경일대학교(제1캠퍼스)_디자인학부 시각영상디자인전공, 경상북도_대구가톨릭대학교(제1캠퍼스)_미디어ㆍ디자인전공, 경상북도_대구가톨릭대학교(제1캠퍼스)_시각디자인과, 경상북도_대구가톨릭대학교(제1캠퍼스)_시각영상디자인과, 경상북도_대구대학교(제1캠퍼스)_시각디자인융합학부, 경상북도_대구대학교(제1캠퍼스)_시각디자인융합학부(서비스마케팅디자인전공), 경상북도_대구대학교(제1캠퍼스)_시각디자인융합학부(시각디자인전공), 경상북도_대구대학교(제1캠퍼스)_시각디자인학과, 경상북도_대구예술대학교(제1캠퍼스)_시각콘텐츠학과, 경상북도_대구예술대학교(제1캠퍼스)_시각디자인전공, 경상북도_영남대학교(제1캠퍼스)_시각디자인학과, 경상남도_경상국립대학교(제1캠퍼스)_디자인비즈니스학과, 경상남도_영산대학교(제1캠퍼스)_시각영상디자인전공, 경상남도_영산대학교(제1캠퍼스)_시각영상디자인학과, 세종특별자치시_홍익대학교 세종캠퍼스(제2캠퍼스)_디자인컨버전스학부","일반 선택: 독서와 작문, 문학, 대수, 확률과 통계, 영어Ⅰ, 영어Ⅱ, 영어 독해오작문, 미술, 정보 등 | 진로 선택: 주제 탐구 독서, 문학과 영상, 미술 창작, 미술 감상과 비평, 인간과 심리 등 | 융합 선택: 매체 의사소통, 미디어 영어, 세계 문화와 영어, 여행지리, 사회문제 탐구, 미술과 매체 등","공통과목: 미술, 윤리 | 일반선택과목: 예술교과 : 미술 | 진로선택과목: 미술 창작, 미술 감상과 비평 | 전문교과Ⅰ: 미술 이론, 미술사, 드로잉, 미술 전공 실기 | 전문교과Ⅱ: 디자인 일반, 시각 디자인, 색채 관리","광고디자인산업기사, 시각디자인산업기사, 웹디자인기능사, 의장디자인산업기사, 전자출판기능사, 컬러리스트기사및산업기사, 컴퓨터그래픽스운용기사, 포장디자인산업기사",광고디자이너
458,재활학과,"서울특별시_서울디지털대학교(제1캠퍼스)_예술치료전공, 서울특별시_서울사이버대학교(제1캠퍼스)_음악치료학과, 서울특별시_서울한영대학교(제1캠퍼스)_유아특수재활학과, 서울특별시_성신여자대학교(제1캠퍼스)_운동재활복지학과, 서울특별시_숭실사이버대학교(제1캠퍼스)_스포츠재활복지학과, 서울특별시_총신대학교(제1캠퍼스)_중독재활상담학과, 서울특별시_한국열린사이버대학교(제1캠퍼스)_통합치유학과, 서울특별시_한양사이버대학교(제1캠퍼스)_미술치료학과, 부산광역시_고신대학교(제1캠퍼스)_재활상담학과, 부산광역시_고신대학교(제1캠퍼스)_재활치료학과, 부산광역시_동명대학교(제1캠퍼스)_스포츠재활학과, 부산광역시_동명대학교(제1캠퍼스)_언어치료청각재활학과, 부산광역시_동명대학교(제1캠퍼스)_선명상치유학과, 부산광역시_동서대학교(제1캠퍼스)_시니어운동처방학과, 부산광역시_동서대학교(제1캠퍼스)_운동처방학전공, 부산광역시_동서대학교(제1캠퍼스)_운동처방학과, 부산광역시_부산디지털대학교(제1캠퍼스)_상담치료학부, 부산광역시_부산외국어대학교(제1캠퍼스)_스포츠재활학과, 인천광역시_가천대학교(제2캠퍼스)_운동재활학과, 인천광역시_가천대학교(제2캠퍼스)_운동재활복지학과, 대전광역시_건양사이버대학교(제1캠퍼스)_행동발달치료학과, 대전광역시_건양사이버대학교(제1캠퍼스)_행동재활치료학과, 대전광역시_우송대학교(제1캠퍼스)_언어치료ㆍ청각재활학과, 광주광역시_광주대학교(제1캠퍼스)_언어재활상담학과, 광주광역시_광주여자대학교(제1캠퍼스)_미래융합학부(언어재활전공), 광주광역시_광주여자대학교(제1캠퍼스)_미래융합학부(언어재활심리학과), 광주광역시_송원대학교(제1캠퍼스)_재활보건학과, 광주광역시_송원대학교(제1캠퍼스)_재활보건관리학과(자연), 경기도_가천대학교(제1캠퍼스)_운동재활학과, 경기도_차의과학대학교(제1캠퍼스)_미술치료학과, 경기도_한경국립대학교(제2캠퍼스)_의료재활공학전공, 경기도_한신대학교(제1캠퍼스)_재활상담학, 경기도_한신대학교(제1캠퍼스)_재활학과, 경기도_한신대학교(제1캠퍼스)_재활상담학과, 강원특별자치도_가톨릭관동대학교(제1캠퍼스)_통합치유학과, 강원특별자치도_가톨릭관동대학교(제1캠퍼스)_언어재활학과, 강원특별자치도_가톨릭관동대학교(제1캠퍼스)_중독재활상담학과, 강원특별자치도_가톨릭관동대학교(제1캠퍼스)_언어재활상담학과, 강원특별자치도_가톨릭관동대학교(제1캠퍼스)_치매전문재활학과, 강원특별자치도_가톨릭관동대학교(제1캠퍼스)_중독재활학과, 강원특별자치도_상지대학교(제1캠퍼스)_놀이심리치료학과, 강원특별자치도_연세대학교 미래캠퍼스(제1캠퍼스)_재활보건학전공, 충청북도_극동대학교(제1캠퍼스)_재활상담치료학과, 충청북도_서원대학교(제1캠퍼스)_헬스케어운동학과, 충청남도_건양대학교(제1캠퍼스)_심리상담치료학과, 충청남도_건양대학교(제1캠퍼스)_재활퍼스널트레이닝학과, 충청남도_나사렛대학교(제1캠퍼스)_재활학트랙, 충청남도_나사렛대학교(제1캠퍼스)_인간재활학전공, 충청남도_나사렛대학교(제1캠퍼스)_재활자립학부, 충청남도_나사렛대학교(제1캠퍼스)_재활공학과, 충청남도_나사렛대학교(제1캠퍼스)_심리재활학전공, 충청남도_단국대학교(제2캠퍼스)_운동처방재활학과, 충청남도_한서대학교(제1캠퍼스)_의료재활학과, 전북특별자치도_우석대학교(제1캠퍼스)_재활학과, 전북특별자치도_전주대학교(제1캠퍼스)_예술심리치료학과, 전북특별자치도_전주대학교(제1캠퍼스)_운동처방학과, 전북특별자치도_전주대학교(제1캠퍼스)_재활학과, 전북특별자치도_한일장신대학교(제1캠퍼스)_운동처방재활학과, 전북특별자치도_호원대학교(제1캠퍼스)_보건헬스케어학과, 전라남도_동신대학교(제1캠퍼스)_운동처방학과, 경상북도_김천대학교(제1캠퍼스)_스포츠재활학과, 경상북도_대구가톨릭대학교(제1캠퍼스)_의료재활학과, 경상북도_대구가톨릭대학교(제1캠퍼스)_재활치료전공, 경상북도_대구대학교(제1캠퍼스)_재활상담학과, 경상북도_대구대학교(제1캠퍼스)_재활건강증진학과, 경상북도_대구대학교(제1캠퍼스)_의료재활학과, 경상북도_대구대학교(제1캠퍼스)_재활과학계열, 경상북도_대구대학교(제1캠퍼스)_재활심리학과, 경상북도_대구사이버대학교(제1캠퍼스)_심리운동학과, 경상북도_대구사이버대학교(제1캠퍼스)_재활상담학과, 경상북도_대구사이버대학교(제1캠퍼스)_미술치료학과, 경상북도_대구사이버대학교(제1캠퍼스)_놀이치료학과, 경상북도_대구사이버대학교(제1캠퍼스)_발달재활학과, 경상북도_대구예술대학교(제1캠퍼스)_복지&심리상담전공, 경상북도_대구한의대학교(제1캠퍼스)_치유산업학과, 경상북도_대구한의대학교(제1캠퍼스)_미술심리치료학과, 경상북도_대구한의대학교(제1캠퍼스)_재활치료학부, 경상북도_대구한의대학교(제1캠퍼스)_미술놀이치료학과, 경상북도_대구한의대학교(제1캠퍼스)_노인재활치료학과, 경상북도_대구한의대학교(제1캠퍼스)_미술심리치료전공, 경상북도_대구한의대학교(제1캠퍼스)_미술치료학전공, 경상북도_대구한의대학교(제1캠퍼스)_재활치료학전공, 경상북도_신경주대학교(제1캠퍼스)_스포츠재활학과, 경상남도_가야대학교(제1캠퍼스)_스포츠재활복지학부, 경상남도_가야대학교(제1캠퍼스)_스포츠재활복지학과, 경상남도_영산대학교(제1캠퍼스)_실버재활학과, 제주특별자치도_제주국제대학교(제1캠퍼스)_복지상담학부 언어치료학전공","일반 선택: 물리학, 화학, 생명과학, 현대사회와 윤리 등 | 진로 선택: 세포와 물질대사, 생물의 유전, 법과 사회, 보건 등 | 융합 선택: 융합과학 탐구 등","공통과목: 영어, 과학 | 일반선택과목: 영어교과 : 영어Ⅰ, 영어Ⅱ, 영어 독해와 작문 | 진로선택과목: 생명과학Ⅱ | 전문교과Ⅰ: 체육지도법, 개인ㆍ대인 운동, 체육 전공 실기 응용 | 전문교과Ⅱ: 인체 구조와 기능, 기초 간호 임상 실무, 보건 간호","물리치료사, 작업치료사, 특수교육교사",물리치료사
10027,스포츠재활과,"서울특별시_서일대학교(제1캠퍼스)_스포츠헬스케어학과, 부산광역시_경남정보대학교(제1캠퍼스)_스포츠재활트레이닝과, 부산광역시_경남정보대학교(제1캠퍼스)_스포츠재활지도학과, 부산광역시_경남정보대학교(제1캠퍼스)_뷰티헬스과, 부산광역시_동의과학대학교(제1캠퍼스)_스포츠재활트레이닝과, 부산광역시_부산과학기술대학교(제1캠퍼스)_재활운동건강과, 부산광역시_부산보건대학교(제1캠퍼스)_스포츠재활과(자연), 부산광역시_부산여자대학교(제1캠퍼스)_아동스포츠재활무용과(3년제), 부산광역시_부산예술대학교(제1캠퍼스)_스포츠재활&다이어트과, 인천광역시_경인여자대학교(제1캠퍼스)_스포츠헬스케어학과, 인천광역시_인하공업전문대학(제1캠퍼스)_스포츠헬스케어학과, 인천광역시_재능대학교(제1캠퍼스)_스포츠재활과, 대구광역시_대구보건대학교(제1캠퍼스)_스포츠재활학과, 대구광역시_영남이공대학교(제1캠퍼스)_스포츠재활과, 대구광역시_영남이공대학교(제1캠퍼스)_스포츠재활ㆍ운동관리과, 대구광역시_영남이공대학교(제1캠퍼스)_스포츠건강재활계열, 대구광역시_영진전문대학교(제1캠퍼스)_스포츠재활과, 울산광역시_울산과학대학교(제1캠퍼스)_스포츠재활학부 스포츠재활전공, 울산광역시_울산과학대학교(제1캠퍼스)_스포츠재활학부(자연과학계열), 울산광역시_울산과학대학교(제1캠퍼스)_스포츠건강재활학과, 울산광역시_울산과학대학교(제1캠퍼스)_스포츠재활학부 스포츠지도전공(자연과학계열), 울산광역시_울산과학대학교(제1캠퍼스)_스포츠재활학부 스포츠지도전공, 울산광역시_울산과학대학교(제1캠퍼스)_스포츠재활학부 스포츠재활전공(자연과학계열), 광주광역시_동강대학교(제1캠퍼스)_스포츠재활트레이닝과, 광주광역시_조선이공대학교(제1캠퍼스)_스포츠재활학과, 광주광역시_조선이공대학교(제1캠퍼스)_스포츠재활학부, 광주광역시_조선이공대학교(제1캠퍼스)_스포츠재활학부 웰빙헬스케어전공, 광주광역시_조선이공대학교(제1캠퍼스)_스포츠재활과, 광주광역시_조선이공대학교(제1캠퍼스)_스포츠재활학부 스포츠재활전공, 경기도_국제대학교(제1캠퍼스)_스포츠헬스케어학과, 경기도_대림대학교(제1캠퍼스)_스포츠재활과(스포츠학부), 경기도_대림대학교(제1캠퍼스)_스포츠재활학부, 경기도_두원공과대학교(제1캠퍼스)_스포츠재활치료과, 경기도_두원공과대학교(제1캠퍼스)_재활운동과학과(2년제), 경기도_두원공과대학교(제2캠퍼스)_스포츠재활과, 경기도_두원공과대학교(제1캠퍼스)_재활운동과학과, 경기도_부천대학교(제1캠퍼스)_재활스포츠학과, 경기도_부천대학교(제1캠퍼스)_재활스포츠과, 경기도_신구대학교(제1캠퍼스)_스포츠재활과, 경기도_여주대학교(제1캠퍼스)_건강운동재활학과, 경기도_연성대학교(제1캠퍼스)_스포츠케어과, 경기도_연성대학교(제1캠퍼스)_스포츠재활과, 경기도_유한대학교(제1캠퍼스)_건강웰니스학과 스포츠재활전공, 경기도_장안대학교(제1캠퍼스)_스포츠재활과, 경기도_장안대학교(제1캠퍼스)_운동처방과, 강원특별자치도_강릉영동대학교(제1캠퍼스)_스포츠재활전공, 강원특별자치도_강릉영동대학교(제1캠퍼스)_스포츠레저헬스케어계열, 강원특별자치도_한국골프과학기술대학교(제1캠퍼스)_골프재활과, 강원특별자치도_한국골프과학기술대학교(제1캠퍼스)_골프재활헬스케어과, 충청북도_강동대학교(제1캠퍼스)_스포츠재활과, 충청북도_대원대학교(제1캠퍼스)_운동재활과, 충청북도_충북보건과학대학교(제1캠퍼스)_스포츠재활과, 충청북도_충북보건과학대학교(제1캠퍼스)_스포츠과학과, 충청북도_충청대학교(제1캠퍼스)_사회체육학부 스포츠재활과, 충청북도_충청대학교(제1캠퍼스)_스포츠재활과, 전북특별자치도_전주기전대학(제1캠퍼스)_운동재활과(예체능), 전북특별자치도_전주기전대학(제1캠퍼스)_운동재활과, 전북특별자치도_전주기전대학(제1캠퍼스)_말산업스포츠재활과, 전라남도_나주대학교(제1캠퍼스)_재활복지스포츠학부, 전라남도_목포과학대학교(제1캠퍼스)_스포츠과학과, 전라남도_전남과학대학교(제1캠퍼스)_뉴로테크헬스케어학과, 전라남도_청암대학교(제1캠퍼스)_재활스포츠과, 경상북도_대경대학교(제1캠퍼스)_스포츠재활과, 경상북도_문경대학교(제1캠퍼스)_스포츠재활과, 경상남도_경남도립거창대학(제1캠퍼스)_스포츠재활운동관리과, 경상남도_김해대학교(제1캠퍼스)_스포츠재활과(축구), 경상남도_동원과학기술대학교(제1캠퍼스)_스포츠재활운동학부, 경상남도_동원과학기술대학교(제1캠퍼스)_스포츠재활운동학과, 경상남도_동원과학기술대학교(제1캠퍼스)_스포츠재활학부, 경상남도_동원과학기술대학교(제1캠퍼스)_재활스포츠과","일반 선택: 독서와 작문, 문학, 대수, 미적분Ⅰ, 확률과 통계, 영어 I,프, 영어 독해와 작문, 현대사회와 윤리, 생명과학, 화학, 정보, 교육학 등 | 진로 선택: 법과 사회, 물질과 에너지, 화학 반응의 세계, 세포와 물질대사, 생물의 유전 등 | 융합 선택: 실생활 영어 회화, 실용 통계, 윤리문제 탐구 등","공통과목: 체육, 윤리 | 일반선택과목: 체육교과 : 체육, 운동과 건강 | 진로선택과목: 스포츠 생활, 체육 탐구 | 전문교과Ⅰ: 스포츠 개론, 체육 지도법, 체육 전공 실기 기초, 체육 전공 실기 심화, 체육 전공 실기 응용 | 전문교과Ⅱ: 인체 구조와 기능, 간호의 기초","사회복지사, 생활스포츠지도자, 요양보호사, 응급구조사, 장애인재활상담사",간병인
20,건축학과,"서울특별시_건국대학교(제1캠퍼스)_건축학전공, 서울특별시_건국대학교(제1캠퍼스)_건축학과, 서울특별시_건국대학교(제1캠퍼스)_건축설계전공, 서울특별시_건국대학교(제1캠퍼스)_건축학부, 서울특별시_고려대학교(제1캠퍼스)_건축사회환경공학부, 서울특별시_고려대학교(제1캠퍼스)_건축학과, 서울특별시_고려사이버대학교(제1캠퍼스)_건축공학부, 서울특별시_광운대학교(제1캠퍼스)_건축학과, 서울특별시_국민대학교(제1캠퍼스)_건축시스템전공, 서울특별시_국민대학교(제1캠퍼스)_건축설계전공, 서울특별시_국민대학교(제1캠퍼스)_건축학부, 서울특별시_국민대학교(제1캠퍼스)_건축학전공, 서울특별시_동국대학교(제1캠퍼스)_건축공학부, 서울특별시_동국대학교(제1캠퍼스)_건축학전공, 서울특별시_삼육대학교(제1캠퍼스)_건축학과(4년제), 서울특별시_삼육대학교(제1캠퍼스)_건축학과(5년제), 서울특별시_서울과학기술대학교(제1캠퍼스)_건축학부건축학전공, 서울특별시_서울과학기술대학교(제1캠퍼스)_건축학부건축공학전공, 서울특별시_서울대학교(제1캠퍼스)_건축학과(건축학전공(5년)), 서울특별시_서울대학교(제1캠퍼스)_건축학과, 서울특별시_서울대학교(제1캠퍼스)_건축학과(건축공학전공), 서울특별시_서울사이버대학교(제1캠퍼스)_건축공간디자인학과, 서울특별시_서울시립대학교(제1캠퍼스)_건축학부 건축공학전공, 서울특별시_서울시립대학교(제1캠퍼스)_건축학부 건축학전공(5년제), 서울특별시_세종대학교(제1캠퍼스)_건축학과, 서울특별시_세종대학교(제1캠퍼스)_건축학전공, 서울특별시_세종사이버대학교(제1캠퍼스)_건축ㆍ도시계획학과, 서울특별시_숭실대학교(제1캠퍼스)_건축학부 실내건축전공, 서울특별시_숭실대학교(제1캠퍼스)_건축학부 건축학전공, 서울특별시_숭실대학교(제1캠퍼스)_건축학부 건축공학전공, 서울특별시_숭실대학교(제1캠퍼스)_건축학부, 서울특별시_숭실사이버대학교(제1캠퍼스)_건설스마트안전공학과, 서울특별시_연세대학교(제1캠퍼스)_건축공학(4년제), 서울특별시_연세대학교(제1캠퍼스)_건축학(5년제), 서울특별시_연세대학교(제1캠퍼스)_실내건축학과, 서울특별시_이화여자대학교(제1캠퍼스)_건축도시시스템공학과, 서울특별시_이화여자대학교(제1캠퍼스)_건축학전공(5년), 서울특별시_이화여자대학교(제1캠퍼스)_건축학과(5년), 서울특별시_이화여자대학교(제1캠퍼스)_건축도시시스템공학전공, 서울특별시_중앙대학교(제1캠퍼스)_건축학부(건축학전공), 서울특별시_중앙대학교(제1캠퍼스)_건축학부(건축공학전공), 서울특별시_중앙대학교(제1캠퍼스)_건축학부, 서울특별시_한국예술종합학교(제1캠퍼스)_건축과, 서울특별시_한양대학교(제1캠퍼스)_건축학부, 서울특별시_한양대학교(제1캠퍼스)_건축공학부, 서울특별시_한양사이버대학교(제1캠퍼스)_건축도시공학과, 서울특별시_한양사이버대학교(제1캠퍼스)_건축공간디자인학과, 서울특별시_홍익대학교(제1캠퍼스)_건축학부 실내건축학전공, 서울특별시_홍익대학교(제1캠퍼스)_건축학부, 서울특별시_홍익대학교(제1캠퍼스)_건축학부 건축학전공(5년제), 부산광역시_경성대학교(제1캠퍼스)_건축학과(5년제), 부산광역시_경성대학교(제1캠퍼스)_실내건축학과, 부산광역시_국립부경대학교(제1캠퍼스)_건축학전공(5년), 부산광역시_국립한국해양대학교(제1캠퍼스)_해양건축공학과, 부산광역시_동명대학교(제1캠퍼스)_실내건축학과, 부산광역시_동명대학교(제1캠퍼스)_건축학과, 부산광역시_동명대학교(제1캠퍼스)_건축학과(5년제), 부산광역시_동서대학교(제1캠퍼스)_건축설계학전공, 부산광역시_동서대학교(제1캠퍼스)_건축학과, 부산광역시_동아대학교(제1캠퍼스)_건축학과(5년제), 부산광역시_동아대학교(제1캠퍼스)_건축학과, 부산광역시_동아대학교(제1캠퍼스)_건축학과 실내건축디자인전공, 부산광역시_동아대학교(제1캠퍼스)_건축학과 건축학전공(5년제), 부산광역시_동의대학교(제1캠퍼스)_건축학과, 부산광역시_동의대학교(제1캠퍼스)_건축학전공, 부산광역시_부산대학교(제1캠퍼스)_건축학과(5년제), 부산광역시_부산대학교(제1캠퍼스)_건축학과, 부산광역시_신라대학교(제1캠퍼스)_건축학부, 부산광역시_신라대학교(제1캠퍼스)_건축학전공(5년제), 부산광역시_신라대학교(제1캠퍼스)_건축학과, 부산광역시_신라대학교(제1캠퍼스)_건축학과(4년제, 5년제), 부산광역시_신라대학교(제1캠퍼스)_건축학전공, 부산광역시_영산대학교(제2캠퍼스)_건축플랜트학과, 인천광역시_인천대학교(제1캠퍼스)_도시건축학부, 인천광역시_인천대학교(제1캠퍼스)_도시건축학전공, 인천광역시_인하대학교(제1캠퍼스)_건축학전공, 인천광역시_인하대학교(제1캠퍼스)_건축학부, 대전광역시_건양대학교(제2캠퍼스)_건축학과, 대전광역시_국립한밭대학교(제1캠퍼스)_건축학과(5년제), 대전광역시_대전대학교(제1캠퍼스)_건축학과(4), 대전광역시_대전대학교(제1캠퍼스)_건축학과(5), 대전광역시_목원대학교(제1캠퍼스)_건축학부 건축학전공(5년제), 대전광역시_목원대학교(제1캠퍼스)_건축학부, 대전광역시_목원대학교(제1캠퍼스)_건축학부 건축공학전공, 대전광역시_배재대학교(제1캠퍼스)_실내건축학과, 대전광역시_배재대학교(제1캠퍼스)_건축학부, 대전광역시_배재대학교(제1캠퍼스)_건축학과, 대전광역시_배재대학교(제1캠퍼스)_건축학전공, 대전광역시_충남대학교(제1캠퍼스)_스마트시티건축공학과, 대전광역시_충남대학교(제1캠퍼스)_건축학과(5), 대전광역시_한남대학교(제1캠퍼스)_건축학과(5년제), 대구광역시_경북대학교(제1캠퍼스)_건축학부(건축학전공), 대구광역시_경북대학교(제1캠퍼스)_건축학부(건축공학전공), 대구광역시_계명대학교(제1캠퍼스)_건축학과, 울산광역시_울산대학교(제1캠퍼스)_건축학전공, 울산광역시_울산대학교(제1캠퍼스)_건축학부, 광주광역시_광주대학교(제1캠퍼스)_건축학부, 광주광역시_전남대학교(제1캠퍼스)_건축학부, 광주광역시_전남대학교(제1캠퍼스)_건축도시설계전공(5년), 광주광역시_조선대학교(제1캠퍼스)_건축학과(5년제), 광주광역시_호남대학교(제1캠퍼스)_건축학전공, 광주광역시_호남대학교(제1캠퍼스)_건축학부, 광주광역시_호남대학교(제1캠퍼스)_건축학과, 경기도_가천대학교(제1캠퍼스)_건축학부, 경기도_가천대학교(제1캠퍼스)_건축학전공, 경기도_가천대학교(제1캠퍼스)_실내건축학전공, 경기도_경기대학교(제1캠퍼스)_건축안전공학과, 경기도_경기대학교(제1캠퍼스)_건축학과, 경기도_경희대학교(제2캠퍼스)_건축학과, 경기도_단국대학교(제1캠퍼스)_건축학부 건축공학전공, 경기도_단국대학교(제1캠퍼스)_건축학부 건축학전공, 경기도_단국대학교(제1캠퍼스)_건축학과, 경기도_단국대학교(제1캠퍼스)_건축학부, 경기도_대진대학교(제1캠퍼스)_건축공학부, 경기도_명지대학교 자연캠퍼스(제1캠퍼스)_건축대학, 경기도_명지대학교 자연캠퍼스(제1캠퍼스)_건축학부 건축학전공(5년제), 경기도_명지대학교 자연캠퍼스(제1캠퍼스)_건축학부(건축학전공/전통건축전공) (5년제), 경기도_명지대학교 자연캠퍼스(제1캠퍼스)_건축학부 전통건축전공(5년제), 경기도_성균관대학교(제2캠퍼스)_건축학과, 경기도_수원대학교(제1캠퍼스)_건축도시부동산학부, 경기도_수원대학교(제1캠퍼스)_건축학, 경기도_아주대학교(제1캠퍼스)_건축학과, 경기도_중부대학교(제2캠퍼스)_건축학전공, 경기도_중부대학교(제2캠퍼스)_건축학과, 경기도_한경국립대학교(제1캠퍼스)_건축학전공, 경기도_한경국립대학교(제1캠퍼스)_건축융합학부, 경기도_한양대학교 ERICA캠퍼스(제1캠퍼스)_스마트융합공학부 지속가능건축융합전공, 경기도_한양대학교 ERICA캠퍼스(제1캠퍼스)_스마트융합공학부 건축IT융합전공, 경기도_한양대학교 ERICA캠퍼스(제1캠퍼스)_건축학전공, 강원특별자치도_가톨릭관동대학교(제1캠퍼스)_건축학전공, 강원특별자치도_가톨릭관동대학교(제1캠퍼스)_건축학부, 강원특별자치도_강원대학교(제1캠퍼스)_건축학전공(5년제), 강원특별자치도_강원대학교(제2캠퍼스)_건설융합학부 건축학전공, 강원특별자치도_강원대학교(제2캠퍼스)_건축학과(5), 강원특별자치도_강원대학교(제2캠퍼스)_건설융합학부 건축공학전공, 강원특별자치도_강원대학교(제1캠퍼스)_건축학부, 강원특별자치도_강원대학교(제2캠퍼스)_건설융합학부, 강원특별자치도_강원대학교(제1캠퍼스)_건축학과(5), 강원특별자치도_강원대학교(제2캠퍼스)_건축시스템공학과, 강원특별자치도_강원대학교(제2캠퍼스)_건축학전공(5년제), 강원특별자치도_강원대학교(제2캠퍼스)_해양건설시스템공학과, 강원특별자치도_한라대학교(제1캠퍼스)_건축학과, 충청북도_국립한국교통대학교(제1캠퍼스)_건축학부, 충청북도_국립한국교통대학교(제1캠퍼스)_건축학과, 충청북도_국립한국교통대학교(제1캠퍼스)_건축학전공, 충청북도_서원대학교(제1캠퍼스)_건축학과, 충청북도_세명대학교(제1캠퍼스)_건축학과, 충청북도_우석대학교(제2캠퍼스)_건축ㆍ인테리어디자인학과, 충청북도_우석대학교(제2캠퍼스)_건축학과, 충청북도_청주대학교(제1캠퍼스)_건축학과, 충청북도_청주대학교(제1캠퍼스)_건축학ㆍ건축공학전공, 충청북도_청주대학교(제1캠퍼스)_건축학과(5), 충청북도_충북대학교(제1캠퍼스)_건축학과, 충청남도_국립공주대학교(제2캠퍼스)_건축학부 건축공학전공, 충청남도_국립공주대학교(제2캠퍼스)_건축학부 건축학전공, 충청남도_국립공주대학교(제2캠퍼스)_건축학과, 충청남도_국립공주대학교(제2캠퍼스)_그린스마트건축공학과, 충청남도_남서울대학교(제1캠퍼스)_건축학과(5), 충청남도_선문대학교(제1캠퍼스)_건축사회환경공학부, 충청남도_선문대학교(제1캠퍼스)_건축학부, 충청남도_순천향대학교(제1캠퍼스)_건축학과(5), 충청남도_한국기술교육대학교(제1캠퍼스)_디자인ㆍ건축공학부, 충청남도_한국기술교육대학교(제1캠퍼스)_건축공학부, 충청남도_한국전통문화대학교(제1캠퍼스)_전통건축학과, 충청남도_한서대학교(제1캠퍼스)_건축학과, 충청남도_호서대학교(제1캠퍼스)_건축학과, 전북특별자치도_국립군산대학교(제1캠퍼스)_공간디자인융합기술학부, 전북특별자치도_국립군산대학교(제1캠퍼스)_건축공학부(건축공학전공), 전북특별자치도_국립군산대학교(제1캠퍼스)_공간디자인융합기술학부(공간디자인융합기술학전공), 전북특별자치도_국립군산대학교(제1캠퍼스)_건축ㆍ해양건설융합공학부, 전북특별자치도_국립군산대학교(제1캠퍼스)_건축공학부, 전북특별자치도_국립군산대학교(제1캠퍼스)_해양건설공학과, 전북특별자치도_원광대학교(제1캠퍼스)_건축학과, 전북특별자치도_전북대학교(제1캠퍼스)_한옥학과, 전북특별자치도_전북대학교(제1캠퍼스)_한옥건축학과, 전북특별자치도_전주대학교(제1캠퍼스)_건축학과, 전북특별자치도_호원대학교(제1캠퍼스)_건축학과, 전북특별자치도_호원대학교(제1캠퍼스)_건축인테리어학과, 전라남도_국립목포대학교(제1캠퍼스)_건축학과, 전라남도_국립목포해양대학교(제1캠퍼스)_해양ㆍ플랜트건설공학과, 전라남도_국립목포해양대학교(제1캠퍼스)_해양건설공학과, 전라남도_국립순천대학교(제1캠퍼스)_건축학부, 전라남도_동신대학교(제1캠퍼스)_건축학과, 전라남도_초당대학교(제1캠퍼스)_건축학과, 경상북도_경일대학교(제1캠퍼스)_건축디자인과(5년제), 경상북도_국립금오공과대학교(제1캠퍼스)_건축학전공(5년), 경상북도_대구가톨릭대학교(제1캠퍼스)_건축학과, 경상북도_대구한의대학교(제1캠퍼스)_건축학전공, 경상북도_대구한의대학교(제1캠퍼스)_스마트시티건축학전공, 경상북도_동양대학교(제1캠퍼스)_건축소방안전학과, 경상북도_동양대학교(제1캠퍼스)_스마트건축공학과, 경상북도_신경주대학교(제1캠퍼스)_전통건축학과, 경상북도_영남대학교(제1캠퍼스)_건축디자인전공, 경상북도_영남대학교(제1캠퍼스)_건축학전공, 경상북도_영남대학교(제1캠퍼스)_건축학부, 경상남도_경남대학교(제1캠퍼스)_건축학부, 경상남도_경남대학교(제1캠퍼스)_건축학전공(5년), 경상남도_경상국립대학교(제1캠퍼스)_건축학과, 경상남도_경상국립대학교(제1캠퍼스)_건축공학부, 경상남도_경상국립대학교(제1캠퍼스)_건축시스템공학전공, 경상남도_국립창원대학교(제1캠퍼스)_건축학전공, 경상남도_국립창원대학교(제1캠퍼스)_건축학부 건축공학전공, 경상남도_국립창원대학교(제1캠퍼스)_건축학부 건축학전공, 경상남도_인제대학교(제1캠퍼스)_건축학과, 경상남도_인제대학교(제1캠퍼스)_실내건축학과(예체능), 경상남도_인제대학교(제1캠퍼스)_실내건축학과, 제주특별자치도_제주국제대학교(제1캠퍼스)_건축학과, 제주특별자치도_제주국제대학교(제1캠퍼스)_건설공학부 건축학전공, 제주특별자치도_제주대학교(제1캠퍼스)_건축학전공, 제주특별자치도_제주대학교(제1캠퍼스)_건축학과, 세종특별자치시_홍익대학교 세종캠퍼스(제2캠퍼스)_건축공학부 건축학전공(5년제), 세종특별자치시_홍익대학교 세종캠퍼스(제2캠퍼스)_건축공학부 건축디자인전공(5년제), 세종특별자치시_홍익대학교 세종캠퍼스(제2캠퍼스)_건축공학부 건축공학전공, 세종특별자치시_홍익대학교 세종캠퍼스(제2캠퍼스)_건축공학부","일반 선택: 대수, 미적분 Ⅰ,확률과 통계, 물리학, 화학, 세계시민과 지리, 사회와 문화, 세계사 등 | 진로 선택: 기하, 미적분Ⅱ, 도시의 미래 탐구, 역학과 에너지, 물질과 에너지,화학 반응의 세계, 지구시스템과학, 한국지리탐구 등 | 융합 선택: 융합 과학 탐구, 과학의 역사와 문화, 기후변화와 환경생태, 창의공학 설계, 기후변화와 지속가능한 세계 등","공통과목: 수학, 사회, 과학, 기술ㆍ가정 | 일반선택과목: 수학교과 : 수학ⅠㆍⅡ, 미적분, 확률과 통계 | 진로선택과목: 실용수학, 기하, 수학과제 탐구, 사회문제 탐구, 물리학Ⅱ, 화학Ⅱ, 지구과학Ⅱ, 생활과 과학, 융합과학, 공학 일반 | 전문교과Ⅰ: 심화수학ⅠㆍⅡ, 고급 수학ⅠㆍⅡ, 고급 물리학, 물리학 실험, 고급 화학, 화학 실험, 고급 지구과학, 지구과학 실험, 정보과학, 생태와 환경, 과학과제 연구, 지역 이해, 세계 문제와 미래 사회, 사회과제 연구 | 전문교과Ⅱ: 건축 일반, 건축 도면 해석과 제도, 프로그래밍","건설안전기사, 건설재료시험기사, 건축구조기술사, 건축기계정비기술사, 건축기사, 건축목재시공기능장, 건축사, 건축설비기사, 건축시공기술사, 건축일반시공기능장, 건축전기설비기술사, 도시계획기사, 수질환경기사, 실내건축기사, 지적기사, 철도보선산업기사, 토목기사",건설공사품질관리원
10030,문화재보존학과,"서울특별시_동국대학교(제1캠퍼스)_문화재학과, 경기도_용인대학교(제1캠퍼스)_문화재학과, 경기도_중앙승가대학교(제1캠퍼스)_문화재학전공, 충청남도_국립공주대학교(제1캠퍼스)_문화재보존과학과, 충청남도_한국전통문화대학교(제1캠퍼스)_무형유산학과, 충청남도_한국전통문화대학교(제1캠퍼스)_문화재보존과학과, 충청남도_한국전통문화대학교(제1캠퍼스)_보존과학과, 충청남도_한국전통문화대학교(제1캠퍼스)_문화재관리학과, 충청남도_한국전통문화대학교(제1캠퍼스)_국가유산관리학과, 충청남도_한서대학교(제1캠퍼스)_문화재보존학과, 전북특별자치도_예원예술대학교(제1캠퍼스)_문화재보존예술학과, 전라남도_국립목포대학교(제1캠퍼스)_문화유산, 경상북도_국립경국대학교(제1캠퍼스)_문화유산학전공, 경상북도_신경주대학교(제1캠퍼스)_문화재학과, 경상북도_신경주대학교(제1캠퍼스)_문화유산학부, 경상남도_경남대학교(제1캠퍼스)_문화유산복원예술학과","일반 선택: 문학, 독서와 작문, 사회와 문화, 세계시민과 지리, 세계사, 화학, 정보 등 | 진로 선택: 한국지리 탐구, 동아시아 역사 기행, 법과 사회, 인문학과 윤리, 화학 반응의 세계, 미술 감상과 비평, 한문고전 일기, 삶과 종교 등 | 융합 선택: 수학과 문화, 여행지리, 역사로 탐구하는 현대 세계, 사회문제 탐구, 미술과 매체, 지식 재산 일반, 언어생활과 한자 등","공통과목: 사회, 역사, 한문, 수학, 영어, 제2외국어 | 일반선택과목: 사회교과 : 사회문화, 세계사, 동아시아사, 한국지리, 윤리와 사상 | 진로선택과목: 사회문제 탐구, 고전 읽기, 고전과 윤리, 여행지리, 현대 세계의 변화 | 전문교과Ⅰ: 사회탐구 방법, 사회과제 연구, 한국 사회의 이해, 비교 문화, 지역 이해 | 전문교과Ⅱ: 문화콘텐츠 산업 일반","문화재수리기능자, 문화재수리기술자, 박물관및미술관준학예사",문화재보존원
10156,패션디자인학과,"서울특별시_건국대학교(제1캠퍼스)_의상디자인학과, 서울특별시_국민대학교(제1캠퍼스)_의상디자인학과, 서울특별시_덕성여자대학교(제1캠퍼스)_의상디자인학과, 서울특별시_덕성여자대학교(제1캠퍼스)_의상디자인전공, 서울특별시_동덕여자대학교(제1캠퍼스)_디자인학부 패션디자인전공, 서울특별시_동덕여자대학교(제1캠퍼스)_패션디자인학과, 서울특별시_서경대학교(제1캠퍼스)_무대패션전공, 서울특별시_세종대학교(제1캠퍼스)_패션디자인학과, 서울특별시_세종사이버대학교(제1캠퍼스)_패션뷰티경영학과, 서울특별시_이화여자대학교(제1캠퍼스)_섬유예술전공(섬유ㆍ패션학부), 서울특별시_이화여자대학교(제1캠퍼스)_섬유ㆍ패션학부, 서울특별시_한성대학교(제1캠퍼스)_글로벌패션산업학부, 서울특별시_한성대학교(제1캠퍼스)_패션디자인전공, 부산광역시_경성대학교(제1캠퍼스)_패션디자인학과, 부산광역시_국립부경대학교(제1캠퍼스)_패션디자인학과, 부산광역시_동명대학교(제1캠퍼스)_패션디자인학과, 부산광역시_동서대학교(제1캠퍼스)_패션디자인학전공, 부산광역시_동서대학교(제1캠퍼스)_패션디자인학과, 부산광역시_동아대학교(제1캠퍼스)_건축ㆍ디자인ㆍ패션대학 패션디자인학과, 부산광역시_동아대학교(제1캠퍼스)_패션디자인학과, 부산광역시_동의대학교(제1캠퍼스)_패션디자인학과, 부산광역시_신라대학교(제1캠퍼스)_패션디자인학전공, 부산광역시_신라대학교(제1캠퍼스)_패션디자인학과, 부산광역시_신라대학교(제1캠퍼스)_패션디자인전공, 부산광역시_신라대학교(제1캠퍼스)_패션소재디자인전공, 인천광역시_인하대학교(제1캠퍼스)_의류디자인학과, 대전광역시_대전대학교(제1캠퍼스)_패션디자인ㆍ비즈니스학과, 대전광역시_한남대학교(제1캠퍼스)_패션디자인학과, 대구광역시_계명대학교(제2캠퍼스)_패션디자인과, 대구광역시_계명대학교(제2캠퍼스)_텍스타일디자인과, 광주광역시_광주대학교(제1캠퍼스)_패션ㆍ주얼리학부, 광주광역시_광주대학교(제1캠퍼스)_패션주얼리디자인학과, 광주광역시_광주대학교(제1캠퍼스)_패션ㆍ주얼리디자인학부, 광주광역시_조선대학교(제1캠퍼스)_라이프스타일디자인학부(섬유ㆍ패션디자인전공), 광주광역시_호남대학교(제1캠퍼스)_패션디자인학과, 경기도_가천대학교(제1캠퍼스)_미술ㆍ디자인학부(패션디자인), 경기도_경희대학교(제2캠퍼스)_의류디자인학과, 경기도_단국대학교(제1캠퍼스)_디자인학부 패션산업디자인전공, 경기도_명지대학교 자연캠퍼스(제1캠퍼스)_디자인학부 패션디자인전공, 경기도_명지대학교 자연캠퍼스(제1캠퍼스)_패션디자인전공, 경기도_수원대학교(제1캠퍼스)_패션디자인, 경기도_신한대학교(제2캠퍼스)_K뷰티패션학과, 경기도_신한대학교(제2캠퍼스)_패션디자인학과, 경기도_중부대학교(제2캠퍼스)_패션디자인학과, 경기도_중앙대학교(제2캠퍼스)_디자인학부(패션전공), 경기도_중앙대학교(제2캠퍼스)_디자인학부(패션디자인전공), 경기도_평택대학교(제1캠퍼스)_패션디자인및브랜딩학과, 경기도_한양대학교 ERICA캠퍼스(제1캠퍼스)_주얼리ㆍ패션디자인학과, 경기도_화성의과학대학교(제1캠퍼스)_스타일테크학과, 강원특별자치도_국립강릉원주대학교(제1캠퍼스)_패션디자인학과, 강원특별자치도_상지대학교(제1캠퍼스)_패션뷰티학부 패션디자인전공, 강원특별자치도_상지대학교(제1캠퍼스)_패션디자인학과, 충청북도_건국대학교 글로컬캠퍼스(제1캠퍼스)_패션디자인학과, 충청북도_건국대학교 글로컬캠퍼스(제1캠퍼스)_패션디자인전공, 충청북도_세명대학교(제1캠퍼스)_패션디자인학과, 충청북도_우석대학교(제2캠퍼스)_패션스타일링학과, 충청북도_청주대학교(제1캠퍼스)_패션디자인학과, 충청북도_청주대학교(제1캠퍼스)_아트앤패션디자인학과, 충청북도_충북대학교(제1캠퍼스)_패션디자인정보학과, 충청남도_상명대학교(제2캠퍼스)_패션디자인전공, 충청남도_청운대학교(제1캠퍼스)_패션디자인학과, 충청남도_한서대학교(제1캠퍼스)_패션디자인학과, 충청남도_한서대학교(제1캠퍼스)_의상디자인학과, 전북특별자치도_예원예술대학교(제1캠퍼스)_뷰티패션디자인전공, 전북특별자치도_원광대학교(제1캠퍼스)_패션디자인산업학과, 전북특별자치도_원광디지털대학교(제1캠퍼스)_한국복식과학학과, 전북특별자치도_호원대학교(제1캠퍼스)_패션.미용학부, 전북특별자치도_호원대학교(제1캠퍼스)_패션디자인학과, 전라남도_국립순천대학교(제1캠퍼스)_패션디자인학과, 전라남도_국립순천대학교(제1캠퍼스)_패션디자인학전공, 경상북도_경북대학교(제3캠퍼스)_섬유패션디자인학부 패션디자인전공, 경상북도_경북대학교(제3캠퍼스)_섬유패션디자인학부(섬유공학전공, 패션디자인전공), 경상북도_경일대학교(제1캠퍼스)_K-뷰티융합학부 패션디자인전공, 경상북도_경일대학교(제1캠퍼스)_디자인학부 패션디자인전공, 경상북도_국립경국대학교(제1캠퍼스)_패션ㆍ예술ㆍ체육학부, 경상북도_대구가톨릭대학교(제1캠퍼스)_패션디자인과(예체능), 경상북도_대구대학교(제1캠퍼스)_패션디자인학과, 경상북도_대구예술대학교(제1캠퍼스)_패션코스메틱디자인전공, 경상남도_영산대학교(제1캠퍼스)_디자인학부(패션디자인전공), 경상남도_영산대학교(제1캠퍼스)_패션디자인학과","일반 선택: 독서와 작문, 문학, 대수, 확률과 통계, 영어Ⅰ, 영어Ⅱ, 영어 독해오작문, 미술, 정보 등 | 진로 선택: 주제 탐구 독서, 문학과 영상, 미술 창작, 미술 감상과 비평, 인간과 심리 등 | 융합 선택: 매체 의사소통, 미디어 영어, 세계 문화와 영어, 여행지리, 사회문제 탐구, 미술과 매체 등","공통과목: 사회, 체육ㆍ예술 | 일반선택과목: 사회교과 : 경제, 사회ㆍ문화, 생활과 윤리 | 진로선택과목: 미술 창작, 미술 감상과 비평, 지식 재산 일반, 사회문제 탐구 | 전문교과Ⅰ: 미술 이론, 매체 미술, 세계 문제와 미래 사회, 사회 탐구 방법 및 사회과제 연구 | 전문교과Ⅱ: 디자인 일반, 색채 관리, 정보처리와 관리, 빅데이터 분석","숍마스터, 의류기사1급, 의류기사2급, 컬러리스트기사, 패션디자인산업기사, 패션머천다이징산업기사, 한복산업기사",가방디자이너
449,바이오동물과,"서울특별시_동양미래대학교(제1캠퍼스)_바이오융합공학과, 서울특별시_한양여자대학교(제1캠퍼스)_반려동물보건과, 부산광역시_부산경상대학교(제1캠퍼스)_반려동물보건과, 부산광역시_부산보건대학교(제1캠퍼스)_반려동물보건과, 부산광역시_부산여자대학교(제1캠퍼스)_동물보건과, 인천광역시_경인여자대학교(제1캠퍼스)_반려동물산업학과, 인천광역시_경인여자대학교(제1캠퍼스)_반려동물보건학과(3년제), 인천광역시_경인여자대학교(제1캠퍼스)_반려동물보건학과, 인천광역시_재능대학교(제1캠퍼스)_바이오코스메틱과, 대전광역시_우송정보대학(제1캠퍼스)_동물보건과, 대구광역시_계명문화대학교(제1캠퍼스)_반려동물보건과, 대구광역시_수성대학교(제1캠퍼스)_반려동물보건과, 대구광역시_영남이공대학교(제1캠퍼스)_반려동물보건과, 대구광역시_영진전문대학교(제1캠퍼스)_동물보건과, 경기도_대림대학교(제1캠퍼스)_바이오헬스케어과, 경기도_동원대학교(제1캠퍼스)_동물보건과, 경기도_서정대학교(제1캠퍼스)_동물보건과, 경기도_서정대학교(제1캠퍼스)_반려동물보건과, 경기도_수원여자대학교(제2캠퍼스)_펫케어과, 경기도_신구대학교(제1캠퍼스)_바이오동물전공, 경기도_신안산대학교(제1캠퍼스)_반려동물보건과, 경기도_연성대학교(제1캠퍼스)_반려동물보건과(3년제), 경기도_오산대학교(제1캠퍼스)_동물보건과, 경기도_용인예술과학대학교(제1캠퍼스)_반려동물보건과, 경기도_유한대학교(제1캠퍼스)_반려동물보건학과, 경기도_유한대학교(제1캠퍼스)_건강웰니스학과 반려동물산업전공, 경기도_장안대학교(제1캠퍼스)_바이오동물보건과, 경기도_장안대학교(제1캠퍼스)_바이오동물보호과, 충청북도_대원대학교(제1캠퍼스)_바이오메디컬과, 충청남도_연암대학교(제1캠퍼스)_동물보호학과, 전북특별자치도_전북과학대학교(제1캠퍼스)_천연물바이오과, 전북특별자치도_전주기전대학(제1캠퍼스)_동물보건과, 전라남도_청암대학교(제1캠퍼스)_반려동물보건과, 경상북도_대경대학교(제1캠퍼스)_동물보건과, 경상북도_안동과학대학교(제1캠퍼스)_바이오헴프과","일반 선택: 대수, 미적분 Ⅰ, 확률과 통계, 물리학, 화학, 생명과학, 정보 등 | 진로 선택: 기하, 미적분Ⅱ, 물질과 에너지, 화학 반응의 세계, 세포와 물질대사, 생물의 유전 등 | 융합 선택: 융합과학 탐구, 기후변화와 지속가능한 세계 등","공통과목: 과학, 윤리, 교양, 수학 | 일반선택과목: 과학교과 : 생명과학Ⅰ, 화학Ⅰ | 진로선택과목: 생명과학Ⅱ, 융합과학, 생활과 과학, 화학Ⅱ, 농업생명과학, 사회문제 탐구 | 전문교과Ⅰ: 고급생명과학, 생명과학 실험, 과학과제 연구, 융합과학 탐구, 생태와 환경, 정보과학, 사회탐구 방법 | 전문교과Ⅱ: 생명공학 기술, 인간과 환경","실험동물기술원, 축산산업기사",생명과학시험원
340,반려동물과,"부산광역시_경남정보대학교(제1캠퍼스)_반려동물학과, 부산광역시_경남정보대학교(제1캠퍼스)_반려동물라이프계열, 부산광역시_경남정보대학교(제1캠퍼스)_반려동물케어과, 부산광역시_부산경상대학교(제1캠퍼스)_반려동물과, 부산광역시_부산경상대학교(제1캠퍼스)_반려동물산업과, 부산광역시_부산여자대학교(제1캠퍼스)_반려동물과, 인천광역시_경인여자대학교(제1캠퍼스)_펫토탈케어과, 대전광역시_대덕대학교(제1캠퍼스)_펫토탈케어과, 대전광역시_대덕대학교(제1캠퍼스)_반려동물과, 대전광역시_대전과학기술대학교(제1캠퍼스)_반려동물학과, 대전광역시_대전과학기술대학교(제1캠퍼스)_애완동물과, 대전광역시_대전보건대학교(제1캠퍼스)_반려동물과, 대전광역시_대전보건대학교(제1캠퍼스)_펫토탈케어과, 대전광역시_우송정보대학(제1캠퍼스)_K마이스터 스쿨 펫케어전공, 대전광역시_우송정보대학(제1캠퍼스)_반려동물학부, 대구광역시_계명문화대학교(제1캠퍼스)_펫토탈케어과, 대구광역시_계명문화대학교(제1캠퍼스)_펫토탈케어학부, 대구광역시_영남이공대학교(제1캠퍼스)_반려동물스타일리스트과, 대구광역시_영남이공대학교(제1캠퍼스)_반려동물케어과, 대구광역시_영진전문대학교(제1캠퍼스)_반려동물과, 경기도_경복대학교(제1캠퍼스)_반려동물보건과, 경기도_국제대학교(제1캠퍼스)_반려동물과, 경기도_국제대학교(제1캠퍼스)_반려동물학과, 경기도_동원대학교(제1캠퍼스)_반려동물과, 경기도_부천대학교(제1캠퍼스)_반려동물과, 경기도_서정대학교(제1캠퍼스)_반려동물과, 경기도_서정대학교(제1캠퍼스)_반려동물학과, 경기도_서정대학교(제1캠퍼스)_애완동물과, 경기도_수원여자대학교(제2캠퍼스)_반려동물과, 경기도_신구대학교(제1캠퍼스)_애완동물과, 경기도_신구대학교(제1캠퍼스)_애완동물전공, 경기도_신구대학교(제1캠퍼스)_반려동물과, 경기도_신안산대학교(제1캠퍼스)_반려동물과, 경기도_안산대학교(제1캠퍼스)_동물매개케어학과(성인학습자), 경기도_연성대학교(제1캠퍼스)_반려동물과, 경기도_연성대학교(제1캠퍼스)_반려동물산업과, 경기도_오산대학교(제1캠퍼스)_반려동물관리과, 경기도_용인예술과학대학교(제1캠퍼스)_반려동물과, 경기도_용인예술과학대학교(제1캠퍼스)_반려동물과(2년제), 충청북도_충북보건과학대학교(제1캠퍼스)_반려동물문화학과, 충청북도_충청대학교(제1캠퍼스)_반려동물과, 충청북도_충청대학교(제1캠퍼스)_애완동물과, 충청남도_연암대학교(제1캠퍼스)_동물보호계열, 충청남도_혜전대학교(제1캠퍼스)_애완동물관리과, 충청남도_혜전대학교(제1캠퍼스)_반려동물과, 충청남도_혜전대학교(제1캠퍼스)_반려동물토탈케어과, 전북특별자치도_원광보건대학교(제1캠퍼스)_반려동물산업과, 전북특별자치도_전주기전대학(제1캠퍼스)_반려동물과(자연과학), 전북특별자치도_전주기전대학(제1캠퍼스)_반려동물과, 전북특별자치도_전주기전대학(제1캠퍼스)_애완동물관리과, 전라남도_동아보건대학교(제1캠퍼스)_반려동물전공, 전라남도_청암대학교(제1캠퍼스)_반려동물산업과, 경상북도_가톨릭상지대학교(제1캠퍼스)_반려동물과, 경상북도_구미대학교(제1캠퍼스)_반려동물케어과, 경상북도_대경대학교(제1캠퍼스)_신산업창조학부 동물조련이벤트전공, 경상북도_선린대학교(제1캠퍼스)_반려동물과, 경상북도_안동과학대학교(제1캠퍼스)_반려동물케어과","일반 선택: 대수, 미적분Ⅰ, 확률과 통계, 화학, 생명과학, 지구과학, 정보 등 | 진로 선택: 미적분Ⅱ, 인공지능 수학, 물질과 에너지, 화학 반응의 세계, 세포와 물질대사, 생물의 유전, 생활과학 탐구 등 | 융합 선택: 실용 통계, 기후변화와 환경생태 등","공통과목: 과학, 윤리, 교양, 수학 | 일반선택과목: 과학교과 : 생명과학Ⅰ, 화학Ⅰ | 진로선택과목: 생명과학Ⅱ, 융합과학, 생활과 과학, 화학Ⅱ, 농업생명과학, 사회문제 탐구 | 전문교과Ⅰ: 고급생명과학, 생명과학 실험, 과학과제 연구, 융합과학 탐구, 생태와 환경, 정보과학, 사회탐구 방법 | 전문교과Ⅱ: 생명공학 기술, 인간과 환경","반려동물관리사, 애견미용사, 축산기능사",반려동물미용사
245,산림자원학과,"서울특별시_건국대학교(제1캠퍼스)_산림조경전공, 서울특별시_서울대학교(제1캠퍼스)_산림과학부, 대전광역시_충남대학교(제1캠퍼스)_환경임산자원학부, 대전광역시_충남대학교(제1캠퍼스)_산림환경자원학과, 대구광역시_경북대학교(제1캠퍼스)_산림과학.조경학부 임학전공, 대구광역시_경북대학교(제1캠퍼스)_산림과학.조경학부 임산공학전공, 대구광역시_경북대학교(제1캠퍼스)_산림과학.조경학부(임학전공,임산공학전공,조경학전공), 광주광역시_전남대학교(제1캠퍼스)_산림자원학부, 광주광역시_전남대학교(제1캠퍼스)_산림자원학과, 경기도_국제사이버대학교(제1캠퍼스)_식물치유클리닉학과, 강원특별자치도_가톨릭관동대학교(제1캠퍼스)_산림치유학과, 강원특별자치도_강원대학교(제1캠퍼스)_산림환경보호학과, 강원특별자치도_강원대학교(제1캠퍼스)_산림자원보호학전공, 강원특별자치도_강원대학교(제1캠퍼스)_산림응용공학부, 강원특별자치도_강원대학교(제1캠퍼스)_산림자원학과, 강원특별자치도_강원대학교(제1캠퍼스)_산림환경보호학전공, 강원특별자치도_강원대학교(제1캠퍼스)_산림자원조성학전공, 강원특별자치도_강원대학교(제1캠퍼스)_시설농업학전공, 강원특별자치도_강원대학교(제1캠퍼스)_산림과학부, 강원특별자치도_강원대학교(제1캠퍼스)_산림자원학전공, 강원특별자치도_강원대학교(제1캠퍼스)_산림소재공학전공, 강원특별자치도_상지대학교(제1캠퍼스)_산림조경학부 산림과학전공, 강원특별자치도_상지대학교(제1캠퍼스)_산림과학과, 충청북도_우석대학교(제2캠퍼스)_산림조경원예학과, 충청북도_충북대학교(제1캠퍼스)_산림학과, 충청남도_국립공주대학교(제3캠퍼스)_산림과학과, 충청남도_국립공주대학교(제3캠퍼스)_산림자원학과, 전북특별자치도_전북대학교(제1캠퍼스)_산림자원학과, 전북특별자치도_전북대학교(제1캠퍼스)_목재응용과학과, 전라남도_국립목포대학교(제1캠퍼스)_산림자원, 전라남도_국립순천대학교(제1캠퍼스)_산림자원ㆍ조경학부(산림자원학전공), 전라남도_국립순천대학교(제1캠퍼스)_산림자원.조경학부, 전라남도_국립순천대학교(제1캠퍼스)_산림자원학전공, 경상북도_경북대학교(제3캠퍼스)_산림생태보호학과, 경상북도_국립경국대학교(제1캠퍼스)_산림과학과, 경상북도_국립경국대학교(제1캠퍼스)_산림과학전공, 경상북도_대구가톨릭대학교(제1캠퍼스)_원예치료전공, 경상북도_대구가톨릭대학교(제1캠퍼스)_스마트그린케어학과, 경상북도_대구대학교(제1캠퍼스)_산림자원학과, 경상북도_대구한의대학교(제1캠퍼스)_산림비즈니스학과, 경상북도_영남대학교(제1캠퍼스)_산림자원및조경학과, 경상북도_영남대학교(제1캠퍼스)_산림자원학과, 경상남도_경상국립대학교(제1캠퍼스)_환경산림과학부 산림융복합학전공(야), 경상남도_경상국립대학교(제1캠퍼스)_산림자원학과, 경상남도_경상국립대학교(제1캠퍼스)_산림환경자원학과, 경상남도_경상국립대학교(제1캠퍼스)_환경산림과학부(통합대학), 경상남도_경상국립대학교(제1캠퍼스)_산림융복합학전공, 경상남도_경상국립대학교(제1캠퍼스)_산림환경자원학전공, 경상남도_경상국립대학교(제1캠퍼스)_농업식물과학과","일반 선택: 대수, 미적분Ⅰ, 확률과 통계, 물리학, 화학, 생명과학, 정보 | 진로 선택: 미적분Ⅱ, 인공지능 수학, 한국지리 탐구, 물질과 에너지, 화학 반응의 세계, 세포와 물질대사, 생물의 유전, 지구시스템과학, 생활과학 탐구 | 융합 선택: 실용 통계, 기후변화와 환경생태","공통과목: 과학, 교양, 사회, 영어 | 일반선택과목: 과학교과 : 생명과학Ⅰ, 화학Ⅰ, 지구과학Ⅰ, 물리Ⅰ | 진로선택과목: 생명과학Ⅱ, 융합과학, 생활과 과학, 화학Ⅱ, 농업생명과학, 공학일반, 창의경영, 여행 지리, 실용수학 | 전문교과Ⅰ: 고급 생명과학, 생명과학 실험, 물리화학 실험, 융합과학 탐구, 과학과제 연구, 생태와 환경 | 전문교과Ⅱ: 산림 자원, 산림 휴양, 인간과 환경, 환경화학 기초","산림기사, 생물분류기사, 숲길체험지도사, 유아숲지도사, 임업종묘기사, 자연생태복원기사, 종자기사",산림경영지도원
309,시각디자인학과,"서울특별시_경희사이버대학교(제1캠퍼스)_시각미디어디자인전공, 서울특별시_국민대학교(제1캠퍼스)_AI디자인학과, 서울특별시_국민대학교(제1캠퍼스)_시각디자인학과, 서울특별시_덕성여자대학교(제1캠퍼스)_시각디자인학과, 서울특별시_덕성여자대학교(제1캠퍼스)_시각디자인전공, 서울특별시_동덕여자대학교(제1캠퍼스)_시각&실내디자인학과, 서울특별시_동덕여자대학교(제1캠퍼스)_디자인학부 시각&실내디자인전공, 서울특별시_디지털서울문화예술대학교(제1캠퍼스)_시각영상디자인학과, 서울특별시_서경대학교(제1캠퍼스)_VD_비주얼디자인, 서울특별시_서경대학교(제1캠퍼스)_시각정보디자인전공, 서울특별시_서울과학기술대학교(제1캠퍼스)_시각문화융합디자인학과, 서울특별시_서울과학기술대학교(제1캠퍼스)_디자인학과(시각디자인전공), 서울특별시_서울여자대학교(제1캠퍼스)_시각디자인전공, 서울특별시_숙명여자대학교(제1캠퍼스)_시각ㆍ영상디자인과, 서울특별시_숭실사이버대학교(제1캠퍼스)_뉴미디어디자인학과, 서울특별시_연세대학교(제1캠퍼스)_통합디자인학과, 서울특별시_이화여자대학교(제1캠퍼스)_시각디자인전공, 서울특별시_한양사이버대학교(제1캠퍼스)_시각디자인학과, 서울특별시_한양사이버대학교(제1캠퍼스)_뉴미디어디자인학과, 서울특별시_홍익대학교(제1캠퍼스)_디자인학부 시각디자인전공, 부산광역시_경성대학교(제1캠퍼스)_시각디자인학전공, 부산광역시_경성대학교(제1캠퍼스)_영상애니메이션학부, 부산광역시_경성대학교(제1캠퍼스)_시각디자인학과, 부산광역시_고신대학교(제1캠퍼스)_시각디자인학과, 부산광역시_국립부경대학교(제1캠퍼스)_시각디자인전공, 부산광역시_동명대학교(제1캠퍼스)_시각디자인학과, 부산광역시_동서대학교(제1캠퍼스)_시각디자인전공, 부산광역시_동서대학교(제1캠퍼스)_Digital Design학과, 부산광역시_동서대학교(제1캠퍼스)_시각디자인학전공, 부산광역시_동서대학교(제1캠퍼스)_비쥬얼디자인학전공, 부산광역시_신라대학교(제1캠퍼스)_시각디자인전공, 부산광역시_신라대학교(제1캠퍼스)_시각디자인학전공, 부산광역시_신라대학교(제1캠퍼스)_시각디자인학과, 인천광역시_인천가톨릭대학교(제2캠퍼스)_시각디자인학과, 인천광역시_인하대학교(제1캠퍼스)_디자인테크놀로지학과, 대전광역시_국립한밭대학교(제1캠퍼스)_시각디자인학과, 대전광역시_국립한밭대학교(제1캠퍼스)_시각ㆍ영상디자인학과, 대전광역시_목원대학교(제1캠퍼스)_시각커뮤니케이션디자인학과, 대구광역시_경북대학교(제1캠퍼스)_시각정보디자인학과, 대구광역시_계명대학교(제2캠퍼스)_시각디자인과, 울산광역시_울산대학교(제1캠퍼스)_시각디자인학전공, 광주광역시_광주대학교(제1캠퍼스)_시각영상디자인학과, 광주광역시_조선대학교(제1캠퍼스)_시각디자인학과, 광주광역시_호남대학교(제1캠퍼스)_시각융합디자인학과, 경기도_가천대학교(제1캠퍼스)_미술ㆍ디자인학부(시각디자인전공), 경기도_강남대학교(제1캠퍼스)_복지융합인재학부 유니버설비주얼디자인전공, 경기도_강남대학교(제1캠퍼스)_유니버설아트디자인학과, 경기도_강남대학교(제1캠퍼스)_예체능학부 유니버설아트디자인전공, 경기도_경기대학교(제1캠퍼스)_시각정보디자인전공, 경기도_경희대학교(제2캠퍼스)_시각디자인학과, 경기도_대진대학교(제1캠퍼스)_시각디자인학과, 경기도_명지대학교 자연캠퍼스(제1캠퍼스)_디자인학부 시각디자인전공, 경기도_명지대학교 자연캠퍼스(제1캠퍼스)_비주얼커뮤니케이션디자인전공, 경기도_명지대학교 자연캠퍼스(제1캠퍼스)_디자인학부 영상디자인전공, 경기도_예원예술대학교(제2캠퍼스)_시각영상디자인전공, 경기도_을지대학교(제2캠퍼스)_시각디자인전공, 경기도_중앙대학교(제2캠퍼스)_디자인학부(시각디자인전공), 경기도_한경국립대학교(제1캠퍼스)_시각미디어디자인전공, 경기도_한세대학교(제1캠퍼스)_시각정보디자인학과, 경기도_협성대학교(제1캠퍼스)_시각조형디자인학과, 경기도_협성대학교(제1캠퍼스)_시각디자인학과, 강원특별자치도_가톨릭관동대학교(제1캠퍼스)_CG디자인전공, 강원특별자치도_강원대학교(제2캠퍼스)_시각멀티미디어디자인학과, 강원특별자치도_상지대학교(제1캠퍼스)_시각영상디자인학과, 강원특별자치도_연세대학교 미래캠퍼스(제1캠퍼스)_시각디자인학전공, 충청북도_건국대학교 글로컬캠퍼스(제1캠퍼스)_시각영상디자인전공, 충청북도_건국대학교 글로컬캠퍼스(제1캠퍼스)_시각영상디자인학과, 충청북도_세명대학교(제1캠퍼스)_시각ㆍ영상디자인학과, 충청북도_우석대학교(제2캠퍼스)_시각커뮤니케이션디자인학과, 충청북도_청주대학교(제1캠퍼스)_시각디자인학과, 충청남도_건양대학교(제1캠퍼스)_시각디자인전공, 충청남도_건양대학교(제1캠퍼스)_시각디자인학과, 충청남도_남서울대학교(제1캠퍼스)_시각정보디자인학과, 충청남도_남서울대학교(제1캠퍼스)_시각미디어디자인학과, 충청남도_단국대학교(제2캠퍼스)_시각디자인과, 충청남도_상명대학교(제2캠퍼스)_시각디자인학과, 충청남도_상명대학교(제2캠퍼스)_디자인학부 ARㆍVR미디어디자인전공, 충청남도_상명대학교(제2캠퍼스)_시각디자인전공, 충청남도_선문대학교(제1캠퍼스)_시각디자인학과, 충청남도_한서대학교(제1캠퍼스)_시각디자인학과, 충청남도_호서대학교(제1캠퍼스)_시각디자인학과, 충청남도_호서대학교(제1캠퍼스)_디지털프로덕트디자인학과, 전북특별자치도_예원예술대학교(제1캠퍼스)_시각디자인학과, 전북특별자치도_예원예술대학교(제1캠퍼스)_시각ㆍ영상디자인전공, 전북특별자치도_예원예술대학교(제1캠퍼스)_시각디자인전공, 전북특별자치도_원광대학교(제1캠퍼스)_시각정보디자인학과, 전북특별자치도_전주대학교(제1캠퍼스)_시각디자인학과, 전북특별자치도_전주대학교(제1캠퍼스)_시각디자인전공, 전북특별자치도_호원대학교(제1캠퍼스)_미디어컨텐츠디자인학과, 전라남도_국립목포대학교(제1캠퍼스)_시각디자인, 경상북도_경운대학교(제1캠퍼스)_시각영상애니메이션전공, 경상북도_경일대학교(제1캠퍼스)_디자인학부 시각영상디자인전공, 경상북도_대구가톨릭대학교(제1캠퍼스)_시각영상디자인과, 경상북도_대구가톨릭대학교(제1캠퍼스)_미디어ㆍ디자인전공, 경상북도_대구가톨릭대학교(제1캠퍼스)_시각디자인과, 경상북도_대구대학교(제1캠퍼스)_시각디자인융합학부(시각디자인전공), 경상북도_대구대학교(제1캠퍼스)_시각디자인학과, 경상북도_대구대학교(제1캠퍼스)_시각디자인융합학부, 경상북도_대구대학교(제1캠퍼스)_시각디자인융합학부(서비스마케팅디자인전공), 경상북도_대구예술대학교(제1캠퍼스)_시각콘텐츠학과, 경상북도_대구예술대학교(제1캠퍼스)_시각디자인전공, 경상북도_영남대학교(제1캠퍼스)_시각디자인학과, 경상남도_경상국립대학교(제1캠퍼스)_디자인비즈니스학과, 경상남도_영산대학교(제1캠퍼스)_시각영상디자인전공, 경상남도_영산대학교(제1캠퍼스)_시각영상디자인학과, 세종특별자치시_홍익대학교 세종캠퍼스(제2캠퍼스)_디자인컨버전스학부","일반 선택: 독서와 작문, 문학, 대수, 확률과 통계, 영어Ⅰ, 영어Ⅱ, 영어 독해오작문, 미술, 정보 등 | 진로 선택: 주제 탐구 독서, 문학과 영상, 미술 창작, 미술 감상과 비평, 인간과 심리 등 | 융합 선택: 매체 의사소통, 미디어 영어, 세계 문화와 영어, 여행지리, 사회문제 탐구, 미술과 매체 등","공통과목: 미술, 윤리 | 일반선택과목: 예술교과 : 미술 | 진로선택과목: 미술 창작, 미술 감상과 비평 | 전문교과Ⅰ: 미술 이론, 미술사, 드로잉, 미술 전공 실기 | 전문교과Ⅱ: 디자인 일반, 시각 디자인, 색채 관리","광고디자인산업기사, 시각디자인산업기사, 웹디자인기능사, 의장디자인산업기사, 전자출판기능사, 컬러리스트기사및산업기사, 컴퓨터그래픽스운용기사, 포장디자인산업기사",광고디자이너
458,재활학과,"서울특별시_서울디지털대학교(제1캠퍼스)_예술치료전공, 서울특별시_서울사이버대학교(제1캠퍼스)_음악치료학과, 서울특별시_서울한영대학교(제1캠퍼스)_유아특수재활학과, 서울특별시_성신여자대학교(제1캠퍼스)_운동재활복지학과, 서울특별시_숭실사이버대학교(제1캠퍼스)_스포츠재활복지학과, 서울특별시_총신대학교(제1캠퍼스)_중독재활상담학과, 서울특별시_한국열린사이버대학교(제1캠퍼스)_통합치유학과, 서울특별시_한양사이버대학교(제1캠퍼스)_미술치료학과, 부산광역시_고신대학교(제1캠퍼스)_재활상담학과, 부산광역시_고신대학교(제1캠퍼스)_재활치료학과, 부산광역시_동명대학교(제1캠퍼스)_스포츠재활학과, 부산광역시_동명대학교(제1캠퍼스)_언어치료청각재활학과, 부산광역시_동명대학교(제1캠퍼스)_선명상치유학과, 부산광역시_동서대학교(제1캠퍼스)_운동처방학전공, 부산광역시_동서대학교(제1캠퍼스)_운동처방학과, 부산광역시_동서대학교(제1캠퍼스)_시니어운동처방학과, 부산광역시_부산디지털대학교(제1캠퍼스)_상담치료학부, 부산광역시_부산외국어대학교(제1캠퍼스)_스포츠재활학과, 인천광역시_가천대학교(제2캠퍼스)_운동재활복지학과, 인천광역시_가천대학교(제2캠퍼스)_운동재활학과, 대전광역시_건양사이버대학교(제1캠퍼스)_행동재활치료학과, 대전광역시_건양사이버대학교(제1캠퍼스)_행동발달치료학과, 대전광역시_우송대학교(제1캠퍼스)_언어치료ㆍ청각재활학과, 광주광역시_광주대학교(제1캠퍼스)_언어재활상담학과, 광주광역시_광주여자대학교(제1캠퍼스)_미래융합학부(언어재활심리학과), 광주광역시_광주여자대학교(제1캠퍼스)_미래융합학부(언어재활전공), 광주광역시_송원대학교(제1캠퍼스)_재활보건학과, 광주광역시_송원대학교(제1캠퍼스)_재활보건관리학과(자연), 경기도_가천대학교(제1캠퍼스)_운동재활학과, 경기도_차의과학대학교(제1캠퍼스)_미술치료학과, 경기도_한경국립대학교(제2캠퍼스)_의료재활공학전공, 경기도_한신대학교(제1캠퍼스)_재활학과, 경기도_한신대학교(제1캠퍼스)_재활상담학과, 경기도_한신대학교(제1캠퍼스)_재활상담학, 강원특별자치도_가톨릭관동대학교(제1캠퍼스)_언어재활학과, 강원특별자치도_가톨릭관동대학교(제1캠퍼스)_중독재활상담학과, 강원특별자치도_가톨릭관동대학교(제1캠퍼스)_중독재활학과, 강원특별자치도_가톨릭관동대학교(제1캠퍼스)_언어재활상담학과, 강원특별자치도_가톨릭관동대학교(제1캠퍼스)_치매전문재활학과, 강원특별자치도_가톨릭관동대학교(제1캠퍼스)_통합치유학과, 강원특별자치도_상지대학교(제1캠퍼스)_놀이심리치료학과, 강원특별자치도_연세대학교 미래캠퍼스(제1캠퍼스)_재활보건학전공, 충청북도_극동대학교(제1캠퍼스)_재활상담치료학과, 충청북도_서원대학교(제1캠퍼스)_헬스케어운동학과, 충청남도_건양대학교(제1캠퍼스)_재활퍼스널트레이닝학과, 충청남도_건양대학교(제1캠퍼스)_심리상담치료학과, 충청남도_나사렛대학교(제1캠퍼스)_인간재활학전공, 충청남도_나사렛대학교(제1캠퍼스)_재활자립학부, 충청남도_나사렛대학교(제1캠퍼스)_재활공학과, 충청남도_나사렛대학교(제1캠퍼스)_심리재활학전공, 충청남도_나사렛대학교(제1캠퍼스)_재활학트랙, 충청남도_단국대학교(제2캠퍼스)_운동처방재활학과, 충청남도_한서대학교(제1캠퍼스)_의료재활학과, 전북특별자치도_우석대학교(제1캠퍼스)_재활학과, 전북특별자치도_전주대학교(제1캠퍼스)_운동처방학과, 전북특별자치도_전주대학교(제1캠퍼스)_재활학과, 전북특별자치도_전주대학교(제1캠퍼스)_예술심리치료학과, 전북특별자치도_한일장신대학교(제1캠퍼스)_운동처방재활학과, 전북특별자치도_호원대학교(제1캠퍼스)_보건헬스케어학과, 전라남도_동신대학교(제1캠퍼스)_운동처방학과, 경상북도_김천대학교(제1캠퍼스)_스포츠재활학과, 경상북도_대구가톨릭대학교(제1캠퍼스)_재활치료전공, 경상북도_대구가톨릭대학교(제1캠퍼스)_의료재활학과, 경상북도_대구대학교(제1캠퍼스)_재활건강증진학과, 경상북도_대구대학교(제1캠퍼스)_의료재활학과, 경상북도_대구대학교(제1캠퍼스)_재활과학계열, 경상북도_대구대학교(제1캠퍼스)_재활심리학과, 경상북도_대구대학교(제1캠퍼스)_재활상담학과, 경상북도_대구사이버대학교(제1캠퍼스)_재활상담학과, 경상북도_대구사이버대학교(제1캠퍼스)_미술치료학과, 경상북도_대구사이버대학교(제1캠퍼스)_발달재활학과, 경상북도_대구사이버대학교(제1캠퍼스)_놀이치료학과, 경상북도_대구사이버대학교(제1캠퍼스)_심리운동학과, 경상북도_대구예술대학교(제1캠퍼스)_복지&심리상담전공, 경상북도_대구한의대학교(제1캠퍼스)_재활치료학부, 경상북도_대구한의대학교(제1캠퍼스)_미술놀이치료학과, 경상북도_대구한의대학교(제1캠퍼스)_노인재활치료학과, 경상북도_대구한의대학교(제1캠퍼스)_미술치료학전공, 경상북도_대구한의대학교(제1캠퍼스)_미술심리치료전공, 경상북도_대구한의대학교(제1캠퍼스)_재활치료학전공, 경상북도_대구한의대학교(제1캠퍼스)_미술심리치료학과, 경상북도_대구한의대학교(제1캠퍼스)_치유산업학과, 경상북도_신경주대학교(제1캠퍼스)_스포츠재활학과, 경상남도_가야대학교(제1캠퍼스)_스포츠재활복지학과, 경상남도_가야대학교(제1캠퍼스)_스포츠재활복지학부, 경상남도_영산대학교(제1캠퍼스)_실버재활학과, 제주특별자치도_제주국제대학교(제1캠퍼스)_복지상담학부 언어치료학전공","일반 선택: 물리학, 화학, 생명과학, 현대사회와 윤리 등 | 진로 선택: 세포와 물질대사, 생물의 유전, 법과 사회, 보건 등 | 융합 선택: 융합과학 탐구 등","공통과목: 영어, 과학 | 일반선택과목: 영어교과 : 영어Ⅰ, 영어Ⅱ, 영어 독해와 작문 | 진로선택과목: 생명과학Ⅱ | 전문교과Ⅰ: 체육지도법, 개인ㆍ대인 운동, 체육 전공 실기 응용 | 전문교과Ⅱ: 인체 구조와 기능, 기초 간호 임상 실무, 보건 간호","물리치료사, 작업치료사, 특수교육교사",물리치료사
10027,스포츠재활과,"서울특별시_서일대학교(제1캠퍼스)_스포츠헬스케어학과, 부산광역시_경남정보대학교(제1캠퍼스)_스포츠재활지도학과, 부산광역시_경남정보대학교(제1캠퍼스)_뷰티헬스과, 부산광역시_경남정보대학교(제1캠퍼스)_스포츠재활트레이닝과, 부산광역시_동의과학대학교(제1캠퍼스)_스포츠재활트레이닝과, 부산광역시_부산과학기술대학교(제1캠퍼스)_재활운동건강과, 부산광역시_부산보건대학교(제1캠퍼스)_스포츠재활과(자연), 부산광역시_부산여자대학교(제1캠퍼스)_아동스포츠재활무용과(3년제), 부산광역시_부산예술대학교(제1캠퍼스)_스포츠재활&다이어트과, 인천광역시_경인여자대학교(제1캠퍼스)_스포츠헬스케어학과, 인천광역시_인하공업전문대학(제1캠퍼스)_스포츠헬스케어학과, 인천광역시_재능대학교(제1캠퍼스)_스포츠재활과, 대구광역시_대구보건대학교(제1캠퍼스)_스포츠재활학과, 대구광역시_영남이공대학교(제1캠퍼스)_스포츠재활ㆍ운동관리과, 대구광역시_영남이공대학교(제1캠퍼스)_스포츠건강재활계열, 대구광역시_영남이공대학교(제1캠퍼스)_스포츠재활과, 대구광역시_영진전문대학교(제1캠퍼스)_스포츠재활과, 울산광역시_울산과학대학교(제1캠퍼스)_스포츠재활학부 스포츠지도전공, 울산광역시_울산과학대학교(제1캠퍼스)_스포츠재활학부 스포츠재활전공(자연과학계열), 울산광역시_울산과학대학교(제1캠퍼스)_스포츠재활학부 스포츠재활전공, 울산광역시_울산과학대학교(제1캠퍼스)_스포츠재활학부(자연과학계열), 울산광역시_울산과학대학교(제1캠퍼스)_스포츠건강재활학과, 울산광역시_울산과학대학교(제1캠퍼스)_스포츠재활학부 스포츠지도전공(자연과학계열), 광주광역시_동강대학교(제1캠퍼스)_스포츠재활트레이닝과, 광주광역시_조선이공대학교(제1캠퍼스)_스포츠재활과, 광주광역시_조선이공대학교(제1캠퍼스)_스포츠재활학부 스포츠재활전공, 광주광역시_조선이공대학교(제1캠퍼스)_스포츠재활학과, 광주광역시_조선이공대학교(제1캠퍼스)_스포츠재활학부, 광주광역시_조선이공대학교(제1캠퍼스)_스포츠재활학부 웰빙헬스케어전공, 경기도_국제대학교(제1캠퍼스)_스포츠헬스케어학과, 경기도_대림대학교(제1캠퍼스)_스포츠재활학부, 경기도_대림대학교(제1캠퍼스)_스포츠재활과(스포츠학부), 경기도_두원공과대학교(제1캠퍼스)_재활운동과학과, 경기도_두원공과대학교(제1캠퍼스)_스포츠재활치료과, 경기도_두원공과대학교(제1캠퍼스)_재활운동과학과(2년제), 경기도_두원공과대학교(제2캠퍼스)_스포츠재활과, 경기도_부천대학교(제1캠퍼스)_재활스포츠과, 경기도_부천대학교(제1캠퍼스)_재활스포츠학과, 경기도_신구대학교(제1캠퍼스)_스포츠재활과, 경기도_여주대학교(제1캠퍼스)_건강운동재활학과, 경기도_연성대학교(제1캠퍼스)_스포츠재활과, 경기도_연성대학교(제1캠퍼스)_스포츠케어과, 경기도_유한대학교(제1캠퍼스)_건강웰니스학과 스포츠재활전공, 경기도_장안대학교(제1캠퍼스)_운동처방과, 경기도_장안대학교(제1캠퍼스)_스포츠재활과, 강원특별자치도_강릉영동대학교(제1캠퍼스)_스포츠레저헬스케어계열, 강원특별자치도_강릉영동대학교(제1캠퍼스)_스포츠재활전공, 강원특별자치도_한국골프과학기술대학교(제1캠퍼스)_골프재활과, 강원특별자치도_한국골프과학기술대학교(제1캠퍼스)_골프재활헬스케어과, 충청북도_강동대학교(제1캠퍼스)_스포츠재활과, 충청북도_대원대학교(제1캠퍼스)_운동재활과, 충청북도_충북보건과학대학교(제1캠퍼스)_스포츠과학과, 충청북도_충북보건과학대학교(제1캠퍼스)_스포츠재활과, 충청북도_충청대학교(제1캠퍼스)_스포츠재활과, 충청북도_충청대학교(제1캠퍼스)_사회체육학부 스포츠재활과, 전북특별자치도_전주기전대학(제1캠퍼스)_운동재활과, 전북특별자치도_전주기전대학(제1캠퍼스)_말산업스포츠재활과, 전북특별자치도_전주기전대학(제1캠퍼스)_운동재활과(예체능), 전라남도_나주대학교(제1캠퍼스)_재활복지스포츠학부, 전라남도_목포과학대학교(제1캠퍼스)_스포츠과학과, 전라남도_전남과학대학교(제1캠퍼스)_뉴로테크헬스케어학과, 전라남도_청암대학교(제1캠퍼스)_재활스포츠과, 경상북도_대경대학교(제1캠퍼스)_스포츠재활과, 경상북도_문경대학교(제1캠퍼스)_스포츠재활과, 경상남도_경남도립거창대학(제1캠퍼스)_스포츠재활운동관리과, 경상남도_김해대학교(제1캠퍼스)_스포츠재활과(축구), 경상남도_동원과학기술대학교(제1캠퍼스)_스포츠재활운동학과, 경상남도_동원과학기술대학교(제1캠퍼스)_재활스포츠과, 경상남도_동원과학기술대학교(제1캠퍼스)_스포츠재활학부, 경상남도_동원과학기술대학교(제1캠퍼스)_스포츠재활운동학부","일반 선택: 독서와 작문, 문학, 대수, 미적분Ⅰ, 확률과 통계, 영어 I,프, 영어 독해와 작문, 현대사회와 윤리, 생명과학, 화학, 정보, 교육학 등 | 진로 선택: 법과 사회, 물질과 에너지, 화학 반응의 세계, 세포와 물질대사, 생물의 유전 등 | 융합 선택: 실생활 영어 회화, 실용 통계, 윤리문제 탐구 등","공통과목: 체육, 윤리 | 일반선택과목: 체육교과 : 체육, 운동과 건강 | 진로선택과목: 스포츠 생활, 체육 탐구 | 전문교과Ⅰ: 스포츠 개론, 체육 지도법, 체육 전공 실기 기초, 체육 전공 실기 심화, 체육 전공 실기 응용 | 전문교과Ⅱ: 인체 구조와 기능, 간호의 기초","사회복지사, 생활스포츠지도자, 요양보호사, 응급구조사, 장애인재활상담사",간병인
20,건축학과,"서울특별시_건국대학교(제1캠퍼스)_건축학과, 서울특별시_건국대학교(제1캠퍼스)_건축설계전공, 서울특별시_건국대학교(제1캠퍼스)_건축학부, 서울특별시_건국대학교(제1캠퍼스)_건축학전공, 서울특별시_고려대학교(제1캠퍼스)_건축학과, 서울특별시_고려대학교(제1캠퍼스)_건축사회환경공학부, 서울특별시_고려사이버대학교(제1캠퍼스)_건축공학부, 서울특별시_광운대학교(제1캠퍼스)_건축학과, 서울특별시_국민대학교(제1캠퍼스)_건축학전공, 서울특별시_국민대학교(제1캠퍼스)_건축시스템전공, 서울특별시_국민대학교(제1캠퍼스)_건축설계전공, 서울특별시_국민대학교(제1캠퍼스)_건축학부, 서울특별시_동국대학교(제1캠퍼스)_건축학전공, 서울특별시_동국대학교(제1캠퍼스)_건축공학부, 서울특별시_삼육대학교(제1캠퍼스)_건축학과(5년제), 서울특별시_삼육대학교(제1캠퍼스)_건축학과(4년제), 서울특별시_서울과학기술대학교(제1캠퍼스)_건축학부건축공학전공, 서울특별시_서울과학기술대학교(제1캠퍼스)_건축학부건축학전공, 서울특별시_서울대학교(제1캠퍼스)_건축학과, 서울특별시_서울대학교(제1캠퍼스)_건축학과(건축공학전공), 서울특별시_서울대학교(제1캠퍼스)_건축학과(건축학전공(5년)), 서울특별시_서울사이버대학교(제1캠퍼스)_건축공간디자인학과, 서울특별시_서울시립대학교(제1캠퍼스)_건축학부 건축공학전공, 서울특별시_서울시립대학교(제1캠퍼스)_건축학부 건축학전공(5년제), 서울특별시_세종대학교(제1캠퍼스)_건축학과, 서울특별시_세종대학교(제1캠퍼스)_건축학전공, 서울특별시_세종사이버대학교(제1캠퍼스)_건축ㆍ도시계획학과, 서울특별시_숭실대학교(제1캠퍼스)_건축학부, 서울특별시_숭실대학교(제1캠퍼스)_건축학부 건축공학전공, 서울특별시_숭실대학교(제1캠퍼스)_건축학부 실내건축전공, 서울특별시_숭실대학교(제1캠퍼스)_건축학부 건축학전공, 서울특별시_숭실사이버대학교(제1캠퍼스)_건설스마트안전공학과, 서울특별시_연세대학교(제1캠퍼스)_건축공학(4년제), 서울특별시_연세대학교(제1캠퍼스)_건축학(5년제), 서울특별시_연세대학교(제1캠퍼스)_실내건축학과, 서울특별시_이화여자대학교(제1캠퍼스)_건축도시시스템공학과, 서울특별시_이화여자대학교(제1캠퍼스)_건축학전공(5년), 서울특별시_이화여자대학교(제1캠퍼스)_건축도시시스템공학전공, 서울특별시_이화여자대학교(제1캠퍼스)_건축학과(5년), 서울특별시_중앙대학교(제1캠퍼스)_건축학부(건축학전공), 서울특별시_중앙대학교(제1캠퍼스)_건축학부, 서울특별시_중앙대학교(제1캠퍼스)_건축학부(건축공학전공), 서울특별시_한국예술종합학교(제1캠퍼스)_건축과, 서울특별시_한양대학교(제1캠퍼스)_건축공학부, 서울특별시_한양대학교(제1캠퍼스)_건축학부, 서울특별시_한양사이버대학교(제1캠퍼스)_건축도시공학과, 서울특별시_한양사이버대학교(제1캠퍼스)_건축공간디자인학과, 서울특별시_홍익대학교(제1캠퍼스)_건축학부, 서울특별시_홍익대학교(제1캠퍼스)_건축학부 실내건축학전공, 서울특별시_홍익대학교(제1캠퍼스)_건축학부 건축학전공(5년제), 부산광역시_경성대학교(제1캠퍼스)_건축학과(5년제), 부산광역시_경성대학교(제1캠퍼스)_실내건축학과, 부산광역시_국립부경대학교(제1캠퍼스)_건축학전공(5년), 부산광역시_국립한국해양대학교(제1캠퍼스)_해양건축공학과, 부산광역시_동명대학교(제1캠퍼스)_건축학과(5년제), 부산광역시_동명대학교(제1캠퍼스)_실내건축학과, 부산광역시_동명대학교(제1캠퍼스)_건축학과, 부산광역시_동서대학교(제1캠퍼스)_건축학과, 부산광역시_동서대학교(제1캠퍼스)_건축설계학전공, 부산광역시_동아대학교(제1캠퍼스)_건축학과 실내건축디자인전공, 부산광역시_동아대학교(제1캠퍼스)_건축학과 건축학전공(5년제), 부산광역시_동아대학교(제1캠퍼스)_건축학과(5년제), 부산광역시_동아대학교(제1캠퍼스)_건축학과, 부산광역시_동의대학교(제1캠퍼스)_건축학과, 부산광역시_동의대학교(제1캠퍼스)_건축학전공, 부산광역시_부산대학교(제1캠퍼스)_건축학과, 부산광역시_부산대학교(제1캠퍼스)_건축학과(5년제), 부산광역시_신라대학교(제1캠퍼스)_건축학과, 부산광역시_신라대학교(제1캠퍼스)_건축학과(4년제, 5년제), 부산광역시_신라대학교(제1캠퍼스)_건축학전공, 부산광역시_신라대학교(제1캠퍼스)_건축학부, 부산광역시_신라대학교(제1캠퍼스)_건축학전공(5년제), 부산광역시_영산대학교(제2캠퍼스)_건축플랜트학과, 인천광역시_인천대학교(제1캠퍼스)_도시건축학부, 인천광역시_인천대학교(제1캠퍼스)_도시건축학전공, 인천광역시_인하대학교(제1캠퍼스)_건축학전공, 인천광역시_인하대학교(제1캠퍼스)_건축학부, 대전광역시_건양대학교(제2캠퍼스)_건축학과, 대전광역시_국립한밭대학교(제1캠퍼스)_건축학과(5년제), 대전광역시_대전대학교(제1캠퍼스)_건축학과(4), 대전광역시_대전대학교(제1캠퍼스)_건축학과(5), 대전광역시_목원대학교(제1캠퍼스)_건축학부, 대전광역시_목원대학교(제1캠퍼스)_건축학부 건축공학전공, 대전광역시_목원대학교(제1캠퍼스)_건축학부 건축학전공(5년제), 대전광역시_배재대학교(제1캠퍼스)_건축학과, 대전광역시_배재대학교(제1캠퍼스)_건축학전공, 대전광역시_배재대학교(제1캠퍼스)_건축학부, 대전광역시_배재대학교(제1캠퍼스)_실내건축학과, 대전광역시_충남대학교(제1캠퍼스)_스마트시티건축공학과, 대전광역시_충남대학교(제1캠퍼스)_건축학과(5), 대전광역시_한남대학교(제1캠퍼스)_건축학과(5년제), 대구광역시_경북대학교(제1캠퍼스)_건축학부(건축학전공), 대구광역시_경북대학교(제1캠퍼스)_건축학부(건축공학전공), 대구광역시_계명대학교(제1캠퍼스)_건축학과, 울산광역시_울산대학교(제1캠퍼스)_건축학전공, 울산광역시_울산대학교(제1캠퍼스)_건축학부, 광주광역시_광주대학교(제1캠퍼스)_건축학부, 광주광역시_전남대학교(제1캠퍼스)_건축학부, 광주광역시_전남대학교(제1캠퍼스)_건축도시설계전공(5년), 광주광역시_조선대학교(제1캠퍼스)_건축학과(5년제), 광주광역시_호남대학교(제1캠퍼스)_건축학전공, 광주광역시_호남대학교(제1캠퍼스)_건축학부, 광주광역시_호남대학교(제1캠퍼스)_건축학과, 경기도_가천대학교(제1캠퍼스)_건축학전공, 경기도_가천대학교(제1캠퍼스)_실내건축학전공, 경기도_가천대학교(제1캠퍼스)_건축학부, 경기도_경기대학교(제1캠퍼스)_건축학과, 경기도_경기대학교(제1캠퍼스)_건축안전공학과, 경기도_경희대학교(제2캠퍼스)_건축학과, 경기도_단국대학교(제1캠퍼스)_건축학부 건축학전공, 경기도_단국대학교(제1캠퍼스)_건축학과, 경기도_단국대학교(제1캠퍼스)_건축학부, 경기도_단국대학교(제1캠퍼스)_건축학부 건축공학전공, 경기도_대진대학교(제1캠퍼스)_건축공학부, 경기도_명지대학교 자연캠퍼스(제1캠퍼스)_건축학부 건축학전공(5년제), 경기도_명지대학교 자연캠퍼스(제1캠퍼스)_건축학부(건축학전공/전통건축전공) (5년제), 경기도_명지대학교 자연캠퍼스(제1캠퍼스)_건축학부 전통건축전공(5년제), 경기도_명지대학교 자연캠퍼스(제1캠퍼스)_건축대학, 경기도_성균관대학교(제2캠퍼스)_건축학과, 경기도_수원대학교(제1캠퍼스)_건축도시부동산학부, 경기도_수원대학교(제1캠퍼스)_건축학, 경기도_아주대학교(제1캠퍼스)_건축학과, 경기도_중부대학교(제2캠퍼스)_건축학전공, 경기도_중부대학교(제2캠퍼스)_건축학과, 경기도_한경국립대학교(제1캠퍼스)_건축학전공, 경기도_한경국립대학교(제1캠퍼스)_건축융합학부, 경기도_한양대학교 ERICA캠퍼스(제1캠퍼스)_스마트융합공학부 건축IT융합전공, 경기도_한양대학교 ERICA캠퍼스(제1캠퍼스)_건축학전공, 경기도_한양대학교 ERICA캠퍼스(제1캠퍼스)_스마트융합공학부 지속가능건축융합전공, 강원특별자치도_가톨릭관동대학교(제1캠퍼스)_건축학부, 강원특별자치도_가톨릭관동대학교(제1캠퍼스)_건축학전공, 강원특별자치도_강원대학교(제2캠퍼스)_건설융합학부 건축공학전공, 강원특별자치도_강원대학교(제2캠퍼스)_건설융합학부, 강원특별자치도_강원대학교(제2캠퍼스)_건축학전공(5년제), 강원특별자치도_강원대학교(제1캠퍼스)_건축학과(5), 강원특별자치도_강원대학교(제2캠퍼스)_건축시스템공학과, 강원특별자치도_강원대학교(제2캠퍼스)_해양건설시스템공학과, 강원특별자치도_강원대학교(제1캠퍼스)_건축학전공(5년제), 강원특별자치도_강원대학교(제2캠퍼스)_건설융합학부 건축학전공, 강원특별자치도_강원대학교(제1캠퍼스)_건축학부, 강원특별자치도_강원대학교(제2캠퍼스)_건축학과(5), 강원특별자치도_한라대학교(제1캠퍼스)_건축학과, 충청북도_국립한국교통대학교(제1캠퍼스)_건축학과, 충청북도_국립한국교통대학교(제1캠퍼스)_건축학전공, 충청북도_국립한국교통대학교(제1캠퍼스)_건축학부, 충청북도_서원대학교(제1캠퍼스)_건축학과, 충청북도_세명대학교(제1캠퍼스)_건축학과, 충청북도_우석대학교(제2캠퍼스)_건축ㆍ인테리어디자인학과, 충청북도_우석대학교(제2캠퍼스)_건축학과, 충청북도_청주대학교(제1캠퍼스)_건축학과(5), 충청북도_청주대학교(제1캠퍼스)_건축학과, 충청북도_청주대학교(제1캠퍼스)_건축학ㆍ건축공학전공, 충청북도_충북대학교(제1캠퍼스)_건축학과, 충청남도_국립공주대학교(제2캠퍼스)_건축학부 건축학전공, 충청남도_국립공주대학교(제2캠퍼스)_건축학과, 충청남도_국립공주대학교(제2캠퍼스)_그린스마트건축공학과, 충청남도_국립공주대학교(제2캠퍼스)_건축학부 건축공학전공, 충청남도_남서울대학교(제1캠퍼스)_건축학과(5), 충청남도_선문대학교(제1캠퍼스)_건축학부, 충청남도_선문대학교(제1캠퍼스)_건축사회환경공학부, 충청남도_순천향대학교(제1캠퍼스)_건축학과(5), 충청남도_한국기술교육대학교(제1캠퍼스)_디자인ㆍ건축공학부, 충청남도_한국기술교육대학교(제1캠퍼스)_건축공학부, 충청남도_한국전통문화대학교(제1캠퍼스)_전통건축학과, 충청남도_한서대학교(제1캠퍼스)_건축학과, 충청남도_호서대학교(제1캠퍼스)_건축학과, 전북특별자치도_국립군산대학교(제1캠퍼스)_공간디자인융합기술학부(공간디자인융합기술학전공), 전북특별자치도_국립군산대학교(제1캠퍼스)_건축ㆍ해양건설융합공학부, 전북특별자치도_국립군산대학교(제1캠퍼스)_건축공학부, 전북특별자치도_국립군산대학교(제1캠퍼스)_해양건설공학과, 전북특별자치도_국립군산대학교(제1캠퍼스)_공간디자인융합기술학부, 전북특별자치도_국립군산대학교(제1캠퍼스)_건축공학부(건축공학전공), 전북특별자치도_원광대학교(제1캠퍼스)_건축학과, 전북특별자치도_전북대학교(제1캠퍼스)_한옥건축학과, 전북특별자치도_전북대학교(제1캠퍼스)_한옥학과, 전북특별자치도_전주대학교(제1캠퍼스)_건축학과, 전북특별자치도_호원대학교(제1캠퍼스)_건축인테리어학과, 전북특별자치도_호원대학교(제1캠퍼스)_건축학과, 전라남도_국립목포대학교(제1캠퍼스)_건축학과, 전라남도_국립목포해양대학교(제1캠퍼스)_해양건설공학과, 전라남도_국립목포해양대학교(제1캠퍼스)_해양ㆍ플랜트건설공학과, 전라남도_국립순천대학교(제1캠퍼스)_건축학부, 전라남도_동신대학교(제1캠퍼스)_건축학과, 전라남도_초당대학교(제1캠퍼스)_건축학과, 경상북도_경일대학교(제1캠퍼스)_건축디자인과(5년제), 경상북도_국립금오공과대학교(제1캠퍼스)_건축학전공(5년), 경상북도_대구가톨릭대학교(제1캠퍼스)_건축학과, 경상북도_대구한의대학교(제1캠퍼스)_건축학전공, 경상북도_대구한의대학교(제1캠퍼스)_스마트시티건축학전공, 경상북도_동양대학교(제1캠퍼스)_건축소방안전학과, 경상북도_동양대학교(제1캠퍼스)_스마트건축공학과, 경상북도_신경주대학교(제1캠퍼스)_전통건축학과, 경상북도_영남대학교(제1캠퍼스)_건축디자인전공, 경상북도_영남대학교(제1캠퍼스)_건축학전공, 경상북도_영남대학교(제1캠퍼스)_건축학부, 경상남도_경남대학교(제1캠퍼스)_건축학부, 경상남도_경남대학교(제1캠퍼스)_건축학전공(5년), 경상남도_경상국립대학교(제1캠퍼스)_건축시스템공학전공, 경상남도_경상국립대학교(제1캠퍼스)_건축학과, 경상남도_경상국립대학교(제1캠퍼스)_건축공학부, 경상남도_국립창원대학교(제1캠퍼스)_건축학전공, 경상남도_국립창원대학교(제1캠퍼스)_건축학부 건축공학전공, 경상남도_국립창원대학교(제1캠퍼스)_건축학부 건축학전공, 경상남도_인제대학교(제1캠퍼스)_실내건축학과(예체능), 경상남도_인제대학교(제1캠퍼스)_실내건축학과, 경상남도_인제대학교(제1캠퍼스)_건축학과, 제주특별자치도_제주국제대학교(제1캠퍼스)_건축학과, 제주특별자치도_제주국제대학교(제1캠퍼스)_건설공학부 건축학전공, 제주특별자치도_제주대학교(제1캠퍼스)_건축학전공, 제주특별자치도_제주대학교(제1캠퍼스)_건축학과, 세종특별자치시_홍익대학교 세종캠퍼스(제2캠퍼스)_건축공학부 건축디자인전공(5년제), 세종특별자치시_홍익대학교 세종캠퍼스(제2캠퍼스)_건축공학부 건축공학전공, 세종특별자치시_홍익대학교 세종캠퍼스(제2캠퍼스)_건축공학부, 세종특별자치시_홍익대학교 세종캠퍼스(제2캠퍼스)_건축공학부 건축학전공(5년제)","일반 선택: 대수, 미적분 Ⅰ,확률과 통계, 물리학, 화학, 세계시민과 지리, 사회와 문화, 세계사 등 | 진로 선택: 기하, 미적분Ⅱ, 도시의 미래 탐구, 역학과 에너지, 물질과 에너지,화학 반응의 세계, 지구시스템과학, 한국지리탐구 등 | 융합 선택: 융합 과학 탐구, 과학의 역사와 문화, 기후변화와 환경생태, 창의공학 설계, 기후변화와 지속가능한 세계 등","공통과목: 수학, 사회, 과학, 기술ㆍ가정 | 일반선택과목: 수학교과 : 수학ⅠㆍⅡ, 미적분, 확률과 통계 | 진로선택과목: 실용수학, 기하, 수학과제 탐구, 사회문제 탐구, 물리학Ⅱ, 화학Ⅱ, 지구과학Ⅱ, 생활과 과학, 융합과학, 공학 일반 | 전문교과Ⅰ: 심화수학ⅠㆍⅡ, 고급 수학ⅠㆍⅡ, 고급 물리학, 물리학 실험, 고급 화학, 화학 실험, 고급 지구과학, 지구과학 실험, 정보과학, 생태와 환경, 과학과제 연구, 지역 이해, 세계 문제와 미래 사회, 사회과제 연구 | 전문교과Ⅱ: 건축 일반, 건축 도면 해석과 제도, 프로그래밍","건설안전기사, 건설재료시험기사, 건축구조기술사, 건축기계정비기술사, 건축기사, 건축목재시공기능장, 건축사, 건축설비기사, 건축시공기술사, 건축일반시공기능장, 건축전기설비기술사, 도시계획기사, 수질환경기사, 실내건축기사, 지적기사, 철도보선산업기사, 토목기사",건설공사품질관리원
10030,문화재보존학과,"서울특별시_동국대학교(제1캠퍼스)_문화재학과, 경기도_용인대학교(제1캠퍼스)_문화재학과, 경기도_중앙승가대학교(제1캠퍼스)_문화재학전공, 충청남도_국립공주대학교(제1캠퍼스)_문화재보존과학과, 충청남도_한국전통문화대학교(제1캠퍼스)_무형유산학과, 충청남도_한국전통문화대학교(제1캠퍼스)_문화재보존과학과, 충청남도_한국전통문화대학교(제1캠퍼스)_보존과학과, 충청남도_한국전통문화대학교(제1캠퍼스)_문화재관리학과, 충청남도_한국전통문화대학교(제1캠퍼스)_국가유산관리학과, 충청남도_한서대학교(제1캠퍼스)_문화재보존학과, 전북특별자치도_예원예술대학교(제1캠퍼스)_문화재보존예술학과, 전라남도_국립목포대학교(제1캠퍼스)_문화유산, 경상북도_국립경국대학교(제1캠퍼스)_문화유산학전공, 경상북도_신경주대학교(제1캠퍼스)_문화유산학부, 경상북도_신경주대학교(제1캠퍼스)_문화재학과, 경상남도_경남대학교(제1캠퍼스)_문화유산복원예술학과","일반 선택: 문학, 독서와 작문, 사회와 문화, 세계시민과 지리, 세계사, 화학, 정보 등 | 진로 선택: 한국지리 탐구, 동아시아 역사 기행, 법과 사회, 인문학과 윤리, 화학 반응의 세계, 미술 감상과 비평, 한문고전 일기, 삶과 종교 등 | 융합 선택: 수학과 문화, 여행지리, 역사로 탐구하는 현대 세계, 사회문제 탐구, 미술과 매체, 지식 재산 일반, 언어생활과 한자 등","공통과목: 사회, 역사, 한문, 수학, 영어, 제2외국어 | 일반선택과목: 사회교과 : 사회문화, 세계사, 동아시아사, 한국지리, 윤리와 사상 | 진로선택과목: 사회문제 탐구, 고전 읽기, 고전과 윤리, 여행지리, 현대 세계의 변화 | 전문교과Ⅰ: 사회탐구 방법, 사회과제 연구, 한국 사회의 이해, 비교 문화, 지역 이해 | 전문교과Ⅱ: 문화콘텐츠 산업 일반","문화재수리기능자, 문화재수리기술자, 박물관및미술관준학예사",문화재보존원
10156,패션디자인학과,"서울특별시_건국대학교(제1캠퍼스)_의상디자인학과, 서울특별시_국민대학교(제1캠퍼스)_의상디자인학과, 서울특별시_덕성여자대학교(제1캠퍼스)_의상디자인전공, 서울특별시_덕성여자대학교(제1캠퍼스)_의상디자인학과, 서울특별시_동덕여자대학교(제1캠퍼스)_디자인학부 패션디자인전공, 서울특별시_동덕여자대학교(제1캠퍼스)_패션디자인학과, 서울특별시_서경대학교(제1캠퍼스)_무대패션전공, 서울특별시_세종대학교(제1캠퍼스)_패션디자인학과, 서울특별시_세종사이버대학교(제1캠퍼스)_패션뷰티경영학과, 서울특별시_이화여자대학교(제1캠퍼스)_섬유ㆍ패션학부, 서울특별시_이화여자대학교(제1캠퍼스)_섬유예술전공(섬유ㆍ패션학부), 서울특별시_한성대학교(제1캠퍼스)_글로벌패션산업학부, 서울특별시_한성대학교(제1캠퍼스)_패션디자인전공, 부산광역시_경성대학교(제1캠퍼스)_패션디자인학과, 부산광역시_국립부경대학교(제1캠퍼스)_패션디자인학과, 부산광역시_동명대학교(제1캠퍼스)_패션디자인학과, 부산광역시_동서대학교(제1캠퍼스)_패션디자인학전공, 부산광역시_동서대학교(제1캠퍼스)_패션디자인학과, 부산광역시_동아대학교(제1캠퍼스)_건축ㆍ디자인ㆍ패션대학 패션디자인학과, 부산광역시_동아대학교(제1캠퍼스)_패션디자인학과, 부산광역시_동의대학교(제1캠퍼스)_패션디자인학과, 부산광역시_신라대학교(제1캠퍼스)_패션디자인학과, 부산광역시_신라대학교(제1캠퍼스)_패션디자인전공, 부산광역시_신라대학교(제1캠퍼스)_패션소재디자인전공, 부산광역시_신라대학교(제1캠퍼스)_패션디자인학전공, 인천광역시_인하대학교(제1캠퍼스)_의류디자인학과, 대전광역시_대전대학교(제1캠퍼스)_패션디자인ㆍ비즈니스학과, 대전광역시_한남대학교(제1캠퍼스)_패션디자인학과, 대구광역시_계명대학교(제2캠퍼스)_패션디자인과, 대구광역시_계명대학교(제2캠퍼스)_텍스타일디자인과, 광주광역시_광주대학교(제1캠퍼스)_패션ㆍ주얼리디자인학부, 광주광역시_광주대학교(제1캠퍼스)_패션ㆍ주얼리학부, 광주광역시_광주대학교(제1캠퍼스)_패션주얼리디자인학과, 광주광역시_조선대학교(제1캠퍼스)_라이프스타일디자인학부(섬유ㆍ패션디자인전공), 광주광역시_호남대학교(제1캠퍼스)_패션디자인학과, 경기도_가천대학교(제1캠퍼스)_미술ㆍ디자인학부(패션디자인), 경기도_경희대학교(제2캠퍼스)_의류디자인학과, 경기도_단국대학교(제1캠퍼스)_디자인학부 패션산업디자인전공, 경기도_명지대학교 자연캠퍼스(제1캠퍼스)_디자인학부 패션디자인전공, 경기도_명지대학교 자연캠퍼스(제1캠퍼스)_패션디자인전공, 경기도_수원대학교(제1캠퍼스)_패션디자인, 경기도_신한대학교(제2캠퍼스)_패션디자인학과, 경기도_신한대학교(제2캠퍼스)_K뷰티패션학과, 경기도_중부대학교(제2캠퍼스)_패션디자인학과, 경기도_중앙대학교(제2캠퍼스)_디자인학부(패션디자인전공), 경기도_중앙대학교(제2캠퍼스)_디자인학부(패션전공), 경기도_평택대학교(제1캠퍼스)_패션디자인및브랜딩학과, 경기도_한양대학교 ERICA캠퍼스(제1캠퍼스)_주얼리ㆍ패션디자인학과, 경기도_화성의과학대학교(제1캠퍼스)_스타일테크학과, 강원특별자치도_국립강릉원주대학교(제1캠퍼스)_패션디자인학과, 강원특별자치도_상지대학교(제1캠퍼스)_패션뷰티학부 패션디자인전공, 강원특별자치도_상지대학교(제1캠퍼스)_패션디자인학과, 충청북도_건국대학교 글로컬캠퍼스(제1캠퍼스)_패션디자인학과, 충청북도_건국대학교 글로컬캠퍼스(제1캠퍼스)_패션디자인전공, 충청북도_세명대학교(제1캠퍼스)_패션디자인학과, 충청북도_우석대학교(제2캠퍼스)_패션스타일링학과, 충청북도_청주대학교(제1캠퍼스)_아트앤패션디자인학과, 충청북도_청주대학교(제1캠퍼스)_패션디자인학과, 충청북도_충북대학교(제1캠퍼스)_패션디자인정보학과, 충청남도_상명대학교(제2캠퍼스)_패션디자인전공, 충청남도_청운대학교(제1캠퍼스)_패션디자인학과, 충청남도_한서대학교(제1캠퍼스)_의상디자인학과, 충청남도_한서대학교(제1캠퍼스)_패션디자인학과, 전북특별자치도_예원예술대학교(제1캠퍼스)_뷰티패션디자인전공, 전북특별자치도_원광대학교(제1캠퍼스)_패션디자인산업학과, 전북특별자치도_원광디지털대학교(제1캠퍼스)_한국복식과학학과, 전북특별자치도_호원대학교(제1캠퍼스)_패션.미용학부, 전북특별자치도_호원대학교(제1캠퍼스)_패션디자인학과, 전라남도_국립순천대학교(제1캠퍼스)_패션디자인학과, 전라남도_국립순천대학교(제1캠퍼스)_패션디자인학전공, 경상북도_경북대학교(제3캠퍼스)_섬유패션디자인학부 패션디자인전공, 경상북도_경북대학교(제3캠퍼스)_섬유패션디자인학부(섬유공학전공, 패션디자인전공), 경상북도_경일대학교(제1캠퍼스)_디자인학부 패션디자인전공, 경상북도_경일대학교(제1캠퍼스)_K-뷰티융합학부 패션디자인전공, 경상북도_국립경국대학교(제1캠퍼스)_패션ㆍ예술ㆍ체육학부, 경상북도_대구가톨릭대학교(제1캠퍼스)_패션디자인과(예체능), 경상북도_대구대학교(제1캠퍼스)_패션디자인학과, 경상북도_대구예술대학교(제1캠퍼스)_패션코스메틱디자인전공, 경상남도_영산대학교(제1캠퍼스)_디자인학부(패션디자인전공), 경상남도_영산대학교(제1캠퍼스)_패션디자인학과","일반 선택: 독서와 작문, 문학, 대수, 확률과 통계, 영어Ⅰ, 영어Ⅱ, 영어 독해오작문, 미술, 정보 등 | 진로 선택: 주제 탐구 독서, 문학과 영상, 미술 창작, 미술 감상과 비평, 인간과 심리 등 | 융합 선택: 매체 의사소통, 미디어 영어, 세계 문화와 영어, 여행지리, 사회문제 탐구, 미술과 매체 등","공통과목: 사회, 체육ㆍ예술 | 일반선택과목: 사회교과 : 경제, 사회ㆍ문화, 생활과 윤리 | 진로선택과목: 미술 창작, 미술 감상과 비평, 지식 재산 일반, 사회문제 탐구 | 전문교과Ⅰ: 미술 이론, 매체 미술, 세계 문제와 미래 사회, 사회 탐구 방법 및 사회과제 연구 | 전문교과Ⅱ: 디자인 일반, 색채 관리, 정보처리와 관리, 빅데이터 분석","숍마스터, 의류기사1급, 의류기사2급, 컬러리스트기사, 패션디자인산업기사, 패션머천다이징산업기사, 한복산업기사",가방디자이너
449,바이오동물과,"서울특별시_동양미래대학교(제1캠퍼스)_바이오융합공학과, 서울특별시_한양여자대학교(제1캠퍼스)_반려동물보건과, 부산광역시_부산경상대학교(제1캠퍼스)_반려동물보건과, 부산광역시_부산보건대학교(제1캠퍼스)_반려동물보건과, 부산광역시_부산여자대학교(제1캠퍼스)_동물보건과, 인천광역시_경인여자대학교(제1캠퍼스)_반려동물보건학과(3년제), 인천광역시_경인여자대학교(제1캠퍼스)_반려동물보건학과, 인천광역시_경인여자대학교(제1캠퍼스)_반려동물산업학과, 인천광역시_재능대학교(제1캠퍼스)_바이오코스메틱과, 대전광역시_우송정보대학(제1캠퍼스)_동물보건과, 대구광역시_계명문화대학교(제1캠퍼스)_반려동물보건과, 대구광역시_수성대학교(제1캠퍼스)_반려동물보건과, 대구광역시_영남이공대학교(제1캠퍼스)_반려동물보건과, 대구광역시_영진전문대학교(제1캠퍼스)_동물보건과, 경기도_대림대학교(제1캠퍼스)_바이오헬스케어과, 경기도_동원대학교(제1캠퍼스)_동물보건과, 경기도_서정대학교(제1캠퍼스)_반려동물보건과, 경기도_서정대학교(제1캠퍼스)_동물보건과, 경기도_수원여자대학교(제2캠퍼스)_펫케어과, 경기도_신구대학교(제1캠퍼스)_바이오동물전공, 경기도_신안산대학교(제1캠퍼스)_반려동물보건과, 경기도_연성대학교(제1캠퍼스)_반려동물보건과(3년제), 경기도_오산대학교(제1캠퍼스)_동물보건과, 경기도_용인예술과학대학교(제1캠퍼스)_반려동물보건과, 경기도_유한대학교(제1캠퍼스)_반려동물보건학과, 경기도_유한대학교(제1캠퍼스)_건강웰니스학과 반려동물산업전공, 경기도_장안대학교(제1캠퍼스)_바이오동물보건과, 경기도_장안대학교(제1캠퍼스)_바이오동물보호과, 충청북도_대원대학교(제1캠퍼스)_바이오메디컬과, 충청남도_연암대학교(제1캠퍼스)_동물보호학과, 전북특별자치도_전북과학대학교(제1캠퍼스)_천연물바이오과, 전북특별자치도_전주기전대학(제1캠퍼스)_동물보건과, 전라남도_청암대학교(제1캠퍼스)_반려동물보건과, 경상북도_대경대학교(제1캠퍼스)_동물보건과, 경상북도_안동과학대학교(제1캠퍼스)_바이오헴프과","일반 선택: 대수, 미적분 Ⅰ, 확률과 통계, 물리학, 화학, 생명과학, 정보 등 | 진로 선택: 기하, 미적분Ⅱ, 물질과 에너지, 화학 반응의 세계, 세포와 물질대사, 생물의 유전 등 | 융합 선택: 융합과학 탐구, 기후변화와 지속가능한 세계 등","공통과목: 과학, 윤리, 교양, 수학 | 일반선택과목: 과학교과 : 생명과학Ⅰ, 화학Ⅰ | 진로선택과목: 생명과학Ⅱ, 융합과학, 생활과 과학, 화학Ⅱ, 농업생명과학, 사회문제 탐구 | 전문교과Ⅰ: 고급생명과학, 생명과학 실험, 과학과제 연구, 융합과학 탐구, 생태와 환경, 정보과학, 사회탐구 방법 | 전문교과Ⅱ: 생명공학 기술, 인간과 환경","실험동물기술원, 축산산업기사",생명과학시험원
340,반려동물과,"부산광역시_경남정보대학교(제1캠퍼스)_반려동물학과, 부산광역시_경남정보대학교(제1캠퍼스)_반려동물라이프계열, 부산광역시_경남정보대학교(제1캠퍼스)_반려동물케어과, 부산광역시_부산경상대학교(제1캠퍼스)_반려동물산업과, 부산광역시_부산경상대학교(제1캠퍼스)_반려동물과, 부산광역시_부산여자대학교(제1캠퍼스)_반려동물과, 인천광역시_경인여자대학교(제1캠퍼스)_펫토탈케어과, 대전광역시_대덕대학교(제1캠퍼스)_반려동물과, 대전광역시_대덕대학교(제1캠퍼스)_펫토탈케어과, 대전광역시_대전과학기술대학교(제1캠퍼스)_반려동물학과, 대전광역시_대전과학기술대학교(제1캠퍼스)_애완동물과, 대전광역시_대전보건대학교(제1캠퍼스)_반려동물과, 대전광역시_대전보건대학교(제1캠퍼스)_펫토탈케어과, 대전광역시_우송정보대학(제1캠퍼스)_K마이스터 스쿨 펫케어전공, 대전광역시_우송정보대학(제1캠퍼스)_반려동물학부, 대구광역시_계명문화대학교(제1캠퍼스)_펫토탈케어학부, 대구광역시_계명문화대학교(제1캠퍼스)_펫토탈케어과, 대구광역시_영남이공대학교(제1캠퍼스)_반려동물스타일리스트과, 대구광역시_영남이공대학교(제1캠퍼스)_반려동물케어과, 대구광역시_영진전문대학교(제1캠퍼스)_반려동물과, 경기도_경복대학교(제1캠퍼스)_반려동물보건과, 경기도_국제대학교(제1캠퍼스)_반려동물학과, 경기도_국제대학교(제1캠퍼스)_반려동물과, 경기도_동원대학교(제1캠퍼스)_반려동물과, 경기도_부천대학교(제1캠퍼스)_반려동물과, 경기도_서정대학교(제1캠퍼스)_반려동물과, 경기도_서정대학교(제1캠퍼스)_반려동물학과, 경기도_서정대학교(제1캠퍼스)_애완동물과, 경기도_수원여자대학교(제2캠퍼스)_반려동물과, 경기도_신구대학교(제1캠퍼스)_반려동물과, 경기도_신구대학교(제1캠퍼스)_애완동물과, 경기도_신구대학교(제1캠퍼스)_애완동물전공, 경기도_신안산대학교(제1캠퍼스)_반려동물과, 경기도_안산대학교(제1캠퍼스)_동물매개케어학과(성인학습자), 경기도_연성대학교(제1캠퍼스)_반려동물과, 경기도_연성대학교(제1캠퍼스)_반려동물산업과, 경기도_오산대학교(제1캠퍼스)_반려동물관리과, 경기도_용인예술과학대학교(제1캠퍼스)_반려동물과(2년제), 경기도_용인예술과학대학교(제1캠퍼스)_반려동물과, 충청북도_충북보건과학대학교(제1캠퍼스)_반려동물문화학과, 충청북도_충청대학교(제1캠퍼스)_애완동물과, 충청북도_충청대학교(제1캠퍼스)_반려동물과, 충청남도_연암대학교(제1캠퍼스)_동물보호계열, 충청남도_혜전대학교(제1캠퍼스)_애완동물관리과, 충청남도_혜전대학교(제1캠퍼스)_반려동물과, 충청남도_혜전대학교(제1캠퍼스)_반려동물토탈케어과, 전북특별자치도_원광보건대학교(제1캠퍼스)_반려동물산업과, 전북특별자치도_전주기전대학(제1캠퍼스)_반려동물과(자연과학), 전북특별자치도_전주기전대학(제1캠퍼스)_반려동물과, 전북특별자치도_전주기전대학(제1캠퍼스)_애완동물관리과, 전라남도_동아보건대학교(제1캠퍼스)_반려동물전공, 전라남도_청암대학교(제1캠퍼스)_반려동물산업과, 경상북도_가톨릭상지대학교(제1캠퍼스)_반려동물과, 경상북도_구미대학교(제1캠퍼스)_반려동물케어과, 경상북도_대경대학교(제1캠퍼스)_신산업창조학부 동물조련이벤트전공, 경상북도_선린대학교(제1캠퍼스)_반려동물과, 경상북도_안동과학대학교(제1캠퍼스)_반려동물케어과","일반 선택: 대수, 미적분Ⅰ, 확률과 통계, 화학, 생명과학, 지구과학, 정보 등 | 진로 선택: 미적분Ⅱ, 인공지능 수학, 물질과 에너지, 화학 반응의 세계, 세포와 물질대사, 생물의 유전, 생활과학 탐구 등 | 융합 선택: 실용 통계, 기후변화와 환경생태 등","공통과목: 과학, 윤리, 교양, 수학 | 일반선택과목: 과학교과 : 생명과학Ⅰ, 화학Ⅰ | 진로선택과목: 생명과학Ⅱ, 융합과학, 생활과 과학, 화학Ⅱ, 농업생명과학, 사회문제 탐구 | 전문교과Ⅰ: 고급생명과학, 생명과학 실험, 과학과제 연구, 융합과학 탐구, 생태와 환경, 정보과학, 사회탐구 방법 | 전문교과Ⅱ: 생명공학 기술, 인간과 환경","반려동물관리사, 애견미용사, 축산기능사",반려동물미용사
245,산림자원학과,"서울특별시_건국대학교(제1캠퍼스)_산림조경전공, 서울특별시_서울대학교(제1캠퍼스)_산림과학부, 대전광역시_충남대학교(제1캠퍼스)_환경임산자원학부, 대전광역시_충남대학교(제1캠퍼스)_산림환경자원학과, 대구광역시_경북대학교(제1캠퍼스)_산림과학.조경학부 임산공학전공, 대구광역시_경북대학교(제1캠퍼스)_산림과학.조경학부(임학전공,임산공학전공,조경학전공), 대구광역시_경북대학교(제1캠퍼스)_산림과학.조경학부 임학전공, 광주광역시_전남대학교(제1캠퍼스)_산림자원학과, 광주광역시_전남대학교(제1캠퍼스)_산림자원학부, 경기도_국제사이버대학교(제1캠퍼스)_식물치유클리닉학과, 강원특별자치도_가톨릭관동대학교(제1캠퍼스)_산림치유학과, 강원특별자치도_강원대학교(제1캠퍼스)_산림자원학과, 강원특별자치도_강원대학교(제1캠퍼스)_산림환경보호학전공, 강원특별자치도_강원대학교(제1캠퍼스)_산림자원조성학전공, 강원특별자치도_강원대학교(제1캠퍼스)_시설농업학전공, 강원특별자치도_강원대학교(제1캠퍼스)_산림과학부, 강원특별자치도_강원대학교(제1캠퍼스)_산림자원학전공, 강원특별자치도_강원대학교(제1캠퍼스)_산림소재공학전공, 강원특별자치도_강원대학교(제1캠퍼스)_산림환경보호학과, 강원특별자치도_강원대학교(제1캠퍼스)_산림자원보호학전공, 강원특별자치도_강원대학교(제1캠퍼스)_산림응용공학부, 강원특별자치도_상지대학교(제1캠퍼스)_산림조경학부 산림과학전공, 강원특별자치도_상지대학교(제1캠퍼스)_산림과학과, 충청북도_우석대학교(제2캠퍼스)_산림조경원예학과, 충청북도_충북대학교(제1캠퍼스)_산림학과, 충청남도_국립공주대학교(제3캠퍼스)_산림과학과, 충청남도_국립공주대학교(제3캠퍼스)_산림자원학과, 전북특별자치도_전북대학교(제1캠퍼스)_목재응용과학과, 전북특별자치도_전북대학교(제1캠퍼스)_산림자원학과, 전라남도_국립목포대학교(제1캠퍼스)_산림자원, 전라남도_국립순천대학교(제1캠퍼스)_산림자원.조경학부, 전라남도_국립순천대학교(제1캠퍼스)_산림자원학전공, 전라남도_국립순천대학교(제1캠퍼스)_산림자원ㆍ조경학부(산림자원학전공), 경상북도_경북대학교(제3캠퍼스)_산림생태보호학과, 경상북도_국립경국대학교(제1캠퍼스)_산림과학전공, 경상북도_국립경국대학교(제1캠퍼스)_산림과학과, 경상북도_대구가톨릭대학교(제1캠퍼스)_스마트그린케어학과, 경상북도_대구가톨릭대학교(제1캠퍼스)_원예치료전공, 경상북도_대구대학교(제1캠퍼스)_산림자원학과, 경상북도_대구한의대학교(제1캠퍼스)_산림비즈니스학과, 경상북도_영남대학교(제1캠퍼스)_산림자원및조경학과, 경상북도_영남대학교(제1캠퍼스)_산림자원학과, 경상남도_경상국립대학교(제1캠퍼스)_환경산림과학부(통합대학), 경상남도_경상국립대학교(제1캠퍼스)_산림융복합학전공, 경상남도_경상국립대학교(제1캠퍼스)_산림환경자원학전공, 경상남도_경상국립대학교(제1캠퍼스)_농업식물과학과, 경상남도_경상국립대학교(제1캠퍼스)_환경산림과학부 산림융복합학전공(야), 경상남도_경상국립대학교(제1캠퍼스)_산림자원학과, 경상남도_경상국립대학교(제1캠퍼스)_산림환경자원학과","일반 선택: 대수, 미적분Ⅰ, 확률과 통계, 물리학, 화학, 생명과학, 정보 | 진로 선택: 미적분Ⅱ, 인공지능 수학, 한국지리 탐구, 물질과 에너지, 화학 반응의 세계, 세포와 물질대사, 생물의 유전, 지구시스템과학, 생활과학 탐구 | 융합 선택: 실용 통계, 기후변화와 환경생태","공통과목: 과학, 교양, 사회, 영어 | 일반선택과목: 과학교과 : 생명과학Ⅰ, 화학Ⅰ, 지구과학Ⅰ, 물리Ⅰ | 진로선택과목: 생명과학Ⅱ, 융합과학, 생활과 과학, 화학Ⅱ, 농업생명과학, 공학일반, 창의경영, 여행 지리, 실용수학 | 전문교과Ⅰ: 고급 생명과학, 생명과학 실험, 물리화학 실험, 융합과학 탐구, 과학과제 연구, 생태와 환경 | 전문교과Ⅱ: 산림 자원, 산림 휴양, 인간과 환경, 환경화학 기초","산림기사, 생물분류기사, 숲길체험지도사, 유아숲지도사, 임업종묘기사, 자연생태복원기사, 종자기사",산림경영지도원
309,시각디자인학과,"서울특별시_경희사이버대학교(제1캠퍼스)_시각미디어디자인전공, 서울특별시_국민대학교(제1캠퍼스)_AI디자인학과, 서울특별시_국민대학교(제1캠퍼스)_시각디자인학과, 서울특별시_덕성여자대학교(제1캠퍼스)_시각디자인학과, 서울특별시_덕성여자대학교(제1캠퍼스)_시각디자인전공, 서울특별시_동덕여자대학교(제1캠퍼스)_디자인학부 시각&실내디자인전공, 서울특별시_동덕여자대학교(제1캠퍼스)_시각&실내디자인학과, 서울특별시_디지털서울문화예술대학교(제1캠퍼스)_시각영상디자인학과, 서울특별시_서경대학교(제1캠퍼스)_시각정보디자인전공, 서울특별시_서경대학교(제1캠퍼스)_VD_비주얼디자인, 서울특별시_서울과학기술대학교(제1캠퍼스)_시각문화융합디자인학과, 서울특별시_서울과학기술대학교(제1캠퍼스)_디자인학과(시각디자인전공), 서울특별시_서울여자대학교(제1캠퍼스)_시각디자인전공, 서울특별시_숙명여자대학교(제1캠퍼스)_시각ㆍ영상디자인과, 서울특별시_숭실사이버대학교(제1캠퍼스)_뉴미디어디자인학과, 서울특별시_연세대학교(제1캠퍼스)_통합디자인학과, 서울특별시_이화여자대학교(제1캠퍼스)_시각디자인전공, 서울특별시_한양사이버대학교(제1캠퍼스)_시각디자인학과, 서울특별시_한양사이버대학교(제1캠퍼스)_뉴미디어디자인학과, 서울특별시_홍익대학교(제1캠퍼스)_디자인학부 시각디자인전공, 부산광역시_경성대학교(제1캠퍼스)_시각디자인학과, 부산광역시_경성대학교(제1캠퍼스)_시각디자인학전공, 부산광역시_경성대학교(제1캠퍼스)_영상애니메이션학부, 부산광역시_고신대학교(제1캠퍼스)_시각디자인학과, 부산광역시_국립부경대학교(제1캠퍼스)_시각디자인전공, 부산광역시_동명대학교(제1캠퍼스)_시각디자인학과, 부산광역시_동서대학교(제1캠퍼스)_비쥬얼디자인학전공, 부산광역시_동서대학교(제1캠퍼스)_시각디자인전공, 부산광역시_동서대학교(제1캠퍼스)_Digital Design학과, 부산광역시_동서대학교(제1캠퍼스)_시각디자인학전공, 부산광역시_신라대학교(제1캠퍼스)_시각디자인전공, 부산광역시_신라대학교(제1캠퍼스)_시각디자인학전공, 부산광역시_신라대학교(제1캠퍼스)_시각디자인학과, 인천광역시_인천가톨릭대학교(제2캠퍼스)_시각디자인학과, 인천광역시_인하대학교(제1캠퍼스)_디자인테크놀로지학과, 대전광역시_국립한밭대학교(제1캠퍼스)_시각디자인학과, 대전광역시_국립한밭대학교(제1캠퍼스)_시각ㆍ영상디자인학과, 대전광역시_목원대학교(제1캠퍼스)_시각커뮤니케이션디자인학과, 대구광역시_경북대학교(제1캠퍼스)_시각정보디자인학과, 대구광역시_계명대학교(제2캠퍼스)_시각디자인과, 울산광역시_울산대학교(제1캠퍼스)_시각디자인학전공, 광주광역시_광주대학교(제1캠퍼스)_시각영상디자인학과, 광주광역시_조선대학교(제1캠퍼스)_시각디자인학과, 광주광역시_호남대학교(제1캠퍼스)_시각융합디자인학과, 경기도_가천대학교(제1캠퍼스)_미술ㆍ디자인학부(시각디자인전공), 경기도_강남대학교(제1캠퍼스)_복지융합인재학부 유니버설비주얼디자인전공, 경기도_강남대학교(제1캠퍼스)_유니버설아트디자인학과, 경기도_강남대학교(제1캠퍼스)_예체능학부 유니버설아트디자인전공, 경기도_경기대학교(제1캠퍼스)_시각정보디자인전공, 경기도_경희대학교(제2캠퍼스)_시각디자인학과, 경기도_대진대학교(제1캠퍼스)_시각디자인학과, 경기도_명지대학교 자연캠퍼스(제1캠퍼스)_디자인학부 시각디자인전공, 경기도_명지대학교 자연캠퍼스(제1캠퍼스)_비주얼커뮤니케이션디자인전공, 경기도_명지대학교 자연캠퍼스(제1캠퍼스)_디자인학부 영상디자인전공, 경기도_예원예술대학교(제2캠퍼스)_시각영상디자인전공, 경기도_을지대학교(제2캠퍼스)_시각디자인전공, 경기도_중앙대학교(제2캠퍼스)_디자인학부(시각디자인전공), 경기도_한경국립대학교(제1캠퍼스)_시각미디어디자인전공, 경기도_한세대학교(제1캠퍼스)_시각정보디자인학과, 경기도_협성대학교(제1캠퍼스)_시각조형디자인학과, 경기도_협성대학교(제1캠퍼스)_시각디자인학과, 강원특별자치도_가톨릭관동대학교(제1캠퍼스)_CG디자인전공, 강원특별자치도_강원대학교(제2캠퍼스)_시각멀티미디어디자인학과, 강원특별자치도_상지대학교(제1캠퍼스)_시각영상디자인학과, 강원특별자치도_연세대학교 미래캠퍼스(제1캠퍼스)_시각디자인학전공, 충청북도_건국대학교 글로컬캠퍼스(제1캠퍼스)_시각영상디자인학과, 충청북도_건국대학교 글로컬캠퍼스(제1캠퍼스)_시각영상디자인전공, 충청북도_세명대학교(제1캠퍼스)_시각ㆍ영상디자인학과, 충청북도_우석대학교(제2캠퍼스)_시각커뮤니케이션디자인학과, 충청북도_청주대학교(제1캠퍼스)_시각디자인학과, 충청남도_건양대학교(제1캠퍼스)_시각디자인전공, 충청남도_건양대학교(제1캠퍼스)_시각디자인학과, 충청남도_남서울대학교(제1캠퍼스)_시각미디어디자인학과, 충청남도_남서울대학교(제1캠퍼스)_시각정보디자인학과, 충청남도_단국대학교(제2캠퍼스)_시각디자인과, 충청남도_상명대학교(제2캠퍼스)_시각디자인전공, 충청남도_상명대학교(제2캠퍼스)_디자인학부 ARㆍVR미디어디자인전공, 충청남도_상명대학교(제2캠퍼스)_시각디자인학과, 충청남도_선문대학교(제1캠퍼스)_시각디자인학과, 충청남도_한서대학교(제1캠퍼스)_시각디자인학과, 충청남도_호서대학교(제1캠퍼스)_디지털프로덕트디자인학과, 충청남도_호서대학교(제1캠퍼스)_시각디자인학과, 전북특별자치도_예원예술대학교(제1캠퍼스)_시각디자인전공, 전북특별자치도_예원예술대학교(제1캠퍼스)_시각디자인학과, 전북특별자치도_예원예술대학교(제1캠퍼스)_시각ㆍ영상디자인전공, 전북특별자치도_원광대학교(제1캠퍼스)_시각정보디자인학과, 전북특별자치도_전주대학교(제1캠퍼스)_시각디자인학과, 전북특별자치도_전주대학교(제1캠퍼스)_시각디자인전공, 전북특별자치도_호원대학교(제1캠퍼스)_미디어컨텐츠디자인학과, 전라남도_국립목포대학교(제1캠퍼스)_시각디자인, 경상북도_경운대학교(제1캠퍼스)_시각영상애니메이션전공, 경상북도_경일대학교(제1캠퍼스)_디자인학부 시각영상디자인전공, 경상북도_대구가톨릭대학교(제1캠퍼스)_시각영상디자인과, 경상북도_대구가톨릭대학교(제1캠퍼스)_미디어ㆍ디자인전공, 경상북도_대구가톨릭대학교(제1캠퍼스)_시각디자인과, 경상북도_대구대학교(제1캠퍼스)_시각디자인융합학부(서비스마케팅디자인전공), 경상북도_대구대학교(제1캠퍼스)_시각디자인융합학부(시각디자인전공), 경상북도_대구대학교(제1캠퍼스)_시각디자인학과, 경상북도_대구대학교(제1캠퍼스)_시각디자인융합학부, 경상북도_대구예술대학교(제1캠퍼스)_시각콘텐츠학과, 경상북도_대구예술대학교(제1캠퍼스)_시각디자인전공, 경상북도_영남대학교(제1캠퍼스)_시각디자인학과, 경상남도_경상국립대학교(제1캠퍼스)_디자인비즈니스학과, 경상남도_영산대학교(제1캠퍼스)_시각영상디자인전공, 경상남도_영산대학교(제1캠퍼스)_시각영상디자인학과, 세종특별자치시_홍익대학교 세종캠퍼스(제2캠퍼스)_디자인컨버전스학부","일반 선택: 독서와 작문, 문학, 대수, 확률과 통계, 영어Ⅰ, 영어Ⅱ, 영어 독해오작문, 미술, 정보 등 | 진로 선택: 주제 탐구 독서, 문학과 영상, 미술 창작, 미술 감상과 비평, 인간과 심리 등 | 융합 선택: 매체 의사소통, 미디어 영어, 세계 문화와 영어, 여행지리, 사회문제 탐구, 미술과 매체 등","공통과목: 미술, 윤리 | 일반선택과목: 예술교과 : 미술 | 진로선택과목: 미술 창작, 미술 감상과 비평 | 전문교과Ⅰ: 미술 이론, 미술사, 드로잉, 미술 전공 실기 | 전문교과Ⅱ: 디자인 일반, 시각 디자인, 색채 관리","광고디자인산업기사, 시각디자인산업기사, 웹디자인기능사, 의장디자인산업기사, 전자출판기능사, 컬러리스트기사및산업기사, 컴퓨터그래픽스운용기사, 포장디자인산업기사",광고디자이너
458,재활학과,"서울특별시_서울디지털대학교(제1캠퍼스)_예술치료전공, 서울특별시_서울사이버대학교(제1캠퍼스)_음악치료학과, 서울특별시_서울한영대학교(제1캠퍼스)_유아특수재활학과, 서울특별시_성신여자대학교(제1캠퍼스)_운동재활복지학과, 서울특별시_숭실사이버대학교(제1캠퍼스)_스포츠재활복지학과, 서울특별시_총신대학교(제1캠퍼스)_중독재활상담학과, 서울특별시_한국열린사이버대학교(제1캠퍼스)_통합치유학과, 서울특별시_한양사이버대학교(제1캠퍼스)_미술치료학과, 부산광역시_고신대학교(제1캠퍼스)_재활치료학과, 부산광역시_고신대학교(제1캠퍼스)_재활상담학과, 부산광역시_동명대학교(제1캠퍼스)_선명상치유학과, 부산광역시_동명대학교(제1캠퍼스)_스포츠재활학과, 부산광역시_동명대학교(제1캠퍼스)_언어치료청각재활학과, 부산광역시_동서대학교(제1캠퍼스)_운동처방학과, 부산광역시_동서대학교(제1캠퍼스)_시니어운동처방학과, 부산광역시_동서대학교(제1캠퍼스)_운동처방학전공, 부산광역시_부산디지털대학교(제1캠퍼스)_상담치료학부, 부산광역시_부산외국어대학교(제1캠퍼스)_스포츠재활학과, 인천광역시_가천대학교(제2캠퍼스)_운동재활복지학과, 인천광역시_가천대학교(제2캠퍼스)_운동재활학과, 대전광역시_건양사이버대학교(제1캠퍼스)_행동발달치료학과, 대전광역시_건양사이버대학교(제1캠퍼스)_행동재활치료학과, 대전광역시_우송대학교(제1캠퍼스)_언어치료ㆍ청각재활학과, 광주광역시_광주대학교(제1캠퍼스)_언어재활상담학과, 광주광역시_광주여자대학교(제1캠퍼스)_미래융합학부(언어재활전공), 광주광역시_광주여자대학교(제1캠퍼스)_미래융합학부(언어재활심리학과), 광주광역시_송원대학교(제1캠퍼스)_재활보건관리학과(자연), 광주광역시_송원대학교(제1캠퍼스)_재활보건학과, 경기도_가천대학교(제1캠퍼스)_운동재활학과, 경기도_차의과학대학교(제1캠퍼스)_미술치료학과, 경기도_한경국립대학교(제2캠퍼스)_의료재활공학전공, 경기도_한신대학교(제1캠퍼스)_재활학과, 경기도_한신대학교(제1캠퍼스)_재활상담학과, 경기도_한신대학교(제1캠퍼스)_재활상담학, 강원특별자치도_가톨릭관동대학교(제1캠퍼스)_중독재활상담학과, 강원특별자치도_가톨릭관동대학교(제1캠퍼스)_언어재활상담학과, 강원특별자치도_가톨릭관동대학교(제1캠퍼스)_치매전문재활학과, 강원특별자치도_가톨릭관동대학교(제1캠퍼스)_중독재활학과, 강원특별자치도_가톨릭관동대학교(제1캠퍼스)_통합치유학과, 강원특별자치도_가톨릭관동대학교(제1캠퍼스)_언어재활학과, 강원특별자치도_상지대학교(제1캠퍼스)_놀이심리치료학과, 강원특별자치도_연세대학교 미래캠퍼스(제1캠퍼스)_재활보건학전공, 충청북도_극동대학교(제1캠퍼스)_재활상담치료학과, 충청북도_서원대학교(제1캠퍼스)_헬스케어운동학과, 충청남도_건양대학교(제1캠퍼스)_재활퍼스널트레이닝학과, 충청남도_건양대학교(제1캠퍼스)_심리상담치료학과, 충청남도_나사렛대학교(제1캠퍼스)_재활자립학부, 충청남도_나사렛대학교(제1캠퍼스)_재활공학과, 충청남도_나사렛대학교(제1캠퍼스)_심리재활학전공, 충청남도_나사렛대학교(제1캠퍼스)_재활학트랙, 충청남도_나사렛대학교(제1캠퍼스)_인간재활학전공, 충청남도_단국대학교(제2캠퍼스)_운동처방재활학과, 충청남도_한서대학교(제1캠퍼스)_의료재활학과, 전북특별자치도_우석대학교(제1캠퍼스)_재활학과, 전북특별자치도_전주대학교(제1캠퍼스)_운동처방학과, 전북특별자치도_전주대학교(제1캠퍼스)_재활학과, 전북특별자치도_전주대학교(제1캠퍼스)_예술심리치료학과, 전북특별자치도_한일장신대학교(제1캠퍼스)_운동처방재활학과, 전북특별자치도_호원대학교(제1캠퍼스)_보건헬스케어학과, 전라남도_동신대학교(제1캠퍼스)_운동처방학과, 경상북도_김천대학교(제1캠퍼스)_스포츠재활학과, 경상북도_대구가톨릭대학교(제1캠퍼스)_의료재활학과, 경상북도_대구가톨릭대학교(제1캠퍼스)_재활치료전공, 경상북도_대구대학교(제1캠퍼스)_의료재활학과, 경상북도_대구대학교(제1캠퍼스)_재활과학계열, 경상북도_대구대학교(제1캠퍼스)_재활심리학과, 경상북도_대구대학교(제1캠퍼스)_재활상담학과, 경상북도_대구대학교(제1캠퍼스)_재활건강증진학과, 경상북도_대구사이버대학교(제1캠퍼스)_놀이치료학과, 경상북도_대구사이버대학교(제1캠퍼스)_발달재활학과, 경상북도_대구사이버대학교(제1캠퍼스)_심리운동학과, 경상북도_대구사이버대학교(제1캠퍼스)_재활상담학과, 경상북도_대구사이버대학교(제1캠퍼스)_미술치료학과, 경상북도_대구예술대학교(제1캠퍼스)_복지&심리상담전공, 경상북도_대구한의대학교(제1캠퍼스)_미술놀이치료학과, 경상북도_대구한의대학교(제1캠퍼스)_노인재활치료학과, 경상북도_대구한의대학교(제1캠퍼스)_미술심리치료전공, 경상북도_대구한의대학교(제1캠퍼스)_미술치료학전공, 경상북도_대구한의대학교(제1캠퍼스)_재활치료학전공, 경상북도_대구한의대학교(제1캠퍼스)_미술심리치료학과, 경상북도_대구한의대학교(제1캠퍼스)_치유산업학과, 경상북도_대구한의대학교(제1캠퍼스)_재활치료학부, 경상북도_신경주대학교(제1캠퍼스)_스포츠재활학과, 경상남도_가야대학교(제1캠퍼스)_스포츠재활복지학과, 경상남도_가야대학교(제1캠퍼스)_스포츠재활복지학부, 경상남도_영산대학교(제1캠퍼스)_실버재활학과, 제주특별자치도_제주국제대학교(제1캠퍼스)_복지상담학부 언어치료학전공","일반 선택: 물리학, 화학, 생명과학, 현대사회와 윤리 등 | 진로 선택: 세포와 물질대사, 생물의 유전, 법과 사회, 보건 등 | 융합 선택: 융합과학 탐구 등","공통과목: 영어, 과학 | 일반선택과목: 영어교과 : 영어Ⅰ, 영어Ⅱ, 영어 독해와 작문 | 진로선택과목: 생명과학Ⅱ | 전문교과Ⅰ: 체육지도법, 개인ㆍ대인 운동, 체육 전공 실기 응용 | 전문교과Ⅱ: 인체 구조와 기능, 기초 간호 임상 실무, 보건 간호","물리치료사, 작업치료사, 특수교육교사",물리치료사
10027,스포츠재활과,"서울특별시_서일대학교(제1캠퍼스)_스포츠헬스케어학과, 부산광역시_경남정보대학교(제1캠퍼스)_스포츠재활지도학과, 부산광역시_경남정보대학교(제1캠퍼스)_뷰티헬스과, 부산광역시_경남정보대학교(제1캠퍼스)_스포츠재활트레이닝과, 부산광역시_동의과학대학교(제1캠퍼스)_스포츠재활트레이닝과, 부산광역시_부산과학기술대학교(제1캠퍼스)_재활운동건강과, 부산광역시_부산보건대학교(제1캠퍼스)_스포츠재활과(자연), 부산광역시_부산여자대학교(제1캠퍼스)_아동스포츠재활무용과(3년제), 부산광역시_부산예술대학교(제1캠퍼스)_스포츠재활&다이어트과, 인천광역시_경인여자대학교(제1캠퍼스)_스포츠헬스케어학과, 인천광역시_인하공업전문대학(제1캠퍼스)_스포츠헬스케어학과, 인천광역시_재능대학교(제1캠퍼스)_스포츠재활과, 대구광역시_대구보건대학교(제1캠퍼스)_스포츠재활학과, 대구광역시_영남이공대학교(제1캠퍼스)_스포츠재활ㆍ운동관리과, 대구광역시_영남이공대학교(제1캠퍼스)_스포츠건강재활계열, 대구광역시_영남이공대학교(제1캠퍼스)_스포츠재활과, 대구광역시_영진전문대학교(제1캠퍼스)_스포츠재활과, 울산광역시_울산과학대학교(제1캠퍼스)_스포츠재활학부 스포츠지도전공, 울산광역시_울산과학대학교(제1캠퍼스)_스포츠재활학부 스포츠재활전공(자연과학계열), 울산광역시_울산과학대학교(제1캠퍼스)_스포츠재활학부 스포츠재활전공, 울산광역시_울산과학대학교(제1캠퍼스)_스포츠재활학부(자연과학계열), 울산광역시_울산과학대학교(제1캠퍼스)_스포츠건강재활학과, 울산광역시_울산과학대학교(제1캠퍼스)_스포츠재활학부 스포츠지도전공(자연과학계열), 광주광역시_동강대학교(제1캠퍼스)_스포츠재활트레이닝과, 광주광역시_조선이공대학교(제1캠퍼스)_스포츠재활과, 광주광역시_조선이공대학교(제1캠퍼스)_스포츠재활학부 스포츠재활전공, 광주광역시_조선이공대학교(제1캠퍼스)_스포츠재활학과, 광주광역시_조선이공대학교(제1캠퍼스)_스포츠재활학부, 광주광역시_조선이공대학교(제1캠퍼스)_스포츠재활학부 웰빙헬스케어전공, 경기도_국제대학교(제1캠퍼스)_스포츠헬스케어학과, 경기도_대림대학교(제1캠퍼스)_스포츠재활학부, 경기도_대림대학교(제1캠퍼스)_스포츠재활과(스포츠학부), 경기도_두원공과대학교(제1캠퍼스)_재활운동과학과, 경기도_두원공과대학교(제1캠퍼스)_스포츠재활치료과, 경기도_두원공과대학교(제1캠퍼스)_재활운동과학과(2년제), 경기도_두원공과대학교(제2캠퍼스)_스포츠재활과, 경기도_부천대학교(제1캠퍼스)_재활스포츠과, 경기도_부천대학교(제1캠퍼스)_재활스포츠학과, 경기도_신구대학교(제1캠퍼스)_스포츠재활과, 경기도_여주대학교(제1캠퍼스)_건강운동재활학과, 경기도_연성대학교(제1캠퍼스)_스포츠재활과, 경기도_연성대학교(제1캠퍼스)_스포츠케어과, 경기도_유한대학교(제1캠퍼스)_건강웰니스학과 스포츠재활전공, 경기도_장안대학교(제1캠퍼스)_운동처방과, 경기도_장안대학교(제1캠퍼스)_스포츠재활과, 강원특별자치도_강릉영동대학교(제1캠퍼스)_스포츠레저헬스케어계열, 강원특별자치도_강릉영동대학교(제1캠퍼스)_스포츠재활전공, 강원특별자치도_한국골프과학기술대학교(제1캠퍼스)_골프재활과, 강원특별자치도_한국골프과학기술대학교(제1캠퍼스)_골프재활헬스케어과, 충청북도_강동대학교(제1캠퍼스)_스포츠재활과, 충청북도_대원대학교(제1캠퍼스)_운동재활과, 충청북도_충북보건과학대학교(제1캠퍼스)_스포츠과학과, 충청북도_충북보건과학대학교(제1캠퍼스)_스포츠재활과, 충청북도_충청대학교(제1캠퍼스)_스포츠재활과, 충청북도_충청대학교(제1캠퍼스)_사회체육학부 스포츠재활과, 전북특별자치도_전주기전대학(제1캠퍼스)_운동재활과, 전북특별자치도_전주기전대학(제1캠퍼스)_말산업스포츠재활과, 전북특별자치도_전주기전대학(제1캠퍼스)_운동재활과(예체능), 전라남도_나주대학교(제1캠퍼스)_재활복지스포츠학부, 전라남도_목포과학대학교(제1캠퍼스)_스포츠과학과, 전라남도_전남과학대학교(제1캠퍼스)_뉴로테크헬스케어학과, 전라남도_청암대학교(제1캠퍼스)_재활스포츠과, 경상북도_대경대학교(제1캠퍼스)_스포츠재활과, 경상북도_문경대학교(제1캠퍼스)_스포츠재활과, 경상남도_경남도립거창대학(제1캠퍼스)_스포츠재활운동관리과, 경상남도_김해대학교(제1캠퍼스)_스포츠재활과(축구), 경상남도_동원과학기술대학교(제1캠퍼스)_스포츠재활운동학과, 경상남도_동원과학기술대학교(제1캠퍼스)_재활스포츠과, 경상남도_동원과학기술대학교(제1캠퍼스)_스포츠재활학부, 경상남도_동원과학기술대학교(제1캠퍼스)_스포츠재활운동학부","일반 선택: 독서와 작문, 문학, 대수, 미적분Ⅰ, 확률과 통계, 영어 I,프, 영어 독해와 작문, 현대사회와 윤리, 생명과학, 화학, 정보, 교육학 등 | 진로 선택: 법과 사회, 물질과 에너지, 화학 반응의 세계, 세포와 물질대사, 생물의 유전 등 | 융합 선택: 실생활 영어 회화, 실용 통계, 윤리문제 탐구 등","공통과목: 체육, 윤리 | 일반선택과목: 체육교과 : 체육, 운동과 건강 | 진로선택과목: 스포츠 생활, 체육 탐구 | 전문교과Ⅰ: 스포츠 개론, 체육 지도법, 체육 전공 실기 기초, 체육 전공 실기 심화, 체육 전공 실기 응용 | 전문교과Ⅱ: 인체 구조와 기능, 간호의 기초","사회복지사, 생활스포츠지도자, 요양보호사, 응급구조사, 장애인재활상담사",간병인
20,건축학과,"서울특별시_건국대학교(제1캠퍼스)_건축설계전공, 서울특별시_건국대학교(제1캠퍼스)_건축학부, 서울특별시_건국대학교(제1캠퍼스)_건축학전공, 서울특별시_건국대학교(제1캠퍼스)_건축학과, 서울특별시_고려대학교(제1캠퍼스)_건축사회환경공학부, 서울특별시_고려대학교(제1캠퍼스)_건축학과, 서울특별시_고려사이버대학교(제1캠퍼스)_건축공학부, 서울특별시_광운대학교(제1캠퍼스)_건축학과, 서울특별시_국민대학교(제1캠퍼스)_건축학전공, 서울특별시_국민대학교(제1캠퍼스)_건축시스템전공, 서울특별시_국민대학교(제1캠퍼스)_건축설계전공, 서울특별시_국민대학교(제1캠퍼스)_건축학부, 서울특별시_동국대학교(제1캠퍼스)_건축공학부, 서울특별시_동국대학교(제1캠퍼스)_건축학전공, 서울특별시_삼육대학교(제1캠퍼스)_건축학과(5년제), 서울특별시_삼육대학교(제1캠퍼스)_건축학과(4년제), 서울특별시_서울과학기술대학교(제1캠퍼스)_건축학부건축학전공, 서울특별시_서울과학기술대학교(제1캠퍼스)_건축학부건축공학전공, 서울특별시_서울대학교(제1캠퍼스)_건축학과(건축공학전공), 서울특별시_서울대학교(제1캠퍼스)_건축학과(건축학전공(5년)), 서울특별시_서울대학교(제1캠퍼스)_건축학과, 서울특별시_서울사이버대학교(제1캠퍼스)_건축공간디자인학과, 서울특별시_서울시립대학교(제1캠퍼스)_건축학부 건축학전공(5년제), 서울특별시_서울시립대학교(제1캠퍼스)_건축학부 건축공학전공, 서울특별시_세종대학교(제1캠퍼스)_건축학과, 서울특별시_세종대학교(제1캠퍼스)_건축학전공, 서울특별시_세종사이버대학교(제1캠퍼스)_건축ㆍ도시계획학과, 서울특별시_숭실대학교(제1캠퍼스)_건축학부 실내건축전공, 서울특별시_숭실대학교(제1캠퍼스)_건축학부 건축학전공, 서울특별시_숭실대학교(제1캠퍼스)_건축학부, 서울특별시_숭실대학교(제1캠퍼스)_건축학부 건축공학전공, 서울특별시_숭실사이버대학교(제1캠퍼스)_건설스마트안전공학과, 서울특별시_연세대학교(제1캠퍼스)_건축학(5년제), 서울특별시_연세대학교(제1캠퍼스)_실내건축학과, 서울특별시_연세대학교(제1캠퍼스)_건축공학(4년제), 서울특별시_이화여자대학교(제1캠퍼스)_건축학전공(5년), 서울특별시_이화여자대학교(제1캠퍼스)_건축도시시스템공학과, 서울특별시_이화여자대학교(제1캠퍼스)_건축학과(5년), 서울특별시_이화여자대학교(제1캠퍼스)_건축도시시스템공학전공, 서울특별시_중앙대학교(제1캠퍼스)_건축학부(건축공학전공), 서울특별시_중앙대학교(제1캠퍼스)_건축학부(건축학전공), 서울특별시_중앙대학교(제1캠퍼스)_건축학부, 서울특별시_한국예술종합학교(제1캠퍼스)_건축과, 서울특별시_한양대학교(제1캠퍼스)_건축학부, 서울특별시_한양대학교(제1캠퍼스)_건축공학부, 서울특별시_한양사이버대학교(제1캠퍼스)_건축공간디자인학과, 서울특별시_한양사이버대학교(제1캠퍼스)_건축도시공학과, 서울특별시_홍익대학교(제1캠퍼스)_건축학부 건축학전공(5년제), 서울특별시_홍익대학교(제1캠퍼스)_건축학부, 서울특별시_홍익대학교(제1캠퍼스)_건축학부 실내건축학전공, 부산광역시_경성대학교(제1캠퍼스)_실내건축학과, 부산광역시_경성대학교(제1캠퍼스)_건축학과(5년제), 부산광역시_국립부경대학교(제1캠퍼스)_건축학전공(5년), 부산광역시_국립한국해양대학교(제1캠퍼스)_해양건축공학과, 부산광역시_동명대학교(제1캠퍼스)_건축학과(5년제), 부산광역시_동명대학교(제1캠퍼스)_실내건축학과, 부산광역시_동명대학교(제1캠퍼스)_건축학과, 부산광역시_동서대학교(제1캠퍼스)_건축학과, 부산광역시_동서대학교(제1캠퍼스)_건축설계학전공, 부산광역시_동아대학교(제1캠퍼스)_건축학과 건축학전공(5년제), 부산광역시_동아대학교(제1캠퍼스)_건축학과 실내건축디자인전공, 부산광역시_동아대학교(제1캠퍼스)_건축학과(5년제), 부산광역시_동아대학교(제1캠퍼스)_건축학과, 부산광역시_동의대학교(제1캠퍼스)_건축학과, 부산광역시_동의대학교(제1캠퍼스)_건축학전공, 부산광역시_부산대학교(제1캠퍼스)_건축학과, 부산광역시_부산대학교(제1캠퍼스)_건축학과(5년제), 부산광역시_신라대학교(제1캠퍼스)_건축학과, 부산광역시_신라대학교(제1캠퍼스)_건축학전공, 부산광역시_신라대학교(제1캠퍼스)_건축학부, 부산광역시_신라대학교(제1캠퍼스)_건축학전공(5년제), 부산광역시_신라대학교(제1캠퍼스)_건축학과(4년제, 5년제), 부산광역시_영산대학교(제2캠퍼스)_건축플랜트학과, 인천광역시_인천대학교(제1캠퍼스)_도시건축학전공, 인천광역시_인천대학교(제1캠퍼스)_도시건축학부, 인천광역시_인하대학교(제1캠퍼스)_건축학전공, 인천광역시_인하대학교(제1캠퍼스)_건축학부, 대전광역시_건양대학교(제2캠퍼스)_건축학과, 대전광역시_국립한밭대학교(제1캠퍼스)_건축학과(5년제), 대전광역시_대전대학교(제1캠퍼스)_건축학과(4), 대전광역시_대전대학교(제1캠퍼스)_건축학과(5), 대전광역시_목원대학교(제1캠퍼스)_건축학부 건축공학전공, 대전광역시_목원대학교(제1캠퍼스)_건축학부 건축학전공(5년제), 대전광역시_목원대학교(제1캠퍼스)_건축학부, 대전광역시_배재대학교(제1캠퍼스)_건축학전공, 대전광역시_배재대학교(제1캠퍼스)_건축학부, 대전광역시_배재대학교(제1캠퍼스)_실내건축학과, 대전광역시_배재대학교(제1캠퍼스)_건축학과, 대전광역시_충남대학교(제1캠퍼스)_스마트시티건축공학과, 대전광역시_충남대학교(제1캠퍼스)_건축학과(5), 대전광역시_한남대학교(제1캠퍼스)_건축학과(5년제), 대구광역시_경북대학교(제1캠퍼스)_건축학부(건축학전공), 대구광역시_경북대학교(제1캠퍼스)_건축학부(건축공학전공), 대구광역시_계명대학교(제1캠퍼스)_건축학과, 울산광역시_울산대학교(제1캠퍼스)_건축학전공, 울산광역시_울산대학교(제1캠퍼스)_건축학부, 광주광역시_광주대학교(제1캠퍼스)_건축학부, 광주광역시_전남대학교(제1캠퍼스)_건축도시설계전공(5년), 광주광역시_전남대학교(제1캠퍼스)_건축학부, 광주광역시_조선대학교(제1캠퍼스)_건축학과(5년제), 광주광역시_호남대학교(제1캠퍼스)_건축학전공, 광주광역시_호남대학교(제1캠퍼스)_건축학부, 광주광역시_호남대학교(제1캠퍼스)_건축학과, 경기도_가천대학교(제1캠퍼스)_실내건축학전공, 경기도_가천대학교(제1캠퍼스)_건축학부, 경기도_가천대학교(제1캠퍼스)_건축학전공, 경기도_경기대학교(제1캠퍼스)_건축학과, 경기도_경기대학교(제1캠퍼스)_건축안전공학과, 경기도_경희대학교(제2캠퍼스)_건축학과, 경기도_단국대학교(제1캠퍼스)_건축학부 건축학전공, 경기도_단국대학교(제1캠퍼스)_건축학과, 경기도_단국대학교(제1캠퍼스)_건축학부, 경기도_단국대학교(제1캠퍼스)_건축학부 건축공학전공, 경기도_대진대학교(제1캠퍼스)_건축공학부, 경기도_명지대학교 자연캠퍼스(제1캠퍼스)_건축학부(건축학전공/전통건축전공) (5년제), 경기도_명지대학교 자연캠퍼스(제1캠퍼스)_건축대학, 경기도_명지대학교 자연캠퍼스(제1캠퍼스)_건축학부 전통건축전공(5년제), 경기도_명지대학교 자연캠퍼스(제1캠퍼스)_건축학부 건축학전공(5년제), 경기도_성균관대학교(제2캠퍼스)_건축학과, 경기도_수원대학교(제1캠퍼스)_건축학, 경기도_수원대학교(제1캠퍼스)_건축도시부동산학부, 경기도_아주대학교(제1캠퍼스)_건축학과, 경기도_중부대학교(제2캠퍼스)_건축학전공, 경기도_중부대학교(제2캠퍼스)_건축학과, 경기도_한경국립대학교(제1캠퍼스)_건축학전공, 경기도_한경국립대학교(제1캠퍼스)_건축융합학부, 경기도_한양대학교 ERICA캠퍼스(제1캠퍼스)_스마트융합공학부 건축IT융합전공, 경기도_한양대학교 ERICA캠퍼스(제1캠퍼스)_건축학전공, 경기도_한양대학교 ERICA캠퍼스(제1캠퍼스)_스마트융합공학부 지속가능건축융합전공, 강원특별자치도_가톨릭관동대학교(제1캠퍼스)_건축학부, 강원특별자치도_가톨릭관동대학교(제1캠퍼스)_건축학전공, 강원특별자치도_강원대학교(제1캠퍼스)_건축학과(5), 강원특별자치도_강원대학교(제2캠퍼스)_건축학전공(5년제), 강원특별자치도_강원대학교(제2캠퍼스)_건축시스템공학과, 강원특별자치도_강원대학교(제2캠퍼스)_해양건설시스템공학과, 강원특별자치도_강원대학교(제1캠퍼스)_건축학전공(5년제), 강원특별자치도_강원대학교(제2캠퍼스)_건설융합학부 건축학전공, 강원특별자치도_강원대학교(제2캠퍼스)_건축학과(5), 강원특별자치도_강원대학교(제1캠퍼스)_건축학부, 강원특별자치도_강원대학교(제2캠퍼스)_건설융합학부 건축공학전공, 강원특별자치도_강원대학교(제2캠퍼스)_건설융합학부, 강원특별자치도_한라대학교(제1캠퍼스)_건축학과, 충청북도_국립한국교통대학교(제1캠퍼스)_건축학과, 충청북도_국립한국교통대학교(제1캠퍼스)_건축학전공, 충청북도_국립한국교통대학교(제1캠퍼스)_건축학부, 충청북도_서원대학교(제1캠퍼스)_건축학과, 충청북도_세명대학교(제1캠퍼스)_건축학과, 충청북도_우석대학교(제2캠퍼스)_건축학과, 충청북도_우석대학교(제2캠퍼스)_건축ㆍ인테리어디자인학과, 충청북도_청주대학교(제1캠퍼스)_건축학과(5), 충청북도_청주대학교(제1캠퍼스)_건축학과, 충청북도_청주대학교(제1캠퍼스)_건축학ㆍ건축공학전공, 충청북도_충북대학교(제1캠퍼스)_건축학과, 충청남도_국립공주대학교(제2캠퍼스)_건축학과, 충청남도_국립공주대학교(제2캠퍼스)_그린스마트건축공학과, 충청남도_국립공주대학교(제2캠퍼스)_건축학부 건축공학전공, 충청남도_국립공주대학교(제2캠퍼스)_건축학부 건축학전공, 충청남도_남서울대학교(제1캠퍼스)_건축학과(5), 충청남도_선문대학교(제1캠퍼스)_건축학부, 충청남도_선문대학교(제1캠퍼스)_건축사회환경공학부, 충청남도_순천향대학교(제1캠퍼스)_건축학과(5), 충청남도_한국기술교육대학교(제1캠퍼스)_디자인ㆍ건축공학부, 충청남도_한국기술교육대학교(제1캠퍼스)_건축공학부, 충청남도_한국전통문화대학교(제1캠퍼스)_전통건축학과, 충청남도_한서대학교(제1캠퍼스)_건축학과, 충청남도_호서대학교(제1캠퍼스)_건축학과, 전북특별자치도_국립군산대학교(제1캠퍼스)_건축ㆍ해양건설융합공학부, 전북특별자치도_국립군산대학교(제1캠퍼스)_해양건설공학과, 전북특별자치도_국립군산대학교(제1캠퍼스)_건축공학부, 전북특별자치도_국립군산대학교(제1캠퍼스)_공간디자인융합기술학부(공간디자인융합기술학전공), 전북특별자치도_국립군산대학교(제1캠퍼스)_공간디자인융합기술학부, 전북특별자치도_국립군산대학교(제1캠퍼스)_건축공학부(건축공학전공), 전북특별자치도_원광대학교(제1캠퍼스)_건축학과, 전북특별자치도_전북대학교(제1캠퍼스)_한옥학과, 전북특별자치도_전북대학교(제1캠퍼스)_한옥건축학과, 전북특별자치도_전주대학교(제1캠퍼스)_건축학과, 전북특별자치도_호원대학교(제1캠퍼스)_건축인테리어학과, 전북특별자치도_호원대학교(제1캠퍼스)_건축학과, 전라남도_국립목포대학교(제1캠퍼스)_건축학과, 전라남도_국립목포해양대학교(제1캠퍼스)_해양건설공학과, 전라남도_국립목포해양대학교(제1캠퍼스)_해양ㆍ플랜트건설공학과, 전라남도_국립순천대학교(제1캠퍼스)_건축학부, 전라남도_동신대학교(제1캠퍼스)_건축학과, 전라남도_초당대학교(제1캠퍼스)_건축학과, 경상북도_경일대학교(제1캠퍼스)_건축디자인과(5년제), 경상북도_국립금오공과대학교(제1캠퍼스)_건축학전공(5년), 경상북도_대구가톨릭대학교(제1캠퍼스)_건축학과, 경상북도_대구한의대학교(제1캠퍼스)_건축학전공, 경상북도_대구한의대학교(제1캠퍼스)_스마트시티건축학전공, 경상북도_동양대학교(제1캠퍼스)_스마트건축공학과, 경상북도_동양대학교(제1캠퍼스)_건축소방안전학과, 경상북도_신경주대학교(제1캠퍼스)_전통건축학과, 경상북도_영남대학교(제1캠퍼스)_건축학부, 경상북도_영남대학교(제1캠퍼스)_건축디자인전공, 경상북도_영남대학교(제1캠퍼스)_건축학전공, 경상남도_경남대학교(제1캠퍼스)_건축학전공(5년), 경상남도_경남대학교(제1캠퍼스)_건축학부, 경상남도_경상국립대학교(제1캠퍼스)_건축학과, 경상남도_경상국립대학교(제1캠퍼스)_건축공학부, 경상남도_경상국립대학교(제1캠퍼스)_건축시스템공학전공, 경상남도_국립창원대학교(제1캠퍼스)_건축학부 건축공학전공, 경상남도_국립창원대학교(제1캠퍼스)_건축학부 건축학전공, 경상남도_국립창원대학교(제1캠퍼스)_건축학전공, 경상남도_인제대학교(제1캠퍼스)_실내건축학과(예체능), 경상남도_인제대학교(제1캠퍼스)_건축학과, 경상남도_인제대학교(제1캠퍼스)_실내건축학과, 제주특별자치도_제주국제대학교(제1캠퍼스)_건설공학부 건축학전공, 제주특별자치도_제주국제대학교(제1캠퍼스)_건축학과, 제주특별자치도_제주대학교(제1캠퍼스)_건축학과, 제주특별자치도_제주대학교(제1캠퍼스)_건축학전공, 세종특별자치시_홍익대학교 세종캠퍼스(제2캠퍼스)_건축공학부 건축디자인전공(5년제), 세종특별자치시_홍익대학교 세종캠퍼스(제2캠퍼스)_건축공학부, 세종특별자치시_홍익대학교 세종캠퍼스(제2캠퍼스)_건축공학부 건축학전공(5년제), 세종특별자치시_홍익대학교 세종캠퍼스(제2캠퍼스)_건축공학부 건축공학전공","일반 선택: 대수, 미적분 Ⅰ,확률과 통계, 물리학, 화학, 세계시민과 지리, 사회와 문화, 세계사 등 | 진로 선택: 기하, 미적분Ⅱ, 도시의 미래 탐구, 역학과 에너지, 물질과 에너지,화학 반응의 세계, 지구시스템과학, 한국지리탐구 등 | 융합 선택: 융합 과학 탐구, 과학의 역사와 문화, 기후변화와 환경생태, 창의공학 설계, 기후변화와 지속가능한 세계 등","공통과목: 수학, 사회, 과학, 기술ㆍ가정 | 일반선택과목: 수학교과 : 수학ⅠㆍⅡ, 미적분, 확률과 통계 | 진로선택과목: 실용수학, 기하, 수학과제 탐구, 사회문제 탐구, 물리학Ⅱ, 화학Ⅱ, 지구과학Ⅱ, 생활과 과학, 융합과학, 공학 일반 | 전문교과Ⅰ: 심화수학ⅠㆍⅡ, 고급 수학ⅠㆍⅡ, 고급 물리학, 물리학 실험, 고급 화학, 화학 실험, 고급 지구과학, 지구과학 실험, 정보과학, 생태와 환경, 과학과제 연구, 지역 이해, 세계 문제와 미래 사회, 사회과제 연구 | 전문교과Ⅱ: 건축 일반, 건축 도면 해석과 제도, 프로그래밍","건설안전기사, 건설재료시험기사, 건축구조기술사, 건축기계정비기술사, 건축기사, 건축목재시공기능장, 건축사, 건축설비기사, 건축시공기술사, 건축일반시공기능장, 건축전기설비기술사, 도시계획기사, 수질환경기사, 실내건축기사, 지적기사, 철도보선산업기사, 토목기사",건설공사품질관리원
10030,문화재보존학과,"서울특별시_동국대학교(제1캠퍼스)_문화재학과, 경기도_용인대학교(제1캠퍼스)_문화재학과, 경기도_중앙승가대학교(제1캠퍼스)_문화재학전공, 충청남도_국립공주대학교(제1캠퍼스)_문화재보존과학과, 충청남도_한국전통문화대학교(제1캠퍼스)_문화재보존과학과, 충청남도_한국전통문화대학교(제1캠퍼스)_무형유산학과, 충청남도_한국전통문화대학교(제1캠퍼스)_보존과학과, 충청남도_한국전통문화대학교(제1캠퍼스)_문화재관리학과, 충청남도_한국전통문화대학교(제1캠퍼스)_국가유산관리학과, 충청남도_한서대학교(제1캠퍼스)_문화재보존학과, 전북특별자치도_예원예술대학교(제1캠퍼스)_문화재보존예술학과, 전라남도_국립목포대학교(제1캠퍼스)_문화유산, 경상북도_국립경국대학교(제1캠퍼스)_문화유산학전공, 경상북도_신경주대학교(제1캠퍼스)_문화유산학부, 경상북도_신경주대학교(제1캠퍼스)_문화재학과, 경상남도_경남대학교(제1캠퍼스)_문화유산복원예술학과","일반 선택: 문학, 독서와 작문, 사회와 문화, 세계시민과 지리, 세계사, 화학, 정보 등 | 진로 선택: 한국지리 탐구, 동아시아 역사 기행, 법과 사회, 인문학과 윤리, 화학 반응의 세계, 미술 감상과 비평, 한문고전 일기, 삶과 종교 등 | 융합 선택: 수학과 문화, 여행지리, 역사로 탐구하는 현대 세계, 사회문제 탐구, 미술과 매체, 지식 재산 일반, 언어생활과 한자 등","공통과목: 사회, 역사, 한문, 수학, 영어, 제2외국어 | 일반선택과목: 사회교과 : 사회문화, 세계사, 동아시아사, 한국지리, 윤리와 사상 | 진로선택과목: 사회문제 탐구, 고전 읽기, 고전과 윤리, 여행지리, 현대 세계의 변화 | 전문교과Ⅰ: 사회탐구 방법, 사회과제 연구, 한국 사회의 이해, 비교 문화, 지역 이해 | 전문교과Ⅱ: 문화콘텐츠 산업 일반","문화재수리기능자, 문화재수리기술자, 박물관및미술관준학예사",문화재보존원
10156,패션디자인학과,"서울특별시_건국대학교(제1캠퍼스)_의상디자인학과, 서울특별시_국민대학교(제1캠퍼스)_의상디자인학과, 서울특별시_덕성여자대학교(제1캠퍼스)_의상디자인학과, 서울특별시_덕성여자대학교(제1캠퍼스)_의상디자인전공, 서울특별시_동덕여자대학교(제1캠퍼스)_패션디자인학과, 서울특별시_동덕여자대학교(제1캠퍼스)_디자인학부 패션디자인전공, 서울특별시_서경대학교(제1캠퍼스)_무대패션전공, 서울특별시_세종대학교(제1캠퍼스)_패션디자인학과, 서울특별시_세종사이버대학교(제1캠퍼스)_패션뷰티경영학과, 서울특별시_이화여자대학교(제1캠퍼스)_섬유예술전공(섬유ㆍ패션학부), 서울특별시_이화여자대학교(제1캠퍼스)_섬유ㆍ패션학부, 서울특별시_한성대학교(제1캠퍼스)_글로벌패션산업학부, 서울특별시_한성대학교(제1캠퍼스)_패션디자인전공, 부산광역시_경성대학교(제1캠퍼스)_패션디자인학과, 부산광역시_국립부경대학교(제1캠퍼스)_패션디자인학과, 부산광역시_동명대학교(제1캠퍼스)_패션디자인학과, 부산광역시_동서대학교(제1캠퍼스)_패션디자인학전공, 부산광역시_동서대학교(제1캠퍼스)_패션디자인학과, 부산광역시_동아대학교(제1캠퍼스)_건축ㆍ디자인ㆍ패션대학 패션디자인학과, 부산광역시_동아대학교(제1캠퍼스)_패션디자인학과, 부산광역시_동의대학교(제1캠퍼스)_패션디자인학과, 부산광역시_신라대학교(제1캠퍼스)_패션디자인학전공, 부산광역시_신라대학교(제1캠퍼스)_패션디자인학과, 부산광역시_신라대학교(제1캠퍼스)_패션디자인전공, 부산광역시_신라대학교(제1캠퍼스)_패션소재디자인전공, 인천광역시_인하대학교(제1캠퍼스)_의류디자인학과, 대전광역시_대전대학교(제1캠퍼스)_패션디자인ㆍ비즈니스학과, 대전광역시_한남대학교(제1캠퍼스)_패션디자인학과, 대구광역시_계명대학교(제2캠퍼스)_패션디자인과, 대구광역시_계명대학교(제2캠퍼스)_텍스타일디자인과, 광주광역시_광주대학교(제1캠퍼스)_패션ㆍ주얼리학부, 광주광역시_광주대학교(제1캠퍼스)_패션주얼리디자인학과, 광주광역시_광주대학교(제1캠퍼스)_패션ㆍ주얼리디자인학부, 광주광역시_조선대학교(제1캠퍼스)_라이프스타일디자인학부(섬유ㆍ패션디자인전공), 광주광역시_호남대학교(제1캠퍼스)_패션디자인학과, 경기도_가천대학교(제1캠퍼스)_미술ㆍ디자인학부(패션디자인), 경기도_경희대학교(제2캠퍼스)_의류디자인학과, 경기도_단국대학교(제1캠퍼스)_디자인학부 패션산업디자인전공, 경기도_명지대학교 자연캠퍼스(제1캠퍼스)_디자인학부 패션디자인전공, 경기도_명지대학교 자연캠퍼스(제1캠퍼스)_패션디자인전공, 경기도_수원대학교(제1캠퍼스)_패션디자인, 경기도_신한대학교(제2캠퍼스)_K뷰티패션학과, 경기도_신한대학교(제2캠퍼스)_패션디자인학과, 경기도_중부대학교(제2캠퍼스)_패션디자인학과, 경기도_중앙대학교(제2캠퍼스)_디자인학부(패션전공), 경기도_중앙대학교(제2캠퍼스)_디자인학부(패션디자인전공), 경기도_평택대학교(제1캠퍼스)_패션디자인및브랜딩학과, 경기도_한양대학교 ERICA캠퍼스(제1캠퍼스)_주얼리ㆍ패션디자인학과, 경기도_화성의과학대학교(제1캠퍼스)_스타일테크학과, 강원특별자치도_국립강릉원주대학교(제1캠퍼스)_패션디자인학과, 강원특별자치도_상지대학교(제1캠퍼스)_패션뷰티학부 패션디자인전공, 강원특별자치도_상지대학교(제1캠퍼스)_패션디자인학과, 충청북도_건국대학교 글로컬캠퍼스(제1캠퍼스)_패션디자인학과, 충청북도_건국대학교 글로컬캠퍼스(제1캠퍼스)_패션디자인전공, 충청북도_세명대학교(제1캠퍼스)_패션디자인학과, 충청북도_우석대학교(제2캠퍼스)_패션스타일링학과, 충청북도_청주대학교(제1캠퍼스)_아트앤패션디자인학과, 충청북도_청주대학교(제1캠퍼스)_패션디자인학과, 충청북도_충북대학교(제1캠퍼스)_패션디자인정보학과, 충청남도_상명대학교(제2캠퍼스)_패션디자인전공, 충청남도_청운대학교(제1캠퍼스)_패션디자인학과, 충청남도_한서대학교(제1캠퍼스)_패션디자인학과, 충청남도_한서대학교(제1캠퍼스)_의상디자인학과, 전북특별자치도_예원예술대학교(제1캠퍼스)_뷰티패션디자인전공, 전북특별자치도_원광대학교(제1캠퍼스)_패션디자인산업학과, 전북특별자치도_원광디지털대학교(제1캠퍼스)_한국복식과학학과, 전북특별자치도_호원대학교(제1캠퍼스)_패션.미용학부, 전북특별자치도_호원대학교(제1캠퍼스)_패션디자인학과, 전라남도_국립순천대학교(제1캠퍼스)_패션디자인학과, 전라남도_국립순천대학교(제1캠퍼스)_패션디자인학전공, 경상북도_경북대학교(제3캠퍼스)_섬유패션디자인학부 패션디자인전공, 경상북도_경북대학교(제3캠퍼스)_섬유패션디자인학부(섬유공학전공, 패션디자인전공), 경상북도_경일대학교(제1캠퍼스)_K-뷰티융합학부 패션디자인전공, 경상북도_경일대학교(제1캠퍼스)_디자인학부 패션디자인전공, 경상북도_국립경국대학교(제1캠퍼스)_패션ㆍ예술ㆍ체육학부, 경상북도_대구가톨릭대학교(제1캠퍼스)_패션디자인과(예체능), 경상북도_대구대학교(제1캠퍼스)_패션디자인학과, 경상북도_대구예술대학교(제1캠퍼스)_패션코스메틱디자인전공, 경상남도_영산대학교(제1캠퍼스)_디자인학부(패션디자인전공), 경상남도_영산대학교(제1캠퍼스)_패션디자인학과","일반 선택: 독서와 작문, 문학, 대수, 확률과 통계, 영어Ⅰ, 영어Ⅱ, 영어 독해오작문, 미술, 정보 등 | 진로 선택: 주제 탐구 독서, 문학과 영상, 미술 창작, 미술 감상과 비평, 인간과 심리 등 | 융합 선택: 매체 의사소통, 미디어 영어, 세계 문화와 영어, 여행지리, 사회문제 탐구, 미술과 매체 등","공통과목: 사회, 체육ㆍ예술 | 일반선택과목: 사회교과 : 경제, 사회ㆍ문화, 생활과 윤리 | 진로선택과목: 미술 창작, 미술 감상과 비평, 지식 재산 일반, 사회문제 탐구 | 전문교과Ⅰ: 미술 이론, 매체 미술, 세계 문제와 미래 사회, 사회 탐구 방법 및 사회과제 연구 | 전문교과Ⅱ: 디자인 일반, 색채 관리, 정보처리와 관리, 빅데이터 분석","숍마스터, 의류기사1급, 의류기사2급, 컬러리스트기사, 패션디자인산업기사, 패션머천다이징산업기사, 한복산업기사",가방디자이너
449,바이오동물과,"서울특별시_동양미래대학교(제1캠퍼스)_바이오융합공학과, 서울특별시_한양여자대학교(제1캠퍼스)_반려동물보건과, 부산광역시_부산경상대학교(제1캠퍼스)_반려동물보건과, 부산광역시_부산보건대학교(제1캠퍼스)_반려동물보건과, 부산광역시_부산여자대학교(제1캠퍼스)_동물보건과, 인천광역시_경인여자대학교(제1캠퍼스)_반려동물보건학과(3년제), 인천광역시_경인여자대학교(제1캠퍼스)_반려동물보건학과, 인천광역시_경인여자대학교(제1캠퍼스)_반려동물산업학과, 인천광역시_재능대학교(제1캠퍼스)_바이오코스메틱과, 대전광역시_우송정보대학(제1캠퍼스)_동물보건과, 대구광역시_계명문화대학교(제1캠퍼스)_반려동물보건과, 대구광역시_수성대학교(제1캠퍼스)_반려동물보건과, 대구광역시_영남이공대학교(제1캠퍼스)_반려동물보건과, 대구광역시_영진전문대학교(제1캠퍼스)_동물보건과, 경기도_대림대학교(제1캠퍼스)_바이오헬스케어과, 경기도_동원대학교(제1캠퍼스)_동물보건과, 경기도_서정대학교(제1캠퍼스)_반려동물보건과, 경기도_서정대학교(제1캠퍼스)_동물보건과, 경기도_수원여자대학교(제2캠퍼스)_펫케어과, 경기도_신구대학교(제1캠퍼스)_바이오동물전공, 경기도_신안산대학교(제1캠퍼스)_반려동물보건과, 경기도_연성대학교(제1캠퍼스)_반려동물보건과(3년제), 경기도_오산대학교(제1캠퍼스)_동물보건과, 경기도_용인예술과학대학교(제1캠퍼스)_반려동물보건과, 경기도_유한대학교(제1캠퍼스)_건강웰니스학과 반려동물산업전공, 경기도_유한대학교(제1캠퍼스)_반려동물보건학과, 경기도_장안대학교(제1캠퍼스)_바이오동물보건과, 경기도_장안대학교(제1캠퍼스)_바이오동물보호과, 충청북도_대원대학교(제1캠퍼스)_바이오메디컬과, 충청남도_연암대학교(제1캠퍼스)_동물보호학과, 전북특별자치도_전북과학대학교(제1캠퍼스)_천연물바이오과, 전북특별자치도_전주기전대학(제1캠퍼스)_동물보건과, 전라남도_청암대학교(제1캠퍼스)_반려동물보건과, 경상북도_대경대학교(제1캠퍼스)_동물보건과, 경상북도_안동과학대학교(제1캠퍼스)_바이오헴프과","일반 선택: 대수, 미적분 Ⅰ, 확률과 통계, 물리학, 화학, 생명과학, 정보 등 | 진로 선택: 기하, 미적분Ⅱ, 물질과 에너지, 화학 반응의 세계, 세포와 물질대사, 생물의 유전 등 | 융합 선택: 융합과학 탐구, 기후변화와 지속가능한 세계 등","공통과목: 과학, 윤리, 교양, 수학 | 일반선택과목: 과학교과 : 생명과학Ⅰ, 화학Ⅰ | 진로선택과목: 생명과학Ⅱ, 융합과학, 생활과 과학, 화학Ⅱ, 농업생명과학, 사회문제 탐구 | 전문교과Ⅰ: 고급생명과학, 생명과학 실험, 과학과제 연구, 융합과학 탐구, 생태와 환경, 정보과학, 사회탐구 방법 | 전문교과Ⅱ: 생명공학 기술, 인간과 환경","실험동물기술원, 축산산업기사",생명과학시험원
340,반려동물과,"부산광역시_경남정보대학교(제1캠퍼스)_반려동물라이프계열, 부산광역시_경남정보대학교(제1캠퍼스)_반려동물케어과, 부산광역시_경남정보대학교(제1캠퍼스)_반려동물학과, 부산광역시_부산경상대학교(제1캠퍼스)_반려동물과, 부산광역시_부산경상대학교(제1캠퍼스)_반려동물산업과, 부산광역시_부산여자대학교(제1캠퍼스)_반려동물과, 인천광역시_경인여자대학교(제1캠퍼스)_펫토탈케어과, 대전광역시_대덕대학교(제1캠퍼스)_펫토탈케어과, 대전광역시_대덕대학교(제1캠퍼스)_반려동물과, 대전광역시_대전과학기술대학교(제1캠퍼스)_반려동물학과, 대전광역시_대전과학기술대학교(제1캠퍼스)_애완동물과, 대전광역시_대전보건대학교(제1캠퍼스)_펫토탈케어과, 대전광역시_대전보건대학교(제1캠퍼스)_반려동물과, 대전광역시_우송정보대학(제1캠퍼스)_반려동물학부, 대전광역시_우송정보대학(제1캠퍼스)_K마이스터 스쿨 펫케어전공, 대구광역시_계명문화대학교(제1캠퍼스)_펫토탈케어학부, 대구광역시_계명문화대학교(제1캠퍼스)_펫토탈케어과, 대구광역시_영남이공대학교(제1캠퍼스)_반려동물스타일리스트과, 대구광역시_영남이공대학교(제1캠퍼스)_반려동물케어과, 대구광역시_영진전문대학교(제1캠퍼스)_반려동물과, 경기도_경복대학교(제1캠퍼스)_반려동물보건과, 경기도_국제대학교(제1캠퍼스)_반려동물과, 경기도_국제대학교(제1캠퍼스)_반려동물학과, 경기도_동원대학교(제1캠퍼스)_반려동물과, 경기도_부천대학교(제1캠퍼스)_반려동물과, 경기도_서정대학교(제1캠퍼스)_반려동물학과, 경기도_서정대학교(제1캠퍼스)_애완동물과, 경기도_서정대학교(제1캠퍼스)_반려동물과, 경기도_수원여자대학교(제2캠퍼스)_반려동물과, 경기도_신구대학교(제1캠퍼스)_애완동물과, 경기도_신구대학교(제1캠퍼스)_애완동물전공, 경기도_신구대학교(제1캠퍼스)_반려동물과, 경기도_신안산대학교(제1캠퍼스)_반려동물과, 경기도_안산대학교(제1캠퍼스)_동물매개케어학과(성인학습자), 경기도_연성대학교(제1캠퍼스)_반려동물산업과, 경기도_연성대학교(제1캠퍼스)_반려동물과, 경기도_오산대학교(제1캠퍼스)_반려동물관리과, 경기도_용인예술과학대학교(제1캠퍼스)_반려동물과, 경기도_용인예술과학대학교(제1캠퍼스)_반려동물과(2년제), 충청북도_충북보건과학대학교(제1캠퍼스)_반려동물문화학과, 충청북도_충청대학교(제1캠퍼스)_반려동물과, 충청북도_충청대학교(제1캠퍼스)_애완동물과, 충청남도_연암대학교(제1캠퍼스)_동물보호계열, 충청남도_혜전대학교(제1캠퍼스)_애완동물관리과, 충청남도_혜전대학교(제1캠퍼스)_반려동물과, 충청남도_혜전대학교(제1캠퍼스)_반려동물토탈케어과, 전북특별자치도_원광보건대학교(제1캠퍼스)_반려동물산업과, 전북특별자치도_전주기전대학(제1캠퍼스)_반려동물과(자연과학), 전북특별자치도_전주기전대학(제1캠퍼스)_반려동물과, 전북특별자치도_전주기전대학(제1캠퍼스)_애완동물관리과, 전라남도_동아보건대학교(제1캠퍼스)_반려동물전공, 전라남도_청암대학교(제1캠퍼스)_반려동물산업과, 경상북도_가톨릭상지대학교(제1캠퍼스)_반려동물과, 경상북도_구미대학교(제1캠퍼스)_반려동물케어과, 경상북도_대경대학교(제1캠퍼스)_신산업창조학부 동물조련이벤트전공, 경상북도_선린대학교(제1캠퍼스)_반려동물과, 경상북도_안동과학대학교(제1캠퍼스)_반려동물케어과","일반 선택: 대수, 미적분Ⅰ, 확률과 통계, 화학, 생명과학, 지구과학, 정보 등 | 진로 선택: 미적분Ⅱ, 인공지능 수학, 물질과 에너지, 화학 반응의 세계, 세포와 물질대사, 생물의 유전, 생활과학 탐구 등 | 융합 선택: 실용 통계, 기후변화와 환경생태 등","공통과목: 과학, 윤리, 교양, 수학 | 일반선택과목: 과학교과 : 생명과학Ⅰ, 화학Ⅰ | 진로선택과목: 생명과학Ⅱ, 융합과학, 생활과 과학, 화학Ⅱ, 농업생명과학, 사회문제 탐구 | 전문교과Ⅰ: 고급생명과학, 생명과학 실험, 과학과제 연구, 융합과학 탐구, 생태와 환경, 정보과학, 사회탐구 방법 | 전문교과Ⅱ: 생명공학 기술, 인간과 환경","반려동물관리사, 애견미용사, 축산기능사",반려동물미용사
245,산림자원학과,"서울특별시_건국대학교(제1캠퍼스)_산림조경전공, 서울특별시_서울대학교(제1캠퍼스)_산림과학부, 대전광역시_충남대학교(제1캠퍼스)_환경임산자원학부, 대전광역시_충남대학교(제1캠퍼스)_산림환경자원학과, 대구광역시_경북대학교(제1캠퍼스)_산림과학.조경학부 임산공학전공, 대구광역시_경북대학교(제1캠퍼스)_산림과학.조경학부(임학전공,임산공학전공,조경학전공), 대구광역시_경북대학교(제1캠퍼스)_산림과학.조경학부 임학전공, 광주광역시_전남대학교(제1캠퍼스)_산림자원학과, 광주광역시_전남대학교(제1캠퍼스)_산림자원학부, 경기도_국제사이버대학교(제1캠퍼스)_식물치유클리닉학과, 강원특별자치도_가톨릭관동대학교(제1캠퍼스)_산림치유학과, 강원특별자치도_강원대학교(제1캠퍼스)_산림자원학과, 강원특별자치도_강원대학교(제1캠퍼스)_산림환경보호학전공, 강원특별자치도_강원대학교(제1캠퍼스)_시설농업학전공, 강원특별자치도_강원대학교(제1캠퍼스)_산림과학부, 강원특별자치도_강원대학교(제1캠퍼스)_산림자원조성학전공, 강원특별자치도_강원대학교(제1캠퍼스)_산림소재공학전공, 강원특별자치도_강원대학교(제1캠퍼스)_산림자원학전공, 강원특별자치도_강원대학교(제1캠퍼스)_산림환경보호학과, 강원특별자치도_강원대학교(제1캠퍼스)_산림자원보호학전공, 강원특별자치도_강원대학교(제1캠퍼스)_산림응용공학부, 강원특별자치도_상지대학교(제1캠퍼스)_산림조경학부 산림과학전공, 강원특별자치도_상지대학교(제1캠퍼스)_산림과학과, 충청북도_우석대학교(제2캠퍼스)_산림조경원예학과, 충청북도_충북대학교(제1캠퍼스)_산림학과, 충청남도_국립공주대학교(제3캠퍼스)_산림과학과, 충청남도_국립공주대학교(제3캠퍼스)_산림자원학과, 전북특별자치도_전북대학교(제1캠퍼스)_목재응용과학과, 전북특별자치도_전북대학교(제1캠퍼스)_산림자원학과, 전라남도_국립목포대학교(제1캠퍼스)_산림자원, 전라남도_국립순천대학교(제1캠퍼스)_산림자원.조경학부, 전라남도_국립순천대학교(제1캠퍼스)_산림자원학전공, 전라남도_국립순천대학교(제1캠퍼스)_산림자원ㆍ조경학부(산림자원학전공), 경상북도_경북대학교(제3캠퍼스)_산림생태보호학과, 경상북도_국립경국대학교(제1캠퍼스)_산림과학전공, 경상북도_국립경국대학교(제1캠퍼스)_산림과학과, 경상북도_대구가톨릭대학교(제1캠퍼스)_스마트그린케어학과, 경상북도_대구가톨릭대학교(제1캠퍼스)_원예치료전공, 경상북도_대구대학교(제1캠퍼스)_산림자원학과, 경상북도_대구한의대학교(제1캠퍼스)_산림비즈니스학과, 경상북도_영남대학교(제1캠퍼스)_산림자원및조경학과, 경상북도_영남대학교(제1캠퍼스)_산림자원학과, 경상남도_경상국립대학교(제1캠퍼스)_환경산림과학부(통합대학), 경상남도_경상국립대학교(제1캠퍼스)_산림융복합학전공, 경상남도_경상국립대학교(제1캠퍼스)_산림환경자원학전공, 경상남도_경상국립대학교(제1캠퍼스)_농업식물과학과, 경상남도_경상국립대학교(제1캠퍼스)_환경산림과학부 산림융복합학전공(야), 경상남도_경상국립대학교(제1캠퍼스)_산림자원학과, 경상남도_경상국립대학교(제1캠퍼스)_산림환경자원학과","일반 선택: 대수, 미적분Ⅰ, 확률과 통계, 물리학, 화학, 생명과학, 정보 | 진로 선택: 미적분Ⅱ, 인공지능 수학, 한국지리 탐구, 물질과 에너지, 화학 반응의 세계, 세포와 물질대사, 생물의 유전, 지구시스템과학, 생활과학 탐구 | 융합 선택: 실용 통계, 기후변화와 환경생태","공통과목: 과학, 교양, 사회, 영어 | 일반선택과목: 과학교과 : 생명과학Ⅰ, 화학Ⅰ, 지구과학Ⅰ, 물리Ⅰ | 진로선택과목: 생명과학Ⅱ, 융합과학, 생활과 과학, 화학Ⅱ, 농업생명과학, 공학일반, 창의경영, 여행 지리, 실용수학 | 전문교과Ⅰ: 고급 생명과학, 생명과학 실험, 물리화학 실험, 융합과학 탐구, 과학과제 연구, 생태와 환경 | 전문교과Ⅱ: 산림 자원, 산림 휴양, 인간과 환경, 환경화학 기초","산림기사, 생물분류기사, 숲길체험지도사, 유아숲지도사, 임업종묘기사, 자연생태복원기사, 종자기사",산림경영지도원
309,시각디자인학과,"서울특별시_경희사이버대학교(제1캠퍼스)_시각미디어디자인전공, 서울특별시_국민대학교(제1캠퍼스)_AI디자인학과, 서울특별시_국민대학교(제1캠퍼스)_시각디자인학과, 서울특별시_덕성여자대학교(제1캠퍼스)_시각디자인학과, 서울특별시_덕성여자대학교(제1캠퍼스)_시각디자인전공, 서울특별시_동덕여자대학교(제1캠퍼스)_디자인학부 시각&실내디자인전공, 서울특별시_동덕여자대학교(제1캠퍼스)_시각&실내디자인학과, 서울특별시_디지털서울문화예술대학교(제1캠퍼스)_시각영상디자인학과, 서울특별시_서경대학교(제1캠퍼스)_시각정보디자인전공, 서울특별시_서경대학교(제1캠퍼스)_VD_비주얼디자인, 서울특별시_서울과학기술대학교(제1캠퍼스)_시각문화융합디자인학과, 서울특별시_서울과학기술대학교(제1캠퍼스)_디자인학과(시각디자인전공), 서울특별시_서울여자대학교(제1캠퍼스)_시각디자인전공, 서울특별시_숙명여자대학교(제1캠퍼스)_시각ㆍ영상디자인과, 서울특별시_숭실사이버대학교(제1캠퍼스)_뉴미디어디자인학과, 서울특별시_연세대학교(제1캠퍼스)_통합디자인학과, 서울특별시_이화여자대학교(제1캠퍼스)_시각디자인전공, 서울특별시_한양사이버대학교(제1캠퍼스)_시각디자인학과, 서울특별시_한양사이버대학교(제1캠퍼스)_뉴미디어디자인학과, 서울특별시_홍익대학교(제1캠퍼스)_디자인학부 시각디자인전공, 부산광역시_경성대학교(제1캠퍼스)_영상애니메이션학부, 부산광역시_경성대학교(제1캠퍼스)_시각디자인학과, 부산광역시_경성대학교(제1캠퍼스)_시각디자인학전공, 부산광역시_고신대학교(제1캠퍼스)_시각디자인학과, 부산광역시_국립부경대학교(제1캠퍼스)_시각디자인전공, 부산광역시_동명대학교(제1캠퍼스)_시각디자인학과, 부산광역시_동서대학교(제1캠퍼스)_시각디자인학전공, 부산광역시_동서대학교(제1캠퍼스)_비쥬얼디자인학전공, 부산광역시_동서대학교(제1캠퍼스)_시각디자인전공, 부산광역시_동서대학교(제1캠퍼스)_Digital Design학과, 부산광역시_신라대학교(제1캠퍼스)_시각디자인전공, 부산광역시_신라대학교(제1캠퍼스)_시각디자인학전공, 부산광역시_신라대학교(제1캠퍼스)_시각디자인학과, 인천광역시_인천가톨릭대학교(제2캠퍼스)_시각디자인학과, 인천광역시_인하대학교(제1캠퍼스)_디자인테크놀로지학과, 대전광역시_국립한밭대학교(제1캠퍼스)_시각디자인학과, 대전광역시_국립한밭대학교(제1캠퍼스)_시각ㆍ영상디자인학과, 대전광역시_목원대학교(제1캠퍼스)_시각커뮤니케이션디자인학과, 대구광역시_경북대학교(제1캠퍼스)_시각정보디자인학과, 대구광역시_계명대학교(제2캠퍼스)_시각디자인과, 울산광역시_울산대학교(제1캠퍼스)_시각디자인학전공, 광주광역시_광주대학교(제1캠퍼스)_시각영상디자인학과, 광주광역시_조선대학교(제1캠퍼스)_시각디자인학과, 광주광역시_호남대학교(제1캠퍼스)_시각융합디자인학과, 경기도_가천대학교(제1캠퍼스)_미술ㆍ디자인학부(시각디자인전공), 경기도_강남대학교(제1캠퍼스)_예체능학부 유니버설아트디자인전공, 경기도_강남대학교(제1캠퍼스)_복지융합인재학부 유니버설비주얼디자인전공, 경기도_강남대학교(제1캠퍼스)_유니버설아트디자인학과, 경기도_경기대학교(제1캠퍼스)_시각정보디자인전공, 경기도_경희대학교(제2캠퍼스)_시각디자인학과, 경기도_대진대학교(제1캠퍼스)_시각디자인학과, 경기도_명지대학교 자연캠퍼스(제1캠퍼스)_디자인학부 시각디자인전공, 경기도_명지대학교 자연캠퍼스(제1캠퍼스)_비주얼커뮤니케이션디자인전공, 경기도_명지대학교 자연캠퍼스(제1캠퍼스)_디자인학부 영상디자인전공, 경기도_예원예술대학교(제2캠퍼스)_시각영상디자인전공, 경기도_을지대학교(제2캠퍼스)_시각디자인전공, 경기도_중앙대학교(제2캠퍼스)_디자인학부(시각디자인전공), 경기도_한경국립대학교(제1캠퍼스)_시각미디어디자인전공, 경기도_한세대학교(제1캠퍼스)_시각정보디자인학과, 경기도_협성대학교(제1캠퍼스)_시각디자인학과, 경기도_협성대학교(제1캠퍼스)_시각조형디자인학과, 강원특별자치도_가톨릭관동대학교(제1캠퍼스)_CG디자인전공, 강원특별자치도_강원대학교(제2캠퍼스)_시각멀티미디어디자인학과, 강원특별자치도_상지대학교(제1캠퍼스)_시각영상디자인학과, 강원특별자치도_연세대학교 미래캠퍼스(제1캠퍼스)_시각디자인학전공, 충청북도_건국대학교 글로컬캠퍼스(제1캠퍼스)_시각영상디자인학과, 충청북도_건국대학교 글로컬캠퍼스(제1캠퍼스)_시각영상디자인전공, 충청북도_세명대학교(제1캠퍼스)_시각ㆍ영상디자인학과, 충청북도_우석대학교(제2캠퍼스)_시각커뮤니케이션디자인학과, 충청북도_청주대학교(제1캠퍼스)_시각디자인학과, 충청남도_건양대학교(제1캠퍼스)_시각디자인학과, 충청남도_건양대학교(제1캠퍼스)_시각디자인전공, 충청남도_남서울대학교(제1캠퍼스)_시각미디어디자인학과, 충청남도_남서울대학교(제1캠퍼스)_시각정보디자인학과, 충청남도_단국대학교(제2캠퍼스)_시각디자인과, 충청남도_상명대학교(제2캠퍼스)_시각디자인전공, 충청남도_상명대학교(제2캠퍼스)_시각디자인학과, 충청남도_상명대학교(제2캠퍼스)_디자인학부 ARㆍVR미디어디자인전공, 충청남도_선문대학교(제1캠퍼스)_시각디자인학과, 충청남도_한서대학교(제1캠퍼스)_시각디자인학과, 충청남도_호서대학교(제1캠퍼스)_디지털프로덕트디자인학과, 충청남도_호서대학교(제1캠퍼스)_시각디자인학과, 전북특별자치도_예원예술대학교(제1캠퍼스)_시각디자인전공, 전북특별자치도_예원예술대학교(제1캠퍼스)_시각디자인학과, 전북특별자치도_예원예술대학교(제1캠퍼스)_시각ㆍ영상디자인전공, 전북특별자치도_원광대학교(제1캠퍼스)_시각정보디자인학과, 전북특별자치도_전주대학교(제1캠퍼스)_시각디자인학과, 전북특별자치도_전주대학교(제1캠퍼스)_시각디자인전공, 전북특별자치도_호원대학교(제1캠퍼스)_미디어컨텐츠디자인학과, 전라남도_국립목포대학교(제1캠퍼스)_시각디자인, 경상북도_경운대학교(제1캠퍼스)_시각영상애니메이션전공, 경상북도_경일대학교(제1캠퍼스)_디자인학부 시각영상디자인전공, 경상북도_대구가톨릭대학교(제1캠퍼스)_시각디자인과, 경상북도_대구가톨릭대학교(제1캠퍼스)_시각영상디자인과, 경상북도_대구가톨릭대학교(제1캠퍼스)_미디어ㆍ디자인전공, 경상북도_대구대학교(제1캠퍼스)_시각디자인융합학부, 경상북도_대구대학교(제1캠퍼스)_시각디자인융합학부(서비스마케팅디자인전공), 경상북도_대구대학교(제1캠퍼스)_시각디자인융합학부(시각디자인전공), 경상북도_대구대학교(제1캠퍼스)_시각디자인학과, 경상북도_대구예술대학교(제1캠퍼스)_시각콘텐츠학과, 경상북도_대구예술대학교(제1캠퍼스)_시각디자인전공, 경상북도_영남대학교(제1캠퍼스)_시각디자인학과, 경상남도_경상국립대학교(제1캠퍼스)_디자인비즈니스학과, 경상남도_영산대학교(제1캠퍼스)_시각영상디자인전공, 경상남도_영산대학교(제1캠퍼스)_시각영상디자인학과, 세종특별자치시_홍익대학교 세종캠퍼스(제2캠퍼스)_디자인컨버전스학부","일반 선택: 독서와 작문, 문학, 대수, 확률과 통계, 영어Ⅰ, 영어Ⅱ, 영어 독해오작문, 미술, 정보 등 | 진로 선택: 주제 탐구 독서, 문학과 영상, 미술 창작, 미술 감상과 비평, 인간과 심리 등 | 융합 선택: 매체 의사소통, 미디어 영어, 세계 문화와 영어, 여행지리, 사회문제 탐구, 미술과 매체 등","공통과목: 미술, 윤리 | 일반선택과목: 예술교과 : 미술 | 진로선택과목: 미술 창작, 미술 감상과 비평 | 전문교과Ⅰ: 미술 이론, 미술사, 드로잉, 미술 전공 실기 | 전문교과Ⅱ: 디자인 일반, 시각 디자인, 색채 관리","광고디자인산업기사, 시각디자인산업기사, 웹디자인기능사, 의장디자인산업기사, 전자출판기능사, 컬러리스트기사및산업기사, 컴퓨터그래픽스운용기사, 포장디자인산업기사",광고디자이너
458,재활학과,"서울특별시_서울디지털대학교(제1캠퍼스)_예술치료전공, 서울특별시_서울사이버대학교(제1캠퍼스)_음악치료학과, 서울특별시_서울한영대학교(제1캠퍼스)_유아특수재활학과, 서울특별시_성신여자대학교(제1캠퍼스)_운동재활복지학과, 서울특별시_숭실사이버대학교(제1캠퍼스)_스포츠재활복지학과, 서울특별시_총신대학교(제1캠퍼스)_중독재활상담학과, 서울특별시_한국열린사이버대학교(제1캠퍼스)_통합치유학과, 서울특별시_한양사이버대학교(제1캠퍼스)_미술치료학과, 부산광역시_고신대학교(제1캠퍼스)_재활치료학과, 부산광역시_고신대학교(제1캠퍼스)_재활상담학과, 부산광역시_동명대학교(제1캠퍼스)_선명상치유학과, 부산광역시_동명대학교(제1캠퍼스)_스포츠재활학과, 부산광역시_동명대학교(제1캠퍼스)_언어치료청각재활학과, 부산광역시_동서대학교(제1캠퍼스)_운동처방학과, 부산광역시_동서대학교(제1캠퍼스)_시니어운동처방학과, 부산광역시_동서대학교(제1캠퍼스)_운동처방학전공, 부산광역시_부산디지털대학교(제1캠퍼스)_상담치료학부, 부산광역시_부산외국어대학교(제1캠퍼스)_스포츠재활학과, 인천광역시_가천대학교(제2캠퍼스)_운동재활복지학과, 인천광역시_가천대학교(제2캠퍼스)_운동재활학과, 대전광역시_건양사이버대학교(제1캠퍼스)_행동발달치료학과, 대전광역시_건양사이버대학교(제1캠퍼스)_행동재활치료학과, 대전광역시_우송대학교(제1캠퍼스)_언어치료ㆍ청각재활학과, 광주광역시_광주대학교(제1캠퍼스)_언어재활상담학과, 광주광역시_광주여자대학교(제1캠퍼스)_미래융합학부(언어재활전공), 광주광역시_광주여자대학교(제1캠퍼스)_미래융합학부(언어재활심리학과), 광주광역시_송원대학교(제1캠퍼스)_재활보건관리학과(자연), 광주광역시_송원대학교(제1캠퍼스)_재활보건학과, 경기도_가천대학교(제1캠퍼스)_운동재활학과, 경기도_차의과학대학교(제1캠퍼스)_미술치료학과, 경기도_한경국립대학교(제2캠퍼스)_의료재활공학전공, 경기도_한신대학교(제1캠퍼스)_재활학과, 경기도_한신대학교(제1캠퍼스)_재활상담학과, 경기도_한신대학교(제1캠퍼스)_재활상담학, 강원특별자치도_가톨릭관동대학교(제1캠퍼스)_중독재활상담학과, 강원특별자치도_가톨릭관동대학교(제1캠퍼스)_중독재활학과, 강원특별자치도_가톨릭관동대학교(제1캠퍼스)_언어재활상담학과, 강원특별자치도_가톨릭관동대학교(제1캠퍼스)_치매전문재활학과, 강원특별자치도_가톨릭관동대학교(제1캠퍼스)_통합치유학과, 강원특별자치도_가톨릭관동대학교(제1캠퍼스)_언어재활학과, 강원특별자치도_상지대학교(제1캠퍼스)_놀이심리치료학과, 강원특별자치도_연세대학교 미래캠퍼스(제1캠퍼스)_재활보건학전공, 충청북도_극동대학교(제1캠퍼스)_재활상담치료학과, 충청북도_서원대학교(제1캠퍼스)_헬스케어운동학과, 충청남도_건양대학교(제1캠퍼스)_재활퍼스널트레이닝학과, 충청남도_건양대학교(제1캠퍼스)_심리상담치료학과, 충청남도_나사렛대학교(제1캠퍼스)_재활자립학부, 충청남도_나사렛대학교(제1캠퍼스)_재활공학과, 충청남도_나사렛대학교(제1캠퍼스)_심리재활학전공, 충청남도_나사렛대학교(제1캠퍼스)_재활학트랙, 충청남도_나사렛대학교(제1캠퍼스)_인간재활학전공, 충청남도_단국대학교(제2캠퍼스)_운동처방재활학과, 충청남도_한서대학교(제1캠퍼스)_의료재활학과, 전북특별자치도_우석대학교(제1캠퍼스)_재활학과, 전북특별자치도_전주대학교(제1캠퍼스)_운동처방학과, 전북특별자치도_전주대학교(제1캠퍼스)_재활학과, 전북특별자치도_전주대학교(제1캠퍼스)_예술심리치료학과, 전북특별자치도_한일장신대학교(제1캠퍼스)_운동처방재활학과, 전북특별자치도_호원대학교(제1캠퍼스)_보건헬스케어학과, 전라남도_동신대학교(제1캠퍼스)_운동처방학과, 경상북도_김천대학교(제1캠퍼스)_스포츠재활학과, 경상북도_대구가톨릭대학교(제1캠퍼스)_의료재활학과, 경상북도_대구가톨릭대학교(제1캠퍼스)_재활치료전공, 경상북도_대구대학교(제1캠퍼스)_의료재활학과, 경상북도_대구대학교(제1캠퍼스)_재활과학계열, 경상북도_대구대학교(제1캠퍼스)_재활심리학과, 경상북도_대구대학교(제1캠퍼스)_재활상담학과, 경상북도_대구대학교(제1캠퍼스)_재활건강증진학과, 경상북도_대구사이버대학교(제1캠퍼스)_발달재활학과, 경상북도_대구사이버대학교(제1캠퍼스)_놀이치료학과, 경상북도_대구사이버대학교(제1캠퍼스)_심리운동학과, 경상북도_대구사이버대학교(제1캠퍼스)_재활상담학과, 경상북도_대구사이버대학교(제1캠퍼스)_미술치료학과, 경상북도_대구예술대학교(제1캠퍼스)_복지&심리상담전공, 경상북도_대구한의대학교(제1캠퍼스)_미술놀이치료학과, 경상북도_대구한의대학교(제1캠퍼스)_노인재활치료학과, 경상북도_대구한의대학교(제1캠퍼스)_미술치료학전공, 경상북도_대구한의대학교(제1캠퍼스)_미술심리치료전공, 경상북도_대구한의대학교(제1캠퍼스)_재활치료학전공, 경상북도_대구한의대학교(제1캠퍼스)_미술심리치료학과, 경상북도_대구한의대학교(제1캠퍼스)_치유산업학과, 경상북도_대구한의대학교(제1캠퍼스)_재활치료학부, 경상북도_신경주대학교(제1캠퍼스)_스포츠재활학과, 경상남도_가야대학교(제1캠퍼스)_스포츠재활복지학과, 경상남도_가야대학교(제1캠퍼스)_스포츠재활복지학부, 경상남도_영산대학교(제1캠퍼스)_실버재활학과, 제주특별자치도_제주국제대학교(제1캠퍼스)_복지상담학부 언어치료학전공","일반 선택: 물리학, 화학, 생명과학, 현대사회와 윤리 등 | 진로 선택: 세포와 물질대사, 생물의 유전, 법과 사회, 보건 등 | 융합 선택: 융합과학 탐구 등","공통과목: 영어, 과학 | 일반선택과목: 영어교과 : 영어Ⅰ, 영어Ⅱ, 영어 독해와 작문 | 진로선택과목: 생명과학Ⅱ | 전문교과Ⅰ: 체육지도법, 개인ㆍ대인 운동, 체육 전공 실기 응용 | 전문교과Ⅱ: 인체 구조와 기능, 기초 간호 임상 실무, 보건 간호","물리치료사, 작업치료사, 특수교육교사",물리치료사
10027,스포츠재활과,"서울특별시_서일대학교(제1캠퍼스)_스포츠헬스케어학과, 부산광역시_경남정보대학교(제1캠퍼스)_뷰티헬스과, 부산광역시_경남정보대학교(제1캠퍼스)_스포츠재활지도학과, 부산광역시_경남정보대학교(제1캠퍼스)_스포츠재활트레이닝과, 부산광역시_동의과학대학교(제1캠퍼스)_스포츠재활트레이닝과, 부산광역시_부산과학기술대학교(제1캠퍼스)_재활운동건강과, 부산광역시_부산보건대학교(제1캠퍼스)_스포츠재활과(자연), 부산광역시_부산여자대학교(제1캠퍼스)_아동스포츠재활무용과(3년제), 부산광역시_부산예술대학교(제1캠퍼스)_스포츠재활&다이어트과, 인천광역시_경인여자대학교(제1캠퍼스)_스포츠헬스케어학과, 인천광역시_인하공업전문대학(제1캠퍼스)_스포츠헬스케어학과, 인천광역시_재능대학교(제1캠퍼스)_스포츠재활과, 대구광역시_대구보건대학교(제1캠퍼스)_스포츠재활학과, 대구광역시_영남이공대학교(제1캠퍼스)_스포츠재활ㆍ운동관리과, 대구광역시_영남이공대학교(제1캠퍼스)_스포츠건강재활계열, 대구광역시_영남이공대학교(제1캠퍼스)_스포츠재활과, 대구광역시_영진전문대학교(제1캠퍼스)_스포츠재활과, 울산광역시_울산과학대학교(제1캠퍼스)_스포츠재활학부 스포츠재활전공(자연과학계열), 울산광역시_울산과학대학교(제1캠퍼스)_스포츠재활학부(자연과학계열), 울산광역시_울산과학대학교(제1캠퍼스)_스포츠재활학부 스포츠재활전공, 울산광역시_울산과학대학교(제1캠퍼스)_스포츠건강재활학과, 울산광역시_울산과학대학교(제1캠퍼스)_스포츠재활학부 스포츠지도전공(자연과학계열), 울산광역시_울산과학대학교(제1캠퍼스)_스포츠재활학부 스포츠지도전공, 광주광역시_동강대학교(제1캠퍼스)_스포츠재활트레이닝과, 광주광역시_조선이공대학교(제1캠퍼스)_스포츠재활학부 스포츠재활전공, 광주광역시_조선이공대학교(제1캠퍼스)_스포츠재활학과, 광주광역시_조선이공대학교(제1캠퍼스)_스포츠재활학부, 광주광역시_조선이공대학교(제1캠퍼스)_스포츠재활학부 웰빙헬스케어전공, 광주광역시_조선이공대학교(제1캠퍼스)_스포츠재활과, 경기도_국제대학교(제1캠퍼스)_스포츠헬스케어학과, 경기도_대림대학교(제1캠퍼스)_스포츠재활과(스포츠학부), 경기도_대림대학교(제1캠퍼스)_스포츠재활학부, 경기도_두원공과대학교(제1캠퍼스)_재활운동과학과, 경기도_두원공과대학교(제1캠퍼스)_스포츠재활치료과, 경기도_두원공과대학교(제1캠퍼스)_재활운동과학과(2년제), 경기도_두원공과대학교(제2캠퍼스)_스포츠재활과, 경기도_부천대학교(제1캠퍼스)_재활스포츠학과, 경기도_부천대학교(제1캠퍼스)_재활스포츠과, 경기도_신구대학교(제1캠퍼스)_스포츠재활과, 경기도_여주대학교(제1캠퍼스)_건강운동재활학과, 경기도_연성대학교(제1캠퍼스)_스포츠재활과, 경기도_연성대학교(제1캠퍼스)_스포츠케어과, 경기도_유한대학교(제1캠퍼스)_건강웰니스학과 스포츠재활전공, 경기도_장안대학교(제1캠퍼스)_운동처방과, 경기도_장안대학교(제1캠퍼스)_스포츠재활과, 강원특별자치도_강릉영동대학교(제1캠퍼스)_스포츠레저헬스케어계열, 강원특별자치도_강릉영동대학교(제1캠퍼스)_스포츠재활전공, 강원특별자치도_한국골프과학기술대학교(제1캠퍼스)_골프재활헬스케어과, 강원특별자치도_한국골프과학기술대학교(제1캠퍼스)_골프재활과, 충청북도_강동대학교(제1캠퍼스)_스포츠재활과, 충청북도_대원대학교(제1캠퍼스)_운동재활과, 충청북도_충북보건과학대학교(제1캠퍼스)_스포츠과학과, 충청북도_충북보건과학대학교(제1캠퍼스)_스포츠재활과, 충청북도_충청대학교(제1캠퍼스)_스포츠재활과, 충청북도_충청대학교(제1캠퍼스)_사회체육학부 스포츠재활과, 전북특별자치도_전주기전대학(제1캠퍼스)_운동재활과, 전북특별자치도_전주기전대학(제1캠퍼스)_말산업스포츠재활과, 전북특별자치도_전주기전대학(제1캠퍼스)_운동재활과(예체능), 전라남도_나주대학교(제1캠퍼스)_재활복지스포츠학부, 전라남도_목포과학대학교(제1캠퍼스)_스포츠과학과, 전라남도_전남과학대학교(제1캠퍼스)_뉴로테크헬스케어학과, 전라남도_청암대학교(제1캠퍼스)_재활스포츠과, 경상북도_대경대학교(제1캠퍼스)_스포츠재활과, 경상북도_문경대학교(제1캠퍼스)_스포츠재활과, 경상남도_경남도립거창대학(제1캠퍼스)_스포츠재활운동관리과, 경상남도_김해대학교(제1캠퍼스)_스포츠재활과(축구), 경상남도_동원과학기술대학교(제1캠퍼스)_스포츠재활운동학과, 경상남도_동원과학기술대학교(제1캠퍼스)_스포츠재활학부, 경상남도_동원과학기술대학교(제1캠퍼스)_재활스포츠과, 경상남도_동원과학기술대학교(제1캠퍼스)_스포츠재활운동학부","일반 선택: 독서와 작문, 문학, 대수, 미적분Ⅰ, 확률과 통계, 영어 I,프, 영어 독해와 작문, 현대사회와 윤리, 생명과학, 화학, 정보, 교육학 등 | 진로 선택: 법과 사회, 물질과 에너지, 화학 반응의 세계, 세포와 물질대사, 생물의 유전 등 | 융합 선택: 실생활 영어 회화, 실용 통계, 윤리문제 탐구 등","공통과목: 체육, 윤리 | 일반선택과목: 체육교과 : 체육, 운동과 건강 | 진로선택과목: 스포츠 생활, 체육 탐구 | 전문교과Ⅰ: 스포츠 개론, 체육 지도법, 체육 전공 실기 기초, 체육 전공 실기 심화, 체육 전공 실기 응용 | 전문교과Ⅱ: 인체 구조와 기능, 간호의 기초","사회복지사, 생활스포츠지도자, 요양보호사, 응급구조사, 장애인재활상담사",간병인
20,건축학과,"서울특별시_건국대학교(제1캠퍼스)_건축설계전공, 서울특별시_건국대학교(제1캠퍼스)_건축학부, 서울특별시_건국대학교(제1캠퍼스)_건축학전공, 서울특별시_건국대학교(제1캠퍼스)_건축학과, 서울특별시_고려대학교(제1캠퍼스)_건축학과, 서울특별시_고려대학교(제1캠퍼스)_건축사회환경공학부, 서울특별시_고려사이버대학교(제1캠퍼스)_건축공학부, 서울특별시_광운대학교(제1캠퍼스)_건축학과, 서울특별시_국민대학교(제1캠퍼스)_건축학전공, 서울특별시_국민대학교(제1캠퍼스)_건축시스템전공, 서울특별시_국민대학교(제1캠퍼스)_건축설계전공, 서울특별시_국민대학교(제1캠퍼스)_건축학부, 서울특별시_동국대학교(제1캠퍼스)_건축공학부, 서울특별시_동국대학교(제1캠퍼스)_건축학전공, 서울특별시_삼육대학교(제1캠퍼스)_건축학과(5년제), 서울특별시_삼육대학교(제1캠퍼스)_건축학과(4년제), 서울특별시_서울과학기술대학교(제1캠퍼스)_건축학부건축공학전공, 서울특별시_서울과학기술대학교(제1캠퍼스)_건축학부건축학전공, 서울특별시_서울대학교(제1캠퍼스)_건축학과, 서울특별시_서울대학교(제1캠퍼스)_건축학과(건축공학전공), 서울특별시_서울대학교(제1캠퍼스)_건축학과(건축학전공(5년)), 서울특별시_서울사이버대학교(제1캠퍼스)_건축공간디자인학과, 서울특별시_서울시립대학교(제1캠퍼스)_건축학부 건축공학전공, 서울특별시_서울시립대학교(제1캠퍼스)_건축학부 건축학전공(5년제), 서울특별시_세종대학교(제1캠퍼스)_건축학과, 서울특별시_세종대학교(제1캠퍼스)_건축학전공, 서울특별시_세종사이버대학교(제1캠퍼스)_건축ㆍ도시계획학과, 서울특별시_숭실대학교(제1캠퍼스)_건축학부 실내건축전공, 서울특별시_숭실대학교(제1캠퍼스)_건축학부 건축학전공, 서울특별시_숭실대학교(제1캠퍼스)_건축학부, 서울특별시_숭실대학교(제1캠퍼스)_건축학부 건축공학전공, 서울특별시_숭실사이버대학교(제1캠퍼스)_건설스마트안전공학과, 서울특별시_연세대학교(제1캠퍼스)_건축학(5년제), 서울특별시_연세대학교(제1캠퍼스)_실내건축학과, 서울특별시_연세대학교(제1캠퍼스)_건축공학(4년제), 서울특별시_이화여자대학교(제1캠퍼스)_건축학전공(5년), 서울특별시_이화여자대학교(제1캠퍼스)_건축도시시스템공학과, 서울특별시_이화여자대학교(제1캠퍼스)_건축학과(5년), 서울특별시_이화여자대학교(제1캠퍼스)_건축도시시스템공학전공, 서울특별시_중앙대학교(제1캠퍼스)_건축학부, 서울특별시_중앙대학교(제1캠퍼스)_건축학부(건축공학전공), 서울특별시_중앙대학교(제1캠퍼스)_건축학부(건축학전공), 서울특별시_한국예술종합학교(제1캠퍼스)_건축과, 서울특별시_한양대학교(제1캠퍼스)_건축학부, 서울특별시_한양대학교(제1캠퍼스)_건축공학부, 서울특별시_한양사이버대학교(제1캠퍼스)_건축도시공학과, 서울특별시_한양사이버대학교(제1캠퍼스)_건축공간디자인학과, 서울특별시_홍익대학교(제1캠퍼스)_건축학부 실내건축학전공, 서울특별시_홍익대학교(제1캠퍼스)_건축학부 건축학전공(5년제), 서울특별시_홍익대학교(제1캠퍼스)_건축학부, 부산광역시_경성대학교(제1캠퍼스)_건축학과(5년제), 부산광역시_경성대학교(제1캠퍼스)_실내건축학과, 부산광역시_국립부경대학교(제1캠퍼스)_건축학전공(5년), 부산광역시_국립한국해양대학교(제1캠퍼스)_해양건축공학과, 부산광역시_동명대학교(제1캠퍼스)_건축학과(5년제), 부산광역시_동명대학교(제1캠퍼스)_실내건축학과, 부산광역시_동명대학교(제1캠퍼스)_건축학과, 부산광역시_동서대학교(제1캠퍼스)_건축학과, 부산광역시_동서대학교(제1캠퍼스)_건축설계학전공, 부산광역시_동아대학교(제1캠퍼스)_건축학과 실내건축디자인전공, 부산광역시_동아대학교(제1캠퍼스)_건축학과 건축학전공(5년제), 부산광역시_동아대학교(제1캠퍼스)_건축학과(5년제), 부산광역시_동아대학교(제1캠퍼스)_건축학과, 부산광역시_동의대학교(제1캠퍼스)_건축학과, 부산광역시_동의대학교(제1캠퍼스)_건축학전공, 부산광역시_부산대학교(제1캠퍼스)_건축학과, 부산광역시_부산대학교(제1캠퍼스)_건축학과(5년제), 부산광역시_신라대학교(제1캠퍼스)_건축학과, 부산광역시_신라대학교(제1캠퍼스)_건축학전공, 부산광역시_신라대학교(제1캠퍼스)_건축학과(4년제, 5년제), 부산광역시_신라대학교(제1캠퍼스)_건축학부, 부산광역시_신라대학교(제1캠퍼스)_건축학전공(5년제), 부산광역시_영산대학교(제2캠퍼스)_건축플랜트학과, 인천광역시_인천대학교(제1캠퍼스)_도시건축학전공, 인천광역시_인천대학교(제1캠퍼스)_도시건축학부, 인천광역시_인하대학교(제1캠퍼스)_건축학전공, 인천광역시_인하대학교(제1캠퍼스)_건축학부, 대전광역시_건양대학교(제2캠퍼스)_건축학과, 대전광역시_국립한밭대학교(제1캠퍼스)_건축학과(5년제), 대전광역시_대전대학교(제1캠퍼스)_건축학과(5), 대전광역시_대전대학교(제1캠퍼스)_건축학과(4), 대전광역시_목원대학교(제1캠퍼스)_건축학부, 대전광역시_목원대학교(제1캠퍼스)_건축학부 건축공학전공, 대전광역시_목원대학교(제1캠퍼스)_건축학부 건축학전공(5년제), 대전광역시_배재대학교(제1캠퍼스)_건축학과, 대전광역시_배재대학교(제1캠퍼스)_건축학전공, 대전광역시_배재대학교(제1캠퍼스)_건축학부, 대전광역시_배재대학교(제1캠퍼스)_실내건축학과, 대전광역시_충남대학교(제1캠퍼스)_건축학과(5), 대전광역시_충남대학교(제1캠퍼스)_스마트시티건축공학과, 대전광역시_한남대학교(제1캠퍼스)_건축학과(5년제), 대구광역시_경북대학교(제1캠퍼스)_건축학부(건축학전공), 대구광역시_경북대학교(제1캠퍼스)_건축학부(건축공학전공), 대구광역시_계명대학교(제1캠퍼스)_건축학과, 울산광역시_울산대학교(제1캠퍼스)_건축학전공, 울산광역시_울산대학교(제1캠퍼스)_건축학부, 광주광역시_광주대학교(제1캠퍼스)_건축학부, 광주광역시_전남대학교(제1캠퍼스)_건축학부, 광주광역시_전남대학교(제1캠퍼스)_건축도시설계전공(5년), 광주광역시_조선대학교(제1캠퍼스)_건축학과(5년제), 광주광역시_호남대학교(제1캠퍼스)_건축학전공, 광주광역시_호남대학교(제1캠퍼스)_건축학부, 광주광역시_호남대학교(제1캠퍼스)_건축학과, 경기도_가천대학교(제1캠퍼스)_건축학전공, 경기도_가천대학교(제1캠퍼스)_실내건축학전공, 경기도_가천대학교(제1캠퍼스)_건축학부, 경기도_경기대학교(제1캠퍼스)_건축학과, 경기도_경기대학교(제1캠퍼스)_건축안전공학과, 경기도_경희대학교(제2캠퍼스)_건축학과, 경기도_단국대학교(제1캠퍼스)_건축학부 건축학전공, 경기도_단국대학교(제1캠퍼스)_건축학과, 경기도_단국대학교(제1캠퍼스)_건축학부, 경기도_단국대학교(제1캠퍼스)_건축학부 건축공학전공, 경기도_대진대학교(제1캠퍼스)_건축공학부, 경기도_명지대학교 자연캠퍼스(제1캠퍼스)_건축학부 건축학전공(5년제), 경기도_명지대학교 자연캠퍼스(제1캠퍼스)_건축학부(건축학전공/전통건축전공) (5년제), 경기도_명지대학교 자연캠퍼스(제1캠퍼스)_건축학부 전통건축전공(5년제), 경기도_명지대학교 자연캠퍼스(제1캠퍼스)_건축대학, 경기도_성균관대학교(제2캠퍼스)_건축학과, 경기도_수원대학교(제1캠퍼스)_건축도시부동산학부, 경기도_수원대학교(제1캠퍼스)_건축학, 경기도_아주대학교(제1캠퍼스)_건축학과, 경기도_중부대학교(제2캠퍼스)_건축학과, 경기도_중부대학교(제2캠퍼스)_건축학전공, 경기도_한경국립대학교(제1캠퍼스)_건축학전공, 경기도_한경국립대학교(제1캠퍼스)_건축융합학부, 경기도_한양대학교 ERICA캠퍼스(제1캠퍼스)_스마트융합공학부 건축IT융합전공, 경기도_한양대학교 ERICA캠퍼스(제1캠퍼스)_건축학전공, 경기도_한양대학교 ERICA캠퍼스(제1캠퍼스)_스마트융합공학부 지속가능건축융합전공, 강원특별자치도_가톨릭관동대학교(제1캠퍼스)_건축학부, 강원특별자치도_가톨릭관동대학교(제1캠퍼스)_건축학전공, 강원특별자치도_강원대학교(제2캠퍼스)_건설융합학부, 강원특별자치도_강원대학교(제1캠퍼스)_건축학과(5), 강원특별자치도_강원대학교(제2캠퍼스)_건축학전공(5년제), 강원특별자치도_강원대학교(제2캠퍼스)_건축시스템공학과, 강원특별자치도_강원대학교(제2캠퍼스)_해양건설시스템공학과, 강원특별자치도_강원대학교(제1캠퍼스)_건축학전공(5년제), 강원특별자치도_강원대학교(제2캠퍼스)_건설융합학부 건축학전공, 강원특별자치도_강원대학교(제2캠퍼스)_건축학과(5), 강원특별자치도_강원대학교(제1캠퍼스)_건축학부, 강원특별자치도_강원대학교(제2캠퍼스)_건설융합학부 건축공학전공, 강원특별자치도_한라대학교(제1캠퍼스)_건축학과, 충청북도_국립한국교통대학교(제1캠퍼스)_건축학과, 충청북도_국립한국교통대학교(제1캠퍼스)_건축학전공, 충청북도_국립한국교통대학교(제1캠퍼스)_건축학부, 충청북도_서원대학교(제1캠퍼스)_건축학과, 충청북도_세명대학교(제1캠퍼스)_건축학과, 충청북도_우석대학교(제2캠퍼스)_건축ㆍ인테리어디자인학과, 충청북도_우석대학교(제2캠퍼스)_건축학과, 충청북도_청주대학교(제1캠퍼스)_건축학과(5), 충청북도_청주대학교(제1캠퍼스)_건축학과, 충청북도_청주대학교(제1캠퍼스)_건축학ㆍ건축공학전공, 충청북도_충북대학교(제1캠퍼스)_건축학과, 충청남도_국립공주대학교(제2캠퍼스)_건축학과, 충청남도_국립공주대학교(제2캠퍼스)_그린스마트건축공학과, 충청남도_국립공주대학교(제2캠퍼스)_건축학부 건축공학전공, 충청남도_국립공주대학교(제2캠퍼스)_건축학부 건축학전공, 충청남도_남서울대학교(제1캠퍼스)_건축학과(5), 충청남도_선문대학교(제1캠퍼스)_건축학부, 충청남도_선문대학교(제1캠퍼스)_건축사회환경공학부, 충청남도_순천향대학교(제1캠퍼스)_건축학과(5), 충청남도_한국기술교육대학교(제1캠퍼스)_디자인ㆍ건축공학부, 충청남도_한국기술교육대학교(제1캠퍼스)_건축공학부, 충청남도_한국전통문화대학교(제1캠퍼스)_전통건축학과, 충청남도_한서대학교(제1캠퍼스)_건축학과, 충청남도_호서대학교(제1캠퍼스)_건축학과, 전북특별자치도_국립군산대학교(제1캠퍼스)_공간디자인융합기술학부(공간디자인융합기술학전공), 전북특별자치도_국립군산대학교(제1캠퍼스)_건축ㆍ해양건설융합공학부, 전북특별자치도_국립군산대학교(제1캠퍼스)_해양건설공학과, 전북특별자치도_국립군산대학교(제1캠퍼스)_건축공학부, 전북특별자치도_국립군산대학교(제1캠퍼스)_공간디자인융합기술학부, 전북특별자치도_국립군산대학교(제1캠퍼스)_건축공학부(건축공학전공), 전북특별자치도_원광대학교(제1캠퍼스)_건축학과, 전북특별자치도_전북대학교(제1캠퍼스)_한옥건축학과, 전북특별자치도_전북대학교(제1캠퍼스)_한옥학과, 전북특별자치도_전주대학교(제1캠퍼스)_건축학과, 전북특별자치도_호원대학교(제1캠퍼스)_건축인테리어학과, 전북특별자치도_호원대학교(제1캠퍼스)_건축학과, 전라남도_국립목포대학교(제1캠퍼스)_건축학과, 전라남도_국립목포해양대학교(제1캠퍼스)_해양건설공학과, 전라남도_국립목포해양대학교(제1캠퍼스)_해양ㆍ플랜트건설공학과, 전라남도_국립순천대학교(제1캠퍼스)_건축학부, 전라남도_동신대학교(제1캠퍼스)_건축학과, 전라남도_초당대학교(제1캠퍼스)_건축학과, 경상북도_경일대학교(제1캠퍼스)_건축디자인과(5년제), 경상북도_국립금오공과대학교(제1캠퍼스)_건축학전공(5년), 경상북도_대구가톨릭대학교(제1캠퍼스)_건축학과, 경상북도_대구한의대학교(제1캠퍼스)_건축학전공, 경상북도_대구한의대학교(제1캠퍼스)_스마트시티건축학전공, 경상북도_동양대학교(제1캠퍼스)_스마트건축공학과, 경상북도_동양대학교(제1캠퍼스)_건축소방안전학과, 경상북도_신경주대학교(제1캠퍼스)_전통건축학과, 경상북도_영남대학교(제1캠퍼스)_건축학전공, 경상북도_영남대학교(제1캠퍼스)_건축학부, 경상북도_영남대학교(제1캠퍼스)_건축디자인전공, 경상남도_경남대학교(제1캠퍼스)_건축학전공(5년), 경상남도_경남대학교(제1캠퍼스)_건축학부, 경상남도_경상국립대학교(제1캠퍼스)_건축시스템공학전공, 경상남도_경상국립대학교(제1캠퍼스)_건축학과, 경상남도_경상국립대학교(제1캠퍼스)_건축공학부, 경상남도_국립창원대학교(제1캠퍼스)_건축학부 건축공학전공, 경상남도_국립창원대학교(제1캠퍼스)_건축학부 건축학전공, 경상남도_국립창원대학교(제1캠퍼스)_건축학전공, 경상남도_인제대학교(제1캠퍼스)_실내건축학과, 경상남도_인제대학교(제1캠퍼스)_건축학과, 경상남도_인제대학교(제1캠퍼스)_실내건축학과(예체능), 제주특별자치도_제주국제대학교(제1캠퍼스)_건축학과, 제주특별자치도_제주국제대학교(제1캠퍼스)_건설공학부 건축학전공, 제주특별자치도_제주대학교(제1캠퍼스)_건축학전공, 제주특별자치도_제주대학교(제1캠퍼스)_건축학과, 세종특별자치시_홍익대학교 세종캠퍼스(제2캠퍼스)_건축공학부 건축디자인전공(5년제), 세종특별자치시_홍익대학교 세종캠퍼스(제2캠퍼스)_건축공학부, 세종특별자치시_홍익대학교 세종캠퍼스(제2캠퍼스)_건축공학부 건축공학전공, 세종특별자치시_홍익대학교 세종캠퍼스(제2캠퍼스)_건축공학부 건축학전공(5년제)","일반 선택: 대수, 미적분 Ⅰ,확률과 통계, 물리학, 화학, 세계시민과 지리, 사회와 문화, 세계사 등 | 진로 선택: 기하, 미적분Ⅱ, 도시의 미래 탐구, 역학과 에너지, 물질과 에너지,화학 반응의 세계, 지구시스템과학, 한국지리탐구 등 | 융합 선택: 융합 과학 탐구, 과학의 역사와 문화, 기후변화와 환경생태, 창의공학 설계, 기후변화와 지속가능한 세계 등","공통과목: 수학, 사회, 과학, 기술ㆍ가정 | 일반선택과목: 수학교과 : 수학ⅠㆍⅡ, 미적분, 확률과 통계 | 진로선택과목: 실용수학, 기하, 수학과제 탐구, 사회문제 탐구, 물리학Ⅱ, 화학Ⅱ, 지구과학Ⅱ, 생활과 과학, 융합과학, 공학 일반 | 전문교과Ⅰ: 심화수학ⅠㆍⅡ, 고급 수학ⅠㆍⅡ, 고급 물리학, 물리학 실험, 고급 화학, 화학 실험, 고급 지구과학, 지구과학 실험, 정보과학, 생태와 환경, 과학과제 연구, 지역 이해, 세계 문제와 미래 사회, 사회과제 연구 | 전문교과Ⅱ: 건축 일반, 건축 도면 해석과 제도, 프로그래밍","건설안전기사, 건설재료시험기사, 건축구조기술사, 건축기계정비기술사, 건축기사, 건축목재시공기능장, 건축사, 건축설비기사, 건축시공기술사, 건축일반시공기능장, 건축전기설비기술사, 도시계획기사, 수질환경기사, 실내건축기사, 지적기사, 철도보선산업기사, 토목기사",건설공사품질관리원
10030,문화재보존학과,"서울특별시_동국대학교(제1캠퍼스)_문화재학과, 경기도_용인대학교(제1캠퍼스)_문화재학과, 경기도_중앙승가대학교(제1캠퍼스)_문화재학전공, 충청남도_국립공주대학교(제1캠퍼스)_문화재보존과학과, 충청남도_한국전통문화대학교(제1캠퍼스)_문화재관리학과, 충청남도_한국전통문화대학교(제1캠퍼스)_국가유산관리학과, 충청남도_한국전통문화대학교(제1캠퍼스)_무형유산학과, 충청남도_한국전통문화대학교(제1캠퍼스)_문화재보존과학과, 충청남도_한국전통문화대학교(제1캠퍼스)_보존과학과, 충청남도_한서대학교(제1캠퍼스)_문화재보존학과, 전북특별자치도_예원예술대학교(제1캠퍼스)_문화재보존예술학과, 전라남도_국립목포대학교(제1캠퍼스)_문화유산, 경상북도_국립경국대학교(제1캠퍼스)_문화유산학전공, 경상북도_신경주대학교(제1캠퍼스)_문화재학과, 경상북도_신경주대학교(제1캠퍼스)_문화유산학부, 경상남도_경남대학교(제1캠퍼스)_문화유산복원예술학과","일반 선택: 문학, 독서와 작문, 사회와 문화, 세계시민과 지리, 세계사, 화학, 정보 등 | 진로 선택: 한국지리 탐구, 동아시아 역사 기행, 법과 사회, 인문학과 윤리, 화학 반응의 세계, 미술 감상과 비평, 한문고전 일기, 삶과 종교 등 | 융합 선택: 수학과 문화, 여행지리, 역사로 탐구하는 현대 세계, 사회문제 탐구, 미술과 매체, 지식 재산 일반, 언어생활과 한자 등","공통과목: 사회, 역사, 한문, 수학, 영어, 제2외국어 | 일반선택과목: 사회교과 : 사회문화, 세계사, 동아시아사, 한국지리, 윤리와 사상 | 진로선택과목: 사회문제 탐구, 고전 읽기, 고전과 윤리, 여행지리, 현대 세계의 변화 | 전문교과Ⅰ: 사회탐구 방법, 사회과제 연구, 한국 사회의 이해, 비교 문화, 지역 이해 | 전문교과Ⅱ: 문화콘텐츠 산업 일반","문화재수리기능자, 문화재수리기술자, 박물관및미술관준학예사",문화재보존원
10156,패션디자인학과,"서울특별시_건국대학교(제1캠퍼스)_의상디자인학과, 서울특별시_국민대학교(제1캠퍼스)_의상디자인학과, 서울특별시_덕성여자대학교(제1캠퍼스)_의상디자인전공, 서울특별시_덕성여자대학교(제1캠퍼스)_의상디자인학과, 서울특별시_동덕여자대학교(제1캠퍼스)_디자인학부 패션디자인전공, 서울특별시_동덕여자대학교(제1캠퍼스)_패션디자인학과, 서울특별시_서경대학교(제1캠퍼스)_무대패션전공, 서울특별시_세종대학교(제1캠퍼스)_패션디자인학과, 서울특별시_세종사이버대학교(제1캠퍼스)_패션뷰티경영학과, 서울특별시_이화여자대학교(제1캠퍼스)_섬유ㆍ패션학부, 서울특별시_이화여자대학교(제1캠퍼스)_섬유예술전공(섬유ㆍ패션학부), 서울특별시_한성대학교(제1캠퍼스)_글로벌패션산업학부, 서울특별시_한성대학교(제1캠퍼스)_패션디자인전공, 부산광역시_경성대학교(제1캠퍼스)_패션디자인학과, 부산광역시_국립부경대학교(제1캠퍼스)_패션디자인학과, 부산광역시_동명대학교(제1캠퍼스)_패션디자인학과, 부산광역시_동서대학교(제1캠퍼스)_패션디자인학전공, 부산광역시_동서대학교(제1캠퍼스)_패션디자인학과, 부산광역시_동아대학교(제1캠퍼스)_건축ㆍ디자인ㆍ패션대학 패션디자인학과, 부산광역시_동아대학교(제1캠퍼스)_패션디자인학과, 부산광역시_동의대학교(제1캠퍼스)_패션디자인학과, 부산광역시_신라대학교(제1캠퍼스)_패션디자인학과, 부산광역시_신라대학교(제1캠퍼스)_패션디자인전공, 부산광역시_신라대학교(제1캠퍼스)_패션소재디자인전공, 부산광역시_신라대학교(제1캠퍼스)_패션디자인학전공, 인천광역시_인하대학교(제1캠퍼스)_의류디자인학과, 대전광역시_대전대학교(제1캠퍼스)_패션디자인ㆍ비즈니스학과, 대전광역시_한남대학교(제1캠퍼스)_패션디자인학과, 대구광역시_계명대학교(제2캠퍼스)_패션디자인과, 대구광역시_계명대학교(제2캠퍼스)_텍스타일디자인과, 광주광역시_광주대학교(제1캠퍼스)_패션ㆍ주얼리디자인학부, 광주광역시_광주대학교(제1캠퍼스)_패션ㆍ주얼리학부, 광주광역시_광주대학교(제1캠퍼스)_패션주얼리디자인학과, 광주광역시_조선대학교(제1캠퍼스)_라이프스타일디자인학부(섬유ㆍ패션디자인전공), 광주광역시_호남대학교(제1캠퍼스)_패션디자인학과, 경기도_가천대학교(제1캠퍼스)_미술ㆍ디자인학부(패션디자인), 경기도_경희대학교(제2캠퍼스)_의류디자인학과, 경기도_단국대학교(제1캠퍼스)_디자인학부 패션산업디자인전공, 경기도_명지대학교 자연캠퍼스(제1캠퍼스)_디자인학부 패션디자인전공, 경기도_명지대학교 자연캠퍼스(제1캠퍼스)_패션디자인전공, 경기도_수원대학교(제1캠퍼스)_패션디자인, 경기도_신한대학교(제2캠퍼스)_패션디자인학과, 경기도_신한대학교(제2캠퍼스)_K뷰티패션학과, 경기도_중부대학교(제2캠퍼스)_패션디자인학과, 경기도_중앙대학교(제2캠퍼스)_디자인학부(패션디자인전공), 경기도_중앙대학교(제2캠퍼스)_디자인학부(패션전공), 경기도_평택대학교(제1캠퍼스)_패션디자인및브랜딩학과, 경기도_한양대학교 ERICA캠퍼스(제1캠퍼스)_주얼리ㆍ패션디자인학과, 경기도_화성의과학대학교(제1캠퍼스)_스타일테크학과, 강원특별자치도_국립강릉원주대학교(제1캠퍼스)_패션디자인학과, 강원특별자치도_상지대학교(제1캠퍼스)_패션뷰티학부 패션디자인전공, 강원특별자치도_상지대학교(제1캠퍼스)_패션디자인학과, 충청북도_건국대학교 글로컬캠퍼스(제1캠퍼스)_패션디자인학과, 충청북도_건국대학교 글로컬캠퍼스(제1캠퍼스)_패션디자인전공, 충청북도_세명대학교(제1캠퍼스)_패션디자인학과, 충청북도_우석대학교(제2캠퍼스)_패션스타일링학과, 충청북도_청주대학교(제1캠퍼스)_아트앤패션디자인학과, 충청북도_청주대학교(제1캠퍼스)_패션디자인학과, 충청북도_충북대학교(제1캠퍼스)_패션디자인정보학과, 충청남도_상명대학교(제2캠퍼스)_패션디자인전공, 충청남도_청운대학교(제1캠퍼스)_패션디자인학과, 충청남도_한서대학교(제1캠퍼스)_의상디자인학과, 충청남도_한서대학교(제1캠퍼스)_패션디자인학과, 전북특별자치도_예원예술대학교(제1캠퍼스)_뷰티패션디자인전공, 전북특별자치도_원광대학교(제1캠퍼스)_패션디자인산업학과, 전북특별자치도_원광디지털대학교(제1캠퍼스)_한국복식과학학과, 전북특별자치도_호원대학교(제1캠퍼스)_패션.미용학부, 전북특별자치도_호원대학교(제1캠퍼스)_패션디자인학과, 전라남도_국립순천대학교(제1캠퍼스)_패션디자인학과, 전라남도_국립순천대학교(제1캠퍼스)_패션디자인학전공, 경상북도_경북대학교(제3캠퍼스)_섬유패션디자인학부 패션디자인전공, 경상북도_경북대학교(제3캠퍼스)_섬유패션디자인학부(섬유공학전공, 패션디자인전공), 경상북도_경일대학교(제1캠퍼스)_디자인학부 패션디자인전공, 경상북도_경일대학교(제1캠퍼스)_K-뷰티융합학부 패션디자인전공, 경상북도_국립경국대학교(제1캠퍼스)_패션ㆍ예술ㆍ체육학부, 경상북도_대구가톨릭대학교(제1캠퍼스)_패션디자인과(예체능), 경상북도_대구대학교(제1캠퍼스)_패션디자인학과, 경상북도_대구예술대학교(제1캠퍼스)_패션코스메틱디자인전공, 경상남도_영산대학교(제1캠퍼스)_디자인학부(패션디자인전공), 경상남도_영산대학교(제1캠퍼스)_패션디자인학과","일반 선택: 독서와 작문, 문학, 대수, 확률과 통계, 영어Ⅰ, 영어Ⅱ, 영어 독해오작문, 미술, 정보 등 | 진로 선택: 주제 탐구 독서, 문학과 영상, 미술 창작, 미술 감상과 비평, 인간과 심리 등 | 융합 선택: 매체 의사소통, 미디어 영어, 세계 문화와 영어, 여행지리, 사회문제 탐구, 미술과 매체 등","공통과목: 사회, 체육ㆍ예술 | 일반선택과목: 사회교과 : 경제, 사회ㆍ문화, 생활과 윤리 | 진로선택과목: 미술 창작, 미술 감상과 비평, 지식 재산 일반, 사회문제 탐구 | 전문교과Ⅰ: 미술 이론, 매체 미술, 세계 문제와 미래 사회, 사회 탐구 방법 및 사회과제 연구 | 전문교과Ⅱ: 디자인 일반, 색채 관리, 정보처리와 관리, 빅데이터 분석","숍마스터, 의류기사1급, 의류기사2급, 컬러리스트기사, 패션디자인산업기사, 패션머천다이징산업기사, 한복산업기사",가방디자이너
449,바이오동물과,"서울특별시_동양미래대학교(제1캠퍼스)_바이오융합공학과, 서울특별시_한양여자대학교(제1캠퍼스)_반려동물보건과, 부산광역시_부산경상대학교(제1캠퍼스)_반려동물보건과, 부산광역시_부산보건대학교(제1캠퍼스)_반려동물보건과, 부산광역시_부산여자대학교(제1캠퍼스)_동물보건과, 인천광역시_경인여자대학교(제1캠퍼스)_반려동물보건학과(3년제), 인천광역시_경인여자대학교(제1캠퍼스)_반려동물보건학과, 인천광역시_경인여자대학교(제1캠퍼스)_반려동물산업학과, 인천광역시_재능대학교(제1캠퍼스)_바이오코스메틱과, 대전광역시_우송정보대학(제1캠퍼스)_동물보건과, 대구광역시_계명문화대학교(제1캠퍼스)_반려동물보건과, 대구광역시_수성대학교(제1캠퍼스)_반려동물보건과, 대구광역시_영남이공대학교(제1캠퍼스)_반려동물보건과, 대구광역시_영진전문대학교(제1캠퍼스)_동물보건과, 경기도_대림대학교(제1캠퍼스)_바이오헬스케어과, 경기도_동원대학교(제1캠퍼스)_동물보건과, 경기도_서정대학교(제1캠퍼스)_반려동물보건과, 경기도_서정대학교(제1캠퍼스)_동물보건과, 경기도_수원여자대학교(제2캠퍼스)_펫케어과, 경기도_신구대학교(제1캠퍼스)_바이오동물전공, 경기도_신안산대학교(제1캠퍼스)_반려동물보건과, 경기도_연성대학교(제1캠퍼스)_반려동물보건과(3년제), 경기도_오산대학교(제1캠퍼스)_동물보건과, 경기도_용인예술과학대학교(제1캠퍼스)_반려동물보건과, 경기도_유한대학교(제1캠퍼스)_반려동물보건학과, 경기도_유한대학교(제1캠퍼스)_건강웰니스학과 반려동물산업전공, 경기도_장안대학교(제1캠퍼스)_바이오동물보호과, 경기도_장안대학교(제1캠퍼스)_바이오동물보건과, 충청북도_대원대학교(제1캠퍼스)_바이오메디컬과, 충청남도_연암대학교(제1캠퍼스)_동물보호학과, 전북특별자치도_전북과학대학교(제1캠퍼스)_천연물바이오과, 전북특별자치도_전주기전대학(제1캠퍼스)_동물보건과, 전라남도_청암대학교(제1캠퍼스)_반려동물보건과, 경상북도_대경대학교(제1캠퍼스)_동물보건과, 경상북도_안동과학대학교(제1캠퍼스)_바이오헴프과","일반 선택: 대수, 미적분 Ⅰ, 확률과 통계, 물리학, 화학, 생명과학, 정보 등 | 진로 선택: 기하, 미적분Ⅱ, 물질과 에너지, 화학 반응의 세계, 세포와 물질대사, 생물의 유전 등 | 융합 선택: 융합과학 탐구, 기후변화와 지속가능한 세계 등","공통과목: 과학, 윤리, 교양, 수학 | 일반선택과목: 과학교과 : 생명과학Ⅰ, 화학Ⅰ | 진로선택과목: 생명과학Ⅱ, 융합과학, 생활과 과학, 화학Ⅱ, 농업생명과학, 사회문제 탐구 | 전문교과Ⅰ: 고급생명과학, 생명과학 실험, 과학과제 연구, 융합과학 탐구, 생태와 환경, 정보과학, 사회탐구 방법 | 전문교과Ⅱ: 생명공학 기술, 인간과 환경","실험동물기술원, 축산산업기사",생명과학시험원
340,반려동물과,"부산광역시_경남정보대학교(제1캠퍼스)_반려동물케어과, 부산광역시_경남정보대학교(제1캠퍼스)_반려동물학과, 부산광역시_경남정보대학교(제1캠퍼스)_반려동물라이프계열, 부산광역시_부산경상대학교(제1캠퍼스)_반려동물산업과, 부산광역시_부산경상대학교(제1캠퍼스)_반려동물과, 부산광역시_부산여자대학교(제1캠퍼스)_반려동물과, 인천광역시_경인여자대학교(제1캠퍼스)_펫토탈케어과, 대전광역시_대덕대학교(제1캠퍼스)_반려동물과, 대전광역시_대덕대학교(제1캠퍼스)_펫토탈케어과, 대전광역시_대전과학기술대학교(제1캠퍼스)_애완동물과, 대전광역시_대전과학기술대학교(제1캠퍼스)_반려동물학과, 대전광역시_대전보건대학교(제1캠퍼스)_펫토탈케어과, 대전광역시_대전보건대학교(제1캠퍼스)_반려동물과, 대전광역시_우송정보대학(제1캠퍼스)_K마이스터 스쿨 펫케어전공, 대전광역시_우송정보대학(제1캠퍼스)_반려동물학부, 대구광역시_계명문화대학교(제1캠퍼스)_펫토탈케어학부, 대구광역시_계명문화대학교(제1캠퍼스)_펫토탈케어과, 대구광역시_영남이공대학교(제1캠퍼스)_반려동물케어과, 대구광역시_영남이공대학교(제1캠퍼스)_반려동물스타일리스트과, 대구광역시_영진전문대학교(제1캠퍼스)_반려동물과, 경기도_경복대학교(제1캠퍼스)_반려동물보건과, 경기도_국제대학교(제1캠퍼스)_반려동물학과, 경기도_국제대학교(제1캠퍼스)_반려동물과, 경기도_동원대학교(제1캠퍼스)_반려동물과, 경기도_부천대학교(제1캠퍼스)_반려동물과, 경기도_서정대학교(제1캠퍼스)_애완동물과, 경기도_서정대학교(제1캠퍼스)_반려동물과, 경기도_서정대학교(제1캠퍼스)_반려동물학과, 경기도_수원여자대학교(제2캠퍼스)_반려동물과, 경기도_신구대학교(제1캠퍼스)_반려동물과, 경기도_신구대학교(제1캠퍼스)_애완동물과, 경기도_신구대학교(제1캠퍼스)_애완동물전공, 경기도_신안산대학교(제1캠퍼스)_반려동물과, 경기도_안산대학교(제1캠퍼스)_동물매개케어학과(성인학습자), 경기도_연성대학교(제1캠퍼스)_반려동물산업과, 경기도_연성대학교(제1캠퍼스)_반려동물과, 경기도_오산대학교(제1캠퍼스)_반려동물관리과, 경기도_용인예술과학대학교(제1캠퍼스)_반려동물과(2년제), 경기도_용인예술과학대학교(제1캠퍼스)_반려동물과, 충청북도_충북보건과학대학교(제1캠퍼스)_반려동물문화학과, 충청북도_충청대학교(제1캠퍼스)_반려동물과, 충청북도_충청대학교(제1캠퍼스)_애완동물과, 충청남도_연암대학교(제1캠퍼스)_동물보호계열, 충청남도_혜전대학교(제1캠퍼스)_반려동물토탈케어과, 충청남도_혜전대학교(제1캠퍼스)_애완동물관리과, 충청남도_혜전대학교(제1캠퍼스)_반려동물과, 전북특별자치도_원광보건대학교(제1캠퍼스)_반려동물산업과, 전북특별자치도_전주기전대학(제1캠퍼스)_애완동물관리과, 전북특별자치도_전주기전대학(제1캠퍼스)_반려동물과(자연과학), 전북특별자치도_전주기전대학(제1캠퍼스)_반려동물과, 전라남도_동아보건대학교(제1캠퍼스)_반려동물전공, 전라남도_청암대학교(제1캠퍼스)_반려동물산업과, 경상북도_가톨릭상지대학교(제1캠퍼스)_반려동물과, 경상북도_구미대학교(제1캠퍼스)_반려동물케어과, 경상북도_대경대학교(제1캠퍼스)_신산업창조학부 동물조련이벤트전공, 경상북도_선린대학교(제1캠퍼스)_반려동물과, 경상북도_안동과학대학교(제1캠퍼스)_반려동물케어과","일반 선택: 대수, 미적분Ⅰ, 확률과 통계, 화학, 생명과학, 지구과학, 정보 등 | 진로 선택: 미적분Ⅱ, 인공지능 수학, 물질과 에너지, 화학 반응의 세계, 세포와 물질대사, 생물의 유전, 생활과학 탐구 등 | 융합 선택: 실용 통계, 기후변화와 환경생태 등","공통과목: 과학, 윤리, 교양, 수학 | 일반선택과목: 과학교과 : 생명과학Ⅰ, 화학Ⅰ | 진로선택과목: 생명과학Ⅱ, 융합과학, 생활과 과학, 화학Ⅱ, 농업생명과학, 사회문제 탐구 | 전문교과Ⅰ: 고급생명과학, 생명과학 실험, 과학과제 연구, 융합과학 탐구, 생태와 환경, 정보과학, 사회탐구 방법 | 전문교과Ⅱ: 생명공학 기술, 인간과 환경","반려동물관리사, 애견미용사, 축산기능사",반려동물미용사
245,산림자원학과,"서울특별시_건국대학교(제1캠퍼스)_산림조경전공, 서울특별시_서울대학교(제1캠퍼스)_산림과학부, 대전광역시_충남대학교(제1캠퍼스)_환경임산자원학부, 대전광역시_충남대학교(제1캠퍼스)_산림환경자원학과, 대구광역시_경북대학교(제1캠퍼스)_산림과학.조경학부(임학전공,임산공학전공,조경학전공), 대구광역시_경북대학교(제1캠퍼스)_산림과학.조경학부 임학전공, 대구광역시_경북대학교(제1캠퍼스)_산림과학.조경학부 임산공학전공, 광주광역시_전남대학교(제1캠퍼스)_산림자원학부, 광주광역시_전남대학교(제1캠퍼스)_산림자원학과, 경기도_국제사이버대학교(제1캠퍼스)_식물치유클리닉학과, 강원특별자치도_가톨릭관동대학교(제1캠퍼스)_산림치유학과, 강원특별자치도_강원대학교(제1캠퍼스)_산림환경보호학전공, 강원특별자치도_강원대학교(제1캠퍼스)_산림자원조성학전공, 강원특별자치도_강원대학교(제1캠퍼스)_시설농업학전공, 강원특별자치도_강원대학교(제1캠퍼스)_산림과학부, 강원특별자치도_강원대학교(제1캠퍼스)_산림소재공학전공, 강원특별자치도_강원대학교(제1캠퍼스)_산림자원학전공, 강원특별자치도_강원대학교(제1캠퍼스)_산림환경보호학과, 강원특별자치도_강원대학교(제1캠퍼스)_산림자원보호학전공, 강원특별자치도_강원대학교(제1캠퍼스)_산림응용공학부, 강원특별자치도_강원대학교(제1캠퍼스)_산림자원학과, 강원특별자치도_상지대학교(제1캠퍼스)_산림조경학부 산림과학전공, 강원특별자치도_상지대학교(제1캠퍼스)_산림과학과, 충청북도_우석대학교(제2캠퍼스)_산림조경원예학과, 충청북도_충북대학교(제1캠퍼스)_산림학과, 충청남도_국립공주대학교(제3캠퍼스)_산림자원학과, 충청남도_국립공주대학교(제3캠퍼스)_산림과학과, 전북특별자치도_전북대학교(제1캠퍼스)_목재응용과학과, 전북특별자치도_전북대학교(제1캠퍼스)_산림자원학과, 전라남도_국립목포대학교(제1캠퍼스)_산림자원, 전라남도_국립순천대학교(제1캠퍼스)_산림자원ㆍ조경학부(산림자원학전공), 전라남도_국립순천대학교(제1캠퍼스)_산림자원.조경학부, 전라남도_국립순천대학교(제1캠퍼스)_산림자원학전공, 경상북도_경북대학교(제3캠퍼스)_산림생태보호학과, 경상북도_국립경국대학교(제1캠퍼스)_산림과학전공, 경상북도_국립경국대학교(제1캠퍼스)_산림과학과, 경상북도_대구가톨릭대학교(제1캠퍼스)_원예치료전공, 경상북도_대구가톨릭대학교(제1캠퍼스)_스마트그린케어학과, 경상북도_대구대학교(제1캠퍼스)_산림자원학과, 경상북도_대구한의대학교(제1캠퍼스)_산림비즈니스학과, 경상북도_영남대학교(제1캠퍼스)_산림자원학과, 경상북도_영남대학교(제1캠퍼스)_산림자원및조경학과, 경상남도_경상국립대학교(제1캠퍼스)_산림환경자원학전공, 경상남도_경상국립대학교(제1캠퍼스)_농업식물과학과, 경상남도_경상국립대학교(제1캠퍼스)_환경산림과학부 산림융복합학전공(야), 경상남도_경상국립대학교(제1캠퍼스)_산림자원학과, 경상남도_경상국립대학교(제1캠퍼스)_산림환경자원학과, 경상남도_경상국립대학교(제1캠퍼스)_환경산림과학부(통합대학), 경상남도_경상국립대학교(제1캠퍼스)_산림융복합학전공","일반 선택: 대수, 미적분Ⅰ, 확률과 통계, 물리학, 화학, 생명과학, 정보 | 진로 선택: 미적분Ⅱ, 인공지능 수학, 한국지리 탐구, 물질과 에너지, 화학 반응의 세계, 세포와 물질대사, 생물의 유전, 지구시스템과학, 생활과학 탐구 | 융합 선택: 실용 통계, 기후변화와 환경생태","공통과목: 과학, 교양, 사회, 영어 | 일반선택과목: 과학교과 : 생명과학Ⅰ, 화학Ⅰ, 지구과학Ⅰ, 물리Ⅰ | 진로선택과목: 생명과학Ⅱ, 융합과학, 생활과 과학, 화학Ⅱ, 농업생명과학, 공학일반, 창의경영, 여행 지리, 실용수학 | 전문교과Ⅰ: 고급 생명과학, 생명과학 실험, 물리화학 실험, 융합과학 탐구, 과학과제 연구, 생태와 환경 | 전문교과Ⅱ: 산림 자원, 산림 휴양, 인간과 환경, 환경화학 기초","산림기사, 생물분류기사, 숲길체험지도사, 유아숲지도사, 임업종묘기사, 자연생태복원기사, 종자기사",산림경영지도원
309,시각디자인학과,"서울특별시_경희사이버대학교(제1캠퍼스)_시각미디어디자인전공, 서울특별시_국민대학교(제1캠퍼스)_AI디자인학과, 서울특별시_국민대학교(제1캠퍼스)_시각디자인학과, 서울특별시_덕성여자대학교(제1캠퍼스)_시각디자인학과, 서울특별시_덕성여자대학교(제1캠퍼스)_시각디자인전공, 서울특별시_동덕여자대학교(제1캠퍼스)_시각&실내디자인학과, 서울특별시_동덕여자대학교(제1캠퍼스)_디자인학부 시각&실내디자인전공, 서울특별시_디지털서울문화예술대학교(제1캠퍼스)_시각영상디자인학과, 서울특별시_서경대학교(제1캠퍼스)_VD_비주얼디자인, 서울특별시_서경대학교(제1캠퍼스)_시각정보디자인전공, 서울특별시_서울과학기술대학교(제1캠퍼스)_시각문화융합디자인학과, 서울특별시_서울과학기술대학교(제1캠퍼스)_디자인학과(시각디자인전공), 서울특별시_서울여자대학교(제1캠퍼스)_시각디자인전공, 서울특별시_숙명여자대학교(제1캠퍼스)_시각ㆍ영상디자인과, 서울특별시_숭실사이버대학교(제1캠퍼스)_뉴미디어디자인학과, 서울특별시_연세대학교(제1캠퍼스)_통합디자인학과, 서울특별시_이화여자대학교(제1캠퍼스)_시각디자인전공, 서울특별시_한양사이버대학교(제1캠퍼스)_시각디자인학과, 서울특별시_한양사이버대학교(제1캠퍼스)_뉴미디어디자인학과, 서울특별시_홍익대학교(제1캠퍼스)_디자인학부 시각디자인전공, 부산광역시_경성대학교(제1캠퍼스)_영상애니메이션학부, 부산광역시_경성대학교(제1캠퍼스)_시각디자인학과, 부산광역시_경성대학교(제1캠퍼스)_시각디자인학전공, 부산광역시_고신대학교(제1캠퍼스)_시각디자인학과, 부산광역시_국립부경대학교(제1캠퍼스)_시각디자인전공, 부산광역시_동명대학교(제1캠퍼스)_시각디자인학과, 부산광역시_동서대학교(제1캠퍼스)_Digital Design학과, 부산광역시_동서대학교(제1캠퍼스)_시각디자인학전공, 부산광역시_동서대학교(제1캠퍼스)_비쥬얼디자인학전공, 부산광역시_동서대학교(제1캠퍼스)_시각디자인전공, 부산광역시_신라대학교(제1캠퍼스)_시각디자인학전공, 부산광역시_신라대학교(제1캠퍼스)_시각디자인학과, 부산광역시_신라대학교(제1캠퍼스)_시각디자인전공, 인천광역시_인천가톨릭대학교(제2캠퍼스)_시각디자인학과, 인천광역시_인하대학교(제1캠퍼스)_디자인테크놀로지학과, 대전광역시_국립한밭대학교(제1캠퍼스)_시각디자인학과, 대전광역시_국립한밭대학교(제1캠퍼스)_시각ㆍ영상디자인학과, 대전광역시_목원대학교(제1캠퍼스)_시각커뮤니케이션디자인학과, 대구광역시_경북대학교(제1캠퍼스)_시각정보디자인학과, 대구광역시_계명대학교(제2캠퍼스)_시각디자인과, 울산광역시_울산대학교(제1캠퍼스)_시각디자인학전공, 광주광역시_광주대학교(제1캠퍼스)_시각영상디자인학과, 광주광역시_조선대학교(제1캠퍼스)_시각디자인학과, 광주광역시_호남대학교(제1캠퍼스)_시각융합디자인학과, 경기도_가천대학교(제1캠퍼스)_미술ㆍ디자인학부(시각디자인전공), 경기도_강남대학교(제1캠퍼스)_유니버설아트디자인학과, 경기도_강남대학교(제1캠퍼스)_예체능학부 유니버설아트디자인전공, 경기도_강남대학교(제1캠퍼스)_복지융합인재학부 유니버설비주얼디자인전공, 경기도_경기대학교(제1캠퍼스)_시각정보디자인전공, 경기도_경희대학교(제2캠퍼스)_시각디자인학과, 경기도_대진대학교(제1캠퍼스)_시각디자인학과, 경기도_명지대학교 자연캠퍼스(제1캠퍼스)_디자인학부 시각디자인전공, 경기도_명지대학교 자연캠퍼스(제1캠퍼스)_비주얼커뮤니케이션디자인전공, 경기도_명지대학교 자연캠퍼스(제1캠퍼스)_디자인학부 영상디자인전공, 경기도_예원예술대학교(제2캠퍼스)_시각영상디자인전공, 경기도_을지대학교(제2캠퍼스)_시각디자인전공, 경기도_중앙대학교(제2캠퍼스)_디자인학부(시각디자인전공), 경기도_한경국립대학교(제1캠퍼스)_시각미디어디자인전공, 경기도_한세대학교(제1캠퍼스)_시각정보디자인학과, 경기도_협성대학교(제1캠퍼스)_시각조형디자인학과, 경기도_협성대학교(제1캠퍼스)_시각디자인학과, 강원특별자치도_가톨릭관동대학교(제1캠퍼스)_CG디자인전공, 강원특별자치도_강원대학교(제2캠퍼스)_시각멀티미디어디자인학과, 강원특별자치도_상지대학교(제1캠퍼스)_시각영상디자인학과, 강원특별자치도_연세대학교 미래캠퍼스(제1캠퍼스)_시각디자인학전공, 충청북도_건국대학교 글로컬캠퍼스(제1캠퍼스)_시각영상디자인학과, 충청북도_건국대학교 글로컬캠퍼스(제1캠퍼스)_시각영상디자인전공, 충청북도_세명대학교(제1캠퍼스)_시각ㆍ영상디자인학과, 충청북도_우석대학교(제2캠퍼스)_시각커뮤니케이션디자인학과, 충청북도_청주대학교(제1캠퍼스)_시각디자인학과, 충청남도_건양대학교(제1캠퍼스)_시각디자인전공, 충청남도_건양대학교(제1캠퍼스)_시각디자인학과, 충청남도_남서울대학교(제1캠퍼스)_시각미디어디자인학과, 충청남도_남서울대학교(제1캠퍼스)_시각정보디자인학과, 충청남도_단국대학교(제2캠퍼스)_시각디자인과, 충청남도_상명대학교(제2캠퍼스)_시각디자인전공, 충청남도_상명대학교(제2캠퍼스)_시각디자인학과, 충청남도_상명대학교(제2캠퍼스)_디자인학부 ARㆍVR미디어디자인전공, 충청남도_선문대학교(제1캠퍼스)_시각디자인학과, 충청남도_한서대학교(제1캠퍼스)_시각디자인학과, 충청남도_호서대학교(제1캠퍼스)_시각디자인학과, 충청남도_호서대학교(제1캠퍼스)_디지털프로덕트디자인학과, 전북특별자치도_예원예술대학교(제1캠퍼스)_시각ㆍ영상디자인전공, 전북특별자치도_예원예술대학교(제1캠퍼스)_시각디자인전공, 전북특별자치도_예원예술대학교(제1캠퍼스)_시각디자인학과, 전북특별자치도_원광대학교(제1캠퍼스)_시각정보디자인학과, 전북특별자치도_전주대학교(제1캠퍼스)_시각디자인전공, 전북특별자치도_전주대학교(제1캠퍼스)_시각디자인학과, 전북특별자치도_호원대학교(제1캠퍼스)_미디어컨텐츠디자인학과, 전라남도_국립목포대학교(제1캠퍼스)_시각디자인, 경상북도_경운대학교(제1캠퍼스)_시각영상애니메이션전공, 경상북도_경일대학교(제1캠퍼스)_디자인학부 시각영상디자인전공, 경상북도_대구가톨릭대학교(제1캠퍼스)_미디어ㆍ디자인전공, 경상북도_대구가톨릭대학교(제1캠퍼스)_시각디자인과, 경상북도_대구가톨릭대학교(제1캠퍼스)_시각영상디자인과, 경상북도_대구대학교(제1캠퍼스)_시각디자인융합학부, 경상북도_대구대학교(제1캠퍼스)_시각디자인융합학부(서비스마케팅디자인전공), 경상북도_대구대학교(제1캠퍼스)_시각디자인융합학부(시각디자인전공), 경상북도_대구대학교(제1캠퍼스)_시각디자인학과, 경상북도_대구예술대학교(제1캠퍼스)_시각콘텐츠학과, 경상북도_대구예술대학교(제1캠퍼스)_시각디자인전공, 경상북도_영남대학교(제1캠퍼스)_시각디자인학과, 경상남도_경상국립대학교(제1캠퍼스)_디자인비즈니스학과, 경상남도_영산대학교(제1캠퍼스)_시각영상디자인전공, 경상남도_영산대학교(제1캠퍼스)_시각영상디자인학과, 세종특별자치시_홍익대학교 세종캠퍼스(제2캠퍼스)_디자인컨버전스학부","일반 선택: 독서와 작문, 문학, 대수, 확률과 통계, 영어Ⅰ, 영어Ⅱ, 영어 독해오작문, 미술, 정보 등 | 진로 선택: 주제 탐구 독서, 문학과 영상, 미술 창작, 미술 감상과 비평, 인간과 심리 등 | 융합 선택: 매체 의사소통, 미디어 영어, 세계 문화와 영어, 여행지리, 사회문제 탐구, 미술과 매체 등","공통과목: 미술, 윤리 | 일반선택과목: 예술교과 : 미술 | 진로선택과목: 미술 창작, 미술 감상과 비평 | 전문교과Ⅰ: 미술 이론, 미술사, 드로잉, 미술 전공 실기 | 전문교과Ⅱ: 디자인 일반, 시각 디자인, 색채 관리","광고디자인산업기사, 시각디자인산업기사, 웹디자인기능사, 의장디자인산업기사, 전자출판기능사, 컬러리스트기사및산업기사, 컴퓨터그래픽스운용기사, 포장디자인산업기사",광고디자이너
458,재활학과,"서울특별시_서울디지털대학교(제1캠퍼스)_예술치료전공, 서울특별시_서울사이버대학교(제1캠퍼스)_음악치료학과, 서울특별시_서울한영대학교(제1캠퍼스)_유아특수재활학과, 서울특별시_성신여자대학교(제1캠퍼스)_운동재활복지학과, 서울특별시_숭실사이버대학교(제1캠퍼스)_스포츠재활복지학과, 서울특별시_총신대학교(제1캠퍼스)_중독재활상담학과, 서울특별시_한국열린사이버대학교(제1캠퍼스)_통합치유학과, 서울특별시_한양사이버대학교(제1캠퍼스)_미술치료학과, 부산광역시_고신대학교(제1캠퍼스)_재활치료학과, 부산광역시_고신대학교(제1캠퍼스)_재활상담학과, 부산광역시_동명대학교(제1캠퍼스)_선명상치유학과, 부산광역시_동명대학교(제1캠퍼스)_스포츠재활학과, 부산광역시_동명대학교(제1캠퍼스)_언어치료청각재활학과, 부산광역시_동서대학교(제1캠퍼스)_시니어운동처방학과, 부산광역시_동서대학교(제1캠퍼스)_운동처방학전공, 부산광역시_동서대학교(제1캠퍼스)_운동처방학과, 부산광역시_부산디지털대학교(제1캠퍼스)_상담치료학부, 부산광역시_부산외국어대학교(제1캠퍼스)_스포츠재활학과, 인천광역시_가천대학교(제2캠퍼스)_운동재활복지학과, 인천광역시_가천대학교(제2캠퍼스)_운동재활학과, 대전광역시_건양사이버대학교(제1캠퍼스)_행동발달치료학과, 대전광역시_건양사이버대학교(제1캠퍼스)_행동재활치료학과, 대전광역시_우송대학교(제1캠퍼스)_언어치료ㆍ청각재활학과, 광주광역시_광주대학교(제1캠퍼스)_언어재활상담학과, 광주광역시_광주여자대학교(제1캠퍼스)_미래융합학부(언어재활전공), 광주광역시_광주여자대학교(제1캠퍼스)_미래융합학부(언어재활심리학과), 광주광역시_송원대학교(제1캠퍼스)_재활보건관리학과(자연), 광주광역시_송원대학교(제1캠퍼스)_재활보건학과, 경기도_가천대학교(제1캠퍼스)_운동재활학과, 경기도_차의과학대학교(제1캠퍼스)_미술치료학과, 경기도_한경국립대학교(제2캠퍼스)_의료재활공학전공, 경기도_한신대학교(제1캠퍼스)_재활상담학과, 경기도_한신대학교(제1캠퍼스)_재활상담학, 경기도_한신대학교(제1캠퍼스)_재활학과, 강원특별자치도_가톨릭관동대학교(제1캠퍼스)_중독재활상담학과, 강원특별자치도_가톨릭관동대학교(제1캠퍼스)_치매전문재활학과, 강원특별자치도_가톨릭관동대학교(제1캠퍼스)_중독재활학과, 강원특별자치도_가톨릭관동대학교(제1캠퍼스)_언어재활상담학과, 강원특별자치도_가톨릭관동대학교(제1캠퍼스)_통합치유학과, 강원특별자치도_가톨릭관동대학교(제1캠퍼스)_언어재활학과, 강원특별자치도_상지대학교(제1캠퍼스)_놀이심리치료학과, 강원특별자치도_연세대학교 미래캠퍼스(제1캠퍼스)_재활보건학전공, 충청북도_극동대학교(제1캠퍼스)_재활상담치료학과, 충청북도_서원대학교(제1캠퍼스)_헬스케어운동학과, 충청남도_건양대학교(제1캠퍼스)_재활퍼스널트레이닝학과, 충청남도_건양대학교(제1캠퍼스)_심리상담치료학과, 충청남도_나사렛대학교(제1캠퍼스)_재활공학과, 충청남도_나사렛대학교(제1캠퍼스)_심리재활학전공, 충청남도_나사렛대학교(제1캠퍼스)_재활학트랙, 충청남도_나사렛대학교(제1캠퍼스)_인간재활학전공, 충청남도_나사렛대학교(제1캠퍼스)_재활자립학부, 충청남도_단국대학교(제2캠퍼스)_운동처방재활학과, 충청남도_한서대학교(제1캠퍼스)_의료재활학과, 전북특별자치도_우석대학교(제1캠퍼스)_재활학과, 전북특별자치도_전주대학교(제1캠퍼스)_운동처방학과, 전북특별자치도_전주대학교(제1캠퍼스)_재활학과, 전북특별자치도_전주대학교(제1캠퍼스)_예술심리치료학과, 전북특별자치도_한일장신대학교(제1캠퍼스)_운동처방재활학과, 전북특별자치도_호원대학교(제1캠퍼스)_보건헬스케어학과, 전라남도_동신대학교(제1캠퍼스)_운동처방학과, 경상북도_김천대학교(제1캠퍼스)_스포츠재활학과, 경상북도_대구가톨릭대학교(제1캠퍼스)_의료재활학과, 경상북도_대구가톨릭대학교(제1캠퍼스)_재활치료전공, 경상북도_대구대학교(제1캠퍼스)_재활과학계열, 경상북도_대구대학교(제1캠퍼스)_재활심리학과, 경상북도_대구대학교(제1캠퍼스)_재활상담학과, 경상북도_대구대학교(제1캠퍼스)_재활건강증진학과, 경상북도_대구대학교(제1캠퍼스)_의료재활학과, 경상북도_대구사이버대학교(제1캠퍼스)_심리운동학과, 경상북도_대구사이버대학교(제1캠퍼스)_재활상담학과, 경상북도_대구사이버대학교(제1캠퍼스)_미술치료학과, 경상북도_대구사이버대학교(제1캠퍼스)_놀이치료학과, 경상북도_대구사이버대학교(제1캠퍼스)_발달재활학과, 경상북도_대구예술대학교(제1캠퍼스)_복지&심리상담전공, 경상북도_대구한의대학교(제1캠퍼스)_미술치료학전공, 경상북도_대구한의대학교(제1캠퍼스)_미술심리치료전공, 경상북도_대구한의대학교(제1캠퍼스)_재활치료학전공, 경상북도_대구한의대학교(제1캠퍼스)_미술심리치료학과, 경상북도_대구한의대학교(제1캠퍼스)_치유산업학과, 경상북도_대구한의대학교(제1캠퍼스)_재활치료학부, 경상북도_대구한의대학교(제1캠퍼스)_미술놀이치료학과, 경상북도_대구한의대학교(제1캠퍼스)_노인재활치료학과, 경상북도_신경주대학교(제1캠퍼스)_스포츠재활학과, 경상남도_가야대학교(제1캠퍼스)_스포츠재활복지학과, 경상남도_가야대학교(제1캠퍼스)_스포츠재활복지학부, 경상남도_영산대학교(제1캠퍼스)_실버재활학과, 제주특별자치도_제주국제대학교(제1캠퍼스)_복지상담학부 언어치료학전공","일반 선택: 물리학, 화학, 생명과학, 현대사회와 윤리 등 | 진로 선택: 세포와 물질대사, 생물의 유전, 법과 사회, 보건 등 | 융합 선택: 융합과학 탐구 등","공통과목: 영어, 과학 | 일반선택과목: 영어교과 : 영어Ⅰ, 영어Ⅱ, 영어 독해와 작문 | 진로선택과목: 생명과학Ⅱ | 전문교과Ⅰ: 체육지도법, 개인ㆍ대인 운동, 체육 전공 실기 응용 | 전문교과Ⅱ: 인체 구조와 기능, 기초 간호 임상 실무, 보건 간호","물리치료사, 작업치료사, 특수교육교사",물리치료사
10027,스포츠재활과,"서울특별시_서일대학교(제1캠퍼스)_스포츠헬스케어학과, 부산광역시_경남정보대학교(제1캠퍼스)_뷰티헬스과, 부산광역시_경남정보대학교(제1캠퍼스)_스포츠재활지도학과, 부산광역시_경남정보대학교(제1캠퍼스)_스포츠재활트레이닝과, 부산광역시_동의과학대학교(제1캠퍼스)_스포츠재활트레이닝과, 부산광역시_부산과학기술대학교(제1캠퍼스)_재활운동건강과, 부산광역시_부산보건대학교(제1캠퍼스)_스포츠재활과(자연), 부산광역시_부산여자대학교(제1캠퍼스)_아동스포츠재활무용과(3년제), 부산광역시_부산예술대학교(제1캠퍼스)_스포츠재활&다이어트과, 인천광역시_경인여자대학교(제1캠퍼스)_스포츠헬스케어학과, 인천광역시_인하공업전문대학(제1캠퍼스)_스포츠헬스케어학과, 인천광역시_재능대학교(제1캠퍼스)_스포츠재활과, 대구광역시_대구보건대학교(제1캠퍼스)_스포츠재활학과, 대구광역시_영남이공대학교(제1캠퍼스)_스포츠재활ㆍ운동관리과, 대구광역시_영남이공대학교(제1캠퍼스)_스포츠건강재활계열, 대구광역시_영남이공대학교(제1캠퍼스)_스포츠재활과, 대구광역시_영진전문대학교(제1캠퍼스)_스포츠재활과, 울산광역시_울산과학대학교(제1캠퍼스)_스포츠건강재활학과, 울산광역시_울산과학대학교(제1캠퍼스)_스포츠재활학부 스포츠지도전공(자연과학계열), 울산광역시_울산과학대학교(제1캠퍼스)_스포츠재활학부 스포츠지도전공, 울산광역시_울산과학대학교(제1캠퍼스)_스포츠재활학부 스포츠재활전공(자연과학계열), 울산광역시_울산과학대학교(제1캠퍼스)_스포츠재활학부(자연과학계열), 울산광역시_울산과학대학교(제1캠퍼스)_스포츠재활학부 스포츠재활전공, 광주광역시_동강대학교(제1캠퍼스)_스포츠재활트레이닝과, 광주광역시_조선이공대학교(제1캠퍼스)_스포츠재활과, 광주광역시_조선이공대학교(제1캠퍼스)_스포츠재활학부 스포츠재활전공, 광주광역시_조선이공대학교(제1캠퍼스)_스포츠재활학과, 광주광역시_조선이공대학교(제1캠퍼스)_스포츠재활학부, 광주광역시_조선이공대학교(제1캠퍼스)_스포츠재활학부 웰빙헬스케어전공, 경기도_국제대학교(제1캠퍼스)_스포츠헬스케어학과, 경기도_대림대학교(제1캠퍼스)_스포츠재활과(스포츠학부), 경기도_대림대학교(제1캠퍼스)_스포츠재활학부, 경기도_두원공과대학교(제2캠퍼스)_스포츠재활과, 경기도_두원공과대학교(제1캠퍼스)_재활운동과학과, 경기도_두원공과대학교(제1캠퍼스)_스포츠재활치료과, 경기도_두원공과대학교(제1캠퍼스)_재활운동과학과(2년제), 경기도_부천대학교(제1캠퍼스)_재활스포츠학과, 경기도_부천대학교(제1캠퍼스)_재활스포츠과, 경기도_신구대학교(제1캠퍼스)_스포츠재활과, 경기도_여주대학교(제1캠퍼스)_건강운동재활학과, 경기도_연성대학교(제1캠퍼스)_스포츠재활과, 경기도_연성대학교(제1캠퍼스)_스포츠케어과, 경기도_유한대학교(제1캠퍼스)_건강웰니스학과 스포츠재활전공, 경기도_장안대학교(제1캠퍼스)_운동처방과, 경기도_장안대학교(제1캠퍼스)_스포츠재활과, 강원특별자치도_강릉영동대학교(제1캠퍼스)_스포츠레저헬스케어계열, 강원특별자치도_강릉영동대학교(제1캠퍼스)_스포츠재활전공, 강원특별자치도_한국골프과학기술대학교(제1캠퍼스)_골프재활과, 강원특별자치도_한국골프과학기술대학교(제1캠퍼스)_골프재활헬스케어과, 충청북도_강동대학교(제1캠퍼스)_스포츠재활과, 충청북도_대원대학교(제1캠퍼스)_운동재활과, 충청북도_충북보건과학대학교(제1캠퍼스)_스포츠과학과, 충청북도_충북보건과학대학교(제1캠퍼스)_스포츠재활과, 충청북도_충청대학교(제1캠퍼스)_스포츠재활과, 충청북도_충청대학교(제1캠퍼스)_사회체육학부 스포츠재활과, 전북특별자치도_전주기전대학(제1캠퍼스)_운동재활과, 전북특별자치도_전주기전대학(제1캠퍼스)_말산업스포츠재활과, 전북특별자치도_전주기전대학(제1캠퍼스)_운동재활과(예체능), 전라남도_나주대학교(제1캠퍼스)_재활복지스포츠학부, 전라남도_목포과학대학교(제1캠퍼스)_스포츠과학과, 전라남도_전남과학대학교(제1캠퍼스)_뉴로테크헬스케어학과, 전라남도_청암대학교(제1캠퍼스)_재활스포츠과, 경상북도_대경대학교(제1캠퍼스)_스포츠재활과, 경상북도_문경대학교(제1캠퍼스)_스포츠재활과, 경상남도_경남도립거창대학(제1캠퍼스)_스포츠재활운동관리과, 경상남도_김해대학교(제1캠퍼스)_스포츠재활과(축구), 경상남도_동원과학기술대학교(제1캠퍼스)_스포츠재활운동학과, 경상남도_동원과학기술대학교(제1캠퍼스)_스포츠재활학부, 경상남도_동원과학기술대학교(제1캠퍼스)_재활스포츠과, 경상남도_동원과학기술대학교(제1캠퍼스)_스포츠재활운동학부","일반 선택: 독서와 작문, 문학, 대수, 미적분Ⅰ, 확률과 통계, 영어 I,프, 영어 독해와 작문, 현대사회와 윤리, 생명과학, 화학, 정보, 교육학 등 | 진로 선택: 법과 사회, 물질과 에너지, 화학 반응의 세계, 세포와 물질대사, 생물의 유전 등 | 융합 선택: 실생활 영어 회화, 실용 통계, 윤리문제 탐구 등","공통과목: 체육, 윤리 | 일반선택과목: 체육교과 : 체육, 운동과 건강 | 진로선택과목: 스포츠 생활, 체육 탐구 | 전문교과Ⅰ: 스포츠 개론, 체육 지도법, 체육 전공 실기 기초, 체육 전공 실기 심화, 체육 전공 실기 응용 | 전문교과Ⅱ: 인체 구조와 기능, 간호의 기초","사회복지사, 생활스포츠지도자, 요양보호사, 응급구조사, 장애인재활상담사",간병인
20,건축학과,"서울특별시_건국대학교(제1캠퍼스)_건축학부, 서울특별시_건국대학교(제1캠퍼스)_건축학전공, 서울특별시_건국대학교(제1캠퍼스)_건축학과, 서울특별시_건국대학교(제1캠퍼스)_건축설계전공, 서울특별시_고려대학교(제1캠퍼스)_건축학과, 서울특별시_고려대학교(제1캠퍼스)_건축사회환경공학부, 서울특별시_고려사이버대학교(제1캠퍼스)_건축공학부, 서울특별시_광운대학교(제1캠퍼스)_건축학과, 서울특별시_국민대학교(제1캠퍼스)_건축학전공, 서울특별시_국민대학교(제1캠퍼스)_건축설계전공, 서울특별시_국민대학교(제1캠퍼스)_건축학부, 서울특별시_국민대학교(제1캠퍼스)_건축시스템전공, 서울특별시_동국대학교(제1캠퍼스)_건축학전공, 서울특별시_동국대학교(제1캠퍼스)_건축공학부, 서울특별시_삼육대학교(제1캠퍼스)_건축학과(5년제), 서울특별시_삼육대학교(제1캠퍼스)_건축학과(4년제), 서울특별시_서울과학기술대학교(제1캠퍼스)_건축학부건축공학전공, 서울특별시_서울과학기술대학교(제1캠퍼스)_건축학부건축학전공, 서울특별시_서울대학교(제1캠퍼스)_건축학과(건축공학전공), 서울특별시_서울대학교(제1캠퍼스)_건축학과(건축학전공(5년)), 서울특별시_서울대학교(제1캠퍼스)_건축학과, 서울특별시_서울사이버대학교(제1캠퍼스)_건축공간디자인학과, 서울특별시_서울시립대학교(제1캠퍼스)_건축학부 건축공학전공, 서울특별시_서울시립대학교(제1캠퍼스)_건축학부 건축학전공(5년제), 서울특별시_세종대학교(제1캠퍼스)_건축학과, 서울특별시_세종대학교(제1캠퍼스)_건축학전공, 서울특별시_세종사이버대학교(제1캠퍼스)_건축ㆍ도시계획학과, 서울특별시_숭실대학교(제1캠퍼스)_건축학부 건축공학전공, 서울특별시_숭실대학교(제1캠퍼스)_건축학부 건축학전공, 서울특별시_숭실대학교(제1캠퍼스)_건축학부, 서울특별시_숭실대학교(제1캠퍼스)_건축학부 실내건축전공, 서울특별시_숭실사이버대학교(제1캠퍼스)_건설스마트안전공학과, 서울특별시_연세대학교(제1캠퍼스)_건축공학(4년제), 서울특별시_연세대학교(제1캠퍼스)_건축학(5년제), 서울특별시_연세대학교(제1캠퍼스)_실내건축학과, 서울특별시_이화여자대학교(제1캠퍼스)_건축도시시스템공학과, 서울특별시_이화여자대학교(제1캠퍼스)_건축학과(5년), 서울특별시_이화여자대학교(제1캠퍼스)_건축도시시스템공학전공, 서울특별시_이화여자대학교(제1캠퍼스)_건축학전공(5년), 서울특별시_중앙대학교(제1캠퍼스)_건축학부(건축공학전공), 서울특별시_중앙대학교(제1캠퍼스)_건축학부(건축학전공), 서울특별시_중앙대학교(제1캠퍼스)_건축학부, 서울특별시_한국예술종합학교(제1캠퍼스)_건축과, 서울특별시_한양대학교(제1캠퍼스)_건축공학부, 서울특별시_한양대학교(제1캠퍼스)_건축학부, 서울특별시_한양사이버대학교(제1캠퍼스)_건축도시공학과, 서울특별시_한양사이버대학교(제1캠퍼스)_건축공간디자인학과, 서울특별시_홍익대학교(제1캠퍼스)_건축학부 건축학전공(5년제), 서울특별시_홍익대학교(제1캠퍼스)_건축학부 실내건축학전공, 서울특별시_홍익대학교(제1캠퍼스)_건축학부, 부산광역시_경성대학교(제1캠퍼스)_실내건축학과, 부산광역시_경성대학교(제1캠퍼스)_건축학과(5년제), 부산광역시_국립부경대학교(제1캠퍼스)_건축학전공(5년), 부산광역시_국립한국해양대학교(제1캠퍼스)_해양건축공학과, 부산광역시_동명대학교(제1캠퍼스)_건축학과, 부산광역시_동명대학교(제1캠퍼스)_실내건축학과, 부산광역시_동명대학교(제1캠퍼스)_건축학과(5년제), 부산광역시_동서대학교(제1캠퍼스)_건축학과, 부산광역시_동서대학교(제1캠퍼스)_건축설계학전공, 부산광역시_동아대학교(제1캠퍼스)_건축학과 실내건축디자인전공, 부산광역시_동아대학교(제1캠퍼스)_건축학과 건축학전공(5년제), 부산광역시_동아대학교(제1캠퍼스)_건축학과(5년제), 부산광역시_동아대학교(제1캠퍼스)_건축학과, 부산광역시_동의대학교(제1캠퍼스)_건축학과, 부산광역시_동의대학교(제1캠퍼스)_건축학전공, 부산광역시_부산대학교(제1캠퍼스)_건축학과, 부산광역시_부산대학교(제1캠퍼스)_건축학과(5년제), 부산광역시_신라대학교(제1캠퍼스)_건축학전공, 부산광역시_신라대학교(제1캠퍼스)_건축학부, 부산광역시_신라대학교(제1캠퍼스)_건축학과(4년제, 5년제), 부산광역시_신라대학교(제1캠퍼스)_건축학전공(5년제), 부산광역시_신라대학교(제1캠퍼스)_건축학과, 부산광역시_영산대학교(제2캠퍼스)_건축플랜트학과, 인천광역시_인천대학교(제1캠퍼스)_도시건축학전공, 인천광역시_인천대학교(제1캠퍼스)_도시건축학부, 인천광역시_인하대학교(제1캠퍼스)_건축학전공, 인천광역시_인하대학교(제1캠퍼스)_건축학부, 대전광역시_건양대학교(제2캠퍼스)_건축학과, 대전광역시_국립한밭대학교(제1캠퍼스)_건축학과(5년제), 대전광역시_대전대학교(제1캠퍼스)_건축학과(4), 대전광역시_대전대학교(제1캠퍼스)_건축학과(5), 대전광역시_목원대학교(제1캠퍼스)_건축학부 건축공학전공, 대전광역시_목원대학교(제1캠퍼스)_건축학부 건축학전공(5년제), 대전광역시_목원대학교(제1캠퍼스)_건축학부, 대전광역시_배재대학교(제1캠퍼스)_건축학부, 대전광역시_배재대학교(제1캠퍼스)_건축학과, 대전광역시_배재대학교(제1캠퍼스)_실내건축학과, 대전광역시_배재대학교(제1캠퍼스)_건축학전공, 대전광역시_충남대학교(제1캠퍼스)_스마트시티건축공학과, 대전광역시_충남대학교(제1캠퍼스)_건축학과(5), 대전광역시_한남대학교(제1캠퍼스)_건축학과(5년제), 대구광역시_경북대학교(제1캠퍼스)_건축학부(건축학전공), 대구광역시_경북대학교(제1캠퍼스)_건축학부(건축공학전공), 대구광역시_계명대학교(제1캠퍼스)_건축학과, 울산광역시_울산대학교(제1캠퍼스)_건축학전공, 울산광역시_울산대학교(제1캠퍼스)_건축학부, 광주광역시_광주대학교(제1캠퍼스)_건축학부, 광주광역시_전남대학교(제1캠퍼스)_건축도시설계전공(5년), 광주광역시_전남대학교(제1캠퍼스)_건축학부, 광주광역시_조선대학교(제1캠퍼스)_건축학과(5년제), 광주광역시_호남대학교(제1캠퍼스)_건축학부, 광주광역시_호남대학교(제1캠퍼스)_건축학과, 광주광역시_호남대학교(제1캠퍼스)_건축학전공, 경기도_가천대학교(제1캠퍼스)_건축학부, 경기도_가천대학교(제1캠퍼스)_실내건축학전공, 경기도_가천대학교(제1캠퍼스)_건축학전공, 경기도_경기대학교(제1캠퍼스)_건축안전공학과, 경기도_경기대학교(제1캠퍼스)_건축학과, 경기도_경희대학교(제2캠퍼스)_건축학과, 경기도_단국대학교(제1캠퍼스)_건축학과, 경기도_단국대학교(제1캠퍼스)_건축학부, 경기도_단국대학교(제1캠퍼스)_건축학부 건축공학전공, 경기도_단국대학교(제1캠퍼스)_건축학부 건축학전공, 경기도_대진대학교(제1캠퍼스)_건축공학부, 경기도_명지대학교 자연캠퍼스(제1캠퍼스)_건축학부(건축학전공/전통건축전공) (5년제), 경기도_명지대학교 자연캠퍼스(제1캠퍼스)_건축학부 전통건축전공(5년제), 경기도_명지대학교 자연캠퍼스(제1캠퍼스)_건축학부 건축학전공(5년제), 경기도_명지대학교 자연캠퍼스(제1캠퍼스)_건축대학, 경기도_성균관대학교(제2캠퍼스)_건축학과, 경기도_수원대학교(제1캠퍼스)_건축도시부동산학부, 경기도_수원대학교(제1캠퍼스)_건축학, 경기도_아주대학교(제1캠퍼스)_건축학과, 경기도_중부대학교(제2캠퍼스)_건축학전공, 경기도_중부대학교(제2캠퍼스)_건축학과, 경기도_한경국립대학교(제1캠퍼스)_건축융합학부, 경기도_한경국립대학교(제1캠퍼스)_건축학전공, 경기도_한양대학교 ERICA캠퍼스(제1캠퍼스)_건축학전공, 경기도_한양대학교 ERICA캠퍼스(제1캠퍼스)_스마트융합공학부 건축IT융합전공, 경기도_한양대학교 ERICA캠퍼스(제1캠퍼스)_스마트융합공학부 지속가능건축융합전공, 강원특별자치도_가톨릭관동대학교(제1캠퍼스)_건축학전공, 강원특별자치도_가톨릭관동대학교(제1캠퍼스)_건축학부, 강원특별자치도_강원대학교(제2캠퍼스)_건설융합학부 건축공학전공, 강원특별자치도_강원대학교(제2캠퍼스)_해양건설시스템공학과, 강원특별자치도_강원대학교(제1캠퍼스)_건축학전공(5년제), 강원특별자치도_강원대학교(제2캠퍼스)_건축시스템공학과, 강원특별자치도_강원대학교(제2캠퍼스)_건설융합학부 건축학전공, 강원특별자치도_강원대학교(제2캠퍼스)_건축학과(5), 강원특별자치도_강원대학교(제1캠퍼스)_건축학부, 강원특별자치도_강원대학교(제2캠퍼스)_건설융합학부, 강원특별자치도_강원대학교(제1캠퍼스)_건축학과(5), 강원특별자치도_강원대학교(제2캠퍼스)_건축학전공(5년제), 강원특별자치도_한라대학교(제1캠퍼스)_건축학과, 충청북도_국립한국교통대학교(제1캠퍼스)_건축학과, 충청북도_국립한국교통대학교(제1캠퍼스)_건축학전공, 충청북도_국립한국교통대학교(제1캠퍼스)_건축학부, 충청북도_서원대학교(제1캠퍼스)_건축학과, 충청북도_세명대학교(제1캠퍼스)_건축학과, 충청북도_우석대학교(제2캠퍼스)_건축ㆍ인테리어디자인학과, 충청북도_우석대학교(제2캠퍼스)_건축학과, 충청북도_청주대학교(제1캠퍼스)_건축학과(5), 충청북도_청주대학교(제1캠퍼스)_건축학과, 충청북도_청주대학교(제1캠퍼스)_건축학ㆍ건축공학전공, 충청북도_충북대학교(제1캠퍼스)_건축학과, 충청남도_국립공주대학교(제2캠퍼스)_그린스마트건축공학과, 충청남도_국립공주대학교(제2캠퍼스)_건축학부 건축학전공, 충청남도_국립공주대학교(제2캠퍼스)_건축학부 건축공학전공, 충청남도_국립공주대학교(제2캠퍼스)_건축학과, 충청남도_남서울대학교(제1캠퍼스)_건축학과(5), 충청남도_선문대학교(제1캠퍼스)_건축학부, 충청남도_선문대학교(제1캠퍼스)_건축사회환경공학부, 충청남도_순천향대학교(제1캠퍼스)_건축학과(5), 충청남도_한국기술교육대학교(제1캠퍼스)_디자인ㆍ건축공학부, 충청남도_한국기술교육대학교(제1캠퍼스)_건축공학부, 충청남도_한국전통문화대학교(제1캠퍼스)_전통건축학과, 충청남도_한서대학교(제1캠퍼스)_건축학과, 충청남도_호서대학교(제1캠퍼스)_건축학과, 전북특별자치도_국립군산대학교(제1캠퍼스)_공간디자인융합기술학부(공간디자인융합기술학전공), 전북특별자치도_국립군산대학교(제1캠퍼스)_해양건설공학과, 전북특별자치도_국립군산대학교(제1캠퍼스)_건축ㆍ해양건설융합공학부, 전북특별자치도_국립군산대학교(제1캠퍼스)_공간디자인융합기술학부, 전북특별자치도_국립군산대학교(제1캠퍼스)_건축공학부, 전북특별자치도_국립군산대학교(제1캠퍼스)_건축공학부(건축공학전공), 전북특별자치도_원광대학교(제1캠퍼스)_건축학과, 전북특별자치도_전북대학교(제1캠퍼스)_한옥학과, 전북특별자치도_전북대학교(제1캠퍼스)_한옥건축학과, 전북특별자치도_전주대학교(제1캠퍼스)_건축학과, 전북특별자치도_호원대학교(제1캠퍼스)_건축인테리어학과, 전북특별자치도_호원대학교(제1캠퍼스)_건축학과, 전라남도_국립목포대학교(제1캠퍼스)_건축학과, 전라남도_국립목포해양대학교(제1캠퍼스)_해양ㆍ플랜트건설공학과, 전라남도_국립목포해양대학교(제1캠퍼스)_해양건설공학과, 전라남도_국립순천대학교(제1캠퍼스)_건축학부, 전라남도_동신대학교(제1캠퍼스)_건축학과, 전라남도_초당대학교(제1캠퍼스)_건축학과, 경상북도_경일대학교(제1캠퍼스)_건축디자인과(5년제), 경상북도_국립금오공과대학교(제1캠퍼스)_건축학전공(5년), 경상북도_대구가톨릭대학교(제1캠퍼스)_건축학과, 경상북도_대구한의대학교(제1캠퍼스)_건축학전공, 경상북도_대구한의대학교(제1캠퍼스)_스마트시티건축학전공, 경상북도_동양대학교(제1캠퍼스)_건축소방안전학과, 경상북도_동양대학교(제1캠퍼스)_스마트건축공학과, 경상북도_신경주대학교(제1캠퍼스)_전통건축학과, 경상북도_영남대학교(제1캠퍼스)_건축디자인전공, 경상북도_영남대학교(제1캠퍼스)_건축학전공, 경상북도_영남대학교(제1캠퍼스)_건축학부, 경상남도_경남대학교(제1캠퍼스)_건축학전공(5년), 경상남도_경남대학교(제1캠퍼스)_건축학부, 경상남도_경상국립대학교(제1캠퍼스)_건축학과, 경상남도_경상국립대학교(제1캠퍼스)_건축시스템공학전공, 경상남도_경상국립대학교(제1캠퍼스)_건축공학부, 경상남도_국립창원대학교(제1캠퍼스)_건축학부 건축학전공, 경상남도_국립창원대학교(제1캠퍼스)_건축학부 건축공학전공, 경상남도_국립창원대학교(제1캠퍼스)_건축학전공, 경상남도_인제대학교(제1캠퍼스)_실내건축학과(예체능), 경상남도_인제대학교(제1캠퍼스)_실내건축학과, 경상남도_인제대학교(제1캠퍼스)_건축학과, 제주특별자치도_제주국제대학교(제1캠퍼스)_건설공학부 건축학전공, 제주특별자치도_제주국제대학교(제1캠퍼스)_건축학과, 제주특별자치도_제주대학교(제1캠퍼스)_건축학전공, 제주특별자치도_제주대학교(제1캠퍼스)_건축학과, 세종특별자치시_홍익대학교 세종캠퍼스(제2캠퍼스)_건축공학부 건축디자인전공(5년제), 세종특별자치시_홍익대학교 세종캠퍼스(제2캠퍼스)_건축공학부 건축공학전공, 세종특별자치시_홍익대학교 세종캠퍼스(제2캠퍼스)_건축공학부, 세종특별자치시_홍익대학교 세종캠퍼스(제2캠퍼스)_건축공학부 건축학전공(5년제)","일반 선택: 대수, 미적분 Ⅰ,확률과 통계, 물리학, 화학, 세계시민과 지리, 사회와 문화, 세계사 등 | 진로 선택: 기하, 미적분Ⅱ, 도시의 미래 탐구, 역학과 에너지, 물질과 에너지,화학 반응의 세계, 지구시스템과학, 한국지리탐구 등 | 융합 선택: 융합 과학 탐구, 과학의 역사와 문화, 기후변화와 환경생태, 창의공학 설계, 기후변화와 지속가능한 세계 등","공통과목: 수학, 사회, 과학, 기술ㆍ가정 | 일반선택과목: 수학교과 : 수학ⅠㆍⅡ, 미적분, 확률과 통계 | 진로선택과목: 실용수학, 기하, 수학과제 탐구, 사회문제 탐구, 물리학Ⅱ, 화학Ⅱ, 지구과학Ⅱ, 생활과 과학, 융합과학, 공학 일반 | 전문교과Ⅰ: 심화수학ⅠㆍⅡ, 고급 수학ⅠㆍⅡ, 고급 물리학, 물리학 실험, 고급 화학, 화학 실험, 고급 지구과학, 지구과학 실험, 정보과학, 생태와 환경, 과학과제 연구, 지역 이해, 세계 문제와 미래 사회, 사회과제 연구 | 전문교과Ⅱ: 건축 일반, 건축 도면 해석과 제도, 프로그래밍","건설안전기사, 건설재료시험기사, 건축구조기술사, 건축기계정비기술사, 건축기사, 건축목재시공기능장, 건축사, 건축설비기사, 건축시공기술사, 건축일반시공기능장, 건축전기설비기술사, 도시계획기사, 수질환경기사, 실내건축기사, 지적기사, 철도보선산업기사, 토목기사",건설공사품질관리원
10030,문화재보존학과,"서울특별시_동국대학교(제1캠퍼스)_문화재학과, 경기도_용인대학교(제1캠퍼스)_문화재학과, 경기도_중앙승가대학교(제1캠퍼스)_문화재학전공, 충청남도_국립공주대학교(제1캠퍼스)_문화재보존과학과, 충청남도_한국전통문화대학교(제1캠퍼스)_무형유산학과, 충청남도_한국전통문화대학교(제1캠퍼스)_문화재보존과학과, 충청남도_한국전통문화대학교(제1캠퍼스)_보존과학과, 충청남도_한국전통문화대학교(제1캠퍼스)_문화재관리학과, 충청남도_한국전통문화대학교(제1캠퍼스)_국가유산관리학과, 충청남도_한서대학교(제1캠퍼스)_문화재보존학과, 전북특별자치도_예원예술대학교(제1캠퍼스)_문화재보존예술학과, 전라남도_국립목포대학교(제1캠퍼스)_문화유산, 경상북도_국립경국대학교(제1캠퍼스)_문화유산학전공, 경상북도_신경주대학교(제1캠퍼스)_문화재학과, 경상북도_신경주대학교(제1캠퍼스)_문화유산학부, 경상남도_경남대학교(제1캠퍼스)_문화유산복원예술학과","일반 선택: 문학, 독서와 작문, 사회와 문화, 세계시민과 지리, 세계사, 화학, 정보 등 | 진로 선택: 한국지리 탐구, 동아시아 역사 기행, 법과 사회, 인문학과 윤리, 화학 반응의 세계, 미술 감상과 비평, 한문고전 일기, 삶과 종교 등 | 융합 선택: 수학과 문화, 여행지리, 역사로 탐구하는 현대 세계, 사회문제 탐구, 미술과 매체, 지식 재산 일반, 언어생활과 한자 등","공통과목: 사회, 역사, 한문, 수학, 영어, 제2외국어 | 일반선택과목: 사회교과 : 사회문화, 세계사, 동아시아사, 한국지리, 윤리와 사상 | 진로선택과목: 사회문제 탐구, 고전 읽기, 고전과 윤리, 여행지리, 현대 세계의 변화 | 전문교과Ⅰ: 사회탐구 방법, 사회과제 연구, 한국 사회의 이해, 비교 문화, 지역 이해 | 전문교과Ⅱ: 문화콘텐츠 산업 일반","문화재수리기능자, 문화재수리기술자, 박물관및미술관준학예사",문화재보존원
10156,패션디자인학과,"서울특별시_건국대학교(제1캠퍼스)_의상디자인학과, 서울특별시_국민대학교(제1캠퍼스)_의상디자인학과, 서울특별시_덕성여자대학교(제1캠퍼스)_의상디자인학과, 서울특별시_덕성여자대학교(제1캠퍼스)_의상디자인전공, 서울특별시_동덕여자대학교(제1캠퍼스)_디자인학부 패션디자인전공, 서울특별시_동덕여자대학교(제1캠퍼스)_패션디자인학과, 서울특별시_서경대학교(제1캠퍼스)_무대패션전공, 서울특별시_세종대학교(제1캠퍼스)_패션디자인학과, 서울특별시_세종사이버대학교(제1캠퍼스)_패션뷰티경영학과, 서울특별시_이화여자대학교(제1캠퍼스)_섬유ㆍ패션학부, 서울특별시_이화여자대학교(제1캠퍼스)_섬유예술전공(섬유ㆍ패션학부), 서울특별시_한성대학교(제1캠퍼스)_글로벌패션산업학부, 서울특별시_한성대학교(제1캠퍼스)_패션디자인전공, 부산광역시_경성대학교(제1캠퍼스)_패션디자인학과, 부산광역시_국립부경대학교(제1캠퍼스)_패션디자인학과, 부산광역시_동명대학교(제1캠퍼스)_패션디자인학과, 부산광역시_동서대학교(제1캠퍼스)_패션디자인학전공, 부산광역시_동서대학교(제1캠퍼스)_패션디자인학과, 부산광역시_동아대학교(제1캠퍼스)_건축ㆍ디자인ㆍ패션대학 패션디자인학과, 부산광역시_동아대학교(제1캠퍼스)_패션디자인학과, 부산광역시_동의대학교(제1캠퍼스)_패션디자인학과, 부산광역시_신라대학교(제1캠퍼스)_패션디자인전공, 부산광역시_신라대학교(제1캠퍼스)_패션소재디자인전공, 부산광역시_신라대학교(제1캠퍼스)_패션디자인학전공, 부산광역시_신라대학교(제1캠퍼스)_패션디자인학과, 인천광역시_인하대학교(제1캠퍼스)_의류디자인학과, 대전광역시_대전대학교(제1캠퍼스)_패션디자인ㆍ비즈니스학과, 대전광역시_한남대학교(제1캠퍼스)_패션디자인학과, 대구광역시_계명대학교(제2캠퍼스)_패션디자인과, 대구광역시_계명대학교(제2캠퍼스)_텍스타일디자인과, 광주광역시_광주대학교(제1캠퍼스)_패션ㆍ주얼리디자인학부, 광주광역시_광주대학교(제1캠퍼스)_패션ㆍ주얼리학부, 광주광역시_광주대학교(제1캠퍼스)_패션주얼리디자인학과, 광주광역시_조선대학교(제1캠퍼스)_라이프스타일디자인학부(섬유ㆍ패션디자인전공), 광주광역시_호남대학교(제1캠퍼스)_패션디자인학과, 경기도_가천대학교(제1캠퍼스)_미술ㆍ디자인학부(패션디자인), 경기도_경희대학교(제2캠퍼스)_의류디자인학과, 경기도_단국대학교(제1캠퍼스)_디자인학부 패션산업디자인전공, 경기도_명지대학교 자연캠퍼스(제1캠퍼스)_디자인학부 패션디자인전공, 경기도_명지대학교 자연캠퍼스(제1캠퍼스)_패션디자인전공, 경기도_수원대학교(제1캠퍼스)_패션디자인, 경기도_신한대학교(제2캠퍼스)_K뷰티패션학과, 경기도_신한대학교(제2캠퍼스)_패션디자인학과, 경기도_중부대학교(제2캠퍼스)_패션디자인학과, 경기도_중앙대학교(제2캠퍼스)_디자인학부(패션디자인전공), 경기도_중앙대학교(제2캠퍼스)_디자인학부(패션전공), 경기도_평택대학교(제1캠퍼스)_패션디자인및브랜딩학과, 경기도_한양대학교 ERICA캠퍼스(제1캠퍼스)_주얼리ㆍ패션디자인학과, 경기도_화성의과학대학교(제1캠퍼스)_스타일테크학과, 강원특별자치도_국립강릉원주대학교(제1캠퍼스)_패션디자인학과, 강원특별자치도_상지대학교(제1캠퍼스)_패션디자인학과, 강원특별자치도_상지대학교(제1캠퍼스)_패션뷰티학부 패션디자인전공, 충청북도_건국대학교 글로컬캠퍼스(제1캠퍼스)_패션디자인학과, 충청북도_건국대학교 글로컬캠퍼스(제1캠퍼스)_패션디자인전공, 충청북도_세명대학교(제1캠퍼스)_패션디자인학과, 충청북도_우석대학교(제2캠퍼스)_패션스타일링학과, 충청북도_청주대학교(제1캠퍼스)_패션디자인학과, 충청북도_청주대학교(제1캠퍼스)_아트앤패션디자인학과, 충청북도_충북대학교(제1캠퍼스)_패션디자인정보학과, 충청남도_상명대학교(제2캠퍼스)_패션디자인전공, 충청남도_청운대학교(제1캠퍼스)_패션디자인학과, 충청남도_한서대학교(제1캠퍼스)_의상디자인학과, 충청남도_한서대학교(제1캠퍼스)_패션디자인학과, 전북특별자치도_예원예술대학교(제1캠퍼스)_뷰티패션디자인전공, 전북특별자치도_원광대학교(제1캠퍼스)_패션디자인산업학과, 전북특별자치도_원광디지털대학교(제1캠퍼스)_한국복식과학학과, 전북특별자치도_호원대학교(제1캠퍼스)_패션.미용학부, 전북특별자치도_호원대학교(제1캠퍼스)_패션디자인학과, 전라남도_국립순천대학교(제1캠퍼스)_패션디자인학과, 전라남도_국립순천대학교(제1캠퍼스)_패션디자인학전공, 경상북도_경북대학교(제3캠퍼스)_섬유패션디자인학부(섬유공학전공, 패션디자인전공), 경상북도_경북대학교(제3캠퍼스)_섬유패션디자인학부 패션디자인전공, 경상북도_경일대학교(제1캠퍼스)_K-뷰티융합학부 패션디자인전공, 경상북도_경일대학교(제1캠퍼스)_디자인학부 패션디자인전공, 경상북도_국립경국대학교(제1캠퍼스)_패션ㆍ예술ㆍ체육학부, 경상북도_대구가톨릭대학교(제1캠퍼스)_패션디자인과(예체능), 경상북도_대구대학교(제1캠퍼스)_패션디자인학과, 경상북도_대구예술대학교(제1캠퍼스)_패션코스메틱디자인전공, 경상남도_영산대학교(제1캠퍼스)_패션디자인학과, 경상남도_영산대학교(제1캠퍼스)_디자인학부(패션디자인전공)","일반 선택: 독서와 작문, 문학, 대수, 확률과 통계, 영어Ⅰ, 영어Ⅱ, 영어 독해오작문, 미술, 정보 등 | 진로 선택: 주제 탐구 독서, 문학과 영상, 미술 창작, 미술 감상과 비평, 인간과 심리 등 | 융합 선택: 매체 의사소통, 미디어 영어, 세계 문화와 영어, 여행지리, 사회문제 탐구, 미술과 매체 등","공통과목: 사회, 체육ㆍ예술 | 일반선택과목: 사회교과 : 경제, 사회ㆍ문화, 생활과 윤리 | 진로선택과목: 미술 창작, 미술 감상과 비평, 지식 재산 일반, 사회문제 탐구 | 전문교과Ⅰ: 미술 이론, 매체 미술, 세계 문제와 미래 사회, 사회 탐구 방법 및 사회과제 연구 | 전문교과Ⅱ: 디자인 일반, 색채 관리, 정보처리와 관리, 빅데이터 분석","숍마스터, 의류기사1급, 의류기사2급, 컬러리스트기사, 패션디자인산업기사, 패션머천다이징산업기사, 한복산업기사",가방디자이너
449,바이오동물과,"서울특별시_동양미래대학교(제1캠퍼스)_바이오융합공학과, 서울특별시_한양여자대학교(제1캠퍼스)_반려동물보건과, 부산광역시_부산경상대학교(제1캠퍼스)_반려동물보건과, 부산광역시_부산보건대학교(제1캠퍼스)_반려동물보건과, 부산광역시_부산여자대학교(제1캠퍼스)_동물보건과, 인천광역시_경인여자대학교(제1캠퍼스)_반려동물보건학과, 인천광역시_경인여자대학교(제1캠퍼스)_반려동물산업학과, 인천광역시_경인여자대학교(제1캠퍼스)_반려동물보건학과(3년제), 인천광역시_재능대학교(제1캠퍼스)_바이오코스메틱과, 대전광역시_우송정보대학(제1캠퍼스)_동물보건과, 대구광역시_계명문화대학교(제1캠퍼스)_반려동물보건과, 대구광역시_수성대학교(제1캠퍼스)_반려동물보건과, 대구광역시_영남이공대학교(제1캠퍼스)_반려동물보건과, 대구광역시_영진전문대학교(제1캠퍼스)_동물보건과, 경기도_대림대학교(제1캠퍼스)_바이오헬스케어과, 경기도_동원대학교(제1캠퍼스)_동물보건과, 경기도_서정대학교(제1캠퍼스)_동물보건과, 경기도_서정대학교(제1캠퍼스)_반려동물보건과, 경기도_수원여자대학교(제2캠퍼스)_펫케어과, 경기도_신구대학교(제1캠퍼스)_바이오동물전공, 경기도_신안산대학교(제1캠퍼스)_반려동물보건과, 경기도_연성대학교(제1캠퍼스)_반려동물보건과(3년제), 경기도_오산대학교(제1캠퍼스)_동물보건과, 경기도_용인예술과학대학교(제1캠퍼스)_반려동물보건과, 경기도_유한대학교(제1캠퍼스)_반려동물보건학과, 경기도_유한대학교(제1캠퍼스)_건강웰니스학과 반려동물산업전공, 경기도_장안대학교(제1캠퍼스)_바이오동물보건과, 경기도_장안대학교(제1캠퍼스)_바이오동물보호과, 충청북도_대원대학교(제1캠퍼스)_바이오메디컬과, 충청남도_연암대학교(제1캠퍼스)_동물보호학과, 전북특별자치도_전북과학대학교(제1캠퍼스)_천연물바이오과, 전북특별자치도_전주기전대학(제1캠퍼스)_동물보건과, 전라남도_청암대학교(제1캠퍼스)_반려동물보건과, 경상북도_대경대학교(제1캠퍼스)_동물보건과, 경상북도_안동과학대학교(제1캠퍼스)_바이오헴프과","일반 선택: 대수, 미적분 Ⅰ, 확률과 통계, 물리학, 화학, 생명과학, 정보 등 | 진로 선택: 기하, 미적분Ⅱ, 물질과 에너지, 화학 반응의 세계, 세포와 물질대사, 생물의 유전 등 | 융합 선택: 융합과학 탐구, 기후변화와 지속가능한 세계 등","공통과목: 과학, 윤리, 교양, 수학 | 일반선택과목: 과학교과 : 생명과학Ⅰ, 화학Ⅰ | 진로선택과목: 생명과학Ⅱ, 융합과학, 생활과 과학, 화학Ⅱ, 농업생명과학, 사회문제 탐구 | 전문교과Ⅰ: 고급생명과학, 생명과학 실험, 과학과제 연구, 융합과학 탐구, 생태와 환경, 정보과학, 사회탐구 방법 | 전문교과Ⅱ: 생명공학 기술, 인간과 환경","실험동물기술원, 축산산업기사",생명과학시험원
340,반려동물과,"부산광역시_경남정보대학교(제1캠퍼스)_반려동물라이프계열, 부산광역시_경남정보대학교(제1캠퍼스)_반려동물케어과, 부산광역시_경남정보대학교(제1캠퍼스)_반려동물학과, 부산광역시_부산경상대학교(제1캠퍼스)_반려동물과, 부산광역시_부산경상대학교(제1캠퍼스)_반려동물산업과, 부산광역시_부산여자대학교(제1캠퍼스)_반려동물과, 인천광역시_경인여자대학교(제1캠퍼스)_펫토탈케어과, 대전광역시_대덕대학교(제1캠퍼스)_펫토탈케어과, 대전광역시_대덕대학교(제1캠퍼스)_반려동물과, 대전광역시_대전과학기술대학교(제1캠퍼스)_반려동물학과, 대전광역시_대전과학기술대학교(제1캠퍼스)_애완동물과, 대전광역시_대전보건대학교(제1캠퍼스)_펫토탈케어과, 대전광역시_대전보건대학교(제1캠퍼스)_반려동물과, 대전광역시_우송정보대학(제1캠퍼스)_반려동물학부, 대전광역시_우송정보대학(제1캠퍼스)_K마이스터 스쿨 펫케어전공, 대구광역시_계명문화대학교(제1캠퍼스)_펫토탈케어학부, 대구광역시_계명문화대학교(제1캠퍼스)_펫토탈케어과, 대구광역시_영남이공대학교(제1캠퍼스)_반려동물스타일리스트과, 대구광역시_영남이공대학교(제1캠퍼스)_반려동물케어과, 대구광역시_영진전문대학교(제1캠퍼스)_반려동물과, 경기도_경복대학교(제1캠퍼스)_반려동물보건과, 경기도_국제대학교(제1캠퍼스)_반려동물과, 경기도_국제대학교(제1캠퍼스)_반려동물학과, 경기도_동원대학교(제1캠퍼스)_반려동물과, 경기도_부천대학교(제1캠퍼스)_반려동물과, 경기도_서정대학교(제1캠퍼스)_반려동물학과, 경기도_서정대학교(제1캠퍼스)_애완동물과, 경기도_서정대학교(제1캠퍼스)_반려동물과, 경기도_수원여자대학교(제2캠퍼스)_반려동물과, 경기도_신구대학교(제1캠퍼스)_애완동물과, 경기도_신구대학교(제1캠퍼스)_애완동물전공, 경기도_신구대학교(제1캠퍼스)_반려동물과, 경기도_신안산대학교(제1캠퍼스)_반려동물과, 경기도_안산대학교(제1캠퍼스)_동물매개케어학과(성인학습자), 경기도_연성대학교(제1캠퍼스)_반려동물산업과, 경기도_연성대학교(제1캠퍼스)_반려동물과, 경기도_오산대학교(제1캠퍼스)_반려동물관리과, 경기도_용인예술과학대학교(제1캠퍼스)_반려동물과, 경기도_용인예술과학대학교(제1캠퍼스)_반려동물과(2년제), 충청북도_충북보건과학대학교(제1캠퍼스)_반려동물문화학과, 충청북도_충청대학교(제1캠퍼스)_반려동물과, 충청북도_충청대학교(제1캠퍼스)_애완동물과, 충청남도_연암대학교(제1캠퍼스)_동물보호계열, 충청남도_혜전대학교(제1캠퍼스)_애완동물관리과, 충청남도_혜전대학교(제1캠퍼스)_반려동물과, 충청남도_혜전대학교(제1캠퍼스)_반려동물토탈케어과, 전북특별자치도_원광보건대학교(제1캠퍼스)_반려동물산업과, 전북특별자치도_전주기전대학(제1캠퍼스)_반려동물과(자연과학), 전북특별자치도_전주기전대학(제1캠퍼스)_반려동물과, 전북특별자치도_전주기전대학(제1캠퍼스)_애완동물관리과, 전라남도_동아보건대학교(제1캠퍼스)_반려동물전공, 전라남도_청암대학교(제1캠퍼스)_반려동물산업과, 경상북도_가톨릭상지대학교(제1캠퍼스)_반려동물과, 경상북도_구미대학교(제1캠퍼스)_반려동물케어과, 경상북도_대경대학교(제1캠퍼스)_신산업창조학부 동물조련이벤트전공, 경상북도_선린대학교(제1캠퍼스)_반려동물과, 경상북도_안동과학대학교(제1캠퍼스)_반려동물케어과","일반 선택: 대수, 미적분Ⅰ, 확률과 통계, 화학, 생명과학, 지구과학, 정보 등 | 진로 선택: 미적분Ⅱ, 인공지능 수학, 물질과 에너지, 화학 반응의 세계, 세포와 물질대사, 생물의 유전, 생활과학 탐구 등 | 융합 선택: 실용 통계, 기후변화와 환경생태 등","공통과목: 과학, 윤리, 교양, 수학 | 일반선택과목: 과학교과 : 생명과학Ⅰ, 화학Ⅰ | 진로선택과목: 생명과학Ⅱ, 융합과학, 생활과 과학, 화학Ⅱ, 농업생명과학, 사회문제 탐구 | 전문교과Ⅰ: 고급생명과학, 생명과학 실험, 과학과제 연구, 융합과학 탐구, 생태와 환경, 정보과학, 사회탐구 방법 | 전문교과Ⅱ: 생명공학 기술, 인간과 환경","반려동물관리사, 애견미용사, 축산기능사",반려동물미용사
245,산림자원학과,"서울특별시_건국대학교(제1캠퍼스)_산림조경전공, 서울특별시_서울대학교(제1캠퍼스)_산림과학부, 대전광역시_충남대학교(제1캠퍼스)_환경임산자원학부, 대전광역시_충남대학교(제1캠퍼스)_산림환경자원학과, 대구광역시_경북대학교(제1캠퍼스)_산림과학.조경학부 임학전공, 대구광역시_경북대학교(제1캠퍼스)_산림과학.조경학부 임산공학전공, 대구광역시_경북대학교(제1캠퍼스)_산림과학.조경학부(임학전공,임산공학전공,조경학전공), 광주광역시_전남대학교(제1캠퍼스)_산림자원학부, 광주광역시_전남대학교(제1캠퍼스)_산림자원학과, 경기도_국제사이버대학교(제1캠퍼스)_식물치유클리닉학과, 강원특별자치도_가톨릭관동대학교(제1캠퍼스)_산림치유학과, 강원특별자치도_강원대학교(제1캠퍼스)_산림자원조성학전공, 강원특별자치도_강원대학교(제1캠퍼스)_시설농업학전공, 강원특별자치도_강원대학교(제1캠퍼스)_산림과학부, 강원특별자치도_강원대학교(제1캠퍼스)_산림자원학전공, 강원특별자치도_강원대학교(제1캠퍼스)_산림소재공학전공, 강원특별자치도_강원대학교(제1캠퍼스)_산림환경보호학과, 강원특별자치도_강원대학교(제1캠퍼스)_산림자원보호학전공, 강원특별자치도_강원대학교(제1캠퍼스)_산림응용공학부, 강원특별자치도_강원대학교(제1캠퍼스)_산림자원학과, 강원특별자치도_강원대학교(제1캠퍼스)_산림환경보호학전공, 강원특별자치도_상지대학교(제1캠퍼스)_산림과학과, 강원특별자치도_상지대학교(제1캠퍼스)_산림조경학부 산림과학전공, 충청북도_우석대학교(제2캠퍼스)_산림조경원예학과, 충청북도_충북대학교(제1캠퍼스)_산림학과, 충청남도_국립공주대학교(제3캠퍼스)_산림자원학과, 충청남도_국립공주대학교(제3캠퍼스)_산림과학과, 전북특별자치도_전북대학교(제1캠퍼스)_산림자원학과, 전북특별자치도_전북대학교(제1캠퍼스)_목재응용과학과, 전라남도_국립목포대학교(제1캠퍼스)_산림자원, 전라남도_국립순천대학교(제1캠퍼스)_산림자원ㆍ조경학부(산림자원학전공), 전라남도_국립순천대학교(제1캠퍼스)_산림자원.조경학부, 전라남도_국립순천대학교(제1캠퍼스)_산림자원학전공, 경상북도_경북대학교(제3캠퍼스)_산림생태보호학과, 경상북도_국립경국대학교(제1캠퍼스)_산림과학전공, 경상북도_국립경국대학교(제1캠퍼스)_산림과학과, 경상북도_대구가톨릭대학교(제1캠퍼스)_원예치료전공, 경상북도_대구가톨릭대학교(제1캠퍼스)_스마트그린케어학과, 경상북도_대구대학교(제1캠퍼스)_산림자원학과, 경상북도_대구한의대학교(제1캠퍼스)_산림비즈니스학과, 경상북도_영남대학교(제1캠퍼스)_산림자원및조경학과, 경상북도_영남대학교(제1캠퍼스)_산림자원학과, 경상남도_경상국립대학교(제1캠퍼스)_농업식물과학과, 경상남도_경상국립대학교(제1캠퍼스)_환경산림과학부 산림융복합학전공(야), 경상남도_경상국립대학교(제1캠퍼스)_산림자원학과, 경상남도_경상국립대학교(제1캠퍼스)_산림환경자원학과, 경상남도_경상국립대학교(제1캠퍼스)_환경산림과학부(통합대학), 경상남도_경상국립대학교(제1캠퍼스)_산림융복합학전공, 경상남도_경상국립대학교(제1캠퍼스)_산림환경자원학전공","일반 선택: 대수, 미적분Ⅰ, 확률과 통계, 물리학, 화학, 생명과학, 정보 | 진로 선택: 미적분Ⅱ, 인공지능 수학, 한국지리 탐구, 물질과 에너지, 화학 반응의 세계, 세포와 물질대사, 생물의 유전, 지구시스템과학, 생활과학 탐구 | 융합 선택: 실용 통계, 기후변화와 환경생태","공통과목: 과학, 교양, 사회, 영어 | 일반선택과목: 과학교과 : 생명과학Ⅰ, 화학Ⅰ, 지구과학Ⅰ, 물리Ⅰ | 진로선택과목: 생명과학Ⅱ, 융합과학, 생활과 과학, 화학Ⅱ, 농업생명과학, 공학일반, 창의경영, 여행 지리, 실용수학 | 전문교과Ⅰ: 고급 생명과학, 생명과학 실험, 물리화학 실험, 융합과학 탐구, 과학과제 연구, 생태와 환경 | 전문교과Ⅱ: 산림 자원, 산림 휴양, 인간과 환경, 환경화학 기초","산림기사, 생물분류기사, 숲길체험지도사, 유아숲지도사, 임업종묘기사, 자연생태복원기사, 종자기사",산림경영지도원
502,조경과,"대전광역시_대전과학기술대학교(제1캠퍼스)_식물생활조경학과, 대전광역시_대전과학기술대학교(제1캠퍼스)_조경ㆍ화훼디자인학과, 대구광역시_계명문화대학교(제1캠퍼스)_건축인테리어학과, 대구광역시_대구과학대학교(제1캠퍼스)_건축인테리어학과, 울산광역시_춘해보건대학교(제1캠퍼스)_산림조경비즈니스과, 경기도_경기과학기술대학교(제1캠퍼스)_건축인테리어학과, 경기도_경민대학교(제1캠퍼스)_라이프테크과, 경기도_두원공과대학교(제2캠퍼스)_건축인테리어학과, 경기도_신구대학교(제1캠퍼스)_환경조경학과(3년제), 경기도_신구대학교(제1캠퍼스)_환경조경과(3년제), 경기도_신구대학교(제1캠퍼스)_환경조경학과, 충청남도_충남도립대학교(제1캠퍼스)_건축인테리어학과, 전북특별자치도_한국농수산대학교(제1캠퍼스)_산림조경전공, 전북특별자치도_한국농수산대학교(제1캠퍼스)_조경학과, 전북특별자치도_한국농수산대학교(제1캠퍼스)_조경전공, 전라남도_동아보건대학교(제1캠퍼스)_레저조경전공, 전라남도_목포과학대학교(제1캠퍼스)_정원조경과, 전라남도_목포과학대학교(제1캠퍼스)_건설융합학과, 경상북도_구미대학교(제1캠퍼스)_도시조경디자인과, 경상북도_구미대학교(제1캠퍼스)_조경과","일반 선택: 대수, 미적분Ⅰ, 확률과 통계, 화학, 생명과학, 지구과학, 정보 등 | 진로 선택: 미적분Ⅱ, 인공지능 수학, 한국지리 탐구, 도시의 미래 탐구, 물질과 에너지, 지구시스템과학 등 | 융합 선택: 실용 통계, 기후변화와 환경생태 등","공통과목: 과학, 사회, 교양, 수학, 미술 | 일반선택과목: 과학교과 : 지구과학Ⅰ, 생명과학Ⅰ, 물리Ⅰ, 화학Ⅰ | 진로선택과목: 생활과 창의성, 생활과 과학, 사회문제 탐구, 공학 일반, 여행지리, 지구과학Ⅱ, 생명과학Ⅱ, 생활 속의 수학적 사고, 가정과학, 농업생명과학 | 전문교과Ⅰ: 고급 지구과학, 지구과학 실험, 과학과제 연구, 융합과학 탐구, 정보과학 | 전문교과Ⅱ: 인간과 환경, 조경, 조경식물 관리","산림산업기사, 자연생태복원산업기사, 조경산업기사, 종자산업기사, 화훼장식기능사",원예기술자
503,조경학과,"서울특별시_건국대학교(제1캠퍼스)_산림조경학과, 서울특별시_서울대학교(제1캠퍼스)_조경ㆍ지역시스템공학부, 서울특별시_서울시립대학교(제1캠퍼스)_융합전공학부 조경학-환경생태도시학전공, 서울특별시_서울시립대학교(제1캠퍼스)_조각학과, 서울특별시_서울시립대학교(제1캠퍼스)_융합전공학부 조경학-경영학 전공, 서울특별시_서울시립대학교(제1캠퍼스)_조경학과, 서울특별시_서울여자대학교(제1캠퍼스)_도시환경예술디자인전공, 부산광역시_동아대학교(제1캠퍼스)_조경학과, 대전광역시_배재대학교(제1캠퍼스)_조경학과, 대전광역시_배재대학교(제1캠퍼스)_조경학전공, 대구광역시_경북대학교(제1캠퍼스)_산림과학.조경학부 조경학전공, 대구광역시_계명대학교(제1캠퍼스)_생태조경학과, 광주광역시_전남대학교(제1캠퍼스)_조경학과, 광주광역시_호남대학교(제1캠퍼스)_조경학과, 경기도_가천대학교(제1캠퍼스)_조경학전공, 경기도_성균관대학교(제2캠퍼스)_조경학과, 경기도_한경국립대학교(제1캠퍼스)_조경학전공, 경기도_한경국립대학교(제1캠퍼스)_조경학과, 강원특별자치도_강원대학교(제1캠퍼스)_조경학전공, 강원특별자치도_강원대학교(제1캠퍼스)_조경학과, 강원특별자치도_상지대학교(제1캠퍼스)_조경산림학과, 강원특별자치도_상지대학교(제1캠퍼스)_산림조경학부 환경조경학전공, 충청북도_청주대학교(제1캠퍼스)_조경학과, 충청북도_청주대학교(제1캠퍼스)_조경도시학과, 충청남도_국립공주대학교(제3캠퍼스)_조경학과, 충청남도_단국대학교(제2캠퍼스)_녹지조경학과, 충청남도_단국대학교(제2캠퍼스)_생명자원학부 녹지조경학전공, 충청남도_한국전통문화대학교(제1캠퍼스)_전통조경학과, 전북특별자치도_우석대학교(제1캠퍼스)_조경학과, 전북특별자치도_원광대학교(제1캠퍼스)_산림조경학과, 전북특별자치도_전북대학교(제2캠퍼스)_생태조경디자인학과, 전북특별자치도_전북대학교(제1캠퍼스)_조경학과, 전라남도_국립목포대학교(제1캠퍼스)_조경학, 전라남도_국립목포대학교(제1캠퍼스)_조경학과, 전라남도_국립순천대학교(제1캠퍼스)_조경학전공, 전라남도_국립순천대학교(제1캠퍼스)_정원문화산업학과, 전라남도_국립순천대학교(제1캠퍼스)_산림자원ㆍ조경학부(조경학전공), 전라남도_동신대학교(제1캠퍼스)_산림조경학과, 경상북도_대구가톨릭대학교(제1캠퍼스)_조경학과, 경상북도_대구대학교(제1캠퍼스)_조경ㆍ정원디자인학과, 경상북도_대구한의대학교(제1캠퍼스)_산림조경학전공, 경상북도_동국대학교 WISE캠퍼스(제1캠퍼스)_조경ㆍ정원디자인학부, 경상북도_동국대학교 WISE캠퍼스(제1캠퍼스)_정원디자인전공, 경상북도_동국대학교 WISE캠퍼스(제1캠퍼스)_조경학과, 경상북도_동국대학교 WISE캠퍼스(제1캠퍼스)_조경전공, 경상북도_영남대학교(제1캠퍼스)_조경학과, 경상남도_경상국립대학교(제1캠퍼스)_조경학과, 경상남도_부산대학교(제2캠퍼스)_조경학과","일반 선택: 대수, 미적분Ⅰ, 확률과 통계, 화학, 생명과학, 지구과학, 정보 등 | 진로 선택: 미적분Ⅱ, 인공지능 수학, 한국지리 탐구, 도시의 미래 탐구, 물질과 에너지, 지구시스템과학 등 | 융합 선택: 실용 통계, 기후변화와 환경생태 등","공통과목: 과학, 사회, 교양, 수학, 미술 | 일반선택과목: 과학교과 : 지구과학Ⅰ, 생명과학Ⅰ, 물리Ⅰ, 화학Ⅰ | 진로선택과목: 생활과 창의성, 생활과 과학, 사회문제 탐구, 공학 일반, 여행 지리, 지구과학Ⅱ, 생명과학Ⅱ, 생활 속의 수학적 사고, 가정과학, 농업생명과학 | 전문교과Ⅰ: 고급 지구과학, 지구과학 실험, 과학과제 연구, 융합과학 탐구, 정보과학 | 전문교과Ⅱ: 조경, 조경식물 관리, 인간과 환경,","도시계획기사, 도시계획기술사, 자연생태복원기사, 자연생태복원기술사, 조경기사, 조경기술사",원예기술자
437,임산공학과,"대전광역시_충남대학교(제1캠퍼스)_임산공학전공, 대구광역시_경북대학교(제1캠퍼스)_임산공학과, 광주광역시_전남대학교(제1캠퍼스)_임산공학과, 강원특별자치도_강원대학교(제1캠퍼스)_목재과학전공, 강원특별자치도_강원대학교(제1캠퍼스)_임산공학과","일반 선택: 대수, 미적분Ⅰ, 확률과 통계, 물리학, 화학, 생명과학, 정보 | 진로 선택: 미적분Ⅱ, 인공지능 수학, 한국지리 탐구, 물질과 에너지, 화학 반응의 세계, 세포와 물질대사, 생물의 유전, 지구시스템과학, 생활과학 탐구 | 융합 선택: 실용 통계, 기후변화와 환경생태","공통과목: 과학, 수학, 사회, 생활ㆍ교양 | 일반선택과목: 과학교과 : 생명과학Ⅰ, 화학Ⅰ, 물리Ⅰ, 지구과학Ⅰ | 진로선택과목: 생명과학Ⅱ, 융합과학, 생활과 과학, 화학Ⅱ, 공학일반, 창의경영, 지식 재산 일반, 농업생명과학, 사회문제 탐구 | 전문교과Ⅰ: 고급 생명과학, 생명과학 실험, 물리화학 실험, 융합과학 탐구, 과학 과제연구, 생태와 환경, 정보과학 | 전문교과Ⅱ: 임산 가공, 제조화학, 생명공학 기술, 산림자원","임산가공기능사, 임산가공기사",조경기술자
660,환경조각학과,인천광역시_인천가톨릭대학교(제2캠퍼스)_환경조각과,"일반 선택: 화법과 언어, 독서와 작문, 문학, 영어 I, 영어Ⅱ, 영어 독해와 작문, 세계사, 미술 등 | 진로 선택: 주제 탐구 독서, 문학과 영상, 미술 창작, 미술 감상과 비평, 인간과 철학, 인간과 심리 등 | 융합 선택: 매체 의사소통, 미디어 영어, 세계 문화와 영어, 여행지리, 미술과 매체 등","공통과목: 미술, 윤리 | 일반선택과목: 예술교과 : 미술 | 진로선택과목: 미술 창작, 미술 감상과 비평 | 전문교과Ⅰ: 미술 이론, 미술사, 드로잉 미술 전공 실기 | 전문교과Ⅱ: 디자인 일반, 시각디자인, 색체 관리","시각디자인기사, 제품디자인기사, 컴퓨터그래픽스운용기능사",일러스트레이터
49,관현악과,"서울특별시_국민대학교(제1캠퍼스)_관현악전공, 서울특별시_동덕여자대학교(제1캠퍼스)_관현악과, 서울특별시_서경대학교(제1캠퍼스)_관현악전공, 서울특별시_서울대학교(제1캠퍼스)_관현악과, 서울특별시_숙명여자대학교(제1캠퍼스)_관현악과, 서울특별시_연세대학교(제1캠퍼스)_관현악과, 서울특별시_이화여자대학교(제1캠퍼스)_관현악과, 서울특별시_추계예술대학교(제1캠퍼스)_관현악과, 서울특별시_한양대학교(제1캠퍼스)_관현악과, 대전광역시_목원대학교(제1캠퍼스)_관현악학부, 대전광역시_충남대학교(제1캠퍼스)_관현악과, 대구광역시_계명대학교(제1캠퍼스)_관현악과, 울산광역시_울산대학교(제1캠퍼스)_관현악전공, 경기도_수원대학교(제1캠퍼스)_관현악과, 경기도_협성대학교(제1캠퍼스)_관현악전공, 경상북도_대구가톨릭대학교(제1캠퍼스)_관현악과, 경상북도_영남대학교(제1캠퍼스)_관현악전공, 제주특별자치도_제주대학교(제1캠퍼스)_관ㆍ현악전공","일반 선택: 화법과 언어, 독서와 작문, 문학, 영어Ⅰ, 영어Ⅱ, 영어 독해와 작문, 사회와 문화, 음악 등 | 진로 선택: 주제 탐구 독서, 심화 영어, 법과 사회, 경제, 윤리와 사상, 음악 연주와 창작, 음악 감상과 비평, 음악 이론, 음악사, 시창·청음, 음악 전공 실기, 합창·합주, 음악 공연 실습 등 | 융합 선택: 매체 의사소통, 미디어 영어, 세계 문화와 영어, 여행지리, 음악과 미디어, 음악과 문화 등","공통과목: 음악, 윤리 | 일반선택과목: 예술교과 : 음악 | 진로선택과목: 음악 연주, 음악 감상과 비평 | 전문교과Ⅰ: 음악이론, 음악사, 시창ㆍ청음, 음악 전공 실기 | 전문교과Ⅱ: 음악 콘텐츠 제작",음악심리지도사,연주가
622,항공서비스과,"서울특별시_명지전문대학(제1캠퍼스)_항공서비스과, 서울특별시_백석예술대학교(제1캠퍼스)_항공서비스학부, 서울특별시_백석예술대학교(제1캠퍼스)_항공서비스과, 서울특별시_인덕대학교(제1캠퍼스)_글로벌항공서비스학과, 서울특별시_한양여자대학교(제1캠퍼스)_글로벌서비스경영과, 부산광역시_부산여자대학교(제1캠퍼스)_항공서비스과, 인천광역시_경인여자대학교(제1캠퍼스)_항공서비스학과, 인천광역시_재능대학교(제1캠퍼스)_항공서비스학과, 인천광역시_재능대학교(제1캠퍼스)_항공서비스과, 인천광역시_재능대학교(제1캠퍼스)_항공관광과 항공서비스전공, 대전광역시_대덕대학교(제1캠퍼스)_항공서비스과, 대구광역시_계명문화대학교(제1캠퍼스)_항공여행서비스과, 대구광역시_영남이공대학교(제1캠퍼스)_관광계열 항공서비스전공, 대구광역시_영남이공대학교(제1캠퍼스)_항공ㆍ호텔ㆍ카지노계열 호텔ㆍ항공서비스전공, 경기도_경복대학교(제1캠퍼스)_항공서비스과(3년제), 경기도_국제대학교(제1캠퍼스)_항공서비스학과, 경기도_국제대학교(제1캠퍼스)_항공서비스과, 경기도_국제대학교(제1캠퍼스)_항공서비스전공(항공관광학부), 경기도_대림대학교(제1캠퍼스)_항공서비스학과, 경기도_대림대학교(제1캠퍼스)_항공서비스과, 경기도_동남보건대학교(제1캠퍼스)_항공서비스과, 경기도_동서울대학교(제1캠퍼스)_항공서비스학과, 경기도_동원대학교(제1캠퍼스)_항공서비스과, 경기도_부천대학교(제1캠퍼스)_항공서비스과, 경기도_부천대학교(제1캠퍼스)_항공서비스학과, 경기도_서영대학교(제2캠퍼스)_항공서비스과, 경기도_수원여자대학교(제1캠퍼스)_항공서비스과, 경기도_신구대학교(제1캠퍼스)_항공서비스학과, 경기도_신구대학교(제1캠퍼스)_항공서비스과(3년제), 경기도_여주대학교(제1캠퍼스)_항공서비스과, 경기도_연성대학교(제1캠퍼스)_항공서비스과, 경기도_연성대학교(제1캠퍼스)_항공서비스학과, 경기도_오산대학교(제1캠퍼스)_항공서비스경영학과, 경기도_오산대학교(제1캠퍼스)_항공서비스과, 경기도_용인예술과학대학교(제1캠퍼스)_항공서비스과, 경기도_유한대학교(제1캠퍼스)_항공서비스학과, 경기도_한국관광대학교(제1캠퍼스)_항공서비스과, 강원특별자치도_강원도립대학교(제1캠퍼스)_항공크루즈서비스과, 충청북도_강동대학교(제1캠퍼스)_항공서비스과, 충청북도_대원대학교(제1캠퍼스)_항공서비스과, 전북특별자치도_원광보건대학교(제1캠퍼스)_글로벌항공서비스과, 전북특별자치도_원광보건대학교(제1캠퍼스)_항공서비스과, 전라남도_청암대학교(제1캠퍼스)_호텔항공서비스과, 경상북도_경북전문대학교(제1캠퍼스)_항공서비스경영과, 경상북도_구미대학교(제1캠퍼스)_호텔관광항공서비스과, 경상북도_대경대학교(제1캠퍼스)_호텔크루즈항공서비스학과, 경상북도_대경대학교(제1캠퍼스)_호텔크루즈항공서비스학부, 경상남도_진주보건대학교(제1캠퍼스)_항공서비스과, 제주특별자치도_제주관광대학교(제1캠퍼스)_항공서비스과, 제주특별자치도_제주관광대학교(제1캠퍼스)_항공서비스학과, 세종특별자치시_한국영상대학교(제1캠퍼스)_항공서비스경영과, 세종특별자치시_한국영상대학교(제1캠퍼스)_중국항공서비스과, 세종특별자치시_한국영상대학교(제1캠퍼스)_스튜어디스과(3년제)","일반 선택: 현대사회와 윤리, 세계시민과 지리, 세계사, 사회와 문화, 제 2외국어 과목 등 | 진로 선택: 직무 영어, 한국지리 탐구 등 | 융합 선택: 세계 문화와 영어, 여행지리, 사회문제 탐구 등","공통과목: 영어, 사회, 생활ㆍ교양 | 일반선택과목: 영어교과 : 영어 회화, 영어Ⅰ, 영어Ⅱ | 진로선택과목: 실용 영어, 진로 영어, 여행지리, 사회문제 탐구, 제2 외국어 과목Ⅱ | 전문교과Ⅰ: 지역 이해, 세계 문제와 미래 사회, 사회 탐구 방법 및 사회과제 연구 | 전문교과Ⅱ: 커뮤니케이션, 비즈니스 영어","관광통역안내사, 국내여행안내사, 항공예약발권자격증, 호텔서비스사",비행기승무원
10041,경호학과,"부산광역시_동서대학교(제1캠퍼스)_경호전공, 부산광역시_동아대학교(제1캠퍼스)_태권도경호학과, 광주광역시_남부대학교(제1캠퍼스)_무도경호학과(신), 광주광역시_호남대학교(제1캠퍼스)_태권도경호학과, 경기도_경기대학교(제1캠퍼스)_시큐리티매니지먼트학과, 경기도_용인대학교(제1캠퍼스)_경호학과, 충청북도_중원대학교(제1캠퍼스)_경호학과, 충청남도_선문대학교(제1캠퍼스)_무도경호학부, 충청남도_한서대학교(제1캠퍼스)_경호비서학과, 전북특별자치도_예원예술대학교(제1캠퍼스)_스포츠경호무도학과, 전북특별자치도_예원예술대학교(제1캠퍼스)_경호무도학과, 전북특별자치도_호원대학교(제1캠퍼스)_무도경호학부, 전북특별자치도_호원대학교(제1캠퍼스)_스포츠경호학부, 전북특별자치도_호원대학교(제1캠퍼스)_스포츠경호학과, 경상북도_경운대학교(제1캠퍼스)_경호무도전공, 경상북도_경운대학교(제1캠퍼스)_경호무도학전공, 경상북도_대구예술대학교(제1캠퍼스)_경호보안전공, 경상북도_신경주대학교(제1캠퍼스)_태권도ㆍ경호탐정학과, 경상남도_경남대학교(제1캠퍼스)_경호보안학과","일반 선택: 독서와 작문, 문학, 대수, 미적분I, 확률과 통계, 영어 Ⅰ,프, 영어 독해와 작문, 사회와 문화, 현대사회와 윤리, 물리학, 생명과학, 정보 등 | 진로 선택: 경제, 역학과 에너지, 화학 반응의 세계, 세포와 물질대사, 생물의 유전, 데이터 과학 등 | 융합 선택: 매체 의사소통, 실생활 영어 회화, 실용 통계 등","공통과목: 체육, 윤리 | 일반선택과목: 체육교과 : 체육, 운동과 건강 | 진로선택과목: 스포츠 생활, 체육 탐구 | 전문교과Ⅰ: 스포츠개론, 체육지도법, 체육 전공 실기 기초, 체육 전공 실기 심화, 체육 전공 실기 응용 | 전문교과Ⅱ: 인체 구조와 기능, 간호의 기초","경비지도사, 기계경비지도사, 생활스포츠지도사",경찰관
613,한국어학과,"서울특별시_경희사이버대학교(제1캠퍼스)_한국어학과, 서울특별시_서강대학교(제1캠퍼스)_글로벌한국학부, 서울특별시_서경대학교(제1캠퍼스)_관광비즈니스한국어학과, 서울특별시_세종사이버대학교(제1캠퍼스)_한국어학과, 광주광역시_남부대학교(제1캠퍼스)_한국어학과, 광주광역시_호남대학교(제1캠퍼스)_한국어학과, 경기도_경기대학교(제1캠퍼스)_한국화ㆍ서예학과, 경기도_경희대학교(제2캠퍼스)_한국어학과, 충청북도_극동대학교(제1캠퍼스)_한국어학과, 충청남도_청운대학교(제1캠퍼스)_글로벌한국어교육학과, 전북특별자치도_우석대학교(제1캠퍼스)_한국어학과, 경상북도_대구예술대학교(제1캠퍼스)_한국어ㆍ복지학과, 경상북도_영남사이버대학교(제1캠퍼스)_한국어학과, 경상북도_위덕대학교(제1캠퍼스)_한국어학과","일반 선택: 화법과 언어, 독서와 작문, 문학, 사회와 문화, 현대사회와 윤리, 연극 등 | 진로 선택: 주제 탐구 독서, 문학과 영상, 직무 의사소통, 인묵학과 윤리, 논리와 사고 등 | 융합 선택: 독서 토론과 글쓰기, 매체 의사소통, 언어생활 탐구, 논술 등","공통과목: 국어, 사회, 윤리 | 일반선택과목: 국어교과 : 화법과 작문, 문학, 언어와 매체, 독서 | 진로선택과목: 실용 국어, 심화 국어, 고전 읽기, 사회문제 탐구, 고전과 윤리 | 전문교과Ⅰ: 현대 문학 감상, 고전 문학 감상, 사회과제 연구, 문학 개론, 문학과 매체, 비교 문화, 한국 사회의 이해",한국어교원2급자격증,번역가
10043,한국어과,"서울특별시_인덕대학교(제1캠퍼스)_한국어관광서비스학과, 대구광역시_계명문화대학교(제1캠퍼스)_한국어문화과, 경기도_서정대학교(제1캠퍼스)_글로벌한국어복지학과, 경기도_서정대학교(제1캠퍼스)_한국어과, 강원특별자치도_송곡대학교(제1캠퍼스)_한국어비즈니스과, 강원특별자치도_송곡대학교(제1캠퍼스)_다문화한국어학과, 강원특별자치도_송호대학교(제1캠퍼스)_한국어과, 충청북도_강동대학교(제1캠퍼스)_비즈니스한국어학부, 충청남도_백석문화대학교(제1캠퍼스)_한국어과, 충청남도_백석문화대학교(제1캠퍼스)_한국어교육과, 충청남도_혜전대학교(제1캠퍼스)_한국어과, 전북특별자치도_군장대학교(제1캠퍼스)_한국문화예술과, 경상북도_가톨릭상지대학교(제1캠퍼스)_글로벌한국어학과, 경상북도_가톨릭상지대학교(제1캠퍼스)_글로벌한국어과","일반 선택: 화법과 언어, 독서와 작문, 문학, 사회와 문화, 현대사회와 윤리, 연극 등 | 진로 선택: 주제 탐구 독서, 문학과 영상, 직무 의사소통, 인묵학과 윤리, 논리와 사고 등 | 융합 선택: 독서 토론과 글쓰기, 매체 의사소통, 언어생활 탐구, 논술 등","공통과목: 국어, 사회, 윤리 | 일반선택과목: 국어교과 : 화법과 작문, 문학, 언어와 매체, 독서 | 진로선택과목: 실용 국어, 심화 국어, 고전 읽기, 사회문제 탐구, 고전과 윤리 | 전문교과Ⅰ: 현대문학감상, 고전문학감상, 사회과제 연구, 문학개론, 문학과 매체, 비교문화, 한국 사회의 이해","사회복지사, 통번역사, 한국어능력검정시험",여행안내원
128,동양화과,"서울특별시_덕성여자대학교(제1캠퍼스)_동양화과, 서울특별시_덕성여자대학교(제1캠퍼스)_동양화전공, 서울특별시_동국대학교(제1캠퍼스)_한국화전공, 서울특별시_서울대학교(제1캠퍼스)_동양화과, 서울특별시_성신여자대학교(제1캠퍼스)_동양화과, 서울특별시_이화여자대학교(제1캠퍼스)_동양화전공, 서울특별시_한성대학교(제1캠퍼스)_동양화전공, 서울특별시_홍익대학교(제1캠퍼스)_동양화과, 인천광역시_인천대학교(제1캠퍼스)_한국화전공, 대전광역시_목원대학교(제1캠퍼스)_미술학부 한국화전공, 울산광역시_울산대학교(제1캠퍼스)_동양화전공, 광주광역시_조선대학교(제1캠퍼스)_회화학부(한국화전공), 경기도_대진대학교(제1캠퍼스)_현대한국화전공, 경기도_중앙대학교(제2캠퍼스)_미술학부(한국화전공), 충청북도_충북대학교(제1캠퍼스)_동양화전공, 충청남도_단국대학교(제2캠퍼스)_동양화전공, 경상북도_국립경국대학교(제1캠퍼스)_동양철학과, 제주특별자치도_제주대학교(제1캠퍼스)_한국화전공","일반 선택: 화법과 언어, 독서와 작문, 문학, 영어 Ⅰ, 영어Ⅱ, 영어 독해와 작문, 세계사, 미술 등 | 진로 선택: 주제 탐구 독서, 문학과 영상, 미술 창작, 미술 감상과 비평, 인간과 철학, 인간과 심리 등 | 융합 선택: 매체 의사소통, 미디어 영어, 세계 문화와 영어, 여행지리, 미술과 매체 등","공통과목: 미술, 윤리 | 일반선택과목: 예술교과 : 미술 | 진로선택과목: 미술 창작, 미술 감상과 비평 | 전문교과Ⅰ: 미술 이론, 미술사, 드로잉 미술 전공 실기 | 전문교과Ⅱ: 디자인 일반, 시각디자인, 색체 관리","박물관및미술관준학예사, 아동미술지도사, 중등2급정교사",시각디자이너
33,공업디자인과,"서울특별시_서일대학교(제1캠퍼스)_생활가구디자인학과, 부산광역시_부산경상대학교(제1캠퍼스)_디자인계열, 부산광역시_부산경상대학교(제1캠퍼스)_디자인계열(3년제), 부산광역시_부산경상대학교(제1캠퍼스)_디자인과, 부산광역시_부산과학기술대학교(제1캠퍼스)_생활조형디자인학과, 부산광역시_부산과학기술대학교(제1캠퍼스)_디자인계열, 부산광역시_부산과학기술대학교(제1캠퍼스)_토탈디자인계열, 부산광역시_부산과학기술대학교(제1캠퍼스)_생활조형디자인과, 부산광역시_부산과학기술대학교(제1캠퍼스)_디자인과, 부산광역시_부산보건대학교(제1캠퍼스)_헤어디자인전공(3년제), 대전광역시_대덕대학교(제1캠퍼스)_K-디자인과, 대구광역시_계명문화대학교(제1캠퍼스)_디자인학부, 대구광역시_계명문화대학교(제1캠퍼스)_메이크업디자인과, 대구광역시_영남이공대학교(제1캠퍼스)_디자인스쿨, 울산광역시_울산과학대학교(제1캠퍼스)_공간디자인학부, 광주광역시_서영대학교(제1캠퍼스)_디자인학부, 광주광역시_조선이공대학교(제1캠퍼스)_기계디자인과, 경기도_경기과학기술대학교(제1캠퍼스)_디자인공학과, 경기도_경민대학교(제1캠퍼스)_공간디자인학과, 경기도_경민대학교(제1캠퍼스)_공간디자인과, 경기도_경민대학교(제1캠퍼스)_건축공간디자인과, 경기도_경복대학교(제1캠퍼스)_공간디자인학과(1년제), 경기도_경복대학교(제1캠퍼스)_공간디자인학과, 경기도_경복대학교(제1캠퍼스)_공간디자인과(3년제), 경기도_김포대학교(제1캠퍼스)_공간디자인과, 경기도_대림대학교(제1캠퍼스)_영상디자인과, 경기도_동서울대학교(제1캠퍼스)_디자인융합학과, 경기도_동서울대학교(제1캠퍼스)_메타버스게임디자인과, 경기도_서울예술대학교(제1캠퍼스)_공간디자인전공, 경기도_신구대학교(제1캠퍼스)_공간디자인학과, 경기도_안산대학교(제1캠퍼스)_융합디자인학부, 경기도_안산대학교(제1캠퍼스)_XR콘텐츠디자인학과, 경기도_여주대학교(제1캠퍼스)_도시공간디자인과, 경기도_용인예술과학대학교(제1캠퍼스)_토이캐릭터디자인과, 충청북도_충북도립대학교(제1캠퍼스)_융합디자인과, 충청남도_백석문화대학교(제1캠퍼스)_디자인학부, 전라남도_목포과학대학교(제1캠퍼스)_요트건축디자인융합과, 경상북도_구미대학교(제1캠퍼스)_의료뷰티디자인학부, 경상남도_진주보건대학교(제1캠퍼스)_뷰티디자인과, 제주특별자치도_제주관광대학교(제1캠퍼스)_뷰티디자인과, 제주특별자치도_한국폴리텍 I 대학 제주캠퍼스(제1캠퍼스)_융합디자인과, 세종특별자치시_한국영상대학교(제1캠퍼스)_영상디자인과","일반 선택: 독서와 작문, 문학, 대수, 확률과 통계, 영어Ⅰ, 영어Ⅱ, 영어 독해오작문, 미술, 정보 등 | 진로 선택: 주제 탐구 독서, 문학과 영상, 미술 창작, 미술 감상과 비평, 인간과 심리 등 | 융합 선택: 매체 의사소통, 미디어 영어, 세계 문화와 영어, 여행지리, 사회문제 탐구, 미술과 매체 등","공통과목: 미술, 윤리 | 일반선택과목: 예술교과 : 미술 | 진로선택과목: 미술 창작, 미술 감상과 비평 | 전문교과Ⅰ: 미술 이론, 미술사, 드로잉 미술 전공 실기 | 전문교과Ⅱ: 디자인 일반, 시각디자인, 색체 관리","웹디자인기능사, 제품디자인산업기사, 컴퓨터그래픽스운용기능사, 포장산업기사",가상현실전문가
386,그래픽디자인과,"서울특별시_인덕대학교(제1캠퍼스)_게임&VR디자인학과, 부산광역시_부산과학기술대학교(제1캠퍼스)_3D NFT 캐릭터디자인과, 부산광역시_부산과학기술대학교(제1캠퍼스)_3D NFT 캐릭터 디자인전공, 인천광역시_재능대학교(제1캠퍼스)_게임아트디자인과, 인천광역시_재능대학교(제1캠퍼스)_게임아트디자인과 (3년제), 울산광역시_울산과학대학교(제1캠퍼스)_건축디자인학부, 경기도_신구대학교(제1캠퍼스)_그래픽아츠과, 강원특별자치도_송곡대학교(제1캠퍼스)_아트디자인학과, 강원특별자치도_한림성심대학교(제1캠퍼스)_아트앤디자인과, 경상남도_창원문성대학교(제1캠퍼스)_게임ㆍ그래픽전공","일반 선택: 독서와 작문, 문학, 대수, 확률과 통계, 영어Ⅰ, 영어Ⅱ, 영어 독해오작문, 미술, 정보 등 | 진로 선택: 주제 탐구 독서, 문학과 영상, 미술 창작, 미술 감상과 비평, 인간과 심리 등 | 융합 선택: 매체 의사소통, 미디어 영어, 세계 문화와 영어, 여행지리, 사회문제 탐구, 미술과 매체 등","공통과목: 미술, 윤리 | 일반선택과목: 예술교과 : 미술 | 진로선택과목: 미술 창작, 미술 감상과 비평 | 전문교과Ⅰ: 미술 이론, 미술사, 드로잉 미술 전공 실기 | 전문교과Ⅱ: 디자인 일반, 시각디자인, 색체 관리","시각디자인산업기사, 웹디자인기능사, 컬러리스트산업기사, 컴퓨터그래픽스운용기능사",광고디자이너
574,디지털디자인과,"서울특별시_명지전문대학(제1캠퍼스)_디지털콘텐츠융합과, 서울특별시_배화여자대학교(제1캠퍼스)_디지털콘텐츠디자인과 시각미디어전공, 서울특별시_배화여자대학교(제1캠퍼스)_디지털콘텐츠디자인과, 서울특별시_배화여자대학교(제1캠퍼스)_디지털콘텐츠디자인과 영상미디어전공, 서울특별시_백석예술대학교(제1캠퍼스)_디자인미술학부, 서울특별시_정화예술대학교(제2캠퍼스)_디지털미디어디자인전공, 인천광역시_경인여자대학교(제1캠퍼스)_디지털미디어디자인학과, 인천광역시_재능대학교(제1캠퍼스)_디지털바이오테크과, 인천광역시_한국폴리텍 II 대학 인천캠퍼스(제1캠퍼스)_디지털디자인과, 대전광역시_우송정보대학(제1캠퍼스)_디지털영상ㆍ비주얼디자인학부, 울산광역시_울산과학대학교(제1캠퍼스)_디지털콘텐츠디자인과, 울산광역시_울산과학대학교(제1캠퍼스)_디지털콘텐츠디자인학과, 광주광역시_동강대학교(제1캠퍼스)_디지털콘텐츠디자인과, 경기도_경기과학기술대학교(제1캠퍼스)_웹툰일러스트학과, 경기도_경기과학기술대학교(제1캠퍼스)_미디어디자인학과, 경기도_경기과학기술대학교(제1캠퍼스)_웹툰일러스트학과(3년제), 경기도_경기과학기술대학교(제1캠퍼스)_미디어디자인과, 경기도_경복대학교(제1캠퍼스)_디자인융합자유전공학과, 경기도_계원예술대학교(제1캠퍼스)_디지털미디어디자인과, 경기도_계원예술대학교(제1캠퍼스)_디지털미디어디자인학과, 경기도_동아방송예술대학교(제1캠퍼스)_디지털영상디자인과, 경기도_동원대학교(제1캠퍼스)_AI디지털디자인과, 경기도_동원대학교(제1캠퍼스)_컴퓨터영상디자인과, 경기도_부천대학교(제1캠퍼스)_디지털미디어디자인과, 경기도_부천대학교(제1캠퍼스)_디지털미디어디자인학과, 경기도_서울예술대학교(제1캠퍼스)_디지털아트전공, 경기도_신구대학교(제1캠퍼스)_미디어디자인과, 경기도_안산대학교(제1캠퍼스)_영상디자인학과, 경기도_오산대학교(제1캠퍼스)_디지털콘텐츠디자인학과, 경기도_오산대학교(제1캠퍼스)_디지털콘텐츠디자인계열, 경기도_장안대학교(제1캠퍼스)_디지털공예디자인과, 세종특별자치시_한국영상대학교(제1캠퍼스)_영상디자인학과","일반 선택: 독서와 작문, 문학, 대수, 확률과 통계, 영어Ⅰ, 영어Ⅱ, 영어 독해오작문, 미술, 정보 등 | 진로 선택: 주제 탐구 독서, 문학과 영상, 미술 창작, 미술 감상과 비평, 인간과 심리 등 | 융합 선택: 매체 의사소통, 미디어 영어, 세계 문화와 영어, 여행지리, 사회문제 탐구, 미술과 매체 등","공통과목: 수학, 과학, 예술, 생활ㆍ교양, 사회, 국어 | 일반선택과목: 수학ㆍ과학교과 : 수학Ⅰ, 수학Ⅱ, 확률과 통계, 물리학Ⅰ, 지구과학Ⅰ | 진로선택과목: 미술창작, 미술/음악 감상과 비평, 사회문제 탐구, 고전 읽기, 융합 과학, 지식재산 일반, 창의 경영, 기하, 수학탐구 과제 | 전문교과Ⅰ: 매체미술, 드로잉, 사진표현기법, 문학과 매체. 사회과제 연구, 영화 기술, 시나리오, 현대 세계의 변화 | 전문교과Ⅱ: 미디어콘텐츠일반, 문화콘텐츠산업일반, 영상제작기초, 컴퓨터그래픽, 프로그래밍, 디지털 논리 회로, 디지털 이미지 재현","GTQ(GraphicTechnologyQualification)1ㆍ2급, 게임그래픽전문가, 게임기획전문가, 멀티미디어콘텐츠제작전문가, 시각디자인기사, 웹디자인기능사",시각디자이너
339,애니메이션과,"서울특별시_정화예술대학교(제2캠퍼스)_웹툰애니메이션전공, 부산광역시_부산경상대학교(제1캠퍼스)_웹툰 애니메이션과, 대구광역시_계명문화대학교(제1캠퍼스)_영상ㆍ웹툰ㆍ애니메이션학부, 대구광역시_계명문화대학교(제1캠퍼스)_영상ㆍ애니메이션학부, 대구광역시_영남이공대학교(제1캠퍼스)_메타버스게임애니메이션과, 대구광역시_영남이공대학교(제1캠퍼스)_게임애니메이션과, 대구광역시_영남이공대학교(제1캠퍼스)_메타버스애니메이션과, 대구광역시_영진전문대학교(제1캠퍼스)_만화애니메이션과(3년제), 대구광역시_영진전문대학교(제1캠퍼스)_만화애니메이션과, 대구광역시_영진전문대학교(제1캠퍼스)_만화애니메이션학과, 대구광역시_영진전문대학교(제1캠퍼스)_아트미디어계열(만화애니메이션과)(3년제), 광주광역시_조선이공대학교(제1캠퍼스)_시각애니메이션콘텐츠과, 경기도_계원예술대학교(제1캠퍼스)_애니메이션학과, 경기도_계원예술대학교(제1캠퍼스)_애니메이션과, 경기도_국제대학교(제1캠퍼스)_게임애니메이션과, 경기도_동서울대학교(제1캠퍼스)_메타버스게임애니메이션과, 경기도_유한대학교(제1캠퍼스)_애니메이션영상학과, 경기도_유한대학교(제1캠퍼스)_방송미디어학과 애니메이션웹툰전공, 경기도_유한대학교(제1캠퍼스)_애니메이션영상학과(3년제), 경기도_장안대학교(제1캠퍼스)_시각콘텐츠과 웹툰애니메이션전공, 경기도_청강문화산업대학교(제1캠퍼스)_애니메이션학과, 경기도_청강문화산업대학교(제1캠퍼스)_애니메이션전공, 충청북도_강동대학교(제1캠퍼스)_만화ㆍ애니메이션콘텐츠과, 충청북도_강동대학교(제1캠퍼스)_만화ㆍ애니메이션콘텐츠학과, 충청남도_백석문화대학교(제1캠퍼스)_웹툰애니메이션학부(웹툰디지털영상과), 충청남도_백석문화대학교(제1캠퍼스)_만화애니메이션학부(3년제), 충청남도_백석문화대학교(제1캠퍼스)_웹툰애니메이션학부(웹툰스쿨), 충청남도_백석문화대학교(제1캠퍼스)_만화ㆍ애니메이션학부(3년제), 충청남도_백석문화대학교(제1캠퍼스)_웹툰애니메이션학부(3년제), 충청남도_백석문화대학교(제1캠퍼스)_웹툰애니메이션학부(웹툰콘텐츠과), 충청남도_백석문화대학교(제1캠퍼스)_만화ㆍ애니메이션학부, 전라남도_순천제일대학교(제1캠퍼스)_웹툰애니메이션과, 경상북도_구미대학교(제1캠퍼스)_웹툰애니메이션스쿨(3년제), 세종특별자치시_한국영상대학교(제1캠퍼스)_게임애니메이션학과, 세종특별자치시_한국영상대학교(제1캠퍼스)_게임애니메이션과, 세종특별자치시_한국영상대학교(제1캠퍼스)_애니메이션학과, 세종특별자치시_한국영상대학교(제1캠퍼스)_게임애니메이션학과(학사)","일반 선택: 화법과 언어, 문학, 독서와 작문, 영어 독해와 작문, 세계시민과 지리, 세계사, 사회와 문화, 현대사회와 윤리, 음악, 미술, 연극, 정보, 제2외국어 등 | 진로 선택: 주제 탐구 독서, 문학과 영상, 영미 문학 읽기, 영어 발표와 토론, 동아시아 역사 기행, 정치, 법과 사회, 윤리와 사상, 인문학과 윤리, 미술 감상과 비평, 음악 감상과 비평 등 | 융합 선택: 독서 토론과 글쓰기, 메체 의사소통, 미디어 영어, 세계 문화와 영어, 사회문제 탐구, 음악과 미디어, 미술과 매체, 지식 재산 일반, 소프트웨어와 생활 등","공통과목: 미술, 윤리 | 일반선택과목: 예술교과 : 미술 | 진로선택과목: 미술 창작, 미술 감상과 비평 | 전문교과Ⅰ: 미술 이론, 미술사, 드로잉 미술 전공 실기 | 전문교과Ⅱ: 디자인 일반, 시각디자인, 색체 관리","게임그래픽전문가, 컬러리스트산업기사, 컴퓨터그래픽스운용기능사",만화가
658,환경보건학과,"서울특별시_건국대학교(제1캠퍼스)_환경보건과학과, 충청남도_순천향대학교(제1캠퍼스)_환경보건학과, 전북특별자치도_전주대학교(제1캠퍼스)_환경보건학과","일반 선택: 화법과 언어, 독서와 작문, 문학, 확률과 통계, 영어 Ⅰ,영어프, 영어 독해와 작문, 세계시민과 지리, 사회와 문화, 현대사회와 윤리, 생명과학, 정보, 제2외국어 과목, 한문 등 | 진로 선택: 주제 탐구 독서, 영어 발표와 토론, 정치, 법과 사회, 경제, 윤리와 사상, 국제 관계의 이해, 생물의 유전 등 | 융합 선택: 독서 토론과 글쓰기, 실용 통계, 수학과제 탐구, 사회문제 탐구, 기후변화와 지속가능한 세계, 융합과학 탐구, 보건 등","공통과목: 영어, 수학, 과학, 정보 | 일반선택과목: 영어교과 : 영어Ⅰ, 영어Ⅱ, 영어 독해와 작문 | 진로선택과목: 화학Ⅱ, 생명과학Ⅱ. 지식 재산 일반 | 전문교과Ⅰ: 정보과학, 과학 과제 연구 | 전문교과Ⅱ: 정보 보호 관리, 정보 처리와 관리, 공중 보건, 인체 구조와 기능, 기초 간호 임상 실무, 보건간호","병원행정사, 보건교육사, 산업안전기사, 산업위생관리기사, 수질환경기사",대기환경기술자
439,임상병리과,"부산광역시_경남정보대학교(제1캠퍼스)_임상병리학과, 부산광역시_경남정보대학교(제1캠퍼스)_임상병리과, 부산광역시_동의과학대학교(제1캠퍼스)_임상병리학과, 부산광역시_동의과학대학교(제1캠퍼스)_임상병리과, 대전광역시_대전과학기술대학교(제1캠퍼스)_임상병리과, 대전광역시_대전보건대학교(제1캠퍼스)_임상병리의과학대학-신기술진단검사분야, 대전광역시_대전보건대학교(제1캠퍼스)_임상병리학과, 대전광역시_대전보건대학교(제1캠퍼스)_임상병리과, 대구광역시_대구보건대학교(제1캠퍼스)_임상병리학과, 광주광역시_광주보건대학교(제1캠퍼스)_임상병리학과, 광주광역시_동강대학교(제1캠퍼스)_임상병리학과, 광주광역시_동강대학교(제1캠퍼스)_임상병리과, 광주광역시_서영대학교(제1캠퍼스)_임상병리과, 광주광역시_서영대학교(제1캠퍼스)_임상병리학과, 경기도_경복대학교(제1캠퍼스)_임상병리과, 경기도_경복대학교(제1캠퍼스)_임상병리학과, 경기도_동남보건대학교(제1캠퍼스)_임상병리과, 경기도_동남보건대학교(제1캠퍼스)_임상병리학과, 경기도_서영대학교(제2캠퍼스)_임상병리학과(파주), 경기도_서영대학교(제2캠퍼스)_임상병리과(파주), 경기도_수원과학대학교(제1캠퍼스)_임상병리과, 경기도_안산대학교(제1캠퍼스)_임상병리과, 경기도_안산대학교(제1캠퍼스)_임상병리학과, 강원특별자치도_송호대학교(제1캠퍼스)_임상병리학과, 강원특별자치도_송호대학교(제1캠퍼스)_임상병리과, 충청북도_충북보건과학대학교(제1캠퍼스)_임상병리학과, 충청북도_충북보건과학대학교(제1캠퍼스)_임상병리과, 충청남도_신성대학교(제1캠퍼스)_임상병리과, 충청남도_혜전대학교(제1캠퍼스)_임상병리과, 전북특별자치도_원광보건대학교(제1캠퍼스)_임상병리학과, 전북특별자치도_원광보건대학교(제1캠퍼스)_임상병리과, 전북특별자치도_전주기전대학(제1캠퍼스)_임상병리과, 전라남도_광양보건대학교(제1캠퍼스)_임상병리과, 전라남도_목포과학대학교(제1캠퍼스)_임상병리과, 경상북도_대경대학교(제1캠퍼스)_임상병리과, 경상북도_대경대학교(제1캠퍼스)_임상병리학과, 경상남도_김해대학교(제1캠퍼스)_임상병리과, 경상남도_마산대학교(제1캠퍼스)_임상병리학과, 경상남도_마산대학교(제1캠퍼스)_임상병리과, 경상남도_진주보건대학교(제1캠퍼스)_임상병리학과, 경상남도_진주보건대학교(제1캠퍼스)_임상병리과, 제주특별자치도_제주한라대학교(제1캠퍼스)_임상병리과","일반 선택: 확률과 통계, 화학, 생명과학, 현대사회와 윤리 등 | 진로 선택: 물질과 에너지, 화학 반응의 세계, 세포와 물질대사, 생물의 유전,법과 사회, 보건 등 | 융합 선택: 화학 실험, 생명과학 실험 등","공통과목: 영어, 과학 | 일반선택과목: 영어교과 : 영어Ⅰ, 영어Ⅱ, 영어 독해와 작문 | 진로선택과목: 화학Ⅱ, 생명과학Ⅱ | 전문교과Ⅰ: 고급화학, 화학 실험, 고급 생명과학, 생명과학 실험, 과학과제 연구 | 전문교과Ⅱ: 인체 구조와 기능, 기초 간호 임상 실무, 보건 간호",임상병리사,임상병리사
341,약학부,"서울특별시_경희대학교(제1캠퍼스)_약학과(2+4년제), 서울특별시_경희대학교(제1캠퍼스)_약학과(6년제), 서울특별시_경희대학교(제1캠퍼스)_약학과, 서울특별시_덕성여자대학교(제1캠퍼스)_약학과(6년제), 서울특별시_덕성여자대학교(제1캠퍼스)_약학과(2+4학제), 서울특별시_동덕여자대학교(제1캠퍼스)_약학과, 서울특별시_삼육대학교(제1캠퍼스)_약학과, 서울특별시_서울대학교(제1캠퍼스)_약학계열(6년제), 서울특별시_서울대학교(제1캠퍼스)_제약학과(2+4학제), 서울특별시_서울대학교(제1캠퍼스)_제약학과(6년제), 서울특별시_서울대학교(제1캠퍼스)_약학기본과정(2+4학제), 서울특별시_서울대학교(제1캠퍼스)_약학과(6년제), 서울특별시_서울대학교(제1캠퍼스)_약학과(2+4년제), 서울특별시_서울대학교(제1캠퍼스)_약학과, 서울특별시_숙명여자대학교(제1캠퍼스)_약학부, 서울특별시_이화여자대학교(제1캠퍼스)_약학부, 서울특별시_이화여자대학교(제1캠퍼스)_약학전공, 서울특별시_이화여자대학교(제1캠퍼스)_약학과(6년제), 서울특별시_중앙대학교(제1캠퍼스)_약학부, 부산광역시_경성대학교(제1캠퍼스)_약학과, 부산광역시_부산대학교(제1캠퍼스)_약학부(통합6년제), 부산광역시_부산대학교(제1캠퍼스)_약학부, 부산광역시_부산대학교(제1캠퍼스)_약학전공, 부산광역시_부산대학교(제1캠퍼스)_약학전공(통합6년제), 부산광역시_부산대학교(제1캠퍼스)_제약학전공(통합6년제), 인천광역시_가천대학교(제2캠퍼스)_약학과, 인천광역시_가천대학교(제2캠퍼스)_약학과(2+4학제), 인천광역시_연세대학교(제2캠퍼스)_약학과, 인천광역시_연세대학교(제2캠퍼스)_약학계열, 인천광역시_연세대학교(제2캠퍼스)_약학과(2+4학제), 대전광역시_충남대학교(제1캠퍼스)_약학과, 대구광역시_경북대학교(제1캠퍼스)_약학과, 대구광역시_계명대학교(제1캠퍼스)_약학과, 대구광역시_계명대학교(제1캠퍼스)_약학부, 광주광역시_전남대학교(제1캠퍼스)_약학부, 광주광역시_조선대학교(제1캠퍼스)_약학과(6년제), 광주광역시_조선대학교(제1캠퍼스)_약학과(2+4학제), 경기도_가톨릭대학교(제1캠퍼스)_약학과, 경기도_동국대학교(제2캠퍼스)_약학과, 경기도_성균관대학교(제2캠퍼스)_약학대학, 경기도_성균관대학교(제2캠퍼스)_약학과, 경기도_아주대학교(제1캠퍼스)_약학과, 경기도_차의과학대학교(제1캠퍼스)_약학과, 경기도_한양대학교 ERICA캠퍼스(제1캠퍼스)_약학과(6년제), 강원특별자치도_강원대학교(제1캠퍼스)_약학과, 충청북도_충북대학교(제1캠퍼스)_약학과, 충청북도_충북대학교(제1캠퍼스)_제약학과(2+4학제), 충청북도_충북대학교(제1캠퍼스)_약학과(2+4학제), 충청남도_단국대학교(제2캠퍼스)_약학과, 전북특별자치도_우석대학교(제1캠퍼스)_약학과, 전북특별자치도_우석대학교(제1캠퍼스)_약학과(2+4학제), 전북특별자치도_원광대학교(제1캠퍼스)_약학과(2+4학제), 전북특별자치도_원광대학교(제1캠퍼스)_약학과, 전북특별자치도_전북대학교(제1캠퍼스)_약학과(2+4년제), 전북특별자치도_전북대학교(제1캠퍼스)_약학과, 전라남도_국립목포대학교(제1캠퍼스)_약학과(6년제), 전라남도_국립목포대학교(제1캠퍼스)_약학과(2+4학제), 전라남도_국립순천대학교(제1캠퍼스)_약학과(2+4학제), 전라남도_국립순천대학교(제1캠퍼스)_약학과(6년제), 경상북도_대구가톨릭대학교(제1캠퍼스)_약학부, 경상북도_대구가톨릭대학교(제1캠퍼스)_약학전공(6년제), 경상북도_대구가톨릭대학교(제1캠퍼스)_약학부(통합6년제), 경상북도_대구가톨릭대학교(제1캠퍼스)_제약학전공(6년제), 경상북도_대구가톨릭대학교(제1캠퍼스)_약학전공, 경상북도_영남대학교(제1캠퍼스)_약학부, 경상북도_영남대학교(제1캠퍼스)_약학전공, 경상남도_경상국립대학교(제1캠퍼스)_약학과(2+4년제), 경상남도_경상국립대학교(제1캠퍼스)_약학과(6년제), 경상남도_인제대학교(제1캠퍼스)_약학과, 제주특별자치도_제주대학교(제1캠퍼스)_약학과, 세종특별자치시_고려대학교 세종캠퍼스(제1캠퍼스)_약학과","일반 선택: 확률과 통계, 화학, 생명과학, 현대사회와 윤리 등 | 진로 선택: 물질과 에너지, 화학 반응의 세계, 세포와 물질대사, 생물의 유전, 법과 사회, 보건 등 | 융합 선택: 융합과학 탐구, 화학 실험 등","공통과목: 영어, 수학, 과학, 윤리 | 일반선택과목: 영어교과 : 영어Ⅰ, 영어Ⅱ, 영어 독해와 작문 | 진로선택과목: 생명과학Ⅱ, 화학Ⅱ, 융합과학 | 전문교과Ⅰ: 고급 화학 및 고급 생명과학, 화학실험 및 생명과학 실험, 과학과제 연구 | 전문교과Ⅱ: 인체 구조와 기능",약사면허,약사 및 한약사
653,환경공학과,"서울특별시_건국대학교(제1캠퍼스)_환경보건ㆍ산림조경학부, 서울특별시_건국대학교(제1캠퍼스)_환경보건전공, 서울특별시_건국대학교(제1캠퍼스)_주거환경전공, 서울특별시_건국대학교(제1캠퍼스)_환경공학과, 서울특별시_경희대학교(제1캠퍼스)_주거환경학과, 서울특별시_고려대학교(제1캠퍼스)_보건환경융합과학부, 서울특별시_고려대학교(제1캠퍼스)_사회환경시스템공학과, 서울특별시_고려대학교(제1캠퍼스)_환경생태공학부, 서울특별시_광운대학교(제1캠퍼스)_환경공학과, 서울특별시_국민대학교(제1캠퍼스)_산림환경시스템학과, 서울특별시_덕성여자대학교(제1캠퍼스)_기후환경과문화전공, 서울특별시_동국대학교(제1캠퍼스)_사회환경시스템공학과, 서울특별시_상명대학교(제1캠퍼스)_공간환경학부, 서울특별시_서울과학기술대학교(제1캠퍼스)_환경공학과(환경공학전공), 서울특별시_서울과학기술대학교(제1캠퍼스)_환경공학과, 서울특별시_서울과학기술대학교(제1캠퍼스)_환경공학과(환경정책전공), 서울특별시_서울시립대학교(제1캠퍼스)_환경원예학과, 서울특별시_서울시립대학교(제1캠퍼스)_환경공학부, 서울특별시_세종대학교(제1캠퍼스)_환경융합공학과, 서울특별시_세종대학교(제1캠퍼스)_환경에너지공간융합학과, 서울특별시_세종사이버대학교(제1캠퍼스)_환경조경학과, 서울특별시_숭실사이버대학교(제1캠퍼스)_환경안전공학과, 서울특별시_연세대학교(제1캠퍼스)_사회환경시스템공학부, 서울특별시_이화여자대학교(제1캠퍼스)_환경공학전공, 서울특별시_이화여자대학교(제1캠퍼스)_환경공학과, 서울특별시_한국방송통신대학교(제1캠퍼스)_보건환경학과, 서울특별시_한국방송통신대학교(제1캠퍼스)_보건환경안전학과, 서울특별시_한양대학교(제1캠퍼스)_자원환경공학과, 부산광역시_경성대학교(제1캠퍼스)_환경공학과, 부산광역시_고신대학교(제1캠퍼스)_환경보건전공, 부산광역시_고신대학교(제1캠퍼스)_보건환경학부, 부산광역시_국립부경대학교(제1캠퍼스)_환경공학전공, 부산광역시_국립한국해양대학교(제1캠퍼스)_환경공학과, 부산광역시_동서대학교(제1캠퍼스)_환경디자인전공, 부산광역시_동아대학교(제1캠퍼스)_인간환경융합공학부 에너지ㆍ자원공학과, 부산광역시_동아대학교(제1캠퍼스)_환경공학과, 부산광역시_동아대학교(제1캠퍼스)_환경ㆍ에너지공학부 환경안전전공, 부산광역시_동아대학교(제1캠퍼스)_인간환경융합공학부 건축공학과, 부산광역시_동아대학교(제1캠퍼스)_인간환경융합공학부 환경공학과, 부산광역시_동아대학교(제1캠퍼스)_환경ㆍ에너지공학부 미래에너지공학전공, 부산광역시_동의대학교(제1캠퍼스)_환경공학과, 부산광역시_동의대학교(제1캠퍼스)_화학환경공학부, 부산광역시_동의대학교(제1캠퍼스)_환경공학전공, 부산광역시_부산가톨릭대학교(제1캠퍼스)_환경행정학과, 부산광역시_부산가톨릭대학교(제1캠퍼스)_환경공학과, 부산광역시_부산대학교(제1캠퍼스)_사회환경시스템공학부, 부산광역시_부산대학교(제1캠퍼스)_대기환경과학과, 부산광역시_부산대학교(제1캠퍼스)_환경공학과, 부산광역시_부산대학교(제1캠퍼스)_지질환경과학과, 부산광역시_부산외국어대학교(제1캠퍼스)_스마트에너지ㆍ환경전공, 부산광역시_신라대학교(제1캠퍼스)_환경공학과, 인천광역시_연세대학교(제2캠퍼스)_에너지환경융합전공, 인천광역시_인천대학교(제1캠퍼스)_환경공학전공, 인천광역시_인하대학교(제1캠퍼스)_환경공학과, 대전광역시_국립한밭대학교(제1캠퍼스)_통합물관리학과, 대전광역시_충남대학교(제1캠퍼스)_환경공학과, 대구광역시_경북대학교(제1캠퍼스)_환경공학과, 대구광역시_계명대학교(제1캠퍼스)_환경공학과, 울산광역시_울산대학교(제1캠퍼스)_건축ㆍ도시환경학부, 울산광역시_울산대학교(제1캠퍼스)_주거환경학전공, 광주광역시_광주과학기술원(제1캠퍼스)_지구환경공학부, 광주광역시_광주과학기술원(제1캠퍼스)_환경ㆍ에너지공학과, 광주광역시_광주과학기술원(제1캠퍼스)_환경ㆍ에너지공학부, 광주광역시_전남대학교(제1캠퍼스)_환경에너지공학과, 광주광역시_조선대학교(제1캠퍼스)_환경공학과, 경기도_가톨릭대학교(제1캠퍼스)_에너지환경공학과, 경기도_경기대학교(제1캠퍼스)_환경에너지공학과, 경기도_경희대학교(제2캠퍼스)_환경학및환경공학과, 경기도_경희대학교(제2캠퍼스)_환경조경디자인학과, 경기도_대진대학교(제1캠퍼스)_스마트건설환경공학과, 경기도_명지대학교 자연캠퍼스(제1캠퍼스)_환경시스템공학전공, 경기도_명지대학교 자연캠퍼스(제1캠퍼스)_환경에너지공학과, 경기도_성균관대학교(제2캠퍼스)_사회환경시스템공학과, 경기도_수원대학교(제1캠퍼스)_건설환경에너지공학부, 경기도_수원대학교(제1캠퍼스)_환경에너지공학, 경기도_신한대학교(제1캠퍼스)_에너지환경공학과, 경기도_아주대학교(제1캠퍼스)_환경안전공학과, 경기도_안양대학교(제1캠퍼스)_환경에너지공학전공, 경기도_안양대학교(제1캠퍼스)_환경에너지공학과, 경기도_용인대학교(제1캠퍼스)_보건환경안전학과, 경기도_용인대학교(제1캠퍼스)_환경학과, 경기도_을지대학교(제2캠퍼스)_보건환경학전공, 경기도_을지대학교(제2캠퍼스)_보건환경안전학과, 경기도_중앙대학교(제2캠퍼스)_디자인학부(실내환경디자인전공), 경기도_평택대학교(제1캠퍼스)_ICT환경융합학과, 경기도_평택대학교(제1캠퍼스)_ICT환경융합전공, 경기도_한경국립대학교(제1캠퍼스)_환경공학전공, 경기도_한국공학대학교(제1캠퍼스)_환경안전경영학과, 경기도_한국외국어대학교(제2캠퍼스)_환경학과, 강원특별자치도_가톨릭관동대학교(제1캠퍼스)_환경공학전공, 강원특별자치도_가톨릭관동대학교(제1캠퍼스)_보건환경학과, 강원특별자치도_강원대학교(제1캠퍼스)_환경융합학부, 강원특별자치도_강원대학교(제2캠퍼스)_지구환경시스템공학과, 강원특별자치도_강원대학교(제1캠퍼스)_에코환경과학전공, 강원특별자치도_강원대학교(제1캠퍼스)_환경공학전공, 강원특별자치도_강원대학교(제2캠퍼스)_환경공학과, 강원특별자치도_강원대학교(제2캠퍼스)_환경방재공학전공, 강원특별자치도_강원대학교(제1캠퍼스)_자원생물환경학과, 강원특별자치도_강원대학교(제1캠퍼스)_환경공학과, 강원특별자치도_강원대학교(제1캠퍼스)_환경학과, 강원특별자치도_국립강릉원주대학교(제1캠퍼스)_대기환경과학과, 강원특별자치도_국립강릉원주대학교(제1캠퍼스)_환경조경학과, 강원특별자치도_상지대학교(제1캠퍼스)_환경조경학과, 강원특별자치도_상지대학교(제1캠퍼스)_환경공학과, 강원특별자치도_상지대학교(제1캠퍼스)_지구환경공학과, 강원특별자치도_연세대학교 미래캠퍼스(제1캠퍼스)_친환경에너지공학전공, 강원특별자치도_연세대학교 미래캠퍼스(제1캠퍼스)_환경공학전공, 강원특별자치도_연세대학교 미래캠퍼스(제1캠퍼스)_환경에너지공학부, 강원특별자치도_연세대학교 미래캠퍼스(제1캠퍼스)_환경공학부, 충청북도_건국대학교 글로컬캠퍼스(제1캠퍼스)_녹색환경시스템전공, 충청북도_건국대학교 글로컬캠퍼스(제1캠퍼스)_친환경과학부, 충청북도_국립한국교통대학교(제1캠퍼스)_환경공학전공, 충청북도_극동대학교(제1캠퍼스)_친환경에너지학과, 충청북도_서원대학교(제1캠퍼스)_환경공학과, 충청북도_세명대학교(제1캠퍼스)_환경에너지학과, 충청북도_청주대학교(제1캠퍼스)_환경조경학과, 충청북도_청주대학교(제1캠퍼스)_환경공학과, 충청북도_충북대학교(제1캠퍼스)_환경공학과, 충청북도_충북대학교(제1캠퍼스)_주거환경학과, 충청남도_국립공주대학교(제1캠퍼스)_지질환경과학과, 충청남도_국립공주대학교(제2캠퍼스)_환경공학과, 충청남도_단국대학교(제2캠퍼스)_환경원예조경학부, 충청남도_단국대학교(제2캠퍼스)_환경원예학과, 충청남도_상명대학교(제2캠퍼스)_환경조경학과, 충청남도_상명대학교(제2캠퍼스)_환경공학과, 충청남도_순천향대학교(제1캠퍼스)_에너지환경공학과, 충청남도_중부대학교(제1캠퍼스)_환경조경학과, 충청남도_중부대학교(제1캠퍼스)_환경조경학전공, 충청남도_한서대학교(제1캠퍼스)_환경공학과, 충청남도_호서대학교(제1캠퍼스)_환경공학과, 전북특별자치도_국립군산대학교(제1캠퍼스)_환경공학과, 전북특별자치도_원광대학교(제1캠퍼스)_건설환경계열, 전북특별자치도_전북대학교(제1캠퍼스)_환경공학과, 전북특별자치도_전북대학교(제1캠퍼스)_산림환경과학과, 전북특별자치도_전북대학교(제1캠퍼스)_주거환경학과, 전북특별자치도_전주대학교(제1캠퍼스)_환경보건전공, 전라남도_국립목포대학교(제1캠퍼스)_환경공학, 전라남도_국립목포대학교(제1캠퍼스)_환경공학과, 전라남도_국립순천대학교(제1캠퍼스)_환경공학전공, 전라남도_국립순천대학교(제1캠퍼스)_생물환경학과, 전라남도_국립순천대학교(제1캠퍼스)_환경공학과, 전라남도_전남대학교(제2캠퍼스)_환경시스템공학과, 경상북도_경북대학교(제3캠퍼스)_건설방재공학부 건설환경공학전공, 경상북도_경북대학교(제3캠퍼스)_환경안전공학과, 경상북도_경북대학교(제3캠퍼스)_생태환경시스템학부 산림환경자원전공, 경상북도_경북대학교(제3캠퍼스)_생태환경관광학부(생물응용전공), 경상북도_경북대학교(제3캠퍼스)_생태환경시스템학부(산림환경자원전공, 식물자원환경전공), 경상북도_경북대학교(제3캠퍼스)_생태환경시스템학부 식물자원환경전공, 경상북도_경운대학교(제1캠퍼스)_탄소중립생태전공, 경상북도_국립경국대학교(제1캠퍼스)_건설ㆍ환경ㆍ건축공학부, 경상북도_국립경국대학교(제1캠퍼스)_환경공학과, 경상북도_국립경국대학교(제1캠퍼스)_환경공학전공, 경상북도_국립금오공과대학교(제1캠퍼스)_환경공학전공, 경상북도_국립금오공과대학교(제1캠퍼스)_환경공학과, 경상북도_대구가톨릭대학교(제1캠퍼스)_환경조각전공, 경상북도_대구가톨릭대학교(제1캠퍼스)_환경안전학전공, 경상북도_대구가톨릭대학교(제1캠퍼스)_환경원예조경학부, 경상북도_대구대학교(제1캠퍼스)_환경기술공학과, 경상북도_대구한의대학교(제1캠퍼스)_소방안전환경학과, 경상북도_대구한의대학교(제1캠퍼스)_소방방재환경전공, 경상북도_대구한의대학교(제1캠퍼스)_도시환경디자인학과, 경상북도_신경주대학교(제1캠퍼스)_환경에너지학과, 경상북도_영남대학교(제1캠퍼스)_환경공학과, 경상북도_영남대학교(제1캠퍼스)_주거환경학과, 경상북도_한동대학교(제1캠퍼스)_공간환경시스템공학부, 경상남도_경남대학교(제1캠퍼스)_환경에너지공학과, 경상남도_경상국립대학교(제1캠퍼스)_환경공학과, 경상남도_국립창원대학교(제1캠퍼스)_스마트그린공학부 환경에너지공학전공, 경상남도_부산대학교(제2캠퍼스)_바이오환경에너지학과, 경상남도_영산대학교(제1캠퍼스)_실내환경디자인전공, 경상남도_영산대학교(제1캠퍼스)_디자인학부(실내환경디자인전공), 경상남도_인제대학교(제1캠퍼스)_환경공학과, 제주특별자치도_제주대학교(제1캠퍼스)_생활환경복지학부, 제주특별자치도_제주대학교(제1캠퍼스)_환경공학과, 세종특별자치시_고려대학교 세종캠퍼스(제1캠퍼스)_환경시스템공학과","일반 선택: 대수, 미적분 Ⅰ,확률과 통계, 물리학, 화학, 생명과학, 지구과학, 정보, 생태와 환경 등 | 진로 선택: 기하, 미적분Ⅱ, 도시의 미래 탐구, 역학과 에너지, 물질과 에너지, 화학 반응의 세계, 세포와 물질대사, 생물의 유전, 지구시스템과학,데이터 과학 등 | 융합 선택: 기후변화와 환경생태, 융합과학 탐구 등","공통과목: 수학, 사회, 과학, 기술ㆍ가정 | 일반선택과목: 수학교과 : 수학ⅠㆍⅡ, 미적분, 확률과 통계 | 진로선택과목: 실용수학, 기하, 수학과제 탐구, 물리학Ⅱ, 화학Ⅱ, 생명과학Ⅱ, 생활과 과학, 융합과학, 공학 일반, 사회문제 탐구 | 전문교과Ⅰ: 심화수학ⅠㆍⅡ, 고급 수학ⅠㆍⅡ, 고급 화학, 화학 실험, 고급 생명과학, 생명과학 실험, 융합과학탐구, 과학과제연구, 생태와 환경, 지역 이해, 세계 문제와 미래 사회 | 전문교과Ⅱ: 인간과 환경, 산업 안전 보건 기초, 환경 생태 관리","대기환경기사, 생물분류기사(동물, 식물), 소음진동기사, 수질환경기사, 자연생태복원기사, 토양환경기사, 폐기물처리기사",해양공학기술자
652,환경공업과,"울산광역시_울산과학대학교(제2캠퍼스)_환경화학공업과, 광주광역시_조선이공대학교(제1캠퍼스)_생명환경화공과, 경기도_경기과학기술대학교(제1캠퍼스)_화공환경과, 경기도_경기과학기술대학교(제1캠퍼스)_청정환경과, 경기도_수원과학대학교(제1캠퍼스)_환경산업과, 강원특별자치도_강릉영동대학교(제1캠퍼스)_도시환경과, 충청남도_충남도립대학교(제1캠퍼스)_환경에너지학과","일반 선택: 대수, 미적분 Ⅰ,확률과 통계, 물리학, 화학, 생명과학, 지구과학, 정보, 생태와 환경 등 | 진로 선택: 기하, 미적분Ⅱ, 도시의 미래 탐구, 역학과 에너지, 물질과 에너지, 화학 반응의 세계, 세포와 물질대사, 생물의 유전, 지구시스템과학,데이터 과학 등 | 융합 선택: 기후변화와 환경생태, 융합과학 탐구 등","공통과목: 수학, 사회, 과학, 기술ㆍ가정 | 일반선택과목: 수학교과 : 수학ⅠㆍⅡ, 미적분, 확률과 통계 | 진로선택과목: 실용수학, 기하, 수학과제 탐구, 물리학Ⅱ, 화학Ⅱ, 생명과학Ⅱ, 생활과 과학, 융합과학, 공학 일반, 사회문제 탐구 | 전문교과Ⅰ: 심화수학ⅠㆍⅡ, 고급 수학ⅠㆍⅡ, 고급 화학, 화학 실험, 고급 생명과학, 생명과학실험, 융합 과학 탐구, 과학과제연구, 생태와 환경, 지역 이해, 세계 문제와 미래 사회 | 전문교과Ⅱ: 인간과 환경, 산업 안전 보건 기초, 환경 생태 관리","대기환경산업기사, 소음진동산업기사, 수질환경산업기사, 폐기물처리산업기사",해양공학기술자
606,푸드스타일링과,"서울특별시_서일대학교(제1캠퍼스)_웹툰스토리텔링학과, 경기도_여주대학교(제1캠퍼스)_준오헤어스타일과","일반 선택: 대수, 미적분 Ⅰ, 확률과 통계, 사회와 문화, 화학, 생명과학, 기술·가정,정보 등 | 진로 선택: 미적분Ⅱ, 경제, 물질과 에너지, 화학 반응의 세계, 세포와 물질대사, 생물의 유전, 생활과학 탐구 등 | 융합 선택: 실용 통계 등","공통과목: 과학, 생활ㆍ교양, 사회 | 일반선택과목: 과학교과 : 생명과학Ⅰ, 화학Ⅰ, 물리Ⅰ | 진로선택과목: 생명과학Ⅱ, 화학Ⅱ, 융합과학, 생활과 과학, 농업생명과학, 가정과학 | 전문교과Ⅰ: 생명과학실험, 물리/화학 실험, 융합과학 탐구, 과학과제 연구 | 전문교과Ⅱ: 식품과 영양, 식품위생, 급식관리, 식품과학, 식품분석","양식조리사, 일식조리사, 제과사, 제빵사, 푸드코디네이터, 한식조리사",바리스타
523,지구환경과학과,"서울특별시_고려대학교(제1캠퍼스)_지구환경과학과, 서울특별시_서울대학교(제1캠퍼스)_지구환경시스템공학부, 서울특별시_서울대학교(제1캠퍼스)_지구환경과학부, 광주광역시_전남대학교(제1캠퍼스)_지구환경과학부, 충청북도_충북대학교(제1캠퍼스)_지구환경과학과, 전북특별자치도_전북대학교(제1캠퍼스)_지구환경과학과, 전북특별자치도_전북대학교(제1캠퍼스)_과학기술학부(지구환경과학전공), 경상북도_국립경국대학교(제1캠퍼스)_지구환경과학전공, 경상북도_국립경국대학교(제1캠퍼스)_지구환경과학과","일반 선택: 대수, 미적분 Ⅰ,확률과 통계, 물리학, 화학, 생명과학, 지구과학 등 | 진로 선택: 기하, 미적분Ⅱ, 인공지능 수학, 역학과 메너지, 전자기와 양자, 지구시스템과학, 행성우주과학, 물질과 에너지, 화학 반응의 세계, 한국지리 탐구 등 | 융합 선택: 수학과제 탐구, 실용 통계, 기후변화와 환경생태, 융합과학 탐구 등","공통과목: 과학, 수학, 교양, 영어 | 일반선택과목: 과학교과 : 지구과학Ⅰ, 물리Ⅰ, 화학Ⅰ, 생명과학Ⅰ | 진로선택과목: 지구과학Ⅱ, 융합과학, 생활과 과학, 과학사, 기하, 공학 일반, 사회문제 탐구 | 전문교과Ⅰ: 고급 지구과학, 지구과학 실험, 과학과제 연구, 융합과학 탐구, 정보과학, 생태와 환경 | 전문교과Ⅱ: 인간과 환경, 환경측정 관리","대기환경기사, 소음진동기사, 수질환경기사, 자연생태복원기사, 토양환경기사, 폐기물처리기사",대기환경기술자
494,제약공학과,"서울특별시_서울대학교(제1캠퍼스)_제약학과, 부산광역시_경성대학교(제1캠퍼스)_제약공학과, 부산광역시_부산대학교(제1캠퍼스)_제약학전공, 부산광역시_신라대학교(제1캠퍼스)_제약공학과, 대전광역시_배재대학교(제1캠퍼스)_제약공학과, 대구광역시_경북대학교(제1캠퍼스)_혁신신약학과, 대구광역시_계명대학교(제1캠퍼스)_제약학과, 강원특별자치도_상지대학교(제1캠퍼스)_제약공학과, 충청북도_서원대학교(제1캠퍼스)_제약공학과, 충청북도_중원대학교(제1캠퍼스)_제약공학과, 충청북도_청주대학교(제1캠퍼스)_제약공학과, 충청북도_충북대학교(제1캠퍼스)_제약학과, 충청북도_충북대학교(제1캠퍼스)_산업제약학과, 충청남도_단국대학교(제2캠퍼스)_제약공학과, 충청남도_호서대학교(제1캠퍼스)_제약공학과, 전북특별자치도_우석대학교(제1캠퍼스)_제약공학과, 경상북도_대구가톨릭대학교(제1캠퍼스)_제약공학과, 경상북도_대구가톨릭대학교(제1캠퍼스)_제약학전공, 경상북도_대구한의대학교(제1캠퍼스)_제약공학과, 경상북도_영남대학교(제1캠퍼스)_제약학전공, 경상남도_경남대학교(제1캠퍼스)_제약공학과, 경상남도_경상국립대학교(제1캠퍼스)_제약공학과, 경상남도_인제대학교(제1캠퍼스)_제약공학과","일반 선택: 대수, 미적분 Ⅰ,확률과 통계, 물리학, 화학, 생명과학, 정보 등 | 진로 선택: 기하, 미적분Ⅱ, 역학과 에너지, 전자기와 양자, 물질과 에너지, 화학 반응의 세계, 세포와 물질대사, 로봇과 공학세계 등 | 융합 선택: 융합과학 탐구 등","공통과목: 수학, 과학, 기술ㆍ가정 | 일반선택과목: 수학교과 : 수학ⅠㆍⅡ, 미적분, 확률과 통계 | 진로선택과목: 기하, 수학과제 탐구, 화학Ⅱ, 생명과학Ⅱ, 생활과 과학, 융합과학, 공학 일반 | 전문교과Ⅰ: 심화수학ⅠㆍⅡ, 고급 수학ⅠㆍⅡ, 고급 화학, 화학 실험, 고급 생명과학, 생명과학 실험, 정보과학, 융합과학탐구, 과학과제연구, 생태와 환경 | 전문교과Ⅱ: 인간과 환경","생명공학기사, 식품공학기사, 식품기사, 위생사, 품질관리기사",약사 및 한약사
21016,식량자원학과,서울특별시_건국대학교(제1캠퍼스)_식량자원과학과,"일반 선택: 대수, 미적분 Ⅰ,확률과 통계, 물리학, 화학, 생명과학, 정보, 기술·가정 등 | 진로 선택: 기하, 미적분Ⅱ, 물질과 에너지, 화학 반응의 세계, 세포와 물질대사, 생물의 유전, 생활과학 탐구 등 | 융합 선택: 융합과학 탐구 등","공통과목: 수학, 사회, 과학, 기술ㆍ가정 | 일반선택과목: 수학교과 : 수학ⅠㆍⅡ, 미적분, 확률과 통계 | 진로선택과목: 실용수학, 기하, 수학과제 탐구, 사회문제 탐구, 물리학Ⅱ, 화학Ⅱ, 생명과학Ⅱ, 생활과 과학, 융합과학, 농업 생명과학, 공학 일반, 가정과학 | 전문교과Ⅰ: 심화수학ⅠㆍⅡ, 고급 수학ⅠㆍⅡ, 고급 화학, 화학 실험, 고급 생명과학, 생명과학 실험, 융합과학 탐구, 과학과제연구, 생태와 환경, 지역 이해, 세계 문제와 미래 사회, 사회과제 연구 | 전문교과Ⅱ: 식품 과학","농림토양평가관리기사, 농산식품가공기사, 농화학기사, 생물공학기사, 시설원예기사, 식물보호기사, 유기농업기사, 종자기사",농업기술자
190,바이오생명정보과,"인천광역시_재능대학교(제2캠퍼스)_바이오생명과, 인천광역시_재능대학교(제1캠퍼스)_송도바이오과, 인천광역시_재능대학교(제2캠퍼스)_송도바이오생명과, 대전광역시_대전보건대학교(제1캠퍼스)_바이오정보과, 대구광역시_한국폴리텍 VI 대학 영남융합기술캠퍼스(제1캠퍼스)_바이오메디컬소재과, 경기도_수원여자대학교(제1캠퍼스)_바이오약용식물과, 경기도_신구대학교(제1캠퍼스)_바이오생명과학과, 경기도_신안산대학교(제1캠퍼스)_바이오생명과학과, 경기도_유한대학교(제1캠퍼스)_유한생명바이오학과, 강원특별자치도_송곡대학교(제1캠퍼스)_뇌과학학과, 강원특별자치도_한국폴리텍 III 대학 춘천캠퍼스(제1캠퍼스)_바이오의약공정과, 충청북도_충북도립대학교(제2캠퍼스)_바이오생명의약전공(3년제), 충청북도_충북도립대학교(제2캠퍼스)_바이오생명의약과(공학), 충청북도_충북보건과학대학교(제1캠퍼스)_바이오생명제약과, 충청남도_한국폴리텍 특성화대학 바이오캠퍼스(제1캠퍼스)_바이오생명정보과, 충청남도_한국폴리텍 특성화대학 바이오캠퍼스(제1캠퍼스)_생명의약분석과, 충청남도_한국폴리텍 특성화대학 바이오캠퍼스(제1캠퍼스)_바이오배양공정과, 전북특별자치도_전주기전대학(제1캠퍼스)_해양치유과, 전북특별자치도_한국농수산대학교(제1캠퍼스)_산업곤충학과, 전라남도_나주대학교(제1캠퍼스)_스마트곤충산업과","일반 선택: 대수, 미적분 Ⅰ, 확률과 통계, 물리학, 화학, 생명과학, 정보 등 | 진로 선택: 기하, 미적분Ⅱ, 물질과 에너지, 화학 반응의 세계, 세포와 물질대사, 생물의 유전 등 | 융합 선택: 융합과학 탐구, 기후변화와 지속가능한 세계 등","공통과목: 과학, 윤리, 교양, 수학 | 일반선택과목: 과학교과 : 생명과학Ⅰ, 화학Ⅰ | 진로선택과목: 생명과학Ⅱ, 융합과학, 생활과 과학, 화학Ⅱ, 농업생명과학, 사회문제 탐구 | 전문교과Ⅰ: 고급생명과학, 생명과학 실험, 과학과제 연구, 융합과학 탐구, 생태와 환경, 정보과학, 사회탐구 방법 | 전문교과Ⅱ: 생명공학 기술, 인간과 환경","대기환경산업기사, 생물공학기사, 생물분류기사, 수질환경산업기사등, 식품산업기사, 종자산업기사",생물학연구원
21010,미생물학과,"부산광역시_국립부경대학교(제1캠퍼스)_미생물학과, 부산광역시_부산대학교(제1캠퍼스)_미생물학과, 충청북도_충북대학교(제1캠퍼스)_미생물학과, 충청남도_단국대학교(제2캠퍼스)_미생물학과, 경상남도_국립창원대학교(제1캠퍼스)_미생물학과","일반 선택: 대수, 미적분 Ⅰ, 확률과 통계, 물리학, 화학, 생명과학, 정보 등 | 진로 선택: 기하, 미적분Ⅱ, 물질과 에너지, 화학 반응의 세계, 세포와 물질대사, 생물의 유전 등 | 융합 선택: 융합과학 탐구, 기후변화와 지속가능한 세계 등","공통과목: 과학, 윤리, 교양, 수학 | 일반선택과목: 과학교과 : 생명과학Ⅰ, 화학Ⅰ | 진로선택과목: 생명과학Ⅱ, 융합과학, 생활과 과학, 화학Ⅱ, 농업생명과학, 고전과 윤리 | 전문교과Ⅰ: 고급 생명과학, 생명과학 실험, 물리화학 실험, 융합과학 탐구, 과학과제연구, 정보과학 | 전문교과Ⅱ: 생명공학 기술","생물공학기사, 생물분류기사, 임상병리기사",생물학연구원
654,환경과학과,"서울특별시_건국대학교(제1캠퍼스)_환경과학전공, 부산광역시_국립부경대학교(제1캠퍼스)_환경대기과학전공, 경기도_한국외국어대학교(제2캠퍼스)_기후변화융합전공, 경기도_한국외국어대학교(제2캠퍼스)_기후변화융합학부, 강원특별자치도_강원대학교(제1캠퍼스)_환경과학과, 강원특별자치도_한림대학교(제1캠퍼스)_기후변화융합전공","일반 선택: 대수, 미적분 Ⅰ,확률과 통계, 물리학, 화학, 생명과학, 지구과학, 정보, 생태와 환경 등 | 진로 선택: 기하, 미적분Ⅱ, 도시의 미래 탐구, 역학과 에너지, 물질과 에너지, 화학 반응의 세계, 세포와 물질대사, 생물의 유전, 지구시스템과학,데이터 과학 등 | 융합 선택: 기후변화와 환경생태, 융합과학 탐구 등","공통과목: 수학, 사회, 과학, 기술ㆍ가정 | 일반선택과목: 수학교과 : 수학ⅠㆍⅡ, 미적분, 확률과 통계 | 진로선택과목: 실용수학, 기하, 수학과제 탐구, 물리학Ⅱ, 화학Ⅱ, 생명과학Ⅱ, 생활과 과학, 융합과학, 공학 일반, 사회문제 탐구 | 전문교과Ⅰ: 심화수학ⅠㆍⅡ, 고급 수학ⅠㆍⅡ, 고급 화학, 화학 실험, 고급 생명과학, 생명과학 실험, 융합과학탐구, 과학과제연구, 생태와 환경, 지역 이해, 세계 문제와 미래 사회 | 전문교과Ⅱ: 인간과 환경, 산업 안전 보건 기초, 환경 생태 관리","대기환경기사, 소음진동기사, 수질환경기사, 자연생태복원기사, 토양환경기사, 폐기물처리기사",대기환경기술자
21023,컴퓨터시스템과,"인천광역시_인하공업전문대학(제1캠퍼스)_컴퓨터시스템공학과, 인천광역시_재능대학교(제1캠퍼스)_컴퓨터시스템과, 인천광역시_재능대학교(제1캠퍼스)_AI학부 컴퓨터시스템전공, 대구광역시_영진전문대학교(제1캠퍼스)_글로벌시스템융합과, 광주광역시_조선이공대학교(제1캠퍼스)_컴퓨터학부(스마트IoT전공), 경기도_대림대학교(제1캠퍼스)_AI시스템과, 경기도_안산대학교(제1캠퍼스)_AI웹서비스과","일반 선택: 대수, 확률과 통계, 미적분 Ⅰ, 인공지능 수학, 영어Ⅰ, 영어Ⅱ, 영어독해와 작문, 물리학, 정보 등 | 진로 선택: 기하, 미적분Ⅱ, 인공지능 수학, 전자기와 양자, 역학과 에너지, 로봇과 공학세계, 인공지능 기초, 데이터 과학 등 | 융합 선택: 실용 통계, 수학과제 탐구, 창의 공학 설계, 소프트웨어와 생활 등","공통과목: 수학, 과학, 기술ㆍ가정 | 일반선택과목: 수학교과 : 수학ⅠㆍⅡ, 미적분, 확률과 통계 | 진로선택과목: 실용수학, 기하, 수학과제 탐구, 물리학Ⅱ, 화학Ⅱ, 생활과 과학, 공학 일반 | 전문교과Ⅰ: 심화수학ⅠㆍⅡ, 고급 수학ⅠㆍⅡ, 고급 물리학, 물리학 실험, 고급 화학, 화학 실험, 정보과학, 융합과학탐구, 과학과제연구 | 전문교과Ⅱ: 디지털 논리 회로, 프로그래밍, 자료 구조, 사물 인터넷 서비스 기획, 로봇 지능 개발","사무자동화산업기사, 임베디드SW개발전문가(ESDP), 전자계산기조직응용산업기사, 정보기술산업기사, 정보처리산업기사",시스템소프트웨어개발자
505,조선공학과,전북특별자치도_국립군산대학교(제1캠퍼스)_조선공학과,"일반 선택: 대수, 미적분 Ⅰ,확률과 통계, 물리학, 화학, 생명과학, 지구과학, 정보등 | 진로 선택: 기하, 미적분Ⅱ, 역학과 에너지, 전자기와 양자, 물질과 에너지, 화학 반응의 세계, 세포와 물질대사, 지구시스템과학, 데이터 과학 등 | 융합 선택: 융합과학 탐구 등","공통과목: 수학, 과학, 기술ㆍ가정 | 일반선택과목: 수학교과 : 수학ⅠㆍⅡ, 미적분, 확률과 통계 | 진로선택과목: 기하, 수학과제 탐구, | 전문교과Ⅰ: 심화수학ⅠㆍⅡ, 고급 수학ⅠㆍⅡ, 고급 물리학, 물리학 실험, 고급 화학, 화학 실험, 고급 지구과학, 지구과학 실험,, 정보과학, 융합과학탐구, 과학과제연구 | 전문교과Ⅱ: 기계 제도, 기초 제도, 선박 구조, 선박 건조, 해양의 이해, 해양 정보 관리","조선기사, 해양공학기사, 해양자원개발기사, 해양환경기사",선박정비원
10117,응용소프트웨어공학과,"서울특별시_경희사이버대학교(제1캠퍼스)_ITㆍ디자인융합학부, 서울특별시_경희사이버대학교(제1캠퍼스)_ICT융합콘텐츠전공, 서울특별시_광운대학교(제1캠퍼스)_비주얼테크놀로지전공, 서울특별시_광운대학교(제1캠퍼스)_소프트웨어전공, 서울특별시_광운대학교(제1캠퍼스)_응용소프트웨어전공, 서울특별시_광운대학교(제1캠퍼스)_콘텐츠테크놀로지전공, 서울특별시_광운대학교(제1캠퍼스)_지능정보전공, 서울특별시_광운대학교(제1캠퍼스)_소프트웨어학부, 서울특별시_광운대학교(제1캠퍼스)_시스템소프트웨어전공, 서울특별시_국민대학교(제1캠퍼스)_소프트웨어학부, 서울특별시_국민대학교(제1캠퍼스)_소프트웨어전공, 서울특별시_덕성여자대학교(제1캠퍼스)_IT미디어공학전공, 서울특별시_덕성여자대학교(제1캠퍼스)_소프트웨어전공, 서울특별시_덕성여자대학교(제1캠퍼스)_IT미디어공학과, 서울특별시_덕성여자대학교(제1캠퍼스)_가상현실융합학과, 서울특별시_동국대학교(제1캠퍼스)_멀티미디어소프트웨어공학전공, 서울특별시_동국대학교(제1캠퍼스)_엔터테인먼트테크놀로지전공, 서울특별시_동덕여자대학교(제1캠퍼스)_문화지식융합학부 HCI사이언스전공, 서울특별시_동덕여자대학교(제1캠퍼스)_HCI사이언스전공, 서울특별시_명지대학교 인문캠퍼스(제2캠퍼스)_인공지능ㆍ소프트웨어융합대학, 서울특별시_명지대학교 인문캠퍼스(제2캠퍼스)_응용소프트웨어전공, 서울특별시_명지대학교 인문캠퍼스(제2캠퍼스)_융합소프트웨어학부, 서울특별시_삼육대학교(제1캠퍼스)_지능정보융합학부, 서울특별시_상명대학교(제1캠퍼스)_SW융합학부 게임전공, 서울특별시_상명대학교(제1캠퍼스)_미디어소프트웨어학과, 서울특별시_서강대학교(제1캠퍼스)_빅데이터사이언스연계전공, 서울특별시_서강대학교(제1캠퍼스)_융합소프트웨어 전공, 서울특별시_서울디지털대학교(제1캠퍼스)_AI소프트웨어공학과, 서울특별시_서울시립대학교(제1캠퍼스)_첨단융합학부 첨단인공지능전공, 서울특별시_서울여자대학교(제1캠퍼스)_소프트웨어융합학과, 서울특별시_성균관대학교(제1캠퍼스)_인공지능융합전공, 서울특별시_세종대학교(제1캠퍼스)_창의소프트학부, 서울특별시_세종대학교(제1캠퍼스)_콘텐츠소프트웨어학과, 서울특별시_세종대학교(제1캠퍼스)_창의소프트학부(만화애니메이션텍전공), 서울특별시_세종대학교(제1캠퍼스)_창의소프트학부(디자인이노베이션전공), 서울특별시_세종사이버대학교(제1캠퍼스)_AI실무활용학과, 서울특별시_숙명여자대학교(제1캠퍼스)_소프트웨어융합전공, 서울특별시_숙명여자대학교(제1캠퍼스)_소프트웨어학부, 서울특별시_숭실대학교(제1캠퍼스)_소프트웨어학부, 서울특별시_중앙대학교(제1캠퍼스)_컴퓨터공학부(소프트웨어전공), 서울특별시_중앙대학교(제1캠퍼스)_소프트웨어학부, 서울특별시_중앙대학교(제1캠퍼스)_실감미디어학과, 서울특별시_한국성서대학교(제1캠퍼스)_컴퓨터소프트웨어학과, 서울특별시_한국성서대학교(제1캠퍼스)_컴퓨터소프트웨어전공, 서울특별시_한국외국어대학교(제1캠퍼스)_Language & AI융합학부, 서울특별시_한국외국어대학교(제1캠퍼스)_Language & AI융합전공, 서울특별시_한성대학교(제1캠퍼스)_미래인재학부, 서울특별시_한양사이버대학교(제1캠퍼스)_응용소프트웨어공학과, 부산광역시_동서대학교(제1캠퍼스)_게임전공, 부산광역시_동서대학교(제1캠퍼스)_Computer Science학과, 부산광역시_동서대학교(제1캠퍼스)_소프트웨어융합대학, 부산광역시_동서대학교(제1캠퍼스)_Game Development학과, 부산광역시_동서대학교(제1캠퍼스)_게임학과, 부산광역시_동의대학교(제1캠퍼스)_소프트웨어공학부, 부산광역시_동의대학교(제1캠퍼스)_소프트웨어융합학과, 부산광역시_동의대학교(제1캠퍼스)_응용소프트웨어공학전공, 부산광역시_동의대학교(제1캠퍼스)_게임애니메이션공학전공, 부산광역시_동의대학교(제1캠퍼스)_게임공학전공, 부산광역시_동의대학교(제1캠퍼스)_소프트웨어융합대학, 부산광역시_동의대학교(제1캠퍼스)_응용소프트웨어공학과, 부산광역시_동의대학교(제1캠퍼스)_컴퓨터소프트웨어공학과, 부산광역시_동의대학교(제1캠퍼스)_컴퓨터소프트웨어공학전공, 부산광역시_동의대학교(제1캠퍼스)_창의소프트웨어공학부, 부산광역시_부산외국어대학교(제1캠퍼스)_소프트웨어전공, 부산광역시_부산외국어대학교(제1캠퍼스)_소프트웨어학부, 인천광역시_안양대학교(제2캠퍼스)_융합소프트웨어전공, 인천광역시_인하대학교(제1캠퍼스)_소프트웨어융합공학과, 대전광역시_국립한밭대학교(제1캠퍼스)_응용소프트웨어학과, 대전광역시_국립한밭대학교(제1캠퍼스)_IT시스템공학과, 대전광역시_대전대학교(제1캠퍼스)_AI융합학과, 대전광역시_대전대학교(제1캠퍼스)_AI소프트웨어학부, 대전광역시_대전대학교(제1캠퍼스)_IT소프트웨어공학과, 대전광역시_목원대학교(제1캠퍼스)_게임소프트웨어공학과, 대전광역시_배재대학교(제1캠퍼스)_게임공학전공, 대전광역시_배재대학교(제1캠퍼스)_모바일소프트웨어학전공, 대전광역시_배재대학교(제1캠퍼스)_소프트웨어학전공, 대전광역시_배재대학교(제1캠퍼스)_게임애니메이션전공, 대전광역시_배재대학교(제1캠퍼스)_글로벌IT, 대전광역시_배재대학교(제1캠퍼스)_AIㆍ전기공학과, 대전광역시_우송대학교(제1캠퍼스)_소프트웨어학부 컴퓨터ㆍ소프트웨어전공, 대전광역시_우송대학교(제1캠퍼스)_IT융합학부 컴퓨터ㆍ소프트웨어전공, 대전광역시_우송대학교(제1캠퍼스)_테크노미디어융합학부 게임멀티미디어전공, 대전광역시_한남대학교(제1캠퍼스)_AI융합학과, 대구광역시_경북대학교(제1캠퍼스)_컴퓨터학부 인공지능컴퓨팅전공, 대구광역시_경북대학교(제1캠퍼스)_컴퓨터학부(글로벌소프트웨어융합전공), 대구광역시_경북대학교(제1캠퍼스)_컴퓨터학부 플랫폼소프트웨어전공, 대구광역시_계명대학교(제1캠퍼스)_모빌리티소프트웨어학과, 대구광역시_계명대학교(제1캠퍼스)_디지펜게임공학과, 대구광역시_계명대학교(제1캠퍼스)_게임소프트웨어학과, 광주광역시_광주과학기술원(제1캠퍼스)_AI융합학과, 광주광역시_광주대학교(제1캠퍼스)_AI소프트웨어학과, 광주광역시_광주대학교(제1캠퍼스)_융합소프트웨어학과, 광주광역시_광주여자대학교(제1캠퍼스)_AI융합학과, 광주광역시_광주여자대학교(제1캠퍼스)_AI미디어콘텐츠학과, 광주광역시_전남대학교(제1캠퍼스)_IoT인공지능융합전공, 광주광역시_조선대학교(제1캠퍼스)_AI소프트웨어학부(모빌리티SW전공), 광주광역시_호남대학교(제1캠퍼스)_게임애니메이션학과, 경기도_가천대학교(제1캠퍼스)_게임ㆍ영상학과, 경기도_가천대학교(제1캠퍼스)_AIㆍ소프트웨어학부(소프트웨어전공), 경기도_가천대학교(제1캠퍼스)_AIㆍ소프트웨어학부(인공지능전공), 경기도_가톨릭대학교(제1캠퍼스)_바이오메디컬소프트웨어학과, 경기도_강남대학교(제1캠퍼스)_소프트웨어응용학부, 경기도_경희대학교(제2캠퍼스)_글로벌문화기술융합전공, 경기도_경희대학교(제2캠퍼스)_소프트웨어융합학과, 경기도_단국대학교(제1캠퍼스)_SW융합대학, 경기도_단국대학교(제1캠퍼스)_SW융합학부 SW융합콘텐츠전공, 경기도_동양대학교(제2캠퍼스)_디지털트윈소프트웨어학과, 경기도_동양대학교(제2캠퍼스)_게임학부, 경기도_서울신학대학교(제1캠퍼스)_IT융합소프트웨어학과, 경기도_서울신학대학교(제1캠퍼스)_AI융합학과, 경기도_성결대학교(제1캠퍼스)_미디어소프트웨어학과, 경기도_성균관대학교(제2캠퍼스)_소프트웨어융합대학, 경기도_성균관대학교(제2캠퍼스)_지능형소프트웨어학과, 경기도_수원대학교(제1캠퍼스)_미디어SW, 경기도_신한대학교(제1캠퍼스)_소프트웨어융합학과, 경기도_신한대학교(제2캠퍼스)_소프트웨어융합학과, 경기도_안양대학교(제1캠퍼스)_디지털시스템공학과, 경기도_안양대학교(제1캠퍼스)_소프트웨어전공, 경기도_안양대학교(제1캠퍼스)_AI융합학과, 경기도_을지대학교(제2캠퍼스)_첨단학부, 경기도_을지대학교(제2캠퍼스)_빅데이터의료융합학과, 경기도_을지대학교(제2캠퍼스)_빅데이터인공지능전공, 경기도_중부대학교(제2캠퍼스)_게임소프트웨어학과, 경기도_중부대학교(제2캠퍼스)_게임소프트웨어전공, 경기도_중부대학교(제2캠퍼스)_소프트웨어공학부, 경기도_중앙대학교(제2캠퍼스)_예술공학부, 경기도_중앙대학교(제2캠퍼스)_컴퓨터예술학부, 경기도_평택대학교(제1캠퍼스)_스마트콘텐츠전공, 경기도_평택대학교(제1캠퍼스)_스마트콘텐츠학과, 경기도_평택대학교(제1캠퍼스)_융합소프트웨어학과, 경기도_한경국립대학교(제1캠퍼스)_소프트웨어융합전공, 경기도_한국공학대학교(제1캠퍼스)_AI소프트웨어학과, 경기도_한국공학대학교(제1캠퍼스)_컴퓨터공학부(소프트웨어전공), 경기도_한세대학교(제1캠퍼스)_ICT융합학과, 경기도_한신대학교(제1캠퍼스)_XR콘텐츠, 경기도_한신대학교(제1캠퍼스)_소프트웨어, 경기도_한신대학교(제1캠퍼스)_IT콘텐츠학과, 경기도_한신대학교(제1캠퍼스)_지능형IoT, 경기도_한신대학교(제1캠퍼스)_데이터사이언스, 경기도_한신대학교(제1캠퍼스)_IT영상콘텐츠학과, 경기도_한양대학교 ERICA캠퍼스(제1캠퍼스)_미디어테크놀로지전공, 경기도_한양대학교 ERICA캠퍼스(제1캠퍼스)_디자인테크놀로지전공, 경기도_한양대학교 ERICA캠퍼스(제1캠퍼스)_스마트융합공학부 스마트ICT융합전공, 경기도_한양대학교 ERICA캠퍼스(제1캠퍼스)_컬처테크놀로지전공, 경기도_한양대학교 ERICA캠퍼스(제1캠퍼스)_소프트웨어학부, 경기도_한양대학교 ERICA캠퍼스(제1캠퍼스)_소프트웨어전공, 경기도_협성대학교(제1캠퍼스)_스마트시스템소프트웨어공학과, 경기도_화성의과학대학교(제1캠퍼스)_IT콘텐츠학과, 경기도_화성의과학대학교(제1캠퍼스)_컴퓨터사이언스학과, 강원특별자치도_가톨릭관동대학교(제1캠퍼스)_디지털헬스케어전공, 강원특별자치도_강원대학교(제1캠퍼스)_AI융합학과, 강원특별자치도_강원대학교(제2캠퍼스)_AI소프트웨어학과, 강원특별자치도_강원대학교(제2캠퍼스)_소프트웨어미디어융합전공, 강원특별자치도_경동대학교(제1캠퍼스)_A.I.전공, 강원특별자치도_연세대학교 미래캠퍼스(제1캠퍼스)_디지털헬스케어전공, 강원특별자치도_연세대학교 미래캠퍼스(제1캠퍼스)_소프트웨어전공, 강원특별자치도_연세대학교 미래캠퍼스(제1캠퍼스)_디지털헬스케어학부, 강원특별자치도_연세대학교 미래캠퍼스(제1캠퍼스)_소프트웨어학부, 강원특별자치도_한라대학교(제1캠퍼스)_IT소프트웨어학과, 강원특별자치도_한림대학교(제1캠퍼스)_소프트웨어학부, 강원특별자치도_한림대학교(제1캠퍼스)_융합소프트웨어학과, 강원특별자치도_한림대학교(제1캠퍼스)_AI의료융합전공, 강원특별자치도_한림대학교(제1캠퍼스)_정보법과학전공, 강원특별자치도_한림대학교(제1캠퍼스)_콘텐츠IT전공, 충청북도_건국대학교 글로컬캠퍼스(제1캠퍼스)_소프트웨어전공, 충청북도_국립한국교통대학교(제1캠퍼스)_컴퓨터소프트웨어학과, 충청북도_국립한국교통대학교(제1캠퍼스)_소프트웨어전공, 충청북도_서원대학교(제1캠퍼스)_AI소프트웨어학과, 충청북도_청주대학교(제1캠퍼스)_인공지능소프트웨어전공, 충청북도_충북대학교(제1캠퍼스)_소프트웨어학부, 충청북도_충북대학교(제1캠퍼스)_소프트웨어학부 소프트웨어전공, 충청남도_건양대학교(제1캠퍼스)_기업소프트웨어학부, 충청남도_국립공주대학교(제2캠퍼스)_소프트웨어전공, 충청남도_글로벌사이버대학교(제1캠퍼스)_AI드론학부, 충청남도_남서울대학교(제1캠퍼스)_가상현실학과, 충청남도_남서울대학교(제1캠퍼스)_컴퓨터소프트웨어학과, 충청남도_선문대학교(제1캠퍼스)_AI소프트웨어학과, 충청남도_선문대학교(제1캠퍼스)_글로벌소프트웨어학과, 충청남도_세한대학교(제2캠퍼스)_인공지능빅데이터학과, 충청남도_순천향대학교(제1캠퍼스)_컴퓨터소프트웨어공학과, 충청남도_순천향대학교(제1캠퍼스)_메타버스&게임학과, 충청남도_유원대학교(제2캠퍼스)_AI소프트웨어학과, 충청남도_중부대학교(제1캠퍼스)_게임학과, 충청남도_한서대학교(제2캠퍼스)_항공소프트웨어공학과, 충청남도_한서대학교(제1캠퍼스)_항공AI소프트웨어학과, 충청남도_호서대학교(제1캠퍼스)_게임소프트웨어학과, 충청남도_호서대학교(제1캠퍼스)_컴퓨터소프트웨어학전공, 충청남도_호서대학교(제1캠퍼스)_빅데이터AI학과, 전북특별자치도_국립군산대학교(제1캠퍼스)_컴퓨터소프트웨어학부(소프트웨어학전공), 전북특별자치도_국립군산대학교(제1캠퍼스)_임베디드소프트웨어학과, 전북특별자치도_국립군산대학교(제1캠퍼스)_소프트웨어학부(소프트웨어학전공), 전북특별자치도_예원예술대학교(제1캠퍼스)_게임애니메이션학과, 전북특별자치도_전주대학교(제1캠퍼스)_스마트미디어학과, 전북특별자치도_한일장신대학교(제1캠퍼스)_소프트웨어엔지니어링학과, 전북특별자치도_호원대학교(제1캠퍼스)_컴퓨터정보보안학과, 전북특별자치도_호원대학교(제1캠퍼스)_컴퓨터게임애니메이션학과, 전라남도_국립목포대학교(제1캠퍼스)_융합소프트웨어학과, 전라남도_국립목포대학교(제1캠퍼스)_융합소프트웨어, 경상북도_경운대학교(제1캠퍼스)_모빌리티소프트웨어전공, 경상북도_경운대학교(제1캠퍼스)_소프트웨어융합계열, 경상북도_경운대학교(제1캠퍼스)_소프트웨어학부, 경상북도_경운대학교(제1캠퍼스)_지능형소프트웨어전공, 경상북도_경운대학교(제1캠퍼스)_항공소프트웨어공학과, 경상북도_국립경국대학교(제1캠퍼스)_소프트웨어융합학과, 경상북도_국립경국대학교(제1캠퍼스)_데이터과학전공, 경상북도_국립경국대학교(제1캠퍼스)_소프트웨어융합전공, 경상북도_국립경국대학교(제1캠퍼스)_컴퓨터ㆍ소프트웨어공학부, 경상북도_국립경국대학교(제1캠퍼스)_AI융합학과, 경상북도_국립금오공과대학교(제1캠퍼스)_소프트웨어전공, 경상북도_국립금오공과대학교(제1캠퍼스)_컴퓨터소프트웨어공학과, 경상북도_대구가톨릭대학교(제1캠퍼스)_인공지능컴퓨터전공, 경상북도_대구가톨릭대학교(제1캠퍼스)_소프트웨어융합학과, 경상북도_대구가톨릭대학교(제1캠퍼스)_소프트웨어융합전공, 경상북도_대구가톨릭대학교(제1캠퍼스)_인공지능ㆍ빅데이터공학과, 경상북도_대구가톨릭대학교(제1캠퍼스)_게임공학전공, 경상북도_대구가톨릭대학교(제1캠퍼스)_모바일소프트웨어전공, 경상북도_대구가톨릭대학교(제1캠퍼스)_소프트웨어융합대학, 경상북도_대구대학교(제1캠퍼스)_게임학과, 경상북도_대구대학교(제1캠퍼스)_컴퓨터정보공학부(컴퓨터소프트웨어전공), 경상북도_대구대학교(제1캠퍼스)_AI학부(AI소프트웨어전공), 경상북도_대구대학교(제1캠퍼스)_AI학부(AI엔터테인먼트전공), 경상북도_대구한의대학교(제1캠퍼스)_IoT소프트웨어전공, 경상북도_신경주대학교(제1캠퍼스)_융합소프트웨어공학과, 경상북도_영남대학교(제1캠퍼스)_미디어융합전공, 경상북도_영남대학교(제1캠퍼스)_소프트웨어융합전공, 경상남도_경남대학교(제1캠퍼스)_게임학과, 경상남도_경남대학교(제1캠퍼스)_소프트웨어전공, 경상남도_경상국립대학교(제1캠퍼스)_컴퓨터과학부 컴퓨터소프트웨어전공, 경상남도_인제대학교(제1캠퍼스)_AI소프트웨어학부, 경상남도_인제대학교(제1캠퍼스)_AI소프트웨어학과, 경상남도_인제대학교(제1캠퍼스)_게임학과, 경상남도_인제대학교(제1캠퍼스)_드론IoT시뮬레이션학부, 경상남도_창신대학교(제1캠퍼스)_컴퓨터소프트웨어공학과, 세종특별자치시_홍익대학교 세종캠퍼스(제2캠퍼스)_게임학부 게임소프트웨어전공(공학계), 세종특별자치시_홍익대학교 세종캠퍼스(제2캠퍼스)_소프트웨어융합학과, 세종특별자치시_홍익대학교 세종캠퍼스(제2캠퍼스)_게임학부","일반 선택: 대수, 확률과 통계, 미적분 Ⅰ, 인공지능 수학, 영어Ⅰ, 영어Ⅱ, 영어독해와 작문, 물리학, 정보 등 | 진로 선택: 기하, 미적분Ⅱ, 인공지능 수학, 전자기와 양자, 역학과 에너지, 로봇과 공학세계, 인공지능 기초, 데이터 과학 등 | 융합 선택: 실용 통계, 수학과제 탐구, 창의 공학 설계, 소프트웨어와 생활 등","공통과목: 수학, 과학, 기술ㆍ가정 | 일반선택과목: 수학교과 : 수학Ⅰ, 수학Ⅱ, 미적분, 확률과 통계 | 진로선택과목: 실용 수학, 기하, 수학과제 탐구, 물리학Ⅱ, 생활과 과학, 융합과학, 공학 일반 | 전문교과Ⅰ: 심화수학ⅠㆍⅡ, 고급 수학ⅠㆍⅡ, 고급 물리학, 물리학 실험, 정보과학, 융합과학탐구, 과학과제연구, 지역 이해,, 사회탐구 방법, 사회과제 연구 | 전문교과Ⅱ: 프로그래밍, 자료구조, 빅데이터 분석, 사물 인터넷 서비스 기획","3D프린터개발산업기사, e-TestProfessional, IEQ(인터넷윤리자격), PCMaster(정비사), RFID기술자격검정, SQL, SW테스트전문가(CSTS), 네트워크관리사, 데이터분석, 데이터아키텍처, 디지털정보활용능력(DIAT), 디지털포렌식전문가, 리눅스마스터, 소프트웨어자산관리사(C-SAM), 전자계산기기사, 정보기술자격(ITQ)시험, 정보기술프로젝트관리전문가(IT-PMP), 정보시스템감리사, 정보처리기사, 정보통신기사, 컴퓨터활용능력",가상현실전문가
21027,산업공학과,"서울특별시_동양미래대학교(제1캠퍼스)_로봇공학과, 서울특별시_명지전문대학(제1캠퍼스)_산업경영공학과, 서울특별시_서일대학교(제1캠퍼스)_산업경영학과(1년과정), 서울특별시_서일대학교(제1캠퍼스)_산업경영학과(3년제), 서울특별시_인덕대학교(제1캠퍼스)_산업경영공학과, 부산광역시_동의과학대학교(제1캠퍼스)_스마트생산공정관리과, 대전광역시_대덕대학교(제1캠퍼스)_자율전공학부, 대전광역시_대전과학기술대학교(제1캠퍼스)_스마트생산물류공학과, 대전광역시_대전보건대학교(제1캠퍼스)_HIT자율전공학부, 대전광역시_우송정보대학(제1캠퍼스)_자율전공학부, 대전광역시_우송정보대학(제1캠퍼스)_스마트팩토리운영과, 울산광역시_울산과학대학교(제2캠퍼스)_스마트제조공학과, 울산광역시_울산과학대학교(제2캠퍼스)_산업경영공학과, 광주광역시_서영대학교(제1캠퍼스)_산업공학과, 광주광역시_조선이공대학교(제1캠퍼스)_자율전공학부, 경기도_경기과학기술대학교(제1캠퍼스)_자유전공학과, 경기도_경민대학교(제1캠퍼스)_자율전공학부, 경기도_경복대학교(제1캠퍼스)_건설환경공학과, 경기도_대림대학교(제1캠퍼스)_건설환경공학과, 경기도_동서울대학교(제1캠퍼스)_자유전공학과(공학), 경기도_서영대학교(제2캠퍼스)_자율전공학부, 경기도_서정대학교(제1캠퍼스)_자율전공학부, 경기도_서정대학교(제1캠퍼스)_첨단산업공학과, 경기도_서정대학교(제1캠퍼스)_글로벌산업공학과, 경기도_수원과학대학교(제1캠퍼스)_스마트산업경영공학과, 경기도_신안산대학교(제1캠퍼스)_글로벌산업공학과, 경기도_유한대학교(제1캠퍼스)_인공지능학과, 강원특별자치도_세경대학교(제1캠퍼스)_소방구조구급과, 강원특별자치도_한국폴리텍 III 대학 원주캠퍼스(제1캠퍼스)_의료공학과, 강원특별자치도_한림성심대학교(제1캠퍼스)_지식산업융합과, 충청북도_충북도립대학교(제1캠퍼스)_자율전공학부, 충청북도_충북보건과학대학교(제1캠퍼스)_글로벌IT학과, 충청남도_백석문화대학교(제1캠퍼스)_자율학부(자연과학), 충청남도_신성대학교(제1캠퍼스)_글로벌산업융합계열, 전북특별자치도_전주비전대학교(제1캠퍼스)_국제협력기술과(공학계열), 전북특별자치도_한국농수산대학교(제1캠퍼스)_말산업학과, 전라남도_순천제일대학교(제1캠퍼스)_산업기술화공과, 전라남도_한영대학교(제1캠퍼스)_국가산단특성화계열, 경상북도_대경대학교(제1캠퍼스)_자율전공학부, 경상북도_성운대학교(제1캠퍼스)_말산업학과, 경상남도_거제대학교(제1캠퍼스)_산업안전전공, 경상남도_거제대학교(제1캠퍼스)_평생직업산업학과, 경상남도_창원문성대학교(제1캠퍼스)_첨단모빌리티공학과, 경상남도_한국승강기대학교(제1캠퍼스)_스마트승강기공학과","일반 선택: 대수, 확률과 통계, 미적분 Ⅰ, 인공지능 수학, 세계시민과 지리, 사회와 문화, 정보 등 | 진로 선택: 기하, 미적분Ⅱ, 도시의 미래 탐구, 경제, 로봇과 공학세계, 인공지능 기초, 데이터 과학 등 | 융합 선택: 실용 통계, 사회문제 탐구, 금융과 경제생활, 윤리문제 탐구, 창의공학 설계, 소프트웨어와 생활 등","공통과목: 수학, 사회, 과학, 기술ㆍ가정 | 일반선택과목: 수학교과 : 수학Ⅰ, 수학Ⅱ, 미적분, 확률과 통계 | 진로선택과목: 실용 수학, 기하, 경제수학, 수학과제 탐구, 물리학Ⅱ, 화학Ⅱ, 생활과 과학, 융합과학, 공학 일반, 사회문제 탐구, 창의 경영, 지식 재산 일반 | 전문교과Ⅰ: 심화수학ⅠㆍⅡ, 고급 수학ⅠㆍⅡ, 고급 물리학, 물리학 실험, 고급 화학, 화학 실험, 정보과학, 융합과학탐구, 과학과제연구, 생태와 환경, 지역 이해, 세계 문제와 미래 사회, 사회 탐구 방법, 사회과제 연구 | 전문교과Ⅱ: 공업일반, 기업과 경영, 프로그래밍. 빅데이터 분석","ERP물류정보관리사, ERP생산정보관리사, 경영지도사, 물류관리사, 산업보안관리사, 산업안전지도사, 유통관리사",경영컨설턴트
250,산업공학과,"서울특별시_건국대학교(제1캠퍼스)_산업공학과, 서울특별시_건국대학교(제1캠퍼스)_K뷰티산업융합학과, 서울특별시_경희대학교(제1캠퍼스)_조리산업학과, 서울특별시_경희대학교(제1캠퍼스)_문화관광산업학과, 서울특별시_고려대학교(제1캠퍼스)_산업경영공학부, 서울특별시_광운대학교(제1캠퍼스)_동북아문화산업학부, 서울특별시_광운대학교(제1캠퍼스)_영어산업학과, 서울특별시_국민대학교(제1캠퍼스)_스포츠산업레저학과, 서울특별시_동국대학교(제1캠퍼스)_산업시스템공학과, 서울특별시_명지대학교 인문캠퍼스(제2캠퍼스)_스포츠산업경영학과, 서울특별시_명지대학교 인문캠퍼스(제2캠퍼스)_유통산업경영학과, 서울특별시_사이버한국외국어대학교(제1캠퍼스)_산업안전ㆍ주택관리학부, 서울특별시_상명대학교(제1캠퍼스)_지능ㆍ데이터융합학부 스마트생산전공, 서울특별시_서경대학교(제1캠퍼스)_산업경영시스템공학과, 서울특별시_서울과학기술대학교(제1캠퍼스)_산업공학과(ITM전공), 서울특별시_서울과학기술대학교(제1캠퍼스)_산업공학과(산업정보시스템전공), 서울특별시_서울대학교(제1캠퍼스)_산업공학과, 서울특별시_서울디지털대학교(제1캠퍼스)_산업안전공학과, 서울특별시_서울디지털대학교(제1캠퍼스)_산업안전공학전공, 서울특별시_서울사이버대학교(제1캠퍼스)_방위산업ㆍ국방경영학과, 서울특별시_서울여자대학교(제1캠퍼스)_미래산업융합대학, 서울특별시_서울여자대학교(제1캠퍼스)_미래산업융합자유전공, 서울특별시_서울여자대학교(제1캠퍼스)_디지털융합경영전공, 서울특별시_서울여자대학교(제1캠퍼스)_글로벌문화산업ㆍMICE전공, 서울특별시_서울여자대학교(제1캠퍼스)_K-콘텐츠미디어산업전공, 서울특별시_성신여자대학교(제2캠퍼스)_소비자생활문화산업학과, 서울특별시_성신여자대학교(제2캠퍼스)_뷰티산업학과, 서울특별시_성신여자대학교(제2캠퍼스)_소비자산업학과, 서울특별시_세종대학교(제1캠퍼스)_문화산업경영융합전공, 서울특별시_세종사이버대학교(제1캠퍼스)_산업안전공학과, 서울특별시_숭실대학교(제1캠퍼스)_산업ㆍ정보시스템공학과, 서울특별시_숭실대학교(제1캠퍼스)_통상산업학과, 서울특별시_숭실사이버대학교(제1캠퍼스)_산업안전공학과, 서울특별시_연세대학교(제1캠퍼스)_스포츠응용산업학과, 서울특별시_연세대학교(제1캠퍼스)_산업공학과, 서울특별시_연세대학교(제1캠퍼스)_정보산업공학전공, 서울특별시_이화여자대학교(제1캠퍼스)_산업제약학과, 서울특별시_이화여자대학교(제1캠퍼스)_글로벌스포츠산업전공, 서울특별시_이화여자대학교(제1캠퍼스)_미래산업약학전공, 서울특별시_정석대학(제1캠퍼스)_산업경영공학과, 서울특별시_중앙대학교(제1캠퍼스)_산업보안학과, 서울특별시_한국방송통신대학교(제1캠퍼스)_첨단공학부  산업공학전공, 서울특별시_한국열린사이버대학교(제1캠퍼스)_자연숲치유산업학과, 서울특별시_한성대학교(제1캠퍼스)_스마트제조혁신컨설팅학과, 서울특별시_한성대학교(제1캠퍼스)_스마트경영공학부, 서울특별시_한성대학교(제1캠퍼스)_산업시스템공학부, 서울특별시_한성대학교(제1캠퍼스)_산업경영공학과, 서울특별시_한양대학교(제1캠퍼스)_산업공학과, 서울특별시_한양대학교(제1캠퍼스)_정보융합전공, 서울특별시_한양대학교(제1캠퍼스)_산업융합학부, 서울특별시_한양대학교(제1캠퍼스)_경영공학전공, 서울특별시_홍익대학교(제1캠퍼스)_정보ㆍ컴퓨터공학부 산업공학전공, 서울특별시_홍익대학교(제1캠퍼스)_산업ㆍ데이터공학과, 부산광역시_경성대학교(제1캠퍼스)_산업경영공학과, 부산광역시_국립부경대학교(제1캠퍼스)_시스템경영ㆍ안전공학부, 부산광역시_국립부경대학교(제1캠퍼스)_수해양산업교육과 기관공학전공, 부산광역시_국립부경대학교(제1캠퍼스)_기술ㆍ데이터공학전공, 부산광역시_국립부경대학교(제1캠퍼스)_산업경영공학전공, 부산광역시_국립부경대학교(제1캠퍼스)_수해양산업교육과 냉동공학전공, 부산광역시_동명대학교(제1캠퍼스)_뷰티산업학과, 부산광역시_동명대학교(제1캠퍼스)_반려동물산업학부, 부산광역시_동서대학교(제1캠퍼스)_스포츠레저산업학과, 부산광역시_동아대학교(제1캠퍼스)_스마트제조공학과, 부산광역시_동아대학교(제1캠퍼스)_산업공학과, 부산광역시_동아대학교(제1캠퍼스)_스마트생산융합시스템공학과, 부산광역시_동아대학교(제1캠퍼스)_기계ㆍ산업경영공학부 산업경영공학과, 부산광역시_동아대학교(제1캠퍼스)_산업경영공학과, 부산광역시_동의대학교(제1캠퍼스)_산업경영ㆍ빅데이터공학전공, 부산광역시_동의대학교(제1캠퍼스)_산업경영빅데이터공학과, 부산광역시_동의대학교(제1캠퍼스)_인간ㆍ시스템디자인공학전공, 부산광역시_동의대학교(제1캠퍼스)_산업경영공학과, 부산광역시_동의대학교(제1캠퍼스)_생산정보기술공학전공, 부산광역시_동의대학교(제1캠퍼스)_산업ICT기술공학전공, 부산광역시_동의대학교(제1캠퍼스)_인간공학과, 부산광역시_동의대학교(제1캠퍼스)_산업융합시스템공학부, 부산광역시_부산가톨릭대학교(제1캠퍼스)_산업안전보건학과, 부산광역시_부산가톨릭대학교(제1캠퍼스)_안전보건학과, 부산광역시_부산대학교(제1캠퍼스)_사회기반시스템공학과, 부산광역시_부산대학교(제1캠퍼스)_산업공학과, 부산광역시_부산외국어대학교(제1캠퍼스)_스포츠산업학부(스포츠산업전공), 부산광역시_부산외국어대학교(제1캠퍼스)_스포츠산업학부(사회체육전공), 부산광역시_신라대학교(제1캠퍼스)_산업설비융합학과, 부산광역시_신라대학교(제1캠퍼스)_산업실무영어과, 부산광역시_신라대학교(제1캠퍼스)_항공교통물류학과, 인천광역시_안양대학교(제2캠퍼스)_스포츠산업체육학과, 인천광역시_인천대학교(제1캠퍼스)_산업경영공학과, 인천광역시_인하대학교(제1캠퍼스)_사회기반시스템공학부, 인천광역시_인하대학교(제1캠퍼스)_산업경영공학과, 인천광역시_인하대학교(제1캠퍼스)_반도체산업융합학과, 대전광역시_건양사이버대학교(제1캠퍼스)_산업안전소방학과, 대전광역시_국립한밭대학교(제1캠퍼스)_생산경영공학과, 대전광역시_국립한밭대학교(제1캠퍼스)_산업경영공학과, 대전광역시_국립한밭대학교(제1캠퍼스)_스마트시스템경영공학과, 대전광역시_대전대학교(제1캠퍼스)_반려동물산업학과, 대전광역시_한국과학기술원(제1캠퍼스)_산업및시스템공학과, 대전광역시_한남대학교(제1캠퍼스)_산업경영공학과, 대구광역시_경북대학교(제1캠퍼스)_농산업학과, 대구광역시_계명대학교(제1캠퍼스)_산업공학과, 대구광역시_계명대학교(제1캠퍼스)_스마트제조공학과, 울산광역시_울산과학기술원(제1캠퍼스)_산업공학과, 울산광역시_울산대학교(제1캠퍼스)_산업경영ㆍ산업안전공학부, 울산광역시_울산대학교(제1캠퍼스)_산업경영공학전공, 광주광역시_광주대학교(제1캠퍼스)_문화산업대학(예체능), 광주광역시_광주대학교(제1캠퍼스)_반려동물보건산업학과, 광주광역시_광주대학교(제1캠퍼스)_문화산업대학(문화), 광주광역시_광주여자대학교(제1캠퍼스)_미래융합학부(뷰티산업학과), 광주광역시_전남대학교(제1캠퍼스)_산업공학과, 광주광역시_조선대학교(제1캠퍼스)_신산업융합학부(소방에너지시스템전공), 광주광역시_조선대학교(제1캠퍼스)_휴먼융합서비스학부(문화산업전공), 광주광역시_조선대학교(제1캠퍼스)_산업공학과, 광주광역시_호남대학교(제1캠퍼스)_반려동물산업학과, 광주광역시_호남대학교(제1캠퍼스)_e스포츠산업학과, 경기도_가천대학교(제1캠퍼스)_산업경영공학과, 경기도_가천대학교(제1캠퍼스)_기계ㆍ스마트ㆍ산업공학부(산업공학전공), 경기도_강남대학교(제1캠퍼스)_산업데이터사이언스학부, 경기도_경기대학교(제1캠퍼스)_스포츠레저산업전공, 경기도_경기대학교(제1캠퍼스)_산업경영정보공학과, 경기도_경기대학교(제1캠퍼스)_산업시스템공학전공, 경기도_경기대학교(제1캠퍼스)_산업경영공학과, 경기도_경기대학교(제1캠퍼스)_산업경영공학전공, 경기도_경희대학교(제2캠퍼스)_골프산업학과, 경기도_경희대학교(제2캠퍼스)_산업경영공학과, 경기도_경희대학교(제2캠퍼스)_사회기반시스템공학과, 경기도_단국대학교(제1캠퍼스)_산업보안학과, 경기도_대진대학교(제1캠퍼스)_데이터경영산업공학과, 경기도_대진대학교(제1캠퍼스)_산업경영공학과, 경기도_대진대학교(제1캠퍼스)_드론산업학과, 경기도_명지대학교 자연캠퍼스(제1캠퍼스)_산업경영공학과, 경기도_명지대학교 자연캠퍼스(제1캠퍼스)_체육학전공,스포츠산업학전공, 경기도_성결대학교(제1캠퍼스)_산업경영공학과, 경기도_성균관대학교(제2캠퍼스)_산업인공지능전공, 경기도_수원대학교(제1캠퍼스)_산업및기계공학부, 경기도_수원대학교(제1캠퍼스)_산업공학, 경기도_아주대학교(제1캠퍼스)_산업공학과, 경기도_용인대학교(제1캠퍼스)_산업환경보건학과, 경기도_용인대학교(제1캠퍼스)_무도스포츠산업학과, 경기도_을지대학교(제2캠퍼스)_장례산업전공, 경기도_을지대학교(제2캠퍼스)_보건산업유통학전공, 경기도_을지대학교(제2캠퍼스)_보건산업안전학 전공, 경기도_을지대학교(제2캠퍼스)_레저산업전공, 경기도_중부대학교(제2캠퍼스)_자동차관리학과, 경기도_칼빈대학교(제1캠퍼스)_글로벌문화산업경영학과, 경기도_한국공학대학교(제1캠퍼스)_국제학부(스마트자동화전공), 경기도_한국공학대학교(제1캠퍼스)_산업융합공학과, 경기도_한국외국어대학교(제2캠퍼스)_글로벌스포츠산업전공, 경기도_한국외국어대학교(제2캠퍼스)_산업경영공학과, 경기도_한세대학교(제1캠퍼스)_산업보안학과, 경기도_한양대학교 ERICA캠퍼스(제1캠퍼스)_산업경영공학과, 강원특별자치도_가톨릭관동대학교(제1캠퍼스)_항공교통물류학과, 강원특별자치도_강원대학교(제2캠퍼스)_컴퓨터ㆍ미디어ㆍ산업공학부 미디어공학전공, 강원특별자치도_강원대학교(제2캠퍼스)_산업경영공학과, 강원특별자치도_강원대학교(제2캠퍼스)_컴퓨터ㆍ미디어ㆍ산업공학부 산업경영공학전공, 강원특별자치도_강원대학교(제1캠퍼스)_산업공학전공, 강원특별자치도_강원대학교(제1캠퍼스)_에너지자원ㆍ산업공학부, 강원특별자치도_강원대학교(제2캠퍼스)_산업경영공학전공, 강원특별자치도_강원대학교(제1캠퍼스)_스마트산업공학과, 강원특별자치도_강원대학교(제2캠퍼스)_사회기반시스템공학과, 강원특별자치도_강원대학교(제1캠퍼스)_산업공학과, 강원특별자치도_국립강릉원주대학교(제2캠퍼스)_산업경영공학과, 강원특별자치도_연세대학교 미래캠퍼스(제1캠퍼스)_패키징및물류학전공, 강원특별자치도_연세대학교 미래캠퍼스(제1캠퍼스)_반도체인프라및환경융합공학전공, 강원특별자치도_연세대학교 미래캠퍼스(제1캠퍼스)_패키징학과, 강원특별자치도_연세대학교 미래캠퍼스(제1캠퍼스)_패키징학전공, 강원특별자치도_한라대학교(제1캠퍼스)_골프산업학과, 충청북도_건국대학교 글로컬캠퍼스(제1캠퍼스)_골프산업전공, 충청북도_건국대학교 글로컬캠퍼스(제1캠퍼스)_골프산업학과, 충청북도_국립한국교통대학교(제1캠퍼스)_사회기반공학전공, 충청북도_국립한국교통대학교(제1캠퍼스)_산업경영ㆍ안전공학부, 충청북도_국립한국교통대학교(제1캠퍼스)_산업경영공학전공, 충청북도_국립한국교통대학교(제1캠퍼스)_산업경영공학과, 충청북도_극동대학교(제1캠퍼스)_무인기산업학과, 충청북도_서원대학교(제1캠퍼스)_스포츠산업전공, 충청북도_세명대학교(제1캠퍼스)_반려동물산업학과, 충청북도_우석대학교(제2캠퍼스)_산업안전소방학과, 충청북도_유원대학교(제1캠퍼스)_산업안전보건학과, 충청북도_중원대학교(제1캠퍼스)_의료기기산업학과, 충청북도_중원대학교(제1캠퍼스)_말산업학과, 충청북도_청주대학교(제1캠퍼스)_산업공학과, 충청남도_국립공주대학교(제2캠퍼스)_산업시스템공학과, 충청남도_국립공주대학교(제2캠퍼스)_산업공학과, 충청남도_국립공주대학교(제3캠퍼스)_자율전공학부(산업과학대학), 충청남도_국립공주대학교(제2캠퍼스)_산업경영공학과, 충청남도_국립공주대학교(제3캠퍼스)_산업유통학과, 충청남도_남서울대학교(제1캠퍼스)_빅데이터경영공학과, 충청남도_단국대학교(제2캠퍼스)_경영공학과, 충청남도_단국대학교(제2캠퍼스)_산업공학과, 충청남도_상명대학교(제2캠퍼스)_경영공학과, 충청남도_선문대학교(제1캠퍼스)_산업안전경영공학과, 충청남도_선문대학교(제1캠퍼스)_특화산업융합대학, 충청남도_선문대학교(제1캠퍼스)_산업경영공학과, 충청남도_세한대학교(제2캠퍼스)_항공교통물류학과, 충청남도_세한대학교(제2캠퍼스)_스포츠레저산업학과, 충청남도_순천향대학교(제1캠퍼스)_자동차산업공학과, 충청남도_순천향대학교(제1캠퍼스)_산업경영공학과, 충청남도_순천향대학교(제1캠퍼스)_신뢰성품질공학과, 충청남도_순천향대학교(제1캠퍼스)_스마트팩토리공학과, 충청남도_청운대학교(제1캠퍼스)_뷰티산업학과, 충청남도_한서대학교(제2캠퍼스)_항공교통물류학과, 충청남도_한서대학교(제1캠퍼스)_안전보건학과, 충청남도_호서대학교(제1캠퍼스)_안전보건학과, 충청남도_호서대학교(제1캠퍼스)_골프산업학과, 충청남도_호서대학교(제2캠퍼스)_산업안전공학과, 전북특별자치도_원광대학교(제1캠퍼스)_원예산업학부, 전북특별자치도_원광대학교(제1캠퍼스)_안전보건학과, 전북특별자치도_원광대학교(제1캠퍼스)_반려동물산업학과, 전북특별자치도_원광대학교(제1캠퍼스)_원예산업학과, 전북특별자치도_전북대학교(제1캠퍼스)_에코농산업벤처시스템학과, 전북특별자치도_전북대학교(제1캠퍼스)_산업정보시스템공학과, 전북특별자치도_전주대학교(제1캠퍼스)_산업공학과, 전북특별자치도_전주대학교(제1캠퍼스)_반려동물산업학과, 전북특별자치도_호원대학교(제1캠퍼스)_뷰티산업학과, 전라남도_국립순천대학교(제1캠퍼스)_스마트팩토리혁신학과, 전라남도_국립순천대학교(제1캠퍼스)_융합산업학과, 전라남도_동신대학교(제1캠퍼스)_한약재산업학과, 전라남도_동신대학교(제1캠퍼스)_에너지경영학과, 전라남도_전남대학교(제2캠퍼스)_산업기술융합공학과, 전라남도_전남대학교(제2캠퍼스)_생명산업공학과, 전라남도_전남대학교(제2캠퍼스)_스마트융합공정공학과, 전라남도_초당대학교(제1캠퍼스)_항공교통물류학과, 경상북도_경북대학교(제3캠퍼스)_스마트플랜트공학과, 경상북도_경북대학교(제3캠퍼스)_산업기계공학과, 경상북도_경운대학교(제1캠퍼스)_첨단산업대학 통합 모집단위, 경상북도_경운대학교(제1캠퍼스)_미래산업학부, 경상북도_경운대학교(제1캠퍼스)_산업재난안전학과, 경상북도_경운대학교(제1캠퍼스)_항공교통물류학과, 경상북도_경일대학교(제1캠퍼스)_글로컬산업학부, 경상북도_경일대학교(제1캠퍼스)_조기취업형계약학부 스마트팩토리융합학과, 경상북도_경일대학교(제1캠퍼스)_지역특화산업학부, 경상북도_경일대학교(제1캠퍼스)_스마트농산업학부, 경상북도_경일대학교(제1캠퍼스)_첨단산업학부, 경상북도_경일대학교(제1캠퍼스)_조기취업형계약학부 방위산업시스템학과, 경상북도_경일대학교(제1캠퍼스)_피트니스산업학부, 경상북도_경일대학교(제1캠퍼스)_조기취업형계약학부 스마트경영공학과, 경상북도_국립금오공과대학교(제1캠퍼스)_산업경영공학전공, 경상북도_국립금오공과대학교(제1캠퍼스)_산업시스템공학전공, 경상북도_국립금오공과대학교(제1캠퍼스)_산업융합공학과, 경상북도_국립금오공과대학교(제1캠퍼스)_산업경영공학과, 경상북도_국립금오공과대학교(제1캠퍼스)_산업ㆍ빅데이터공학부, 경상북도_국립금오공과대학교(제1캠퍼스)_산업공학과, 경상북도_국립금오공과대학교(제1캠퍼스)_산업공학전공, 경상북도_김천대학교(제1캠퍼스)_산업안전경영학부(산업경영전공), 경상북도_김천대학교(제1캠퍼스)_산업안전학과, 경상북도_김천대학교(제1캠퍼스)_산업안전경영학부(산업안전전공), 경상북도_대구가톨릭대학교(제1캠퍼스)_첨단산업학부, 경상북도_대구가톨릭대학교(제1캠퍼스)_산업보건학전공, 경상북도_대구대학교(제1캠퍼스)_반려동물산업학과, 경상북도_대구대학교(제1캠퍼스)_6차산업학과, 경상북도_대구예술대학교(제1캠퍼스)_응용스포츠산업전공, 경상북도_대구한의대학교(제1캠퍼스)_뷰티케어산업학과, 경상북도_대구한의대학교(제1캠퍼스)_산업품질공학전공, 경상북도_대구한의대학교(제1캠퍼스)_화장품품질공학전공, 경상북도_대구한의대학교(제1캠퍼스)_동양문화융합산업학부, 경상북도_대구한의대학교(제1캠퍼스)_산업안전보건전공, 경상북도_대구한의대학교(제1캠퍼스)_반려동물산업학과, 경상북도_대구한의대학교(제1캠퍼스)_한국문화산업전공, 경상북도_신경주대학교(제1캠퍼스)_스마트팜농산업학과, 경상북도_신경주대학교(제1캠퍼스)_미래에너지산업학과, 경상북도_신경주대학교(제1캠퍼스)_장례문화산업학과, 경상북도_신경주대학교(제1캠퍼스)_말산업학과, 경상북도_영남사이버대학교(제1캠퍼스)_스포츠산업복지학과, 경상북도_영남사이버대학교(제1캠퍼스)_산업안전공학과, 경상북도_위덕대학교(제1캠퍼스)_첨단산업학과, 경상북도_포항공과대학교(제1캠퍼스)_산업경영공학과, 경상남도_경상국립대학교(제1캠퍼스)_산업시스템공학부, 경상남도_경상국립대학교(제1캠퍼스)_스마트농산업학과, 경상남도_경상국립대학교(제1캠퍼스)_산업시스템공학전공, 경상남도_경상국립대학교(제1캠퍼스)_산업정보공학전공, 경상남도_국립창원대학교(제1캠퍼스)_산업시스템 및 조선해양 융합공학부, 경상남도_국립창원대학교(제1캠퍼스)_산업시스템공학과, 경상남도_인제대학교(제1캠퍼스)_산업안전보건학과, 경상남도_인제대학교(제1캠퍼스)_산업경영공학과, 경상남도_창신대학교(제1캠퍼스)_스마트팩토리학부, 경상남도_창신대학교(제1캠퍼스)_스마트팩토리학부 스마트팩토리운영전공, 경상남도_창신대학교(제1캠퍼스)_스마트팩토리학부 산업안전전공, 세종특별자치시_홍익대학교 세종캠퍼스(제2캠퍼스)_산업스포츠학과","일반 선택: 대수, 확률과 통계, 미적분 Ⅰ, 인공지능 수학, 세계시민과 지리, 사회와 문화, 정보 등 | 진로 선택: 기하, 미적분Ⅱ, 도시의 미래 탐구, 경제, 로봇과 공학세계, 인공지능 기초, 데이터 과학 등 | 융합 선택: 실용 통계, 사회문제 탐구, 금융과 경제생활, 윤리문제 탐구, 창의공학 설계, 소프트웨어와 생활 등","공통과목: 수학, 사회, 과학, 기술ㆍ가정 | 일반선택과목: 수학교과 : 수학ⅠㆍⅡ, 미적분, 확률과 통계 | 진로선택과목: 실용수학, 기하, 경제수학, 수학과제 탐구, 물리학Ⅱ, 화학Ⅱ, 생활과 과학, 융합과학, 공학 일반, 사회문제 탐구, 창의 경영, 지식 재산 일반 | 전문교과Ⅰ: 심화수학ⅠㆍⅡ, 고급 수학ⅠㆍⅡ, 고급 물리학, 물리학 실험, 고급 화학, 화학 실험, 정보과학, 융합과학탐구, 과학과제 연구, 생태와 환경, 지역 이해, 세계 문제와 미래 사회, 사회 탐구 방법, 사회과제 연구 | 전문교과Ⅱ: 공업 일반, 기업과 경영, 프로그래밍, 빅데이터 분석","물류관리사, 산업안전기사, 품질경영기사",경영컨설턴트
149,멀티미디어학과,"서울특별시_동국대학교(제1캠퍼스)_멀티미디어공학과, 서울특별시_한국예술종합학교(제1캠퍼스)_멀티미디어영상과, 부산광역시_동서대학교(제1캠퍼스)_멀티미디어공학전공, 인천광역시_청운대학교(제2캠퍼스)_멀티미디어학과, 대전광역시_한남대학교(제1캠퍼스)_멀티미디어공학과, 대전광역시_한남대학교(제1캠퍼스)_멀티미디어공학전공, 대전광역시_한남대학교(제1캠퍼스)_멀티미디어학과, 강원특별자치도_국립강릉원주대학교(제2캠퍼스)_멀티미디어공학과, 충청북도_서원대학교(제1캠퍼스)_멀티미디어전공, 충청남도_나사렛대학교(제1캠퍼스)_멀티미디어학과, 충청남도_남서울대학교(제1캠퍼스)_멀티미디어학과, 충청남도_단국대학교(제2캠퍼스)_멀티미디어공학과, 전북특별자치도_호원대학교(제1캠퍼스)_멀티미디어정보학과, 전라남도_국립목포대학교(제1캠퍼스)_멀티미디어공학과, 전라남도_국립순천대학교(제1캠퍼스)_정보통신ㆍ멀티미디어공학부(멀티미디어공학전공), 경상북도_경운대학교(제1캠퍼스)_멀티미디어학과, 경상북도_국립경국대학교(제1캠퍼스)_멀티미디어공학과, 경상남도_인제대학교(제1캠퍼스)_멀티미디어학부, 경상남도_인제대학교(제1캠퍼스)_멀티미디어학과","일반 선택: 대수, 확률과 통계, 미적분 Ⅰ, 인공지능 수학, 영어 Ⅰ, 영어Ⅱ, 영어독해와 작문, 물리학, 음악, 미술, 정보 등 | 진로 선택: 기하, 미적분Ⅱ, 인공지능 수학, 전자기와 양자, 역학과 에너지, 로봇과 공학세계, 인공지능 기초, 데이터 과학 등 | 융합 선택: 실용 통계, 미디어 영어, 사회문제 탐구, 창의 공학 설계, 소프트웨어와 생활 등","공통과목: 수학, 과학, 예술, 생활ㆍ교양, 사회, 국어 | 일반선택과목: 수학ㆍ과학교과 : 수학Ⅰ, 수학Ⅱ, 확률과 통계, 물리학Ⅰ, 지구과학Ⅰ | 진로선택과목: 미술창작, 미술/음악 감상과 비평, 사회문제 탐구, 고전 읽기, 융합 과학, 지식재산 일반, 창의 경영, 기하, 수학탐구 과제 | 전문교과Ⅰ: 매체미술, 드로잉, 사진표현기법, 문학과 매체, 사회과제 연구, 영화 기술, 시나리오, 현대 세계의 변화 | 전문교과Ⅱ: 미디어콘텐츠일반, 문화콘텐츠산업일반, 영상제작기초, 컴퓨터그래픽, 프로그래밍, 디지털 논리 회로, 디지털 이미지 재현","디지털정보활용능력(DIAT), 멀티미디어콘텐츠제작전문가, 정보기술자격(ITQ)시험, 정보처리기사",가상현실전문가
532,디지털콘텐츠학과,"서울특별시_서강대학교(제1캠퍼스)_아트&테크놀로지학과, 서울특별시_서경대학교(제1캠퍼스)_아트앤테크놀로지학과, 서울특별시_서울디지털대학교(제1캠퍼스)_웹툰웹소설전공, 서울특별시_서울사이버대학교(제1캠퍼스)_AI크리에이터학과, 서울특별시_성공회대학교(제1캠퍼스)_디지털컨텐츠학과, 서울특별시_성공회대학교(제1캠퍼스)_미디어콘텐츠융합학부, 서울특별시_성공회대학교(제1캠퍼스)_디지털콘텐츠전공, 서울특별시_성공회대학교(제1캠퍼스)_미디어콘텐츠융합자율학부, 서울특별시_세종대학교(제1캠퍼스)_디지털콘텐츠학과, 서울특별시_세종사이버대학교(제1캠퍼스)_유튜버학과, 부산광역시_동명대학교(제1캠퍼스)_엔터테인먼트예술학과, 부산광역시_동명대학교(제1캠퍼스)_디지털콘텐츠전공, 부산광역시_동명대학교(제1캠퍼스)_디지털공연예술전공, 부산광역시_동명대학교(제1캠퍼스)_디지털콘텐츠학과, 부산광역시_동명대학교(제1캠퍼스)_유튜브크리에이터전공, 부산광역시_동서대학교(제1캠퍼스)_디지털콘텐츠학부, 부산광역시_동의대학교(제1캠퍼스)_디지털콘텐츠학과, 부산광역시_동의대학교(제1캠퍼스)_디지털문화콘텐츠공학과, 부산광역시_동의대학교(제1캠퍼스)_디지털문화콘텐츠학전공, 부산광역시_동의대학교(제1캠퍼스)_디지털콘텐츠학전공, 경기도_경희대학교(제2캠퍼스)_디지털콘텐츠학과, 경기도_국제사이버대학교(제1캠퍼스)_K-영상크리에이터학과, 경기도_수원대학교(제1캠퍼스)_디지털콘텐츠, 경기도_한국외국어대학교(제2캠퍼스)_지식콘텐츠전공, 경기도_한국외국어대학교(제2캠퍼스)_디지털콘텐츠학부, 경기도_한신대학교(제1캠퍼스)_디지털문화콘텐츠학전공, 경기도_한신대학교(제1캠퍼스)_디지털영상문화콘텐츠학과, 경기도_한신대학교(제1캠퍼스)_디지털영상문화콘텐츠학, 강원특별자치도_가톨릭관동대학교(제1캠퍼스)_미디어콘텐츠학전공, 강원특별자치도_한라대학교(제1캠퍼스)_영상커뮤니케이션학부, 강원특별자치도_한라대학교(제1캠퍼스)_미디어광고콘텐츠학과, 충청북도_서원대학교(제1캠퍼스)_미디어콘텐츠학부, 충청북도_세명대학교(제1캠퍼스)_디지털콘텐츠창작학과, 충청북도_청주대학교(제1캠퍼스)_미디어콘텐츠학부, 충청남도_건양대학교(제1캠퍼스)_디지털콘텐츠학과, 충청남도_건양대학교(제1캠퍼스)_디지털콘텐츠전공, 충청남도_나사렛대학교(제1캠퍼스)_디지털콘텐츠학과, 충청남도_상명대학교(제2캠퍼스)_예술학부 디지털콘텐츠전공, 전북특별자치도_원광대학교(제1캠퍼스)_디지털콘텐츠공학과, 전라남도_동신대학교(제1캠퍼스)_디지털콘텐츠학과, 경상북도_동양대학교(제1캠퍼스)_디지털콘텐츠학과, 경상북도_신경주대학교(제1캠퍼스)_AI융합미디어창업학과, 경상남도_경남대학교(제1캠퍼스)_디지털공연영상학과","일반 선택: 대수, 확률과 통계, 미적분 Ⅰ, 인공지능 수학, 영어 Ⅰ, 영어Ⅱ, 영어독해와 작문, 물리학, 음악, 미술, 정보 등 | 진로 선택: 기하, 미적분Ⅱ, 인공지능 수학, 전자기와 양자, 역학과 에너지, 로봇과 공학세계, 인공지능 기초, 데이터 과학 등 | 융합 선택: 실용 통계, 미디어 영어, 사회문제 탐구, 창의 공학 설계, 소프트웨어와 생활 등","공통과목: 수학, 과학, 예술, 생활ㆍ교양, 사회, 국어 | 일반선택과목: 수학ㆍ과학교과 : 수학Ⅰ, 수학Ⅱ, 확률과 통계, 물리학Ⅰ, 지구과학Ⅰ | 진로선택과목: 미술창작, 미술/음악 감상과 비평, 사회문제 탐구, 고전 읽기, 융합 과학, 지식재산 일반, 창의 경영, 기하, 수학탐구 과제 | 전문교과Ⅰ: 매체미술, 드로잉, 사진표현기법, 문학과 매체, 사회과제 연구, 영화 기술, 시나리오, 현대 세계의 변화 | 전문교과Ⅱ: 미디어콘텐츠일반, 문화콘텐츠산업일반, 영상제작기초, 컴퓨터그래픽, 프로그래밍, 디지털 논리 회로, 디지털 이미지 재현","디지털정보활용능력(DIAT), 멀티미디어콘텐츠제작전문가, 정보기술자격(ITQ)시험, 정보처리기사",가상현실전문가
568,게임콘텐츠과,"서울특별시_서일대학교(제1캠퍼스)_AI게임융합학과, 서울특별시_서일대학교(제1캠퍼스)_AI융합콘텐츠학과, 서울특별시_인덕대학교(제1캠퍼스)_게임&VR콘텐츠디자인학과, 인천광역시_재능대학교(제1캠퍼스)_게임개발학과, 인천광역시_재능대학교(제1캠퍼스)_게임개발학과(3년제), 경기도_경기과학기술대학교(제1캠퍼스)_게임콘텐츠학과, 경기도_경민대학교(제1캠퍼스)_게임콘텐츠과, 경기도_경민대학교(제1캠퍼스)_게임콘텐츠학과, 경기도_국제대학교(제1캠퍼스)_게임개발과, 경기도_국제대학교(제1캠퍼스)_게임콘텐츠학과, 경기도_김포대학교(제1캠퍼스)_게임콘텐츠과(3년제), 경기도_김포대학교(제1캠퍼스)_게임콘텐츠과, 경기도_동서울대학교(제1캠퍼스)_게임콘텐츠과, 경기도_동아방송예술대학교(제1캠퍼스)_뉴미디어콘텐츠과, 경기도_동아방송예술대학교(제1캠퍼스)_콘텐츠제작학과, 경기도_동원대학교(제1캠퍼스)_게임콘텐츠과, 경기도_동원대학교(제1캠퍼스)_게임콘텐츠과(3년제), 경기도_두원공과대학교(제2캠퍼스)_게임컨텐츠과, 경기도_수원과학대학교(제1캠퍼스)_게임공학과, 경기도_신구대학교(제1캠퍼스)_게임콘텐츠과(3년제), 경기도_신구대학교(제1캠퍼스)_VR게임콘텐츠과(3년제), 경기도_여주대학교(제1캠퍼스)_웹툰콘텐츠과, 경기도_연성대학교(제1캠퍼스)_게임콘텐츠과(3년제), 경기도_오산대학교(제1캠퍼스)_게임콘텐츠과, 경기도_유한대학교(제1캠퍼스)_컴퓨터소프트웨어공학과 게임콘텐츠전공, 경기도_유한대학교(제1캠퍼스)_VR게임ㆍ앱학과, 경기도_유한대학교(제1캠퍼스)_컴퓨터공학과 게임콘텐츠전공, 경기도_유한대학교(제1캠퍼스)_스마트콘텐츠학과 VR게임전공, 경기도_장안대학교(제1캠퍼스)_게임콘텐츠과(3년제), 경기도_장안대학교(제1캠퍼스)_게임컨텐츠과, 경기도_청강문화산업대학교(제1캠퍼스)_게임전공, 경기도_청강문화산업대학교(제1캠퍼스)_차세대게임콘텐츠학과, 충청남도_신성대학교(제1캠퍼스)_웹툰콘텐츠과, 경상북도_구미대학교(제1캠퍼스)_비주얼게임컨텐츠학과, 경상북도_구미대학교(제1캠퍼스)_게임콘텐츠스쿨, 경상북도_구미대학교(제1캠퍼스)_비주얼게임컨텐츠스쿨, 경상북도_구미대학교(제1캠퍼스)_비주얼게임컨텐츠학과(1년제), 경상북도_구미대학교(제1캠퍼스)_비주얼게임컨텐츠스쿨(3년제), 경상남도_마산대학교(제1캠퍼스)_미디어콘텐츠과, 제주특별자치도_제주관광대학교(제1캠퍼스)_게임콘텐츠과, 세종특별자치시_한국영상대학교(제1캠퍼스)_게임콘텐츠학과","일반 선택: 대수, 확률과 통계, 미적분 Ⅰ, 인공지능 수학, 영어 Ⅰ, 영어Ⅱ, 영어독해와 작문, 물리학, 음악, 미술, 정보 등 | 진로 선택: 기하, 미적분Ⅱ, 인공지능 수학, 전자기와 양자, 역학과 에너지, 로봇과 공학세계, 인공지능 기초, 데이터 과학 등 | 융합 선택: 실용 통계, 미디어 영어, 사회문제 탐구, 창의 공학 설계, 소프트웨어와 생활 등","공통과목: 수학, 과학, 기술ㆍ가정 | 일반선택과목: 수학교과 : 수학ⅠㆍⅡ, 미적분, 확률과 통계 | 진로선택과목: 실용수학, 기하, 수학과제 탐구, 물리학Ⅱ, 생활과 과학, 융합과학, 공학 일반 | 전문교과Ⅰ: 심화수학ⅠㆍⅡ, 고급 수학ⅠㆍⅡ, 고급 물리학, 물리학 실험, 정보과학, 융합과학탐구, 과학과제연구, 지역 이해, 사회탐구 방법, 사회과제 연구 | 전문교과Ⅱ: 프로그래밍, 자료 구조, 빅데이터 분석, 사물 인터넷 서비스 기획","게임그래픽전문가, 게임기획전문가, 게임프로그래밍전문가, 정보처리산업기사",게임기획자
21,게임공학과,"부산광역시_동명대학교(제1캠퍼스)_게임공학과, 부산광역시_동명대학교(제1캠퍼스)_게임그래픽학과, 부산광역시_동의대학교(제1캠퍼스)_게임공학과, 대전광역시_배재대학교(제1캠퍼스)_게임공학과, 경기도_한국공학대학교(제1캠퍼스)_게임공학과, 경상북도_경일대학교(제1캠퍼스)_게임엔터테인먼트학과, 경상남도_영산대학교(제1캠퍼스)_게임VR학과","일반 선택: 대수, 확률과 통계, 미적분 Ⅰ, 인공지능 수학, 영어 Ⅰ, 영어Ⅱ, 영어독해와 작문, 물리학, 음악, 미술, 정보 등 | 진로 선택: 기하, 미적분Ⅱ, 인공지능 수학, 전자기와 양자, 역학과 에너지, 로봇과 공학세계, 인공지능 기초, 데이터 과학 등 | 융합 선택: 실용 통계, 미디어 영어, 사회문제 탐구, 창의 공학 설계, 소프트웨어와 생활 등","공통과목: 수학, 과학, 예술, 생활ㆍ교양, 사회, 국어 | 일반선택과목: 수학ㆍ과학교과 : 수학Ⅰ, 수학Ⅱ, 확률과 통계, 물리학Ⅰ, 지구과학Ⅰ | 진로선택과목: 미술창작, 미술/음악 감상과 비평, 사회문제 탐구, 고전 읽기, 융합 과학, 지식재산 일반, 창의 경영, 수학탐구 과제, 기하 | 전문교과Ⅰ: 문학과 매체, 영상 제작의 이해, 매체미술, 드로잉, 사진 표현 기법, 사진영상편집, 사회과제 연구, 시나리오 | 전문교과Ⅱ: 콘텐츠일반, 문화콘텐츠산업일반, 컴퓨터그래픽, 영상제작기초, 프로그래밍","e-TestProfessional, SW테스트전문가(CSTS), 전자계산기기사, 정보처리기사, 컴퓨터활용능력",게임기획자
558,미디어출판과,"서울특별시_서일대학교(제1캠퍼스)_미디어출판학과, 서울특별시_서일대학교(제1캠퍼스)_미디어출판학과(3년제), 서울특별시_서일대학교(제1캠퍼스)_미디어출판학과(1년과정), 경기도_계원예술대학교(제1캠퍼스)_출판디자인과, 경기도_신안산대학교(제1캠퍼스)_웹툰출판미디어과","일반 선택: 대수, 확률과 통계, 미적분 Ⅰ, 인공지능 수학, 영어 Ⅰ, 영어Ⅱ, 영어독해와 작문, 물리학, 음악, 미술, 정보 등 | 진로 선택: 기하, 미적분Ⅱ, 인공지능 수학, 전자기와 양자, 역학과 에너지, 로봇과 공학세계, 인공지능 기초, 데이터 과학 등 | 융합 선택: 실용 통계, 미디어 영어, 사회문제 탐구, 창의 공학 설계, 소프트웨어와 생활 등","공통과목: 수학, 과학, 예술, 생활ㆍ교양, 사회, 국어 | 일반선택과목: 수학ㆍ과학교과 : 수학ⅠㆍⅡ, 확률과 통계, 물리학Ⅰ, 지구과학Ⅰ | 진로선택과목: 미술창작, 미술/음악 감상과 비평, 사회문제 탐구, 고전 읽기, 융합 과학, 지식재산 일반, 창의 경영, 기하, 수학탐구 과제 | 전문교과Ⅰ: 매체미술, 드로잉, 사진표현기법, 문학과 매체, 사회과제 연구, 영화 기술, 시나리오, 현대 세계의 변화 | 전문교과Ⅱ: 미디어콘텐츠일반, 문화콘텐츠산업일반, 영상제작기초, 컴퓨터그래픽, 프로그애밍, 디지털 논리 회로, 디지털 이미지 재현","멀티미디어콘텐츠제작전문가, 전자출판기능사",출판물기획전문가
148,멀티미디어과,"서울특별시_인덕대학교(제1캠퍼스)_멀티미디어디자인학과, 광주광역시_서영대학교(제1캠퍼스)_e-크리에이터과, 경기도_계원예술대학교(제1캠퍼스)_게임미디어과, 경기도_김포대학교(제1캠퍼스)_멀티미디어과, 경기도_서영대학교(제2캠퍼스)_멀티미디어디자인과, 경기도_수원과학대학교(제1캠퍼스)_멀티미디어디자인학과, 경기도_신구대학교(제1캠퍼스)_IT 미디어학과, 경기도_신구대학교(제1캠퍼스)_프린트미디어과, 경기도_신구대학교(제1캠퍼스)_프린트미디어학과, 경기도_안산대학교(제1캠퍼스)_멀티미디어디자인과, 경기도_장안대학교(제1캠퍼스)_멀티미디어컨텐츠과(3년제), 충청북도_대원대학교(제1캠퍼스)_멀티미디어과, 전북특별자치도_전주기전대학(제1캠퍼스)_SNS영상디자인과, 전라남도_순천제일대학교(제1캠퍼스)_멀티미디어과, 전라남도_순천제일대학교(제1캠퍼스)_웹툰애니&멀티미디어과, 제주특별자치도_제주관광대학교(제1캠퍼스)_멀티미디어게임과, 제주특별자치도_제주한라대학교(제1캠퍼스)_컴퓨터멀티미디어과","일반 선택: 대수, 확률과 통계, 미적분 Ⅰ, 인공지능 수학, 영어 Ⅰ, 영어Ⅱ, 영어독해와 작문, 물리학, 음악, 미술, 정보 등 | 진로 선택: 기하, 미적분Ⅱ, 인공지능 수학, 전자기와 양자, 역학과 에너지, 로봇과 공학세계, 인공지능 기초, 데이터 과학 등 | 융합 선택: 실용 통계, 미디어 영어, 사회문제 탐구, 창의 공학 설계, 소프트웨어와 생활 등","공통과목: 수학, 과학, 예술, 생활ㆍ교양, 사회, 국어 | 일반선택과목: 수학ㆍ과학교과 : 수학ⅠㆍⅡ, 확률과 통계, 물리학Ⅰ, 지구과학Ⅰ | 진로선택과목: 미술창작, 미술/음악 감상과 비평, 사회문제 탐구, 고전 읽기, 융합 과학, 지식재산 일반, 창의 경영, 기하, 수학탐구 과제 | 전문교과Ⅰ: 매체미술, 드로잉, 사진표현기법, 문학과 매체, 사회과제 연구, 영화 기술, 시나리오, 현대 세계의 변화 | 전문교과Ⅱ: 미디어콘텐츠일반, 문화콘텐츠산업일반, 영상제작기초, 컴퓨터그래픽, 프로그래밍, 디지털 논리 회로, 디지털 이미지 재현","멀티미디어콘텐츠제작전문가, 시각디자인산업기사, 웹디자인기능사, 정보처리산업기사, 컴퓨터활용능력1ㆍ2급",웹디자이너
541,천문학과,"서울특별시_세종대학교(제1캠퍼스)_천문우주학과, 서울특별시_연세대학교(제1캠퍼스)_천문우주학과, 충청북도_충북대학교(제1캠퍼스)_천문우주학과","일반 선택: 대수, 미적분Ⅰ, 확률과 통계, 물리학, 화학, 지구과학, 정보 등 | 진로 선택: 기하, 미적분Ⅱ, 인공지능 수학, 역학과 메너지, 전자기와 양자, 지구시스템과학, 행성우주과학, 물질과 에너지 등 | 융합 선택: 수학과 문화, 융합과학 탐구 등","공통과목: 과학, 수학, 교양, 기술가정 | 일반선택과목: 과학교과 : 물리Ⅰ, 화학Ⅰ, 생명과학Ⅰ, 지구과학Ⅰ | 진로선택과목: 지구과학Ⅱ, 물리학Ⅱ, 융합과학, 과학사, 수학 과제 탐구, 기하 | 전문교과Ⅰ: 고급지구과학, 지구과학실험, 고급물리학, 물리학 실험, 과학과제 연구, 융합 과학 탐구, 심화수학Ⅰ, 심화수학Ⅱ, 고급수학Ⅰ, 고급수학Ⅱ, 정보과학 | 전문교과Ⅱ: 전기ㆍ전자 기초, 전기ㆍ전자 측정, 환경 측정 관리","기상기사, 대기환경기사, 소음진동환경기사, 수질환경기사, 전파전자통신기사",환경컨설턴트
322,신문방송학과,"서울특별시_동국대학교(제1캠퍼스)_사회언론정보학부 신문방송학전공, 서울특별시_동덕여자대학교(제1캠퍼스)_정보학부, 서울특별시_명지대학교 인문캠퍼스(제2캠퍼스)_디지털미디어학부, 서울특별시_서강대학교(제1캠퍼스)_신문방송학과, 서울특별시_서강대학교(제1캠퍼스)_신문방송학전공, 서울특별시_서울여자대학교(제1캠퍼스)_저널리즘전공, 서울특별시_성공회대학교(제1캠퍼스)_신문방송학전공, 서울특별시_성공회대학교(제1캠퍼스)_신문방송학과, 서울특별시_세종대학교(제1캠퍼스)_신문방송학과, 부산광역시_경성대학교(제1캠퍼스)_신문방송학과, 부산광역시_동서대학교(제1캠퍼스)_디지털프로덕션전공, 부산광역시_동의대학교(제1캠퍼스)_신문방송학전공, 인천광역시_인천대학교(제1캠퍼스)_신문방송학과, 광주광역시_전남대학교(제1캠퍼스)_신문방송학과, 광주광역시_호남대학교(제1캠퍼스)_신문방송학과, 경기도_단국대학교(제1캠퍼스)_저널리즘전공, 경기도_한세대학교(제1캠퍼스)_신문방송학전공, 강원특별자치도_가톨릭관동대학교(제1캠퍼스)_방송제작학전공, 강원특별자치도_강원대학교(제1캠퍼스)_신문방송학과, 강원특별자치도_한림대학교(제1캠퍼스)_미디어스쿨, 충청북도_건국대학교 글로컬캠퍼스(제1캠퍼스)_신문방송학전공, 충청북도_건국대학교 글로컬캠퍼스(제1캠퍼스)_신문방송학과, 충청북도_청주대학교(제1캠퍼스)_신문방송학과, 충청남도_순천향대학교(제1캠퍼스)_신문방송학과, 충청남도_한서대학교(제1캠퍼스)_신문방송학과, 전북특별자치도_우석대학교(제1캠퍼스)_신문방송학과, 전북특별자치도_전북대학교(제1캠퍼스)_신문방송학과, 경상북도_대구가톨릭대학교(제1캠퍼스)_언론영상전공, 경상남도_국립창원대학교(제1캠퍼스)_신문방송학과, 경상남도_영산대학교(제1캠퍼스)_방송전공, 경상남도_인제대학교(제1캠퍼스)_신문방송학과","일반 선택: 문학, 독서와 작문, 화법과 언어, 사회와 문화, 정보 등 | 진로 선택: 정치, 법과 사회, 경제, 윤리와 사상, 인간과 심리 등 | 융합 선택: 소프트웨어와 생활, 사회문제 탐구, 윤리문제 탐구 등","공통과목: 국어, 사회, 생활ㆍ교양 | 일반선택과목: 국어교과 : 화법과 작문, 독서, 언어와 매체, 문학 | 진로선택과목: 실용 국어, 심화 국어, 고전 읽기, 사회문제 탐구 | 전문교과Ⅰ: 지역 이해, 세계 문제와 미래 사회, 현대 세계의 변화, 사회 탐구 방법 및 사회과제 연구 | 전문교과Ⅱ: 커뮤니케이션, 미디어 콘텐츠 일반, 문화 콘텐츠 산업 일반, 영상 제작 기초, 방송 일반, 빅데이터 분석","멀티미디어콘텐츠제작전문가, 무대예술전문인, 방송통신기사, 사회조사분석사",광고기획자
246,산업경영과,"서울특별시_명지전문대학(제1캠퍼스)_부동산경영학과, 부산광역시_경남정보대학교(제1캠퍼스)_외식산업경영학과, 부산광역시_동의과학대학교(제1캠퍼스)_부동산경영학과, 부산광역시_동의과학대학교(제1캠퍼스)_외식산업경영학과, 대구광역시_영진사이버대학교(제1캠퍼스)_산업경영학과, 경기도_경기과학기술대학교(제1캠퍼스)_중소기업경영과, 경기도_경기과학기술대학교(제1캠퍼스)_산업경영과, 경기도_농협대학교(제1캠퍼스)_협동조합산업과, 경기도_대림대학교(제1캠퍼스)_산업경영과, 경기도_수원과학대학교(제1캠퍼스)_산업경영과, 경기도_웅지세무대학교(제1캠퍼스)_공기업경영과, 강원특별자치도_송곡대학교(제1캠퍼스)_산업복지경영과, 충청북도_충청대학교(제1캠퍼스)_산업경영과, 충청남도_신성대학교(제1캠퍼스)_글로벌산업융합과, 충청남도_아주자동차대학교(제1캠퍼스)_첨단산업융합계열, 전라남도_목포과학대학교(제1캠퍼스)_글로벌산업융합과, 전라남도_전남과학대학교(제1캠퍼스)_글로벌산업융합과, 전라남도_전남과학대학교(제1캠퍼스)_골프산업과, 경상북도_구미대학교(제1캠퍼스)_산업경영학부, 경상북도_문경대학교(제1캠퍼스)_미래산업융합과, 경상북도_포항대학교(제1캠퍼스)_제철산업과, 경상남도_김해대학교(제1캠퍼스)_지역산업학부 AI융합의료과, 제주특별자치도_제주한라대학교(제1캠퍼스)_외식산업경영학과, 세종특별자치시_한국영상대학교(제1캠퍼스)_첨단산업융합계열","일반 선택: 화법과 언어, 독서와 작문, 문학, 대수, 미적분I, 확률과 통계, 영어I, 영어II, 영어 독해와 작문, 세계시민과 지리, 세계사, 사회와 문화, 정보, 제2외국어 과목 등 | 진로 선택: 미적분II, 기하, 경제 수학, 영어 발표와 토론, 법과 사회, 경제, 윤리와 사상, 국제 관계의 이해, 인공지능 기초, 데이터 과학 등 | 융합 선택: 실용 통계, 수학과제 탐구, 실생활 영어 회화, 세계 문화와 영어, 사회문제 탐구, 금융과 경제생활, 제2외국어 문화 과목 등","공통과목: 수학, 사회, 기술ㆍ가정, 생활ㆍ교양 | 일반선택과목: 수학교과 : 수학I, Ⅱ, 미적분, 확률과 통계 | 진로선택과목: 실용 수학, 기하, 경제 수학, 수학 과제 탐구, 사회문제 탐구, 창의 경영, 지식 재산 일반 | 전문교과Ⅰ: 심화 수학I, 정보과학, 국제 경제, 세계 문제와 미래 사회, 사회 탐구 방법 및 사회과제 연구 | 전문교과Ⅱ: 기업과 경영, 회계 정보 처리 시스템, 금융 일반, 마케팅과 광고, 창업 일반, 커뮤니케이션, 유통 관리","물류관리사, 산업안전산업기사, 생산재고관리사(CPIM), 품질경영산업기사",물류관리사
10025,e-비즈니스과,"서울특별시_배화여자대학교(제1캠퍼스)_스마트비즈니스과, 서울특별시_숭의여자대학교(제1캠퍼스)_IT비즈니스과, 서울특별시_한양여자대학교(제1캠퍼스)_비즈니스서비스과, 부산광역시_동의과학대학교(제1캠퍼스)_온라인쇼핑몰과, 인천광역시_경인여자대학교(제1캠퍼스)_MD상품기획비즈니스학과, 인천광역시_인하공업전문대학(제1캠퍼스)_디지털사무경영과, 인천광역시_재능대학교(제1캠퍼스)_디지털융합학과 이커머스전공, 대전광역시_대덕대학교(제1캠퍼스)_샵마스터쇼핑과, 경기도_경기과학기술대학교(제1캠퍼스)_E-비즈니스과, 경기도_경민대학교(제1캠퍼스)_e-비즈니스경영학과, 경기도_경민대학교(제1캠퍼스)_e-비즈니스경영과, 경기도_경복대학교(제1캠퍼스)_E-비즈니스과, 경기도_경복대학교(제1캠퍼스)_AI서비스경영과, 경기도_경복대학교(제1캠퍼스)_e-비즈니스빅데이터과, 경기도_농협대학교(제1캠퍼스)_협동조합디지털경영학과, 경기도_농협대학교(제1캠퍼스)_협동조합디지털경영과, 경기도_동원대학교(제1캠퍼스)_E-비즈니스과, 경기도_부천대학교(제1캠퍼스)_IT융합비즈니스과, 경기도_부천대학교(제1캠퍼스)_뷰티융합비즈니스과, 경기도_안산대학교(제1캠퍼스)_IT융합비즈니스과, 경기도_유한대학교(제1캠퍼스)_IT비즈니스학과, 경기도_장안대학교(제1캠퍼스)_경영과 비즈니스창업전공, 경기도_장안대학교(제1캠퍼스)_경영계열 온라인쇼핑전공, 경기도_장안대학교(제1캠퍼스)_온라인쇼핑과, 강원특별자치도_한림성심대학교(제1캠퍼스)_인터넷비즈니스과, 강원특별자치도_한림성심대학교(제1캠퍼스)_인터넷비즈니스학과, 충청북도_충북보건과학대학교(제1캠퍼스)_글로벌비즈니스학과, 전북특별자치도_한국농수산대학교(제1캠퍼스)_농수산비즈니스학과, 경상북도_구미대학교(제1캠퍼스)_스마트비즈니스융합과, 경상북도_호산대학교(제1캠퍼스)_글로벌비지니스학과","일반 선택: 화법과 언어, 독서와 작문, 문학, 대수, 미적분I, 확률과 통계, 영어I, 영어II, 영어 독해와 작문, 세계시민과 지리, 세계사, 사회와 문화, 정보, 제2외국어 과목 등 | 진로 선택: 미적분II, 기하, 경제 수학, 영어 발표와 토론, 법과 사회, 경제, 윤리와 사상, 국제 관계의 이해, 인공지능 기초, 데이터 과학 등 | 융합 선택: 실용 통계, 수학과제 탐구, 실생활 영어 회화, 세계 문화와 영어, 사회문제 탐구, 금융과 경제생활, 제2외국어 문화 과목 등","공통과목: 수학, 사회, 기술ㆍ가정, 생활ㆍ교양 | 일반선택과목: 수학교과 : 수학I, Ⅱ, 미적분, 확률과 통계 | 진로선택과목: 실용 수학, 기하, 경제 수학, 수학 과제 탐구, 사회문제 탐구, 창의 경영, 지식 재산 일반 | 전문교과Ⅰ: 심화 수학I, 정보과학, 국제 경제, 세계 문제와 미래 사회, 사회 탐구 방법 및 사회과제 연구 | 전문교과Ⅱ: 기업과 경영, 회계 정보 처리 시스템, 금융 일반, 마케팅과 광고, 창업 일반, 커뮤니케이션, 유통 관리","사무자동화산업기사, 웹디자인기능사, 인터넷정보관리사, 전자상거래관리사, 정보처리산업기사",웹마스터
607,품질관리과,충청북도_충청대학교(제1캠퍼스)_품질경영과,"일반 선택: 화법과 언어, 독서와 작문, 문학, 대수, 미적분I, 확률과 통계, 영어I, 영어II, 영어 독해와 작문, 세계시민과 지리, 세계사, 사회와 문화, 정보, 제2외국어 과목 등 | 진로 선택: 미적분II, 기하, 경제 수학, 영어 발표와 토론, 법과 사회, 경제, 윤리와 사상, 국제 관계의 이해, 인공지능 기초, 데이터 과학 등 | 융합 선택: 실용 통계, 수학과제 탐구, 실생활 영어 회화, 세계 문화와 영어, 사회문제 탐구, 금융과 경제생활, 제2외국어 문화 과목 등","공통과목: 수학, 사회, 기술ㆍ가정, 생활ㆍ교양 | 일반선택과목: 수학교과 : 수학I, Ⅱ, 미적분, 확률과 통계 | 진로선택과목: 실용 수학, 기하, 경제 수학, 수학 과제 탐구, 사회문제 탐구, 창의 경영, 지식 재산 일반 | 전문교과Ⅰ: 심화 수학I, 정보과학, 국제 경제, 세계 문제와 미래 사회, 사회 탐구 방법 및 사회과제 연구 | 전문교과Ⅱ: 기업과 경영, 회계 정보 처리 시스템, 금융 일반, 마케팅과 광고, 창업 일반, 커뮤니케이션, 유통 관리","물류관리사, 산업안전산업기사, 생산자동화산업기사, 품질경영산업기사",산업공학기술자
69,국어국문학과,"서울특별시_건국대학교(제1캠퍼스)_국어국문학과, 서울특별시_경기대학교(제2캠퍼스)_국어국문학과, 서울특별시_경희대학교(제1캠퍼스)_국어국문학과, 서울특별시_경희사이버대학교(제1캠퍼스)_한국어문화학부, 서울특별시_고려대학교(제1캠퍼스)_국어국문학과, 서울특별시_고려사이버대학교(제1캠퍼스)_한국어ㆍ다문화학부, 서울특별시_광운대학교(제1캠퍼스)_국어국문학과, 서울특별시_국민대학교(제1캠퍼스)_한국어문학부, 서울특별시_국민대학교(제1캠퍼스)_국어국문학과, 서울특별시_국민대학교(제1캠퍼스)_글로벌한국어전공, 서울특별시_국민대학교(제1캠퍼스)_국어국문학전공, 서울특별시_덕성여자대학교(제1캠퍼스)_국어국문학과, 서울특별시_덕성여자대학교(제1캠퍼스)_국어국문학전공, 서울특별시_동국대학교(제1캠퍼스)_국어국문학과, 서울특별시_동국대학교(제1캠퍼스)_국어국문문예창작학부, 서울특별시_동국대학교(제1캠퍼스)_국어국문학전공, 서울특별시_동국대학교(제1캠퍼스)_문예창작학전공, 서울특별시_동덕여자대학교(제1캠퍼스)_인문학부 한국어문화전공, 서울특별시_동덕여자대학교(제1캠퍼스)_문예창작과, 서울특별시_동덕여자대학교(제1캠퍼스)_국어국문학과, 서울특별시_동덕여자대학교(제1캠퍼스)_인문학부 국어국문학전공, 서울특별시_명지대학교 인문캠퍼스(제2캠퍼스)_국어국문학과, 서울특별시_명지대학교 인문캠퍼스(제2캠퍼스)_국어국문학전공, 서울특별시_명지대학교 인문캠퍼스(제2캠퍼스)_글로벌한국어학전공(외), 서울특별시_사이버한국외국어대학교(제1캠퍼스)_한국어학부, 서울특별시_서강대학교(제1캠퍼스)_국어국문학과, 서울특별시_서울과학기술대학교(제1캠퍼스)_글로벌한국어문화학부, 서울특별시_서울대학교(제1캠퍼스)_국어국문학과, 서울특별시_서울사이버대학교(제1캠퍼스)_웹문예창작학과, 서울특별시_서울사이버대학교(제1캠퍼스)_한국어문화학과, 서울특별시_서울시립대학교(제1캠퍼스)_국어국문학과, 서울특별시_서울여자대학교(제1캠퍼스)_국어국문학과, 서울특별시_성균관대학교(제1캠퍼스)_국어국문학과, 서울특별시_성신여자대학교(제2캠퍼스)_국제학부(글로벌한국학전공), 서울특별시_성신여자대학교(제1캠퍼스)_국어국문학과, 서울특별시_세종대학교(제1캠퍼스)_한국언어문화전공, 서울특별시_세종대학교(제1캠퍼스)_국어국문학과, 서울특별시_숙명여자대학교(제1캠퍼스)_한국어문학부, 서울특별시_숭실대학교(제1캠퍼스)_예술창작학부 문예창작전공, 서울특별시_숭실대학교(제1캠퍼스)_국어국문학과, 서울특별시_연세대학교(제1캠퍼스)_한국언어문화교육전공, 서울특별시_연세대학교(제1캠퍼스)_국어국문학과, 서울특별시_이화여자대학교(제1캠퍼스)_국어국문학과, 서울특별시_이화여자대학교(제1캠퍼스)_국어국문학전공, 서울특별시_중앙대학교(제1캠퍼스)_국어국문학과, 서울특별시_추계예술대학교(제1캠퍼스)_문예창작과, 서울특별시_한국방송통신대학교(제1캠퍼스)_국어국문학과, 서울특별시_한국외국어대학교(제1캠퍼스)_외국어로서의한국어통번역전공, 서울특별시_한국외국어대학교(제1캠퍼스)_한국어교육과, 서울특별시_한국외국어대학교(제1캠퍼스)_KFL학부, 서울특별시_한국외국어대학교(제1캠퍼스)_외국어로서의한국어교육전공, 서울특별시_한성대학교(제1캠퍼스)_문학문화콘텐츠학과, 서울특별시_한성대학교(제1캠퍼스)_국어국문전공, 서울특별시_한양대학교(제1캠퍼스)_국어국문학과, 서울특별시_한양사이버대학교(제1캠퍼스)_한국어교육ㆍ문화콘텐츠학과, 서울특별시_홍익대학교(제1캠퍼스)_국어국문학과, 부산광역시_경성대학교(제1캠퍼스)_미디어콘텐츠학과, 부산광역시_경성대학교(제1캠퍼스)_국어국문학전공, 부산광역시_국립부경대학교(제1캠퍼스)_국어국문학과, 부산광역시_동명대학교(제1캠퍼스)_Dept. of Global Korean Studies, 부산광역시_동명대학교(제1캠퍼스)_한국어교육다문화학과, 부산광역시_동서대학교(제1캠퍼스)_Korean Language and Business학과, 부산광역시_동아대학교(제1캠퍼스)_국어국문학과, 부산광역시_동아대학교(제1캠퍼스)_한국어문학과, 부산광역시_동의대학교(제1캠퍼스)_국어국문ㆍ문예창작학과, 부산광역시_동의대학교(제1캠퍼스)_한국어문학과, 부산광역시_동의대학교(제1캠퍼스)_국어국문학과, 부산광역시_부산대학교(제1캠퍼스)_국어국문학과, 부산광역시_부산외국어대학교(제1캠퍼스)_한국어문화학부, 부산광역시_부산외국어대학교(제1캠퍼스)_한국어문화학부(한국어교육전공), 부산광역시_부산외국어대학교(제1캠퍼스)_국제학부(글로벌한국학전공), 부산광역시_부산외국어대학교(제1캠퍼스)_글로벌인재융합전공, 부산광역시_부산외국어대학교(제1캠퍼스)_K문화교육전공, 부산광역시_부산외국어대학교(제1캠퍼스)_한국어문화학부(한국언어문화전공), 부산광역시_신라대학교(제1캠퍼스)_문예창작비평학과, 인천광역시_인천대학교(제1캠퍼스)_국어국문학과, 인천광역시_인하대학교(제1캠퍼스)_KLC학과, 인천광역시_인하대학교(제1캠퍼스)_한국어문학과, 대전광역시_건양사이버대학교(제1캠퍼스)_다문화한국어학과, 대전광역시_대전대학교(제1캠퍼스)_국어국문창작학전공, 대전광역시_목원대학교(제1캠퍼스)_국어국문학과, 대전광역시_목원대학교(제1캠퍼스)_국제예술ㆍ한국어학부 한국어교육전공, 대전광역시_배재대학교(제1캠퍼스)_국어국문한국어교육학과, 대전광역시_배재대학교(제1캠퍼스)_미디어콘텐츠학과, 대전광역시_배재대학교(제1캠퍼스)_직무한국어번역, 대전광역시_충남대학교(제1캠퍼스)_국어국문학과, 대전광역시_한남대학교(제1캠퍼스)_국어국문ㆍ창작학과, 대구광역시_경북대학교(제1캠퍼스)_국어국문학과, 대구광역시_계명대학교(제1캠퍼스)_국어국문학과, 울산광역시_울산대학교(제1캠퍼스)_국어국문학전공, 울산광역시_울산대학교(제1캠퍼스)_한국어문학전공, 광주광역시_광주대학교(제1캠퍼스)_문예창작과, 광주광역시_광주대학교(제1캠퍼스)_한국어교육과, 광주광역시_송원대학교(제1캠퍼스)_한국어교육과, 광주광역시_전남대학교(제1캠퍼스)_국어국문학과, 광주광역시_조선대학교(제1캠퍼스)_국어국문학부(국어국문학전공), 광주광역시_조선대학교(제1캠퍼스)_국어국문학부, 광주광역시_조선대학교(제1캠퍼스)_국어국문학부(고전번역전공), 광주광역시_조선대학교(제1캠퍼스)_국어국문학과, 광주광역시_조선대학교(제1캠퍼스)_국어국문학부(한국어교육전공), 경기도_가천대학교(제1캠퍼스)_한국어문학과, 경기도_가톨릭대학교(제1캠퍼스)_국어국문학전공, 경기도_가톨릭대학교(제1캠퍼스)_국어국문학과, 경기도_가톨릭대학교(제1캠퍼스)_한국어교육융복합전공, 경기도_가톨릭대학교(제1캠퍼스)_한국어문화학과, 경기도_경기대학교(제1캠퍼스)_국어국문학과, 경기도_단국대학교(제1캠퍼스)_국어국문학과, 경기도_대진대학교(제1캠퍼스)_한국어문학과, 경기도_대진대학교(제1캠퍼스)_문예콘텐츠창작학과, 경기도_성결대학교(제1캠퍼스)_국어국문학과, 경기도_수원대학교(제1캠퍼스)_국어국문학, 경기도_신한대학교(제2캠퍼스)_한국어교육학과, 경기도_아주대학교(제1캠퍼스)_국어국문학과, 경기도_안양대학교(제1캠퍼스)_중국언어문화전공, 경기도_안양대학교(제1캠퍼스)_국어국문학전공, 경기도_안양대학교(제1캠퍼스)_국어국문학과, 경기도_예원예술대학교(제2캠퍼스)_국제매니지먼트학부, 경기도_한경국립대학교(제1캠퍼스)_문예창작미디어콘텐츠홍보전공, 경기도_한신대학교(제1캠퍼스)_국어국문학과, 경기도_한신대학교(제1캠퍼스)_한국어문학, 경기도_한신대학교(제1캠퍼스)_문예창작학, 경기도_한양대학교 ERICA캠퍼스(제1캠퍼스)_한국언어문학과, 강원특별자치도_강원대학교(제1캠퍼스)_국어국문학전공, 강원특별자치도_강원대학교(제1캠퍼스)_국어국문학과, 강원특별자치도_국립강릉원주대학교(제1캠퍼스)_국어국문학과, 강원특별자치도_상지대학교(제1캠퍼스)_한국어문화학과, 강원특별자치도_연세대학교 미래캠퍼스(제1캠퍼스)_국어국문학과, 강원특별자치도_연세대학교 미래캠퍼스(제1캠퍼스)_국어국문학전공, 강원특별자치도_한림대학교(제1캠퍼스)_국어국문학전공, 충청북도_건국대학교 글로컬캠퍼스(제1캠퍼스)_다문화ㆍ한국어교육전공, 충청북도_건국대학교 글로컬캠퍼스(제1캠퍼스)_동화미디어콘텐츠전공, 충청북도_건국대학교 글로컬캠퍼스(제1캠퍼스)_미디어콘텐츠전공, 충청북도_건국대학교 글로컬캠퍼스(제1캠퍼스)_미디어콘텐츠학과, 충청북도_건국대학교 글로컬캠퍼스(제1캠퍼스)_동화ㆍ한국어문화전공, 충청북도_건국대학교 글로컬캠퍼스(제1캠퍼스)_동화ㆍ한국어문화학과, 충청북도_건국대학교 글로컬캠퍼스(제1캠퍼스)_한국어문학전공 트랙, 충청북도_건국대학교 글로컬캠퍼스(제1캠퍼스)_한국어문콘텐츠전공, 충청북도_건국대학교 글로컬캠퍼스(제1캠퍼스)_미디어문예창작전공 트랙, 충청북도_건국대학교 글로컬캠퍼스(제1캠퍼스)_동화미디어콘텐츠학과, 충청북도_국립한국교통대학교(제1캠퍼스)_한국어문학전공, 충청북도_국립한국교통대학교(제1캠퍼스)_한국어문학과, 충청북도_서원대학교(제1캠퍼스)_한국어문학과, 충청북도_중원대학교(제1캠퍼스)_한국어교육문화학과, 충청북도_청주대학교(제1캠퍼스)_국어국문학과, 충청북도_충북대학교(제1캠퍼스)_국어국문학과, 충청남도_건양대학교(제1캠퍼스)_K-문화산업학과, 충청남도_남서울대학교(제1캠퍼스)_글로벌한국어문화학과, 충청남도_단국대학교(제2캠퍼스)_글로벌한국어과, 충청남도_단국대학교(제2캠퍼스)_문예창작과, 충청남도_상명대학교(제2캠퍼스)_글로벌지역학부 한국언어문화전공, 충청남도_선문대학교(제1캠퍼스)_한국문학콘텐츠창작학과, 충청남도_선문대학교(제1캠퍼스)_글로벌자유전공학부 한국언어문화, 충청남도_선문대학교(제1캠퍼스)_국어국문학과, 충청남도_순천향대학교(제1캠퍼스)_국어국문학과, 충청남도_순천향대학교(제1캠퍼스)_미디어콘텐츠학과, 충청남도_순천향대학교(제1캠퍼스)_외국어로서의 한국어교육학전공, 충청남도_유원대학교(제2캠퍼스)_미디어콘텐츠학과, 충청남도_중부대학교(제1캠퍼스)_한국어학전공, 충청남도_호서대학교(제2캠퍼스)_한국언어문화학과, 전북특별자치도_국립군산대학교(제1캠퍼스)_국어국문학과, 전북특별자치도_원광대학교(제1캠퍼스)_국어국문학과, 전북특별자치도_원광디지털대학교(제1캠퍼스)_한국어문화학과, 전북특별자치도_전북대학교(제1캠퍼스)_국어국문학과, 전북특별자치도_전주대학교(제1캠퍼스)_한국어문학창작학부, 전북특별자치도_전주대학교(제1캠퍼스)_한국어문학과, 전라남도_국립목포대학교(제1캠퍼스)_문예창작, 전라남도_국립목포대학교(제1캠퍼스)_국어국문 ㆍ 문예창작학부, 전라남도_국립목포대학교(제1캠퍼스)_국어국문학과, 전라남도_국립목포대학교(제1캠퍼스)_국어국문학, 전라남도_국립순천대학교(제1캠퍼스)_문예창작학전공, 전라남도_동신대학교(제1캠퍼스)_한국어교원학과, 전라남도_동신대학교(제1캠퍼스)_국제한국어학과, 전라남도_세한대학교(제1캠퍼스)_글로벌복지한국어학과, 전라남도_초당대학교(제1캠퍼스)_국제학과(한국어학전공), 경상북도_국립경국대학교(제1캠퍼스)_한자문화콘텐츠학전공, 경상북도_국립경국대학교(제1캠퍼스)_국어국문학과, 경상북도_국립경국대학교(제1캠퍼스)_한자문화콘텐츠학과, 경상북도_국립경국대학교(제1캠퍼스)_국어국문학전공, 경상북도_대구가톨릭대학교(제1캠퍼스)_국어국문학전공, 경상북도_대구가톨릭대학교(제1캠퍼스)_국제한국어전공, 경상북도_대구가톨릭대학교(제1캠퍼스)_한국어문학과, 경상북도_대구가톨릭대학교(제1캠퍼스)_한국어다문화전공, 경상북도_대구대학교(제1캠퍼스)_국제학부(한국어교육전공), 경상북도_대구대학교(제1캠퍼스)_문화예술학부(미디어문예창작전공), 경상북도_대구대학교(제1캠퍼스)_한국어문학부(국어국문학전공), 경상북도_대구대학교(제1캠퍼스)_국제학부(한국어통번역학전공), 경상북도_대구대학교(제1캠퍼스)_한국어교육학부(한국어교육전공), 경상북도_대구대학교(제1캠퍼스)_문화예술학부(웹미디어문예창작전공), 경상북도_대구대학교(제1캠퍼스)_한국어교육학부(한국어통번역학전공), 경상북도_대구사이버대학교(제1캠퍼스)_미디어콘텐츠학과, 경상북도_대구한의대학교(제1캠퍼스)_글로벌한국어학과, 경상북도_동국대학교 WISE캠퍼스(제1캠퍼스)_국어국문학전공, 경상북도_동국대학교 WISE캠퍼스(제1캠퍼스)_웹문예학과, 경상북도_동국대학교 WISE캠퍼스(제1캠퍼스)_국어국문학과, 경상북도_영남대학교(제1캠퍼스)_국제한국어교육전공, 경상북도_영남대학교(제1캠퍼스)_국어국문학과, 경상남도_경남대학교(제1캠퍼스)_한국어문학과, 경상남도_경상국립대학교(제1캠퍼스)_국어국문학과, 경상남도_국립창원대학교(제1캠퍼스)_국어국문학과, 제주특별자치도_제주대학교(제1캠퍼스)_국어국문학과, 세종특별자치시_고려대학교 세종캠퍼스(제1캠퍼스)_미디어문예창작전공, 세종특별자치시_고려대학교 세종캠퍼스(제1캠퍼스)_국어국문학과","일반 선택: 화법과 언어, 독서와 작문, 문학, 사회와 문화, 현대사회와 윤리, 연극 등 | 진로 선택: 주제 탐구 독서, 문학과 영상, 직무 의사소통, 인묵학과 윤리, 논리와 사고 등 | 융합 선택: 독서 토론과 글쓰기, 매체 의사소통, 언어생활 탐구, 논술 등","공통과목: 국어, 사회, 한문, 예술 | 일반선택과목: 국어교과 : 화법과 작문, 문학, 언어와 매체, 독서 | 진로선택과목: 실용 국어, 심화 국어, 고전 읽기, 사회문제 탐구, 고전과 윤리, 음악ㆍ미술 감상 비평 | 전문교과Ⅰ: 현대 문학 감상, 고전 문학 감상, 문예 창작 입문, 문학 개론, 문학과 매체, 시 창작, 소설 창작, 극 창작","국어능력인증시험, 사서, 중등학교2급정교사, 한국어교육능력검정시험",구성작가
10154,세무회계학과,"서울특별시_경희사이버대학교(제1캠퍼스)_세무회계학과, 서울특별시_고려사이버대학교(제1캠퍼스)_세무ㆍ회계학과, 서울특별시_동덕여자대학교(제1캠퍼스)_세무회계학과, 서울특별시_서울디지털대학교(제1캠퍼스)_세무회계학과, 서울특별시_서울사이버대학교(제1캠퍼스)_세무회계학과, 서울특별시_세종사이버대학교(제1캠퍼스)_세무ㆍ회계ㆍ금융학과, 서울특별시_숭실사이버대학교(제1캠퍼스)_세무회계학과, 부산광역시_부산외국어대학교(제1캠퍼스)_세무회계학과, 부산광역시_신라대학교(제1캠퍼스)_세무회계학과, 인천광역시_인천대학교(제1캠퍼스)_세무회계학과, 경기도_가톨릭대학교(제1캠퍼스)_세무회계금융학과, 경기도_협성대학교(제1캠퍼스)_세무회계학과, 충청남도_순천향대학교(제1캠퍼스)_세무회계학과, 충청남도_호서대학교(제2캠퍼스)_세무회계학전공","일반 선택: 화법과 언어, 독서와 작문, 문학, 대수, 미적분I, 확률과 통계, 영어I, 영어II, 영어 독해와 작문, 세계시민과 지리, 세계사, 사회와 문화, 정보, 제2외국어 과목 등 | 진로 선택: 미적분II, 기하, 경제 수학, 영어 발표와 토론, 법과 사회, 경제, 윤리와 사상, 국제 관계의 이해, 인공지능 기초, 데이터 과학 등 | 융합 선택: 실용 통계, 수학과제 탐구, 실생활 영어 회화, 세계 문화와 영어, 사회문제 탐구, 금융과 경제생활, 제2외국어 문화 과목 등","공통과목: 수학, 사회, 기술ㆍ가정, 생활ㆍ교양 | 일반선택과목: 수학교과 : 수학I, Ⅱ, 미적분, 확률과 통계 | 진로선택과목: 실용 수학, 기하, 경제 수학, 수학 과제 탐구, 사회문제 탐구 | 전문교과Ⅰ: 심화 수학I, 정보과학, 국제 경제, 국제법, 지역 이해, 세계 문제와 미래 사회, 국제 관계와 국제기구, 사회 탐구 방법 및 사회과제 연구 | 전문교과Ⅱ: 회계 원리, 세무 일반, 금융 일반, 보험 일반, 예산ㆍ자금, 무역 금융 업무","공인회계사, 관세사, 세무사, 전산회계운용사, 전자상거래관리사",관세사
70,국제통상학과,"서울특별시_건국대학교(제1캠퍼스)_국제통상학과, 서울특별시_경희대학교(제1캠퍼스)_국제통상ㆍ금융투자학부, 서울특별시_경희대학교(제1캠퍼스)_국제통상ㆍ금융투자학과, 서울특별시_광운대학교(제1캠퍼스)_국제통상학부, 서울특별시_광운대학교(제1캠퍼스)_국제통상전공, 서울특별시_국민대학교(제1캠퍼스)_국제통상학과, 서울특별시_덕성여자대학교(제1캠퍼스)_국제통상학전공, 서울특별시_덕성여자대학교(제1캠퍼스)_국제통상학과, 서울특별시_동국대학교(제1캠퍼스)_국제통상학부 글로벌무역학전공, 서울특별시_동국대학교(제1캠퍼스)_경제통상학부 국제통상학 전공, 서울특별시_동국대학교(제1캠퍼스)_국제통상학과, 서울특별시_동국대학교(제1캠퍼스)_국제통상학부 국제통상학전공, 서울특별시_명지대학교 인문캠퍼스(제2캠퍼스)_국제통상학전공, 서울특별시_명지대학교 인문캠퍼스(제2캠퍼스)_국제통상학과, 서울특별시_서울여자대학교(제1캠퍼스)_글로벌통상학부, 서울특별시_세종대학교(제1캠퍼스)_중국통상학과, 서울특별시_세종대학교(제1캠퍼스)_국제통상전공, 서울특별시_세종대학교(제1캠퍼스)_중국통상학전공/국제학부, 서울특별시_숭실대학교(제1캠퍼스)_글로벌통상학과, 서울특별시_연세대학교(제1캠퍼스)_국제통상전공, 서울특별시_한국외국어대학교(제1캠퍼스)_Language & Trade학부, 서울특별시_한국외국어대학교(제1캠퍼스)_국제통상학과, 서울특별시_한국외국어대학교(제1캠퍼스)_Language & Trade전공, 부산광역시_경성대학교(제1캠퍼스)_국제무역통상학과, 부산광역시_국립부경대학교(제1캠퍼스)_국제통상학전공, 부산광역시_국립부경대학교(제1캠퍼스)_국제통상학부, 부산광역시_동명대학교(제1캠퍼스)_국제통상물류학과, 부산광역시_동서대학교(제1캠퍼스)_국제통상학과, 부산광역시_동서대학교(제1캠퍼스)_국제통상물류학부, 부산광역시_부산외국어대학교(제1캠퍼스)_중국학부(중국지역통상전공), 부산광역시_부산외국어대학교(제1캠퍼스)_유럽지역통상전공, 부산광역시_부산외국어대학교(제1캠퍼스)_유럽학부(유럽지역통상전공), 부산광역시_부산외국어대학교(제1캠퍼스)_유럽지역통상학과, 인천광역시_인천대학교(제1캠퍼스)_중국통상전공, 인천광역시_인천대학교(제1캠퍼스)_러시아통상전공, 인천광역시_인천대학교(제1캠퍼스)_동북아국제통상전공, 인천광역시_인천대학교(제1캠퍼스)_동북아통상전공, 인천광역시_인천대학교(제1캠퍼스)_일본통상전공, 인천광역시_인천대학교(제1캠퍼스)_동북아국제통상물류학부, 인천광역시_인천대학교(제1캠퍼스)_동북아국제통상학부, 인천광역시_인천대학교(제1캠퍼스)_미국통상전공, 인천광역시_인천대학교(제1캠퍼스)_한국통상전공, 인천광역시_인하대학교(제1캠퍼스)_국제통상학과, 대전광역시_대전대학교(제1캠퍼스)_국제통상학과, 대전광역시_목원대학교(제1캠퍼스)_중국어중국통상학과, 대구광역시_계명대학교(제1캠퍼스)_국제통상학과, 경기도_가톨릭대학교(제1캠퍼스)_국제통상전공, 경기도_경기대학교(제1캠퍼스)_국제통상학과, 경기도_대진대학교(제1캠퍼스)_국제통상학과, 경기도_안양대학교(제1캠퍼스)_국제통상유통학과, 경기도_중부대학교(제2캠퍼스)_국제통상학과, 경기도_중부대학교(제2캠퍼스)_국제통상학전공, 경기도_한세대학교(제1캠퍼스)_영어통상통역학과, 경기도_한신대학교(제1캠퍼스)_국제통상ㆍ개발협력전공, 경기도_협성대학교(제1캠퍼스)_글로벌통상ㆍ문화학과, 강원특별자치도_국립강릉원주대학교(제1캠퍼스)_국제통상학과, 충청북도_건국대학교 글로컬캠퍼스(제1캠퍼스)_국제통상ㆍ문화학부, 충청북도_건국대학교 글로컬캠퍼스(제1캠퍼스)_국제통상학전공, 충청북도_국립한국교통대학교(제1캠퍼스)_국제통상전공, 충청북도_청주대학교(제1캠퍼스)_중국통상학과, 충청남도_국립공주대학교(제1캠퍼스)_국제통상학전공, 충청남도_금강대학교(제1캠퍼스)_국제통상통역학과, 충청남도_금강대학교(제1캠퍼스)_글로벌지역통상학(미국,중국,일본)전공, 충청남도_선문대학교(제1캠퍼스)_국제경제통상학과, 충청남도_순천향대학교(제1캠퍼스)_국제통상학과, 충청남도_한서대학교(제1캠퍼스)_국제통상학과, 충청남도_호서대학교(제2캠퍼스)_글로벌통상학과, 전북특별자치도_원광대학교(제1캠퍼스)_국제통상학부, 경상북도_경일대학교(제1캠퍼스)_상경학부 국제통상학전공, 경상북도_대구가톨릭대학교(제1캠퍼스)_경제통상학부, 경상북도_동국대학교 WISE캠퍼스(제1캠퍼스)_글로벌경제통상학부, 경상북도_영남대학교(제1캠퍼스)_국제통상전공, 경상남도_경상국립대학교(제1캠퍼스)_국제통상학과, 경상남도_경상국립대학교(제1캠퍼스)_국제통상전공, 경상남도_경상국립대학교(제1캠퍼스)_국제통상학부","일반 선택: 화법과 언어, 독서와 작문, 문학, 대수, 미적분I, 확률과 통계, 영어I, 영어II, 영어 독해와 작문, 세계시민과 지리, 세계사, 사회와 문화, 정보, 제2외국어 과목 등 | 진로 선택: 미적분II, 기하, 경제 수학, 영어 발표와 토론, 법과 사회, 경제, 윤리와 사상, 국제 관계의 이해, 인공지능 기초, 데이터 과학 등 | 융합 선택: 실용 통계, 수학과제 탐구, 실생활 영어 회화, 세계 문화와 영어, 사회문제 탐구, 금융과 경제생활, 제2외국어 문화 과목 등","공통과목: 영어, 사회, 생활ㆍ교양 | 일반선택과목: 영어교과 : 영어 회화, 영어I, 영어 독해와 작문, 영어Ⅱ | 진로선택과목: 실용 수학, 실용 영어, 영어권 문화, 진로 영어, 영미 문학 읽기, 사회문제 탐구, 창의 경영, 지식 재산 일반, 제2외국어Ⅱ 과목 | 전문교과Ⅰ: 정보과학, 국제 정치, 국제 경제, 국제법, 지역 이해, 비교 문화, 세계 문제와 미래 사회, 사회 탐구 방법 및 사회과제 연구 | 전문교과Ⅱ: 커뮤니케이션, 국제 상무, 기업과 경영, 비즈니스 영어","경영지도사, 관세사, 물류관리사, 유통관리사",경영컨설턴트
50,광고기획과,"경기도_동아방송예술대학교(제1캠퍼스)_광고제작과, 경기도_서울예술대학교(제1캠퍼스)_광고창작전공, 경기도_유한대학교(제1캠퍼스)_경영학과 광고미디어경영전공","일반 선택: 화법과 언어, 독서와 작문, 확률과 통계, 사회와 문화, 세계시민과 지리, 세계사, 현대사회와 윤리 등 | 진로 선택: 문학과 영상, 직무 영어, 경제, 동아시아 역사 기행, 법과 사회, 인간과 심리 등 | 융합 선택: 메체 의사소통, 사회문제 탐구, 여행지리, 윤리문제 탐구 등","공통과목: 국어, 사회, 생활ㆍ교양 | 일반선택과목: 국어교과 : 화법과 작문, 독서, 언어와 매체, 문학 | 진로선택과목: 실용 국어, 심화 국어, 고전 읽기, 여행지리, 사회문제 탐구 | 전문교과Ⅰ: 지역 이해, 세계 문제와 미래 사회, 현대 세계의 변화, 사회 탐구 방법 및 사회과제 연구 | 전문교과Ⅱ: 마케팅과 광고, 커뮤니케이션, 인간발달, 시각디자인, 광고 콘텐츠 제작, 빅데이터 분석","옥외광고사, 컨벤션기획사",광고기획자
432,일본어과,"서울특별시_명지전문대학(제1캠퍼스)_일본어과, 서울특별시_배화여자대학교(제1캠퍼스)_글로벌커뮤니케이션과 일본어전공, 서울특별시_배화여자대학교(제1캠퍼스)_일어통번역과, 서울특별시_배화여자대학교(제1캠퍼스)_일본어과, 서울특별시_서일대학교(제1캠퍼스)_비즈니스일본어과, 서울특별시_서일대학교(제1캠퍼스)_비즈니스일본어학과, 서울특별시_인덕대학교(제1캠퍼스)_비즈니스일본어과, 서울특별시_한양여자대학교(제1캠퍼스)_실무일본어학과, 서울특별시_한양여자대학교(제1캠퍼스)_실무일본어과, 부산광역시_부산경상대학교(제1캠퍼스)_관광일어과, 인천광역시_경인여자대학교(제1캠퍼스)_글로벌관광서비스과 일본어전공, 경기도_유한대학교(제1캠퍼스)_경영학과 일본비즈니스전공, 경기도_유한대학교(제1캠퍼스)_글로벌호텔항공학과 일본비즈니스전공, 경기도_유한대학교(제1캠퍼스)_글로벌관광학과 일본비즈니스전공, 경기도_유한대학교(제1캠퍼스)_글로벌비즈니스학과 일본비즈니스전공, 경기도_장안대학교(제1캠퍼스)_관광비즈니스일본어학과, 경기도_장안대학교(제1캠퍼스)_디지털비즈니스일본어과, 경기도_장안대학교(제1캠퍼스)_일본어콘텐츠학과, 경기도_장안대학교(제1캠퍼스)_관광비즈니스일어과, 경기도_장안대학교(제1캠퍼스)_디지털비즈니스일본어학과, 경기도_장안대학교(제1캠퍼스)_일본어콘텐츠과, 경기도_장안대학교(제1캠퍼스)_관광비즈니스일본어과, 경기도_한국관광대학교(제1캠퍼스)_관광일본어과, 강원특별자치도_강릉영동대학교(제1캠퍼스)_관광일어과, 충청북도_충청대학교(제1캠퍼스)_일본어통역과, 충청북도_충청대학교(제1캠퍼스)_항공호텔관광학부 일본어통역전공, 경상북도_영남외국어대학(제1캠퍼스)_관광일어과, 경상남도_마산대학교(제1캠퍼스)_일본어커뮤니케이션과, 제주특별자치도_제주한라대학교(제1캠퍼스)_관광일본어과","일반 선택: 화법과 언어, 독서와 작문, 문학, 세계시민과 지리, 세계사, 사회와 문화, 제2외국어, 한문 등 | 진로 선택: 문학과 영상, 인문학과 윤리, 동아시아 역사 기행, 국제 관계의 이해, 제2외국어 회화, 심화 제2외국어 등 | 융합 선택: 언어생활 탐구, 여행지리, 역사로 탐구하는 현대 세계, 사회문제 탐구, 제2외국어 문화, 언어생활과 한자 등","공통과목: 제2외국어, 사회, 국어, 한문 | 일반선택과목: 외국어교과 : 일본어, 중국어, 독일어, 영어 | 진로선택과목: 일본어Ⅱ, 일본어 회화, 한문Ⅱ, 심화 국어, 고전 읽기, 고전과 윤리, 사회문제 탐구, 여행지리, 일본 문화 | 전문교과Ⅰ: 관광 일본어, 사회과제 연구, 사회문제 탐구, 전공기초 일본어 | 전문교과Ⅱ: 관광 일본어, 일식 조리","관광통역안내사, 외국어번역행정사, 일본어능력시험(Flex일본어, JLPT, JPT등), 호텔경영사, 호텔관리사",여행안내원
456,재료공학과,"서울특별시_건국대학교(제1캠퍼스)_재료공학과, 서울특별시_광운대학교(제1캠퍼스)_전자재료공학과, 서울특별시_국민대학교(제1캠퍼스)_전자화학재료전공, 서울특별시_국민대학교(제1캠퍼스)_기계금속재료전공, 서울특별시_서경대학교(제1캠퍼스)_나노융합공학과, 서울특별시_서울대학교(제1캠퍼스)_재료공학부, 부산광역시_국립부경대학교(제1캠퍼스)_나노융합공학과, 부산광역시_국립부경대학교(제1캠퍼스)_재료공학전공, 부산광역시_동의대학교(제1캠퍼스)_고분자소재공학전공, 부산광역시_부산대학교(제1캠퍼스)_재료공학부, 대전광역시_배재대학교(제1캠퍼스)_나노고분자재료공학전공, 대전광역시_충남대학교(제1캠퍼스)_재료공학과, 대구광역시_경북대학교(제1캠퍼스)_금속재료공학과, 대구광역시_경북대학교(제1캠퍼스)_신소재공학부 전자재료공학전공, 울산광역시_울산대학교(제1캠퍼스)_재료공학전공, 광주광역시_조선대학교(제1캠퍼스)_재료공학과, 경기도_성균관대학교(제2캠퍼스)_소재부품융합공학과, 경기도_수원대학교(제1캠퍼스)_전자재료공학부, 경기도_수원대학교(제1캠퍼스)_전자재료공학, 경기도_한국공학대학교(제1캠퍼스)_스마트그린소재공학과, 경기도_한국항공대학교(제1캠퍼스)_항공재료공학과, 경기도_한양대학교 ERICA캠퍼스(제1캠퍼스)_재료화학공학과, 강원특별자치도_강원대학교(제2캠퍼스)_재료금속공학과, 강원특별자치도_강원대학교(제1캠퍼스)_재료공학전공, 강원특별자치도_강원대학교(제2캠퍼스)_재료융합공학부, 강원특별자치도_강원대학교(제2캠퍼스)_재료금속공학전공, 충청남도_국립공주대학교(제2캠퍼스)_금속재료공학전공, 충청남도_나사렛대학교(제1캠퍼스)_재활의료공학과, 충청남도_호서대학교(제1캠퍼스)_전자재료공학과, 전북특별자치도_전북대학교(제1캠퍼스)_유기소재파이버공학과, 전북특별자치도_전북대학교(제1캠퍼스)_신소재공학부 전자재료공학전공, 전라남도_국립순천대학교(제1캠퍼스)_첨단부품소재공학과, 경상북도_국립경국대학교(제1캠퍼스)_반도체ㆍ신소재공학과, 경상북도_국립경국대학교(제1캠퍼스)_반도체신소재공학전공, 경상북도_국립금오공과대학교(제1캠퍼스)_재료공학부, 경상남도_경상국립대학교(제1캠퍼스)_환경재료과학전공, 경상남도_경상국립대학교(제1캠퍼스)_나노ㆍ신소재공학부(금속재료공학전공), 경상남도_인제대학교(제1캠퍼스)_나노융합공학부, 세종특별자치시_홍익대학교 세종캠퍼스(제2캠퍼스)_재료공학부, 세종특별자치시_홍익대학교 세종캠퍼스(제2캠퍼스)_재료공학과","일반 선택: 대수, 미적분Ⅰ,확률과 통계, 물리학, 화학, 생명과학, 지구과학, 정보 등 | 진로 선택: 기하, 미적분Ⅱ, 역학과 에너지, 전자기와 양자, 물질과 에너지, 화학 반응의 세계, 세포와 물질대사, 로봇과 공학세계 등 | 융합 선택: 융합과학 탐구 등","공통과목: 수학, 과학, 기술ㆍ가정 | 일반선택과목: 수학교과 : 수학ⅠㆍⅡ, 미적분, 확률과 통계 | 진로선택과목: 기하, 물리학Ⅱ, 화학Ⅱ, 공학 일반 | 전문교과Ⅰ: 심화수학ⅠㆍⅡ, 고급 수학ⅠㆍⅡ, 고급 물리학, 물리학 실험, 고급 화학, 화학 실험, 과학과제 연구 | 전문교과Ⅱ: 공업 일반, 금속 열처리, 금속 재료 가공","3D프린터개발산업기사, 금속기사, 금속재료기사, 섬유기사, 의류기사",섬유공학기술자
351,연극영화과,"서울특별시_명지전문대학(제1캠퍼스)_연극영상학과, 서울특별시_서일대학교(제1캠퍼스)_연극영화학과, 서울특별시_서일대학교(제1캠퍼스)_영화방송공연예술학과(1년과정), 서울특별시_서일대학교(제1캠퍼스)_영화방송공연예술학과(영상비주얼테크), 서울특별시_서일대학교(제1캠퍼스)_영화방송공연예술학과(연기예술전공), 서울특별시_서일대학교(제1캠퍼스)_영화방송공연예술학과, 서울특별시_서일대학교(제1캠퍼스)_영화방송공연예술학과(영화방송제작전공), 서울특별시_숭의여자대학교(제1캠퍼스)_연기예술과, 서울특별시_인덕대학교(제1캠퍼스)_방송연예과(연기전공), 서울특별시_인덕대학교(제1캠퍼스)_방송연예과(뮤지컬전공), 서울특별시_인덕대학교(제1캠퍼스)_연기예술학과, 서울특별시_정화예술대학교(제2캠퍼스)_연기전공, 서울특별시_정화예술대학교(제2캠퍼스)_뮤지컬전공, 서울특별시_한양여자대학교(제1캠퍼스)_K-뷰티과, 부산광역시_부산경상대학교(제1캠퍼스)_첨단미디어ㆍ연기예술과, 부산광역시_부산경상대학교(제1캠퍼스)_방송영상연기과, 부산광역시_부산경상대학교(제1캠퍼스)_방송영상ㆍ영화과, 부산광역시_부산과학기술대학교(제1캠퍼스)_시니어연기모델과, 부산광역시_부산예술대학교(제1캠퍼스)_연극과, 부산광역시_부산예술대학교(제1캠퍼스)_프로덕션학부 온 스테이지과, 대전광역시_대덕대학교(제1캠퍼스)_K-모델과, 대전광역시_대덕대학교(제1캠퍼스)_연극영상과, 대전광역시_대덕대학교(제1캠퍼스)_K-뷰티과, 대구광역시_대구과학대학교(제1캠퍼스)_뮤지컬연기과, 대구광역시_영남이공대학교(제1캠퍼스)_모델테이너과, 대구광역시_영남이공대학교(제1캠퍼스)_K-뷰티과, 경기도_경민대학교(제1캠퍼스)_연기예술학과, 경기도_경민대학교(제1캠퍼스)_연기예술과, 경기도_경민대학교(제1캠퍼스)_뮤지컬연기학과, 경기도_경복대학교(제1캠퍼스)_공연예술과(3년제), 경기도_국제대학교(제1캠퍼스)_연기전공(공연예술학과), 경기도_국제대학교(제1캠퍼스)_연기예술학과, 경기도_국제대학교(제1캠퍼스)_연기전공(모델연기학과), 경기도_국제대학교(제1캠퍼스)_연기과, 경기도_김포대학교(제1캠퍼스)_연기과, 경기도_대경대학교(제2캠퍼스)_K-뷰티과, 경기도_대경대학교(제2캠퍼스)_연기예술과, 경기도_대경대학교(제2캠퍼스)_K-연극영화뮤지컬과, 경기도_동서울대학교(제1캠퍼스)_방송연예전공, 경기도_동서울대학교(제1캠퍼스)_연기예술학과, 경기도_동서울대학교(제1캠퍼스)_뮤지컬전공, 경기도_동서울대학교(제1캠퍼스)_연극전공, 경기도_동서울대학교(제1캠퍼스)_무대미술과, 경기도_동아방송예술대학교(제1캠퍼스)_방송연예계열 예능 전공, 경기도_동아방송예술대학교(제1캠퍼스)_무대미술과, 경기도_동아방송예술대학교(제1캠퍼스)_공연예술계열 연희연기 전공, 경기도_동아방송예술대학교(제1캠퍼스)_방송연예계열 연기 전공, 경기도_동아방송예술대학교(제1캠퍼스)_연극과, 경기도_동아방송예술대학교(제1캠퍼스)_공연예술계열 연극 전공, 경기도_동아방송예술대학교(제1캠퍼스)_공연예술계열 뮤지컬 전공, 경기도_동아방송예술대학교(제1캠퍼스)_연기예술학과, 경기도_동아방송예술대학교(제1캠퍼스)_방송영화연기과, 경기도_두원공과대학교(제2캠퍼스)_공연영상예술학부, 경기도_두원공과대학교(제2캠퍼스)_방송연예전공, 경기도_서울예술대학교(제1캠퍼스)_영화전공, 경기도_서울예술대학교(제1캠퍼스)_연기전공, 경기도_서울예술대학교(제1캠퍼스)_연극전공, 경기도_수원과학대학교(제1캠퍼스)_공연연기과, 경기도_수원과학대학교(제1캠퍼스)_연기영상과, 경기도_수원여자대학교(제1캠퍼스)_연기영상과, 경기도_용인예술과학대학교(제1캠퍼스)_연기예술과, 경기도_유한대학교(제1캠퍼스)_방송예술학과 방송연예전공, 경기도_청강문화산업대학교(제1캠퍼스)_무대미술전공, 경기도_청강문화산업대학교(제1캠퍼스)_연극영상연기전공, 경기도_청강문화산업대학교(제1캠퍼스)_뮤지컬연기전공, 경기도_청강문화산업대학교(제1캠퍼스)_연출극작전공, 강원특별자치도_송곡대학교(제1캠퍼스)_K-뷰티과, 강원특별자치도_송호대학교(제1캠퍼스)_공연영상IT과, 강원특별자치도_송호대학교(제1캠퍼스)_연기과, 충청남도_신성대학교(제1캠퍼스)_K-뷰티과, 전북특별자치도_백제예술대학교(제1캠퍼스)_방송연예과(예체능)(3년제), 전북특별자치도_백제예술대학교(제1캠퍼스)_방송연예과(예체능), 전북특별자치도_전북과학대학교(제1캠퍼스)_방송연예ㆍ미디어과, 전라남도_나주대학교(제1캠퍼스)_공연예술복지과, 경상북도_대경대학교(제1캠퍼스)_연예엔터테인먼트과, 경상북도_대경대학교(제1캠퍼스)_연극영화과, 경상북도_대경대학교(제1캠퍼스)_K-연극영화과, 경상북도_대경대학교(제1캠퍼스)_연극영화방송예술학부, 경상북도_호산대학교(제1캠퍼스)_연기과(3년제), 세종특별자치시_한국영상대학교(제1캠퍼스)_연기과(3년제)","일반 선택: 화법과 언어, 문학, 연극 등 | 진로 선택: 문학과 영상, 연극과 몸, 연극과 말, 연기, 무대 미술과 기술, 연극제작 실습, 연극 감상과 비평 등 | 융합 선택: 매체 의사소통, 연극과 삶, 음악과 미디어, 미술과 매체 등","공통과목: 음악, 윤리 | 일반선택과목: 예술교과 : 음악 | 진로선택과목: 음악 연주, 음악 감상과 비평 | 전문교과Ⅰ: 음악이론, 음악사, 시창ㆍ청음, 음악 전공 실기 | 전문교과Ⅱ: 음악 콘텐츠 제작","무대예술전문인(무대기계, 조명, 음향), 방송통신산업기사, 영사산업기사",가수
493,제과제빵과,"서울특별시_SPC식품과학대학(제1캠퍼스)_베이커리학과, 부산광역시_대동대학교(제1캠퍼스)_호텔조리&베이커리과, 부산광역시_동의과학대학교(제1캠퍼스)_제과제빵과, 부산광역시_부산과학기술대학교(제1캠퍼스)_호텔조리제과제빵과, 부산광역시_부산보건대학교(제1캠퍼스)_호텔제과제빵전공, 부산광역시_부산보건대학교(제1캠퍼스)_호텔제과제빵과, 부산광역시_부산보건대학교(제1캠퍼스)_호텔제과제빵학과, 부산광역시_부산여자대학교(제1캠퍼스)_호텔제과제빵과, 인천광역시_경인여자대학교(제1캠퍼스)_호텔조리베이커리과, 인천광역시_경인여자대학교(제1캠퍼스)_호텔조리베이커리학과, 인천광역시_재능대학교(제1캠퍼스)_호텔외식조리과 베이커리카페전공, 대전광역시_대전과학기술대학교(제1캠퍼스)_베이커리&스타일링전공, 대전광역시_대전과학기술대학교(제1캠퍼스)_외식조리제빵계열, 대전광역시_대전보건대학교(제1캠퍼스)_호텔조리&제과제빵과, 대전광역시_우송정보대학(제1캠퍼스)_K마이스터 스쿨 베이커리카페전공, 대전광역시_우송정보대학(제1캠퍼스)_K-베이커리학부, 대전광역시_우송정보대학(제1캠퍼스)_창업조리제빵과, 대전광역시_우송정보대학(제1캠퍼스)_제과제빵학부, 대전광역시_우송정보대학(제1캠퍼스)_파티시에과, 대전광역시_우송정보대학(제1캠퍼스)_글로벌제과제빵과, 대전광역시_우송정보대학(제1캠퍼스)_제과제빵과, 대구광역시_계명문화대학교(제1캠퍼스)_제과제빵과, 대구광역시_대구과학대학교(제1캠퍼스)_조리제과제빵음료전공, 대구광역시_대구보건대학교(제1캠퍼스)_호텔제과제빵학과, 대구광역시_수성대학교(제1캠퍼스)_제과제빵커피과, 대구광역시_영남이공대학교(제1캠퍼스)_글로벌베이커리과, 대구광역시_영진전문대학교(제1캠퍼스)_조리제과제빵과, 울산광역시_울산과학대학교(제1캠퍼스)_호텔조리제빵과, 광주광역시_동강대학교(제1캠퍼스)_외식조리제빵과, 광주광역시_서영대학교(제1캠퍼스)_호텔조리제빵과, 광주광역시_서영대학교(제1캠퍼스)_카페베이커리과, 광주광역시_조선이공대학교(제1캠퍼스)_호텔조리파티쉐과, 경기도_국제대학교(제1캠퍼스)_제과제빵전공(호텔조리제과제빵학과), 경기도_국제대학교(제1캠퍼스)_호텔조리전공(호텔조리제과제빵학과), 경기도_국제대학교(제1캠퍼스)_제과제빵과, 경기도_국제대학교(제1캠퍼스)_호텔조리제과제빵학과, 경기도_김포대학교(제1캠퍼스)_호텔제과제빵과, 경기도_대림대학교(제1캠퍼스)_제과제빵과, 경기도_대림대학교(제1캠퍼스)_제과제빵커피전공(호텔조리ㆍ제과학부), 경기도_대림대학교(제1캠퍼스)_제과제빵과(호텔조리ㆍ제과학부), 경기도_동서울대학교(제1캠퍼스)_제과산업특화과, 경기도_동서울대학교(제1캠퍼스)_카페베이커리전공, 경기도_동원대학교(제1캠퍼스)_호텔제과제빵과, 경기도_동원대학교(제1캠퍼스)_제과제빵과, 경기도_두원공과대학교(제2캠퍼스)_제과제빵과, 경기도_두원공과대학교(제2캠퍼스)_호텔조리제과제빵학부 제과제빵전공, 경기도_두원공과대학교(제2캠퍼스)_조리제과제빵학부, 경기도_서영대학교(제2캠퍼스)_조리제과제빵학과, 경기도_서영대학교(제2캠퍼스)_조리제과제빵과, 경기도_수원과학대학교(제1캠퍼스)_제과제빵과, 경기도_수원여자대학교(제2캠퍼스)_제과제빵과, 경기도_신구대학교(제1캠퍼스)_호텔베이커리과, 경기도_신구대학교(제1캠퍼스)_호텔외식베이커리과, 경기도_신안산대학교(제1캠퍼스)_호텔제과제빵과, 경기도_여주대학교(제1캠퍼스)_카페베이커리과, 경기도_여주대학교(제1캠퍼스)_호텔조리베이커리과, 경기도_연성대학교(제1캠퍼스)_카페ㆍ베이커리학과, 경기도_연성대학교(제1캠퍼스)_카페ㆍ베이커리과, 경기도_연성대학교(제1캠퍼스)_호텔외식조리과 카페ㆍ베이커리전공, 경기도_용인예술과학대학교(제1캠퍼스)_호텔제과제빵과(2년제), 경기도_용인예술과학대학교(제1캠퍼스)_호텔제과제빵학과, 경기도_용인예술과학대학교(제1캠퍼스)_베이커리학과, 경기도_유한대학교(제1캠퍼스)_호텔외식조리학과 카페베이커리전공, 경기도_유한대학교(제1캠퍼스)_호텔조리학과 카페베이커리전공, 경기도_장안대학교(제1캠퍼스)_호텔외식조리과 카페베이커리전공, 경기도_장안대학교(제1캠퍼스)_호텔조리베이커리과, 경기도_한국관광대학교(제1캠퍼스)_호텔제과제빵과, 경기도_한국관광대학교(제1캠퍼스)_제과제빵학과, 강원특별자치도_강릉영동대학교(제1캠퍼스)_제과제빵바리스타전공, 강원특별자치도_강원도립대학교(제1캠퍼스)_바리스타제과제빵과, 강원특별자치도_한림성심대학교(제1캠퍼스)_바리스타제과제빵과, 충청북도_대원대학교(제1캠퍼스)_호텔조리제빵과, 충청북도_충북도립대학교(제1캠퍼스)_조리제빵전공, 충청북도_충북도립대학교(제1캠퍼스)_조리제빵과, 충청북도_충북보건과학대학교(제1캠퍼스)_호텔제과음료과, 충청북도_충청대학교(제1캠퍼스)_호텔바리스타카페과, 충청북도_충청대학교(제1캠퍼스)_호텔조리파티쉐과, 충청북도_충청대학교(제1캠퍼스)_호텔조리파티쉐영양학부, 충청남도_백석문화대학교(제1캠퍼스)_호텔외식조리학부(베이커리카페스쿨), 충청남도_백석문화대학교(제1캠퍼스)_호텔외식조리학부(베이커리카페과), 충청남도_신성대학교(제1캠퍼스)_제과제빵과, 충청남도_충남도립대학교(제1캠퍼스)_호텔조리제빵학과, 충청남도_혜전대학교(제1캠퍼스)_제과제빵과(3년제), 충청남도_혜전대학교(제1캠퍼스)_제과제빵과, 충청남도_혜전대학교(제1캠퍼스)_제과제빵학과(1년제), 충청남도_혜전대학교(제1캠퍼스)_베이커리카페과(1.5년제), 충청남도_혜전대학교(제1캠퍼스)_베이커리카페과, 충청남도_혜전대학교(제1캠퍼스)_제과제빵학과, 전북특별자치도_전북과학대학교(제1캠퍼스)_호텔조리제과제빵과, 전북특별자치도_전주기전대학(제1캠퍼스)_호텔제과제빵과, 전라남도_목포과학대학교(제1캠퍼스)_호텔조리제빵과, 전라남도_전남도립대학교(제1캠퍼스)_호텔조리제빵과, 경상북도_경북전문대학교(제1캠퍼스)_호텔조리제빵과, 경상북도_구미대학교(제1캠퍼스)_호텔조리제빵바리스타과, 경상북도_대경대학교(제1캠퍼스)_베이커리카페과, 경상북도_대경대학교(제1캠퍼스)_제과제빵카페과, 경상북도_선린대학교(제1캠퍼스)_호텔조리제빵바리스타과, 경상북도_포항대학교(제1캠퍼스)_호텔조리커피제빵과, 경상북도_포항대학교(제1캠퍼스)_호텔조리커피제빵계열, 경상남도_거제대학교(제1캠퍼스)_베이커리창업과, 경상남도_김해대학교(제1캠퍼스)_휴먼케어학부 호텔조리제과제빵과, 경상남도_김해대학교(제1캠퍼스)_호텔조리제과제빵과, 경상남도_동원과학기술대학교(제1캠퍼스)_호텔식품제과제빵과, 경상남도_동원과학기술대학교(제1캠퍼스)_디저트카페창업전공, 경상남도_동원과학기술대학교(제1캠퍼스)_디저트카페창업과, 경상남도_마산대학교(제1캠퍼스)_식품영양조리제빵학부, 경상남도_마산대학교(제1캠퍼스)_외식조리제빵과, 경상남도_창원문성대학교(제1캠퍼스)_호텔조리제빵학부, 경상남도_창원문성대학교(제1캠퍼스)_제과제빵전공, 경상남도_창원문성대학교(제1캠퍼스)_호텔제과제빵과(3년제)","일반 선택: 대수, 미적분 Ⅰ, 확률과 통계, 사회와 문화, 화학, 생명과학, 기술·가정,정보 등 | 진로 선택: 미적분Ⅱ, 경제, 물질과 에너지, 화학 반응의 세계, 세포와 물질대사, 생물의 유전, 생활과학 탐구 등 | 융합 선택: 실용 통계 등","공통과목: 과학, 생활ㆍ교양, 사회 | 일반선택과목: 과학교과 : 생명과학Ⅰ, 화학Ⅰ, 물리Ⅰ | 진로선택과목: 생명과학Ⅱ, 화학Ⅱ, 융합과학, 생활과 과학, 농업생명과학, 가정과학 | 전문교과Ⅰ: 생명과학실험, 물리/화학 실험, 융합과학 탐구, 과학과제 연구 | 전문교과Ⅱ: 식품과 영양, 식품위생, 급식관리, 식품과학, 식품분석","바리스타, 제과기능사, 제빵기능사",바리스타
318,식품영양학과,"서울특별시_강서대학교(제1캠퍼스)_식품영양학부(식품영양학전공), 서울특별시_강서대학교(제1캠퍼스)_식품영양학과, 서울특별시_건국대학교(제1캠퍼스)_식품과학전공, 서울특별시_건국대학교(제1캠퍼스)_식품유통전공, 서울특별시_건국대학교(제1캠퍼스)_축산식품생명공학과, 서울특별시_건국대학교(제1캠퍼스)_식품유통공학과, 서울특별시_경기대학교(제2캠퍼스)_외식조리학과, 서울특별시_경기대학교(제2캠퍼스)_외식조리ㆍ관광서비스학과, 서울특별시_경기대학교(제2캠퍼스)_외식조리전공, 서울특별시_경희대학교(제1캠퍼스)_식품영양학과, 서울특별시_경희사이버대학교(제1캠퍼스)_조리서비스경영전공, 서울특별시_국민대학교(제1캠퍼스)_식품영양학과, 서울특별시_덕성여자대학교(제1캠퍼스)_식품영양학과, 서울특별시_덕성여자대학교(제1캠퍼스)_식품영양학전공, 서울특별시_동국대학교(제1캠퍼스)_식품산업관리학과, 서울특별시_동국대학교(제1캠퍼스)_식품과학부 식품산업시스템전공, 서울특별시_동덕여자대학교(제1캠퍼스)_자연과학부 식품영양학전공, 서울특별시_동덕여자대학교(제1캠퍼스)_식품영양학과, 서울특별시_디지털서울문화예술대학교(제1캠퍼스)_조리학과, 서울특별시_삼육대학교(제1캠퍼스)_식품영양학과, 서울특별시_상명대학교(제1캠퍼스)_외식의류학부 식품영양학전공, 서울특별시_서울과학기술대학교(제1캠퍼스)_식품생명공학과, 서울특별시_서울대학교(제1캠퍼스)_식품영양학과, 서울특별시_서울디지털대학교(제1캠퍼스)_외식조리전공, 서울특별시_서울여자대학교(제1캠퍼스)_식품공학전공, 서울특별시_서울여자대학교(제1캠퍼스)_식품영양학과, 서울특별시_서울여자대학교(제1캠퍼스)_식품응용시스템학부, 서울특별시_서울여자대학교(제1캠퍼스)_식품영양학전공, 서울특별시_성신여자대학교(제2캠퍼스)_바이오식품공학과, 서울특별시_성신여자대학교(제2캠퍼스)_바이오헬스융합학부, 서울특별시_성신여자대학교(제2캠퍼스)_식품영양학과, 서울특별시_세종대학교(제1캠퍼스)_글로벌조리학과, 서울특별시_세종대학교(제1캠퍼스)_식품공학전공/생명시스템학부, 서울특별시_세종사이버대학교(제1캠퍼스)_바리스타ㆍ소믈리에학과, 서울특별시_세종사이버대학교(제1캠퍼스)_조리ㆍ서비스경영학과, 서울특별시_숙명여자대학교(제1캠퍼스)_식품영양학과, 서울특별시_연세대학교(제1캠퍼스)_식품영양학과, 서울특별시_이화여자대학교(제1캠퍼스)_식품생명공학과, 서울특별시_이화여자대학교(제1캠퍼스)_식품영양학과, 서울특별시_이화여자대학교(제1캠퍼스)_식품공학전공, 서울특별시_이화여자대학교(제1캠퍼스)_식품생명공학전공, 서울특별시_한국방송통신대학교(제1캠퍼스)_생활과학부 식품영양학전공, 서울특별시_한양대학교(제1캠퍼스)_식품영양학과, 부산광역시_경성대학교(제1캠퍼스)_식품영양학과, 부산광역시_경성대학교(제1캠퍼스)_식품생명공학과, 부산광역시_고신대학교(제1캠퍼스)_외식창업학과, 부산광역시_고신대학교(제1캠퍼스)_식품영양학전공, 부산광역시_고신대학교(제1캠퍼스)_식품영양조리학부, 부산광역시_고신대학교(제1캠퍼스)_식품영양학과, 부산광역시_국립부경대학교(제1캠퍼스)_식품공학전공, 부산광역시_국립부경대학교(제1캠퍼스)_식품과학부, 부산광역시_국립부경대학교(제1캠퍼스)_블루푸드테크 융합전공, 부산광역시_국립부경대학교(제1캠퍼스)_식품영양학전공, 부산광역시_동명대학교(제1캠퍼스)_호텔조리베이커리학과, 부산광역시_동명대학교(제1캠퍼스)_식품영양학과, 부산광역시_동명대학교(제1캠퍼스)_영양식품학과, 부산광역시_동서대학교(제1캠퍼스)_식품영양학과, 부산광역시_동서대학교(제1캠퍼스)_식품영양학전공, 부산광역시_동아대학교(제1캠퍼스)_식품생명공학과, 부산광역시_동아대학교(제1캠퍼스)_식품영양학과, 부산광역시_동의대학교(제1캠퍼스)_식품영양학과, 부산광역시_동의대학교(제1캠퍼스)_식품공학전공, 부산광역시_부산대학교(제1캠퍼스)_식품영양학과, 부산광역시_신라대학교(제1캠퍼스)_바이오식품소재학과, 부산광역시_신라대학교(제1캠퍼스)_식품영양학과, 부산광역시_신라대학교(제1캠퍼스)_식품영양조리학부, 부산광역시_신라대학교(제1캠퍼스)_식품영양학전공, 부산광역시_신라대학교(제1캠퍼스)_식품조리학과, 부산광역시_신라대학교(제1캠퍼스)_식품조리학전공, 부산광역시_신라대학교(제1캠퍼스)_식품영양베이커리학부, 부산광역시_신라대학교(제1캠퍼스)_식품공학전공, 부산광역시_신라대학교(제1캠퍼스)_바이오식품공학과, 인천광역시_인하대학교(제1캠퍼스)_식품영양학과, 대전광역시_대전대학교(제1캠퍼스)_식품영양학과, 대전광역시_목원대학교(제1캠퍼스)_외식조리ㆍ제과제빵학과, 대전광역시_목원대학교(제1캠퍼스)_식품제약학부 식품전공, 대전광역시_배재대학교(제1캠퍼스)_외식조리학과, 대전광역시_배재대학교(제1캠퍼스)_식품영양학과, 대전광역시_배재대학교(제1캠퍼스)_식품영양학전공, 대전광역시_우송대학교(제1캠퍼스)_외식조리영양학부, 대전광역시_우송대학교(제1캠퍼스)_글로벌조리학부 Lyfe조리전공, 대전광역시_우송대학교(제1캠퍼스)_외식조리영양학과, 대전광역시_우송대학교(제1캠퍼스)_외식조리학부 제과제빵ㆍ조리전공, 대전광역시_우송대학교(제1캠퍼스)_외식조리학부 한식ㆍ조리과학전공, 대전광역시_우송대학교(제1캠퍼스)_외식조리학부 외식조리전공, 대전광역시_우송대학교(제1캠퍼스)_글로벌조리학부 글로벌조리전공, 대전광역시_충남대학교(제1캠퍼스)_식품영양학과, 대전광역시_한남대학교(제2캠퍼스)_식품영양학과, 대구광역시_경북대학교(제1캠퍼스)_식품공학부식품소재공학전공, 대구광역시_경북대학교(제1캠퍼스)_식품공학부식품생물공학전공, 대구광역시_경북대학교(제1캠퍼스)_식품공학부, 대구광역시_경북대학교(제1캠퍼스)_식품영양학과, 대구광역시_경북대학교(제1캠퍼스)_식품공학부식품응용공학전공, 대구광역시_계명대학교(제1캠퍼스)_식품영양학과, 대구광역시_계명대학교(제1캠퍼스)_식품가공학과, 울산광역시_울산대학교(제1캠퍼스)_식품영양학전공, 광주광역시_광주대학교(제1캠퍼스)_식품영양학과, 광주광역시_광주대학교(제1캠퍼스)_건강기능식품학과, 광주광역시_광주대학교(제1캠퍼스)_식품생명공학과, 광주광역시_광주대학교(제1캠퍼스)_호텔외식조리학과, 광주광역시_광주대학교(제1캠퍼스)_호텔조리제과제빵학과, 광주광역시_광주여자대학교(제1캠퍼스)_식품콘텐츠학과, 광주광역시_광주여자대학교(제1캠퍼스)_영양식품학과, 광주광역시_광주여자대학교(제1캠퍼스)_미래융합학부(영양식품학과), 광주광역시_광주여자대학교(제1캠퍼스)_식품영양학과, 광주광역시_남부대학교(제1캠퍼스)_호텔조리학과, 광주광역시_남부대학교(제1캠퍼스)_식품영양학과, 광주광역시_송원대학교(제1캠퍼스)_식품영양학과, 광주광역시_전남대학교(제1캠퍼스)_농식품생명화학부, 광주광역시_전남대학교(제1캠퍼스)_식품영양과학부, 광주광역시_조선대학교(제1캠퍼스)_식품영양학과, 광주광역시_호남대학교(제1캠퍼스)_식품영양학과, 광주광역시_호남대학교(제1캠퍼스)_외식조리학과, 경기도_가천대학교(제1캠퍼스)_식품생명공학과, 경기도_가천대학교(제1캠퍼스)_식품영양학과, 경기도_가천대학교(제1캠퍼스)_식품생물공학과, 경기도_가톨릭대학교(제1캠퍼스)_식품영양학과, 경기도_경기대학교(제1캠퍼스)_외식ㆍ조리학과, 경기도_경기대학교(제1캠퍼스)_식품생물공학전공, 경기도_경동대학교(제4캠퍼스)_외식사업학과, 경기도_경동대학교(제4캠퍼스)_호텔조리학과, 경기도_경희대학교(제2캠퍼스)_식품생명공학과, 경기도_대진대학교(제1캠퍼스)_식품영양학과, 경기도_동국대학교(제2캠퍼스)_식품생명공학과, 경기도_명지대학교 자연캠퍼스(제1캠퍼스)_식품영양학전공, 경기도_명지대학교 자연캠퍼스(제1캠퍼스)_식품영양학과, 경기도_성균관대학교(제2캠퍼스)_식품생명공학과, 경기도_수원대학교(제1캠퍼스)_식품영양학과, 경기도_신한대학교(제2캠퍼스)_식품영양학과, 경기도_신한대학교(제2캠퍼스)_외식조리전공, 경기도_신한대학교(제2캠퍼스)_바이오식품외식산업학과, 경기도_신한대학교(제2캠퍼스)_바이오식품산업전공, 경기도_안양대학교(제1캠퍼스)_식품영양학과, 경기도_용인대학교(제1캠퍼스)_식품영양학과, 경기도_용인대학교(제1캠퍼스)_식품조리학부, 경기도_을지대학교(제2캠퍼스)_건강식품과학전공, 경기도_을지대학교(제2캠퍼스)_식품영양학전공, 경기도_을지대학교(제2캠퍼스)_식품영양전공, 경기도_을지대학교(제2캠퍼스)_식품산업외식학과, 경기도_을지대학교(제2캠퍼스)_식품영양학과, 경기도_을지대학교(제2캠퍼스)_식품생명공학전공, 경기도_중앙대학교(제2캠퍼스)_식품공학부(식품공학전공), 경기도_중앙대학교(제2캠퍼스)_식품공학부(식품영양전공), 경기도_중앙대학교(제2캠퍼스)_식품공학부, 경기도_차의과학대학교(제1캠퍼스)_식품생명공학과, 경기도_한경국립대학교(제1캠퍼스)_식품영양학전공, 경기도_한경국립대학교(제1캠퍼스)_식품생물공학과, 경기도_한경국립대학교(제1캠퍼스)_식품생명공학전공, 경기도_한경국립대학교(제1캠퍼스)_식품생명화학공학부, 경기도_한경국립대학교(제1캠퍼스)_영양조리과학과, 강원특별자치도_가톨릭관동대학교(제1캠퍼스)_조리외식경영학전공, 강원특별자치도_가톨릭관동대학교(제1캠퍼스)_조리외식경영학과, 강원특별자치도_강원대학교(제1캠퍼스)_동물식품응용과학과, 강원특별자치도_강원대학교(제2캠퍼스)_식품영양학과, 강원특별자치도_강원대학교(제1캠퍼스)_식품생명공학전공, 강원특별자치도_강원대학교(제1캠퍼스)_식품생명공학과, 강원특별자치도_국립강릉원주대학교(제1캠퍼스)_해양바이오식품학과, 강원특별자치도_국립강릉원주대학교(제1캠퍼스)_해양바이오식품학과 해양식품융합전공, 강원특별자치도_국립강릉원주대학교(제1캠퍼스)_식품영양학과, 강원특별자치도_상지대학교(제1캠퍼스)_식품영양학전공, 강원특별자치도_상지대학교(제1캠퍼스)_식음료외식산업학과, 강원특별자치도_상지대학교(제1캠퍼스)_식품영양학과, 강원특별자치도_한림대학교(제1캠퍼스)_식품영양학과, 충청북도_건국대학교 글로컬캠퍼스(제1캠퍼스)_식품생명과학부, 충청북도_건국대학교 글로컬캠퍼스(제1캠퍼스)_식품학과, 충청북도_건국대학교 글로컬캠퍼스(제1캠퍼스)_식품학전공, 충청북도_건국대학교 글로컬캠퍼스(제1캠퍼스)_동물성식품소재학전공 트랙, 충청북도_건국대학교 글로컬캠퍼스(제1캠퍼스)_식품영양학과, 충청북도_건국대학교 글로컬캠퍼스(제1캠퍼스)_식품영양학전공 트랙, 충청북도_국립한국교통대학교(제2캠퍼스)_식품공학전공, 충청북도_국립한국교통대학교(제2캠퍼스)_식품영양학전공, 충청북도_국립한국교통대학교(제2캠퍼스)_식품생명학부, 충청북도_극동대학교(제1캠퍼스)_식품영양학과, 충청북도_극동대학교(제1캠퍼스)_호텔외식조리학과, 충청북도_극동대학교(제1캠퍼스)_호텔외식조리학전공, 충청북도_서원대학교(제1캠퍼스)_식품영양학과, 충청북도_서원대학교(제1캠퍼스)_호텔조리전공, 충청북도_서원대학교(제1캠퍼스)_호텔디저트식음료전공, 충청북도_서원대학교(제1캠퍼스)_호텔외식조리학부, 충청북도_세명대학교(제1캠퍼스)_바이오식품영양학부, 충청북도_세명대학교(제1캠퍼스)_바이오식품산업학부, 충청북도_유원대학교(제1캠퍼스)_와인사이언스학과, 충청북도_유원대학교(제1캠퍼스)_호텔외식조리학과, 충청북도_유원대학교(제1캠퍼스)_와인식음료학과, 충청북도_충북대학교(제1캠퍼스)_식품생명ㆍ축산과학부 식품생명공학전공, 충청북도_충북대학교(제1캠퍼스)_식품영양학과, 충청북도_충북대학교(제1캠퍼스)_식품생명공학과, 충청남도_국립공주대학교(제3캠퍼스)_식품영양학과, 충청남도_국립공주대학교(제3캠퍼스)_식품과학부, 충청남도_국립공주대학교(제3캠퍼스)_식품영양학전공, 충청남도_국립공주대학교(제3캠퍼스)_식품공학과(성인학습자전담과정), 충청남도_단국대학교(제2캠퍼스)_식품영양학과, 충청남도_단국대학교(제2캠퍼스)_바이오헬스융합학부, 충청남도_상명대학교(제2캠퍼스)_식물식품공학과, 충청남도_선문대학교(제1캠퍼스)_식품공학ㆍ영양학부, 충청남도_선문대학교(제1캠퍼스)_식품과학과, 충청남도_선문대학교(제1캠퍼스)_식품과학부, 충청남도_선문대학교(제1캠퍼스)_식품과학ㆍ수산생명의학부, 충청남도_순천향대학교(제1캠퍼스)_식품영양학과, 충청남도_중부대학교(제1캠퍼스)_호텔외식산업학과, 충청남도_중부대학교(제1캠퍼스)_식품영양학과, 충청남도_중부대학교(제1캠퍼스)_호텔외식산업학전공, 충청남도_중부대학교(제1캠퍼스)_식품생명과학과, 충청남도_중부대학교(제1캠퍼스)_바이오식품학전공, 충청남도_중부대학교(제1캠퍼스)_식품영양학전공, 충청남도_청운대학교(제1캠퍼스)_농생명식품융합학과, 충청남도_청운대학교(제1캠퍼스)_식품영양학과, 충청남도_한서대학교(제1캠퍼스)_식품생물공학과, 충청남도_호서대학교(제1캠퍼스)_식품영양학과, 전북특별자치도_국립군산대학교(제1캠퍼스)_식품생명공학과, 전북특별자치도_국립군산대학교(제1캠퍼스)_식품영양학과, 전북특별자치도_국립군산대학교(제1캠퍼스)_식품생명과학부(식품생명공학전공), 전북특별자치도_국립군산대학교(제1캠퍼스)_식품생명과학부(식품영양학전공), 전북특별자치도_우석대학교(제1캠퍼스)_호텔외식조리학과, 전북특별자치도_우석대학교(제1캠퍼스)_식품영양학과, 전북특별자치도_우석대학교(제1캠퍼스)_식품생명영양학과, 전북특별자치도_우석대학교(제1캠퍼스)_외식산업조리학과, 전북특별자치도_우석대학교(제1캠퍼스)_식품생명공학과, 전북특별자치도_원광대학교(제1캠퍼스)_식품생명공학과, 전북특별자치도_원광대학교(제1캠퍼스)_식품영양학과, 전북특별자치도_원광디지털대학교(제1캠퍼스)_한방건강약선학과, 전북특별자치도_전북대학교(제1캠퍼스)_식품영양학과, 전북특별자치도_전주대학교(제1캠퍼스)_외식산업조리학과, 전북특별자치도_전주대학교(제1캠퍼스)_바이오기능성식품학과, 전북특별자치도_전주대학교(제1캠퍼스)_식품영양학과, 전북특별자치도_전주대학교(제1캠퍼스)_한식조리학과, 전북특별자치도_호원대학교(제1캠퍼스)_외식.조리학부, 전북특별자치도_호원대학교(제1캠퍼스)_호텔외식조리학과, 전북특별자치도_호원대학교(제1캠퍼스)_식음료베이커리창업학과, 전북특별자치도_호원대학교(제1캠퍼스)_K-푸드창업학과, 전북특별자치도_호원대학교(제1캠퍼스)_식품외식조리학부, 전북특별자치도_호원대학교(제1캠퍼스)_식품환경화공학부, 전라남도_국립목포대학교(제1캠퍼스)_식품공학, 전라남도_국립목포대학교(제1캠퍼스)_식품영양학과, 전라남도_국립목포대학교(제1캠퍼스)_식품ㆍ제약공학부, 전라남도_국립순천대학교(제1캠퍼스)_식품과학부(식품공학전공), 전라남도_국립순천대학교(제1캠퍼스)_식품공학전공, 전라남도_국립순천대학교(제1캠퍼스)_조리과학전공, 전라남도_국립순천대학교(제1캠퍼스)_식품영양학과, 전라남도_국립순천대학교(제1캠퍼스)_바이오한약자원학과, 전라남도_동신대학교(제1캠퍼스)_식품영양학과, 전라남도_전남대학교(제2캠퍼스)_해양바이오식품학과, 전라남도_초당대학교(제1캠퍼스)_호텔조리베이커리학과, 전라남도_초당대학교(제1캠퍼스)_외식조리창업학과, 전라남도_초당대학교(제1캠퍼스)_제과제빵학과, 전라남도_초당대학교(제1캠퍼스)_호텔조리학과, 경상북도_경북대학교(제3캠퍼스)_식품외식산업학과, 경상북도_경일대학교(제1캠퍼스)_조기취업형계약학부 스마트푸드테크학과, 경상북도_경일대학교(제1캠퍼스)_식품개발학과, 경상북도_국립경국대학교(제1캠퍼스)_식품생명공학전공, 경상북도_국립경국대학교(제1캠퍼스)_식품영양학과, 경상북도_국립경국대학교(제1캠퍼스)_식품생명공학과, 경상북도_김천대학교(제1캠퍼스)_식품외식산업학과, 경상북도_김천대학교(제1캠퍼스)_식품영양학과, 경상북도_김천대학교(제1캠퍼스)_항공호텔조리학부(호텔조리전공), 경상북도_대구가톨릭대학교(제1캠퍼스)_외식ㆍ조리학과, 경상북도_대구가톨릭대학교(제1캠퍼스)_건강식품관리전공, 경상북도_대구가톨릭대학교(제1캠퍼스)_식품영양학과, 경상북도_대구가톨릭대학교(제1캠퍼스)_외식조리제과제빵학과, 경상북도_대구대학교(제1캠퍼스)_식품영양학과, 경상북도_대구대학교(제1캠퍼스)_식품가공외식학과, 경상북도_대구한의대학교(제1캠퍼스)_호텔외식조리전공, 경상북도_대구한의대학교(제1캠퍼스)_메디푸드HMR산업학과, 경상북도_대구한의대학교(제1캠퍼스)_식품조리학전공, 경상북도_대구한의대학교(제1캠퍼스)_호텔외식조리베이커리학과, 경상북도_대구한의대학교(제1캠퍼스)_글로벌푸드비즈니스전공, 경상북도_대구한의대학교(제1캠퍼스)_한방식품조리영양학부, 경상북도_대구한의대학교(제1캠퍼스)_약선푸드테크비즈니스학과, 경상북도_대구한의대학교(제1캠퍼스)_약선전공, 경상북도_대구한의대학교(제1캠퍼스)_식품영양학전공, 경상북도_대구한의대학교(제1캠퍼스)_인체정화생명공학과, 경상북도_대구한의대학교(제1캠퍼스)_식품영양전공, 경상북도_대구한의대학교(제1캠퍼스)_식품영양학과, 경상북도_대구한의대학교(제1캠퍼스)_식품생명공학과, 경상북도_대구한의대학교(제1캠퍼스)_푸드케어약선학과, 경상북도_대구한의대학교(제1캠퍼스)_식품생명공학전공, 경상북도_대구한의대학교(제1캠퍼스)_K-푸드비즈니스학과, 경상북도_동국대학교 WISE캠퍼스(제1캠퍼스)_조리외식경영학전공, 경상북도_신경주대학교(제1캠퍼스)_외식ㆍ조리학부, 경상북도_신경주대학교(제1캠퍼스)_외식조리학과, 경상북도_신경주대학교(제1캠퍼스)_외식조리전공, 경상북도_신경주대학교(제1캠퍼스)_K-푸드창업학과, 경상북도_영남대학교(제1캠퍼스)_식품영양학과, 경상북도_위덕대학교(제1캠퍼스)_외식조리창업전공, 경상북도_위덕대학교(제1캠퍼스)_외식제과제빵창업학과, 경상북도_위덕대학교(제1캠퍼스)_외식조리제과제빵학부, 경상북도_위덕대학교(제1캠퍼스)_제과제빵창업전공, 경상북도_위덕대학교(제1캠퍼스)_식품영양학전공, 경상북도_위덕대학교(제1캠퍼스)_시니어웰니스학과, 경상남도_가야대학교(제1캠퍼스)_외식조리영양학부, 경상남도_경남대학교(제1캠퍼스)_화장품식품개발학부 식품개발학전공, 경상남도_경남대학교(제1캠퍼스)_식품영양학과, 경상남도_경남대학교(제1캠퍼스)_외식조리학과, 경상남도_경상국립대학교(제1캠퍼스)_식품공학부, 경상남도_경상국립대학교(제1캠퍼스)_식품영양학과, 경상남도_경상국립대학교(제2캠퍼스)_해양식품공학과, 경상남도_국립창원대학교(제1캠퍼스)_식품영양학과, 경상남도_영산대학교(제1캠퍼스)_웰빙조리창업학과, 경상남도_영산대학교(제1캠퍼스)_K-Food조리전공, 경상남도_영산대학교(제1캠퍼스)_한국식품조리학과, 경상남도_영산대학교(제1캠퍼스)_조리예술학부, 경상남도_영산대학교(제1캠퍼스)_서양조리학과, 경상남도_영산대학교(제1캠퍼스)_동양조리전공, 경상남도_영산대학교(제1캠퍼스)_Bakery&Beverage전공, 경상남도_영산대학교(제1캠퍼스)_서양조리전공, 경상남도_영산대학교(제1캠퍼스)_동양조리학과, 경상남도_인제대학교(제1캠퍼스)_식품영양ㆍ식품공학부, 경상남도_창신대학교(제1캠퍼스)_식품영양학과, 제주특별자치도_제주국제대학교(제1캠퍼스)_항공식품ㆍ물류학과, 제주특별자치도_제주대학교(제1캠퍼스)_식품영양학과, 제주특별자치도_제주대학교(제1캠퍼스)_식품생명공학과, 세종특별자치시_고려대학교 세종캠퍼스(제1캠퍼스)_식품생명공학과","일반 선택: 대수, 미적분 Ⅰ, 확률과 통계, 사회와 문화, 화학, 생명과학, 기술·가정,정보 등 | 진로 선택: 미적분Ⅱ, 경제, 물질과 에너지, 화학 반응의 세계, 세포와 물질대사, 생물의 유전, 생활과학 탐구 등 | 융합 선택: 실용 통계 등","공통과목: 과학, 생활ㆍ교양, 사회 | 일반선택과목: 과학교과 : 생명과학Ⅰ, 화학Ⅰ, 물리Ⅰ | 진로선택과목: 생명과학Ⅱ, 화학Ⅱ, 융합과학, 생활과 과학, 농업생명과학, 가정과학 | 전문교과Ⅰ: 생명과학실험, 물리/화학 실험, 융합과학 탐구, 과학 과제 연구 | 전문교과Ⅱ: 식품과 영양, 식품위생, 급식관리, 식품과학, 식품분석","복어조리기능사, 식품가공기능사, 식품산업기사, 양식조리기능사, 영양사, 위생사, 일식조리기능사, 조리산업기사, 조주기능사, 중식조리기능사, 한식조리기능사",급식경영자
646,화장품과,"부산광역시_동의과학대학교(제1캠퍼스)_스마트화장품과, 인천광역시_재능대학교(제1캠퍼스)_화장품학과, 인천광역시_재능대학교(제1캠퍼스)_코스메틱개발과, 인천광역시_재능대학교(제1캠퍼스)_화장품과, 대전광역시_대전보건대학교(제1캠퍼스)_메디컬코스메틱과, 대전광역시_대전보건대학교(제1캠퍼스)_화장품과학과, 경기도_동서울대학교(제1캠퍼스)_피부화장품전공, 경기도_수원과학대학교(제1캠퍼스)_뷰티코디네이션과 피부화장품전공, 경기도_유한대학교(제1캠퍼스)_의료뷰티학과 뷰티화장품전공, 전북특별자치도_원광보건대학교(제1캠퍼스)_미용피부화장품학과, 전북특별자치도_원광보건대학교(제1캠퍼스)_미용피부화장품과, 경상북도_경북과학대학교(제1캠퍼스)_화장품뷰티과, 경상북도_구미대학교(제1캠퍼스)_피부뷰티맞춤화장품과, 경상북도_구미대학교(제1캠퍼스)_AI의료뷰티맞춤화장품과, 경상북도_구미대학교(제1캠퍼스)_의료뷰티맞춤화장품과","일반 선택: 대수, 미적분Ⅰ,확률과 통계, 물리학, 화학, 생명과학, 정보 등 | 진로 선택: 기하, 미적분Ⅱ, 물질과 에너지, 화학 반응의 세계, 세포와 물질대사, 생물의 유전 등 | 융합 선택: 융합과학 탐구 등","공통과목: 수학, 과학, 기술ㆍ가정 | 일반선택과목: 수학교과 : 수학ⅠㆍⅡ, 미적분, 확률과 통계 | 진로선택과목: 기하, 물리학Ⅱ, 화학Ⅱ, 공학 일반 | 전문교과Ⅰ: 심화수학ⅠㆍⅡ, 고급 수학ⅠㆍⅡ, 고급 물리학, 물리학 실험, 고급 화학, 화학 실험, 정보과학, 과학과제연구 | 전문교과Ⅱ: 공업 일반, 공업 화학, 제조 화학, 화학 분석, 석유 화학 제품","맞춤형화장품조제관리사, 미용사(피부), 조향사, 품질관리기사, 화학분석기능사",메이크업아티스트
240,사회복지학과,"서울특별시_강서대학교(제1캠퍼스)_사회복지학과, 서울특별시_강서대학교(제1캠퍼스)_사회복지학부, 서울특별시_경희사이버대학교(제1캠퍼스)_사회복지전공, 서울특별시_경희사이버대학교(제1캠퍼스)_사회복지학부, 서울특별시_고려사이버대학교(제1캠퍼스)_사회복지학과, 서울특별시_덕성여자대학교(제1캠퍼스)_사회복지학전공, 서울특별시_덕성여자대학교(제1캠퍼스)_사회복지학과, 서울특별시_동국대학교(제1캠퍼스)_사회복지학과, 서울특별시_동국대학교(제1캠퍼스)_사회복지상담학과, 서울특별시_동덕여자대학교(제1캠퍼스)_사회복지학과, 서울특별시_동덕여자대학교(제1캠퍼스)_사회과학부 사회복지학전공, 서울특별시_디지털서울문화예술대학교(제1캠퍼스)_사회복지학과, 서울특별시_명지대학교 인문캠퍼스(제2캠퍼스)_복지상담학과, 서울특별시_명지대학교 인문캠퍼스(제2캠퍼스)_복지상담경영학과, 서울특별시_명지대학교 인문캠퍼스(제2캠퍼스)_사회복지학과, 서울특별시_삼육대학교(제1캠퍼스)_사회복지학과, 서울특별시_상명대학교(제1캠퍼스)_가족복지학과, 서울특별시_서울기독대학교(제1캠퍼스)_사회복지전공, 서울특별시_서울기독대학교(제1캠퍼스)_사회복지학과, 서울특별시_서울대학교(제1캠퍼스)_사회복지학과, 서울특별시_서울디지털대학교(제1캠퍼스)_사회복지학과, 서울특별시_서울사이버대학교(제1캠퍼스)_사회복지전공, 서울특별시_서울사이버대학교(제1캠퍼스)_군경상담학과, 서울특별시_서울시립대학교(제1캠퍼스)_사회복지학과, 서울특별시_서울여자대학교(제1캠퍼스)_사회복지학과, 서울특별시_서울한영대학교(제1캠퍼스)_사회복지학과, 서울특별시_서울한영대학교(제1캠퍼스)_사회복지상담학과, 서울특별시_서울한영대학교(제1캠퍼스)_재활복지학과, 서울특별시_성공회대학교(제1캠퍼스)_사회복지학전공, 서울특별시_성균관대학교(제1캠퍼스)_사회복지학과, 서울특별시_성신여자대학교(제2캠퍼스)_사회복지학과, 서울특별시_세종사이버대학교(제1캠퍼스)_가족복지상담학과, 서울특별시_세종사이버대학교(제1캠퍼스)_군경상담학과, 서울특별시_세종사이버대학교(제1캠퍼스)_사회복지학과, 서울특별시_세종사이버대학교(제1캠퍼스)_사회복지행정학과, 서울특별시_숭실대학교(제1캠퍼스)_사회복지학부, 서울특별시_숭실사이버대학교(제1캠퍼스)_사회복지학과, 서울특별시_연세대학교(제1캠퍼스)_사회복지학과, 서울특별시_이화여자대학교(제1캠퍼스)_사회복지학과, 서울특별시_이화여자대학교(제1캠퍼스)_사회복지학전공(신), 서울특별시_중앙대학교(제1캠퍼스)_사회복지학부, 서울특별시_총신대학교(제1캠퍼스)_사회복지학과, 서울특별시_총신대학교(제1캠퍼스)_중독상담학과, 서울특별시_한국방송통신대학교(제1캠퍼스)_사회복지학과, 서울특별시_한국성서대학교(제1캠퍼스)_사회복지학과, 서울특별시_한국열린사이버대학교(제1캠퍼스)_사회복지학과, 서울특별시_한양사이버대학교(제1캠퍼스)_군경상담학과, 서울특별시_한양사이버대학교(제1캠퍼스)_사회복지학과, 부산광역시_경성대학교(제1캠퍼스)_사회복지학과, 부산광역시_고신대학교(제1캠퍼스)_사회복지학과, 부산광역시_국립부경대학교(제1캠퍼스)_사회복지학전공, 부산광역시_국립부경대학교(제1캠퍼스)_사회복지융합전공, 부산광역시_국립부경대학교(제1캠퍼스)_사회복지서비스학전공, 부산광역시_동명대학교(제1캠퍼스)_사회복지학과, 부산광역시_동서대학교(제1캠퍼스)_사회복지학전공, 부산광역시_동서대학교(제1캠퍼스)_사회복지상담학과, 부산광역시_동서대학교(제1캠퍼스)_사회복지학부, 부산광역시_동서대학교(제1캠퍼스)_사회복지학과, 부산광역시_동아대학교(제2캠퍼스)_사회복지학과, 부산광역시_동의대학교(제1캠퍼스)_사회복지학과, 부산광역시_동의대학교(제1캠퍼스)_사회복지학전공, 부산광역시_동의대학교(제1캠퍼스)_보육ㆍ가정상담학과, 부산광역시_부산가톨릭대학교(제1캠퍼스)_사회복지상담심리학과, 부산광역시_부산가톨릭대학교(제1캠퍼스)_사회복지학과, 부산광역시_부산대학교(제1캠퍼스)_사회복지학과, 부산광역시_부산디지털대학교(제1캠퍼스)_사회복지상담학부, 부산광역시_부산디지털대학교(제1캠퍼스)_사회복지학과, 부산광역시_부산외국어대학교(제1캠퍼스)_사회복지전공, 부산광역시_부산외국어대학교(제1캠퍼스)_사회복지학과, 부산광역시_부산외국어대학교(제1캠퍼스)_글로벌미래융합학부, 부산광역시_신라대학교(제1캠퍼스)_사회복지학과, 부산광역시_신라대학교(제1캠퍼스)_사회복지학전공, 부산광역시_신라대학교(제1캠퍼스)_상담치료복지학과, 부산광역시_신라대학교(제1캠퍼스)_복지상담학부 사회복지전공, 부산광역시_신라대학교(제1캠퍼스)_사회복지상담학과, 부산광역시_영산대학교(제2캠퍼스)_도시농업치유복지융합전공, 부산광역시_영산대학교(제2캠퍼스)_사회복지정보전공, 부산광역시_화신사이버대학교(제1캠퍼스)_사회복지학과, 부산광역시_화신사이버대학교(제1캠퍼스)_상담복지학부, 인천광역시_인천대학교(제1캠퍼스)_사회복지학과, 인천광역시_인하대학교(제1캠퍼스)_사회복지학과, 대전광역시_건양사이버대학교(제1캠퍼스)_사회복지상담학과, 대전광역시_건양사이버대학교(제1캠퍼스)_보건의료복지학과, 대전광역시_건양사이버대학교(제1캠퍼스)_사회복지학과, 대전광역시_대전대학교(제1캠퍼스)_사회복지학과, 대전광역시_대전대학교(제1캠퍼스)_케어복지학과, 대전광역시_목원대학교(제1캠퍼스)_사회복지학과, 대전광역시_배재대학교(제1캠퍼스)_실버보건학과(인문사회계열), 대전광역시_배재대학교(제1캠퍼스)_기독교사회복지학과, 대전광역시_배재대학교(제1캠퍼스)_보건의료복지학과, 대전광역시_우송대학교(제1캠퍼스)_사회복지학과, 대전광역시_충남대학교(제1캠퍼스)_사회복지학과, 대전광역시_한국침례신학대학교(제1캠퍼스)_사회복지학과, 대전광역시_한남대학교(제1캠퍼스)_사회복지학과, 대구광역시_경북대학교(제1캠퍼스)_사회복지학부 사회복지미시전공, 대구광역시_경북대학교(제1캠퍼스)_사회복지학부(사회복지미시전공, 사회복지거시전공), 대구광역시_경북대학교(제1캠퍼스)_사회복지학부 사회복지거시전공, 대구광역시_계명대학교(제1캠퍼스)_사회복지학과, 울산광역시_울산대학교(제1캠퍼스)_사회 ㆍ복지학전공, 광주광역시_광신대학교(제1캠퍼스)_사회복지상담학과, 광주광역시_광신대학교(제1캠퍼스)_복지상담융합학부, 광주광역시_광주대학교(제1캠퍼스)_사회복지학부, 광주광역시_광주여자대학교(제1캠퍼스)_미래융합학부(사회복지상담전공), 광주광역시_광주여자대학교(제1캠퍼스)_사회복지학과, 광주광역시_광주여자대학교(제1캠퍼스)_미래융합학부(사회복지상담학과), 광주광역시_남부대학교(제1캠퍼스)_사회복지학과, 광주광역시_송원대학교(제1캠퍼스)_사회복지학과, 광주광역시_조선대학교(제1캠퍼스)_행정복지학부(사회복지학전공), 광주광역시_조선대학교(제1캠퍼스)_미래융합학부(뷰티실버복지전공), 광주광역시_조선대학교(제1캠퍼스)_미래융합학부(건강여가복지전공), 광주광역시_호남대학교(제1캠퍼스)_사회복지학과, 광주광역시_호남신학대학교(제1캠퍼스)_사회복지상담학과, 광주광역시_호남신학대학교(제1캠퍼스)_기독교사회복지상담학과, 경기도_가천대학교(제1캠퍼스)_사회복지학과, 경기도_가톨릭대학교(제1캠퍼스)_사회복지학과, 경기도_강남대학교(제1캠퍼스)_복지융합대학, 경기도_강남대학교(제1캠퍼스)_사회복지학부, 경기도_경기대학교(제1캠퍼스)_사회복지학전공, 경기도_경동대학교(제4캠퍼스)_사회복지학과, 경기도_국제사이버대학교(제1캠퍼스)_사회복지학과, 경기도_대진대학교(제1캠퍼스)_실버복지상담학과, 경기도_대진대학교(제1캠퍼스)_사회복지학전공, 경기도_대진대학교(제1캠퍼스)_사회복지학과, 경기도_동양대학교(제2캠퍼스)_보건의료복지학과, 경기도_루터대학교(제1캠퍼스)_사회복지학과, 경기도_루터대학교(제1캠퍼스)_사회복지학전공, 경기도_서울신학대학교(제1캠퍼스)_사회복지학과, 경기도_서울장신대학교(제1캠퍼스)_사회복지학부, 경기도_서울장신대학교(제1캠퍼스)_복지상담학부, 경기도_서울장신대학교(제1캠퍼스)_사회복지학과, 경기도_성결대학교(제1캠퍼스)_사회복지학과, 경기도_신한대학교(제2캠퍼스)_사회복지학과, 경기도_아신대학교(제1캠퍼스)_상담복지학부, 경기도_용인대학교(제1캠퍼스)_사회복지학과, 경기도_을지대학교(제2캠퍼스)_휴먼서비스학부, 경기도_을지대학교(제3캠퍼스)_중독재활복지학과, 경기도_을지대학교(제2캠퍼스)_사회복지전공, 경기도_을지대학교(제2캠퍼스)_중독재활복지학과, 경기도_중앙승가대학교(제1캠퍼스)_사회복지학전공, 경기도_칼빈대학교(제1캠퍼스)_사회복지학과, 경기도_칼빈대학교(제1캠퍼스)_복지상담학과, 경기도_평택대학교(제1캠퍼스)_재활복지학과, 경기도_평택대학교(제1캠퍼스)_사회복지학과, 경기도_평택대학교(제1캠퍼스)_재활상담학과, 경기도_한경국립대학교(제1캠퍼스)_복지상담학전공, 경기도_한경국립대학교(제2캠퍼스)_사회복지학전공, 경기도_한세대학교(제1캠퍼스)_사회복지학과, 경기도_한신대학교(제1캠퍼스)_사회복지학전공, 경기도_한신대학교(제1캠퍼스)_사회복지학, 경기도_한신대학교(제1캠퍼스)_사회복지학과, 경기도_협성대학교(제1캠퍼스)_사회복지학과, 경기도_화성의과학대학교(제1캠퍼스)_의료사회복지학과, 경기도_화성의과학대학교(제1캠퍼스)_사회복지보건학과, 경기도_화성의과학대학교(제1캠퍼스)_의료복지학과, 경기도_화성의과학대학교(제1캠퍼스)_사회복지학과, 강원특별자치도_가톨릭관동대학교(제1캠퍼스)_사회복지학과, 강원특별자치도_가톨릭관동대학교(제1캠퍼스)_사회복지학전공, 강원특별자치도_가톨릭관동대학교(제1캠퍼스)_복지상담학과, 강원특별자치도_강원대학교(제2캠퍼스)_사회복지학과, 강원특별자치도_경동대학교(제3캠퍼스)_사회복지학과, 강원특별자치도_국립강릉원주대학교(제2캠퍼스)_사회복지학과, 강원특별자치도_국립강릉원주대학교(제2캠퍼스)_다문화학과, 강원특별자치도_상지대학교(제1캠퍼스)_재활상담학과, 강원특별자치도_상지대학교(제1캠퍼스)_실버헬스케어학과, 강원특별자치도_상지대학교(제1캠퍼스)_사회복지학과, 강원특별자치도_한라대학교(제1캠퍼스)_사회복지학과, 강원특별자치도_한림대학교(제1캠퍼스)_사회복지학전공, 강원특별자치도_한림대학교(제1캠퍼스)_사회복지학부, 충청북도_가톨릭꽃동네대학교(제1캠퍼스)_사회복지학과, 충청북도_가톨릭꽃동네대학교(제1캠퍼스)_사회복지학부, 충청북도_가톨릭꽃동네대학교(제1캠퍼스)_사회복지ㆍ상담심리학부 사회복지학과, 충청북도_가톨릭꽃동네대학교(제1캠퍼스)_사회복지ㆍ상담심리학부, 충청북도_건국대학교 글로컬캠퍼스(제1캠퍼스)_사회복지학과, 충청북도_건국대학교 글로컬캠퍼스(제1캠퍼스)_사회복지상담심리전공, 충청북도_건국대학교 글로컬캠퍼스(제1캠퍼스)_행정복지학부(사회복지학전공), 충청북도_국립한국교통대학교(제1캠퍼스)_사회복지학전공, 충청북도_국립한국교통대학교(제1캠퍼스)_사회복지학과, 충청북도_극동대학교(제1캠퍼스)_미래사회복지학과, 충청북도_극동대학교(제1캠퍼스)_사회복지학전공, 충청북도_극동대학교(제1캠퍼스)_사회복지학과, 충청북도_서원대학교(제1캠퍼스)_사회복지학전공, 충청북도_서원대학교(제1캠퍼스)_사회복지학부, 충청북도_서원대학교(제1캠퍼스)_복지행정학전공, 충청북도_세명대학교(제1캠퍼스)_라이프복지상담학과, 충청북도_세명대학교(제1캠퍼스)_사회복지학과, 충청북도_순복음총회신학교(제1캠퍼스)_사회학부 사회복지학전공, 충청북도_유원대학교(제1캠퍼스)_사회복지학전공, 충청북도_유원대학교(제1캠퍼스)_사회복지보육전공, 충청북도_유원대학교(제1캠퍼스)_사회복지상담전공, 충청북도_유원대학교(제1캠퍼스)_사회복지학부, 충청북도_유원대학교(제1캠퍼스)_스마트평생교육학부, 충청북도_중원대학교(제1캠퍼스)_사회복지학과, 충청북도_청주대학교(제1캠퍼스)_사회복지학과, 충청남도_건양대학교(제1캠퍼스)_사회복지학과, 충청남도_국립공주대학교(제1캠퍼스)_사회복지학과, 충청남도_글로벌사이버대학교(제1캠퍼스)_사회복지학부, 충청남도_금강대학교(제1캠퍼스)_사회복지학과, 충청남도_금강대학교(제1캠퍼스)_사회복지학전공, 충청남도_나사렛대학교(제1캠퍼스)_휴먼재활학부(인간재활학전공,수어통역교육전공), 충청남도_나사렛대학교(제1캠퍼스)_사회복지학부, 충청남도_나사렛대학교(제1캠퍼스)_브리지학부, 충청남도_나사렛대학교(제1캠퍼스)_수어통역교육전공, 충청남도_나사렛대학교(제1캠퍼스)_휴먼서비스학부, 충청남도_남서울대학교(제1캠퍼스)_사회복지학과, 충청남도_남서울대학교(제1캠퍼스)_휴먼케어학과, 충청남도_단국대학교(제2캠퍼스)_사회복지학과, 충청남도_백석대학교(제1캠퍼스)_사회복지학부, 충청남도_선문대학교(제1캠퍼스)_상담심리사회복지학과, 충청남도_선문대학교(제1캠퍼스)_사회복지학과, 충청남도_세한대학교(제2캠퍼스)_사회복지상담학과, 충청남도_순천향대학교(제1캠퍼스)_사회복지학과, 충청남도_유원대학교(제2캠퍼스)_문화복지융합학과, 충청남도_중부대학교(제1캠퍼스)_사회복지학과, 충청남도_중부대학교(제1캠퍼스)_사회복지학전공, 충청남도_청운대학교(제1캠퍼스)_사회복지상담학과, 충청남도_청운대학교(제1캠퍼스)_사회복지학과, 충청남도_한서대학교(제1캠퍼스)_보건상담복지학과, 충청남도_한서대학교(제1캠퍼스)_사회복지학과, 충청남도_호서대학교(제2캠퍼스)_사회복지학전공, 충청남도_호서대학교(제2캠퍼스)_사회복지학부, 충청남도_호서대학교(제2캠퍼스)_사회복지상담학과, 전북특별자치도_국립군산대학교(제1캠퍼스)_사회복지학부(사회복지서비스전공), 전북특별자치도_국립군산대학교(제1캠퍼스)_사회복지학부(사회복지정책전공), 전북특별자치도_국립군산대학교(제1캠퍼스)_사회복지학부, 전북특별자치도_예수대학교(제1캠퍼스)_사회복지학부, 전북특별자치도_우석대학교(제1캠퍼스)_아동사회복지학부, 전북특별자치도_우석대학교(제1캠퍼스)_재활상담학과, 전북특별자치도_원광대학교(제1캠퍼스)_복지ㆍ보건학부, 전북특별자치도_원광디지털대학교(제1캠퍼스)_사회복지학과, 전북특별자치도_전북대학교(제1캠퍼스)_사회복지학과, 전북특별자치도_전주대학교(제1캠퍼스)_사회복지학과, 전북특별자치도_한일장신대학교(제1캠퍼스)_사회복지학부, 전북특별자치도_한일장신대학교(제1캠퍼스)_사회복지학과, 전북특별자치도_호원대학교(제1캠퍼스)_사회복지학과, 전북특별자치도_호원대학교(제1캠퍼스)_사회복지학부, 전북특별자치도_호원대학교(제1캠퍼스)_사회복지상담학과, 전북특별자치도_호원대학교(제1캠퍼스)_사회복지경영학과, 전라남도_국립목포대학교(제1캠퍼스)_사회복지학과, 전라남도_국립순천대학교(제1캠퍼스)_사회복지학과, 전라남도_국립순천대학교(제1캠퍼스)_사회복지학부, 전라남도_국립순천대학교(제1캠퍼스)_사회서비스상담학과, 전라남도_국립순천대학교(제1캠퍼스)_사회복지학전공, 전라남도_동신대학교(제1캠퍼스)_헬스케어복지학과, 전라남도_동신대학교(제1캠퍼스)_사회복지학과, 전라남도_목포가톨릭대학교(제1캠퍼스)_사회복지학과, 전라남도_세한대학교(제1캠퍼스)_사회복지빅데이터학과, 전라남도_초당대학교(제1캠퍼스)_사회복지상담학과, 전라남도_초당대학교(제1캠퍼스)_글로벌실버케어학과, 경상북도_경운대학교(제1캠퍼스)_상담복지학과, 경상북도_경운대학교(제1캠퍼스)_사회복지전공, 경상북도_경일대학교(제1캠퍼스)_보건의료ㆍ사회복지학부, 경상북도_경일대학교(제1캠퍼스)_사회복지학과, 경상북도_국립경국대학교(제1캠퍼스)_아동ㆍ사회복지학과, 경상북도_국립경국대학교(제1캠퍼스)_사회복지학전공, 경상북도_국립경국대학교(제1캠퍼스)_아동ㆍ사회복지학부, 경상북도_국립경국대학교(제1캠퍼스)_사회복지ㆍ상담학부, 경상북도_김천대학교(제1캠퍼스)_사회복지학과, 경상북도_김천대학교(제1캠퍼스)_사회복지상담학부(사회복지전공), 경상북도_대구가톨릭대학교(제1캠퍼스)_복지서비스학과, 경상북도_대구가톨릭대학교(제1캠퍼스)_가족상담복지학과, 경상북도_대구가톨릭대학교(제1캠퍼스)_사회ㆍ복지학부, 경상북도_대구가톨릭대학교(제1캠퍼스)_사회복지학과, 경상북도_대구대학교(제1캠퍼스)_사회복지학과, 경상북도_대구대학교(제1캠퍼스)_평생교육실버복지학과, 경상북도_대구대학교(제1캠퍼스)_휴먼케어창의학부(실버복지ㆍ복지상담학전공), 경상북도_대구대학교(제1캠퍼스)_글로컬융합학부, 경상북도_대구사이버대학교(제1캠퍼스)_사회복지학과, 경상북도_대구사이버대학교(제1캠퍼스)_사회복지상담학과, 경상북도_대구한의대학교(제1캠퍼스)_평생교육복지전공, 경상북도_대구한의대학교(제1캠퍼스)_상담복지학부, 경상북도_대구한의대학교(제1캠퍼스)_사회복지경영전공, 경상북도_대구한의대학교(제1캠퍼스)_다문화복지한국어학과, 경상북도_대구한의대학교(제1캠퍼스)_평생교육융합학부, 경상북도_대구한의대학교(제1캠퍼스)_평생교육경영전공, 경상북도_대신대학교(제1캠퍼스)_사회복지학과, 경상북도_동국대학교 WISE캠퍼스(제1캠퍼스)_사회복지학과, 경상북도_동양대학교(제1캠퍼스)_AI융합사회복지학과, 경상북도_동양대학교(제1캠퍼스)_사회복지학과, 경상북도_신경주대학교(제1캠퍼스)_사회복지학과, 경상북도_영남사이버대학교(제1캠퍼스)_상담복지학과, 경상북도_영남사이버대학교(제1캠퍼스)_사회복지학과, 경상북도_영남신학대학교(제1캠퍼스)_사회복지학과, 경상북도_위덕대학교(제1캠퍼스)_사회복지학과, 경상북도_위덕대학교(제1캠퍼스)_사회복지서비스상담학과, 경상북도_한동대학교(제1캠퍼스)_상담심리사회복지학부, 경상남도_가야대학교(제1캠퍼스)_사회복지상담학과(3년과정), 경상남도_가야대학교(제1캠퍼스)_사회복지상담학과, 경상남도_경남대학교(제1캠퍼스)_사회복지학과, 경상남도_경상국립대학교(제1캠퍼스)_사회복지학부, 경상남도_경상국립대학교(제1캠퍼스)_사회복지학과, 경상남도_경상국립대학교(제1캠퍼스)_사회복지학전공, 경상남도_국립창원대학교(제1캠퍼스)_사회복지학과, 경상남도_국립창원대학교(제1캠퍼스)_가족복지학과, 경상남도_부산장신대학교(제1캠퍼스)_기독교사회복지상담학과, 경상남도_부산장신대학교(제1캠퍼스)_사회복지상담학과, 경상남도_영산대학교(제1캠퍼스)_사회복지학과, 경상남도_인제대학교(제1캠퍼스)_생활상담복지학부, 경상남도_인제대학교(제1캠퍼스)_사회복지학과, 경상남도_창신대학교(제1캠퍼스)_사회복지학과, 제주특별자치도_제주국제대학교(제1캠퍼스)_복지상담학부, 제주특별자치도_제주국제대학교(제1캠퍼스)_상담복지학과, 제주특별자치도_제주대학교(제1캠퍼스)_실버케어복지학과, 제주특별자치도_제주대학교(제1캠퍼스)_주거ㆍ가족복지전공","일반 선택: 현대사회와 윤리, 사회와 문화 등 | 진로 선택: 윤리와 사상, 정치, 법과 사회, 경제, 한국지리탐구, 도시의 미래 탐구, 국제 관계의 이해, 생활과학 탐구, 인간과 심리 등 | 융합 선택: 사회문제 탐구, 윤리문제 탐구, 등","공통과목: 사회, 생활ㆍ교양 | 일반선택과목: 사회교과 : 한국지리, 정치와 법, 사회ㆍ문화, 경제, 생활과 윤리 | 진로선택과목: 사회문제 탐구 | 전문교과Ⅰ: 지역 이해, 세계 문제와 미래 사회, 현대 세계의 변화, 사회 탐구 방법 및 사회과제 연구 | 전문교과Ⅱ: 사무 행정, 인간 발달, 아동 복지, 복지 서비스의 기초, 대인 복지 서비스","물리치료사, 사회복지사, 수화통역사, 직업상담사, 청소년상담사, 청소년지도사",사회복지사
10029,항공서비스학과,"서울특별시_디지털서울문화예술대학교(제1캠퍼스)_항공서비스학과, 부산광역시_경성대학교(제1캠퍼스)_문화서비스학전공, 부산광역시_동명대학교(제1캠퍼스)_항공서비스학과, 부산광역시_부산외국어대학교(제1캠퍼스)_항공서비스학과, 부산광역시_신라대학교(제1캠퍼스)_항공서비스학과, 대전광역시_배재대학교(제1캠퍼스)_항공서비스학과, 광주광역시_광주대학교(제1캠퍼스)_항공서비스학과, 광주광역시_광주여자대학교(제1캠퍼스)_항공서비스학과, 광주광역시_송원대학교(제1캠퍼스)_항공서비스학과, 광주광역시_호남대학교(제1캠퍼스)_항공서비스학과, 경기도_경동대학교(제4캠퍼스)_항공서비스학과, 강원특별자치도_한라대학교(제1캠퍼스)_항공서비스학과, 충청북도_국립한국교통대학교(제1캠퍼스)_항공서비스학과, 충청북도_세명대학교(제1캠퍼스)_항공서비스학과, 충청북도_중원대학교(제1캠퍼스)_항공서비스학과, 충청북도_청주대학교(제1캠퍼스)_항공서비스학과, 충청남도_세한대학교(제2캠퍼스)_항공서비스학과, 충청남도_중부대학교(제1캠퍼스)_항공서비스학전공, 충청남도_호서대학교(제1캠퍼스)_항공서비스학과, 전북특별자치도_우석대학교(제1캠퍼스)_항공서비스학과, 전라남도_동신대학교(제1캠퍼스)_항공서비스학과, 전라남도_초당대학교(제1캠퍼스)_항공서비스학과, 경상북도_경운대학교(제1캠퍼스)_항공서비스학과, 경상북도_경일대학교(제1캠퍼스)_항공서비스학과, 경상북도_대구한의대학교(제1캠퍼스)_항공서비스학과, 경상북도_대구한의대학교(제1캠퍼스)_항공서비스학전공, 경상북도_동양대학교(제1캠퍼스)_항공서비스학과, 경상남도_창신대학교(제1캠퍼스)_항공서비스학과","일반 선택: 현대사회와 윤리, 세계시민과 지리, 세계사, 사회와 문화, 제 2외국어 과목 등 | 진로 선택: 직무 영어, 한국지리 탐구 등 | 융합 선택: 세계 문화와 영어, 여행지리, 사회문제 탐구 등","공통과목: 영어, 사회, 생활ㆍ교양 | 일반선택과목: 영어교과 : 영어 회화, 영어I, 영어Ⅱ | 진로선택과목: 실용 영어, 진로 영어, 여행지리, 사회문제 탐구, 제2외국어 과목Ⅱ | 전문교과Ⅰ: 지역 이해, 세계 문제와 미래 사회, 사회 탐구 방법 및 사회과제 연구 | 전문교과Ⅱ: 커뮤니케이션, 비즈니스 영어","관광통역안내사, 국내여행안내사, 항공예약발권자격증(TOPAS, ABACUS), 호텔서비스사",비행기승무원
10021,작업치료학과,"부산광역시_고신대학교(제1캠퍼스)_작업치료학과, 부산광역시_동명대학교(제1캠퍼스)_작업치료학과, 부산광역시_동서대학교(제1캠퍼스)_작업치료학과, 대전광역시_건양대학교(제2캠퍼스)_작업치료학과, 대전광역시_우송대학교(제1캠퍼스)_작업치료학과, 광주광역시_광주대학교(제1캠퍼스)_작업치료학과, 광주광역시_광주여자대학교(제1캠퍼스)_작업치료학과, 광주광역시_조선대학교(제1캠퍼스)_작업치료학과, 광주광역시_호남대학교(제1캠퍼스)_작업치료학과, 강원특별자치도_강원대학교(제2캠퍼스)_작업치료학과, 강원특별자치도_경동대학교(제3캠퍼스)_작업치료학과, 강원특별자치도_상지대학교(제1캠퍼스)_작업치료학과, 강원특별자치도_연세대학교 미래캠퍼스(제1캠퍼스)_작업치료학과, 충청북도_극동대학교(제1캠퍼스)_작업치료학과, 충청북도_세명대학교(제1캠퍼스)_작업치료학과, 충청북도_중원대학교(제1캠퍼스)_작업치료학과, 충청북도_청주대학교(제1캠퍼스)_작업치료학과, 충청남도_백석대학교(제1캠퍼스)_작업치료학과, 충청남도_순천향대학교(제1캠퍼스)_작업치료학과, 충청남도_유원대학교(제2캠퍼스)_작업치료학과, 충청남도_중부대학교(제1캠퍼스)_작업치료학과, 충청남도_한서대학교(제1캠퍼스)_작업치료학과, 전북특별자치도_우석대학교(제1캠퍼스)_작업치료학과, 전북특별자치도_원광대학교(제1캠퍼스)_작업치료학과, 전북특별자치도_전주대학교(제1캠퍼스)_작업치료학과, 전북특별자치도_호원대학교(제1캠퍼스)_작업치료학과, 전라남도_동신대학교(제1캠퍼스)_작업치료학과, 전라남도_세한대학교(제1캠퍼스)_작업치료학과, 경상북도_경운대학교(제1캠퍼스)_작업치료학과, 경상북도_김천대학교(제1캠퍼스)_작업치료학과, 경상북도_대구대학교(제1캠퍼스)_작업치료학과, 경상남도_가야대학교(제1캠퍼스)_작업치료학과, 경상남도_경남대학교(제1캠퍼스)_작업치료학과, 경상남도_인제대학교(제1캠퍼스)_작업치료학과","일반 선택: 물리학, 화학, 생명과학, 현대사회와 윤리 등 | 진로 선택: 세포와 물질대사, 생물의 유전, 법과 사회, 보건 등 | 융합 선택: 융합과학 탐구 등","공통과목: 영어, 과학 | 일반선택과목: 영어교과 : 영어Ⅰ, 영어Ⅱ, 여엉 독해와 작문 | 진로선택과목: 생명과학Ⅱ | 전문교과Ⅰ: 체육지도법, 개인ㆍ대인 운동, 체육 전공 실기 응용 | 전문교과Ⅱ: 인체 구조와 기능, 기초 간호 임상 실무, 보건 간호",작업치료사,작업치료사
376,외식산업학과,"경기도_수원대학교(제1캠퍼스)_외식경영, 전북특별자치도_전주대학교(제1캠퍼스)_외식산업학과, 경상북도_대구한의대학교(제1캠퍼스)_관광푸드비즈니스학부","일반 선택: 화법과 언어, 독서와 작문, 문학, 대수, 미적분I, 확률과 통계, 영어I, 영어II, 영어 독해와 작문, 세계시민과 지리, 세계사, 사회와 문화, 정보, 제2외국어 과목 등 | 진로 선택: 미적분II, 기하, 경제 수학, 영어 발표와 토론, 법과 사회, 경제, 윤리와 사상, 국제 관계의 이해, 인공지능 기초, 데이터 과학 등 | 융합 선택: 실용 통계, 수학과제 탐구, 실생활 영어 회화, 세계 문화와 영어, 사회문제 탐구, 금융과 경제생활, 제2외국어 문화 과목 등","공통과목: 과학, 사회, 생활ㆍ교양, 영어 | 일반선택과목: 과학교과 : 생명과학I, 화학Ⅰ | 진로선택과목: 경제수학, 사회문제탐구, 창의경영, 실용경제, 생활과 창의성, 생명과학Ⅱ,  화학Ⅱ, 융합과학, 생활과 과학, 가정과학, 실용영어, 진로영어 | 전문교과Ⅰ: 지역이해, 사회과제 연구, 사회탐구 방법, 융합과학 탐구, 생명과학/화학 실험, 과학 과제 연구 | 전문교과Ⅱ: 회계원리, 창업 일반, 식품과 영양, 식품위생, 식품과학, 조리","복어조리기능사, 양식조리기능사, 위생사, 일식조리기능사, 제과기능사, 제빵기능사, 조주기능사, 중식조리기능사, 커피바리스타, 푸드코디네이터, 한식조리기능사",바리스타
10024,실내디자인학과,"서울특별시_덕성여자대학교(제1캠퍼스)_실내디자인학과, 서울특별시_한양대학교(제1캠퍼스)_실내건축디자인학과, 부산광역시_부산대학교(제1캠퍼스)_실내환경디자인학과, 부산광역시_신라대학교(제1캠퍼스)_실내건축디자인학과, 부산광역시_신라대학교(제1캠퍼스)_실내디자인학과, 광주광역시_광주여자대학교(제1캠퍼스)_실내건축디자인학과, 경기도_신한대학교(제2캠퍼스)_실내디자인학과, 경기도_한세대학교(제1캠퍼스)_실내건축디자인학과, 경기도_협성대학교(제1캠퍼스)_실내디자인학과, 강원특별자치도_강원대학교(제2캠퍼스)_실내가구디자인학과, 충청북도_건국대학교 글로컬캠퍼스(제1캠퍼스)_실내디자인학과, 충청북도_세명대학교(제1캠퍼스)_실내디자인학과, 충청남도_호서대학교(제1캠퍼스)_실내디자인학과, 경상북도_대구대학교(제1캠퍼스)_실내건축디자인학과, 경상북도_대구한의대학교(제1캠퍼스)_실내건축디자인학과, 경상남도_영산대학교(제1캠퍼스)_실내환경디자인학과","일반 선택: 독서와 작문, 문학, 대수, 확률과 통계, 영어Ⅰ, 영어Ⅱ, 영어 독해오작문, 미술, 정보 등 | 진로 선택: 주제 탐구 독서, 문학과 영상, 미술 창작, 미술 감상과 비평, 인간과 심리 등 | 융합 선택: 매체 의사소통, 미디어 영어, 세계 문화와 영어, 여행지리, 사회문제 탐구, 미술과 매체 등","공통과목: 미술, 윤리 | 일반선택과목: 예술교과 : 미술 | 진로선택과목: 미술 창작, 미술 감상과 비평 | 전문교과Ⅰ: 미술 이론, 미술사, 드로잉, 미술 전공 실기 | 전문교과Ⅱ: 디자인 일반, 시각 디자인, 색채 관리","건축기사, 시각디자인기사, 실내건축기사, 전산응용건축제도기능사, 컬러리스트기사",가구디자이너
253,산업디자인학과,"서울특별시_건국대학교(제1캠퍼스)_산업디자인학과, 서울특별시_경희사이버대학교(제1캠퍼스)_산업디자인전공, 서울특별시_서울과학기술대학교(제1캠퍼스)_디자인학과(산업디자인전공), 서울특별시_서울여자대학교(제1캠퍼스)_산업디자인학과, 서울특별시_성신여자대학교(제1캠퍼스)_산업디자인과, 서울특별시_세종대학교(제1캠퍼스)_산업디자인학과, 서울특별시_숙명여자대학교(제1캠퍼스)_산업디자인과, 서울특별시_이화여자대학교(제1캠퍼스)_산업디자인전공(신), 서울특별시_이화여자대학교(제1캠퍼스)_산업디자인전공, 서울특별시_한양사이버대학교(제1캠퍼스)_AI산업디자인학과, 서울특별시_홍익대학교(제1캠퍼스)_디자인학부 산업디자인전공, 부산광역시_경성대학교(제1캠퍼스)_산업디자인학전공, 부산광역시_경성대학교(제1캠퍼스)_산업디자인학과, 부산광역시_동명대학교(제1캠퍼스)_산업디자인학과, 부산광역시_동명대학교(제1캠퍼스)_반려동물산업디자인전공, 부산광역시_동서대학교(제1캠퍼스)_산업디자인학전공, 부산광역시_동아대학교(제1캠퍼스)_산업디자인학과, 부산광역시_동아대학교(제1캠퍼스)_건축ㆍ디자인ㆍ패션대학 산업디자인학과, 부산광역시_동의대학교(제1캠퍼스)_제품디자인공학전공, 부산광역시_동의대학교(제1캠퍼스)_산업디자인학과, 부산광역시_신라대학교(제1캠퍼스)_산업디자인융합학과, 부산광역시_신라대학교(제1캠퍼스)_산업디자인학전공, 부산광역시_신라대학교(제1캠퍼스)_산업디자인학과, 부산광역시_신라대학교(제1캠퍼스)_산업디자인전공, 대전광역시_국립한밭대학교(제1캠퍼스)_산업디자인학과, 대전광역시_목원대학교(제1캠퍼스)_산업디자인학과, 대전광역시_배재대학교(제1캠퍼스)_산업디자인전공, 대전광역시_한국과학기술원(제1캠퍼스)_산업디자인학과, 대구광역시_계명대학교(제2캠퍼스)_산업디자인과, 울산광역시_울산대학교(제1캠퍼스)_산업디자인학전공, 광주광역시_광주대학교(제1캠퍼스)_산업디자인학과, 광주광역시_호남대학교(제1캠퍼스)_산업디자인학과, 경기도_가천대학교(제1캠퍼스)_미술ㆍ디자인학부(산업디자인전공), 경기도_가천대학교(제1캠퍼스)_미술ㆍ디자인학부(디자인), 경기도_경기대학교(제1캠퍼스)_산업디자인전공, 경기도_경희대학교(제2캠퍼스)_산업디자인학과, 경기도_단국대학교(제1캠퍼스)_패션산업디자인과, 경기도_대진대학교(제1캠퍼스)_산업디자인학과, 경기도_명지대학교 자연캠퍼스(제1캠퍼스)_디자인학부 산업디자인전공, 경기도_신한대학교(제2캠퍼스)_산업디자인학과, 경기도_을지대학교(제2캠퍼스)_홍보디자인학전공, 경기도_중부대학교(제2캠퍼스)_산업디자인학전공, 경기도_중앙대학교(제2캠퍼스)_디자인학부(산업디자인전공), 경기도_한경국립대학교(제2캠퍼스)_제품공간디자인전공, 경기도_한국공학대학교(제1캠퍼스)_디자인공학부(산업디자인공학전공), 경기도_한양대학교 ERICA캠퍼스(제1캠퍼스)_산업디자인학과, 경기도_협성대학교(제1캠퍼스)_산업디자인학과, 강원특별자치도_강원대학교(제2캠퍼스)_산업디자인학과, 강원특별자치도_상지대학교(제1캠퍼스)_산업디자인학과, 강원특별자치도_상지대학교(제1캠퍼스)_산업융합디자인학과, 강원특별자치도_연세대학교 미래캠퍼스(제1캠퍼스)_산업디자인학전공, 충청북도_건국대학교 글로컬캠퍼스(제1캠퍼스)_산업디자인학과, 충청북도_건국대학교 글로컬캠퍼스(제1캠퍼스)_산업디자인전공, 충청북도_국립한국교통대학교(제1캠퍼스)_산업디자인전공, 충청북도_국립한국교통대학교(제1캠퍼스)_산업디자인학과, 충청북도_세명대학교(제1캠퍼스)_산업디자인학과, 충청북도_청주대학교(제1캠퍼스)_산업디자인학과, 충청남도_상명대학교(제2캠퍼스)_산업디자인학과, 충청남도_한서대학교(제1캠퍼스)_산업디자인학과, 충청남도_호서대학교(제1캠퍼스)_산업디자인학과, 전북특별자치도_국립군산대학교(제1캠퍼스)_산업디자인학부, 전북특별자치도_국립군산대학교(제1캠퍼스)_산업디자인학과, 전북특별자치도_우석대학교(제1캠퍼스)_산업디자인학과, 전북특별자치도_원광대학교(제1캠퍼스)_실내ㆍ산업디자인학과, 전북특별자치도_전북대학교(제1캠퍼스)_산업디자인과, 전북특별자치도_전북대학교(제1캠퍼스)_산업디자인학과, 전북특별자치도_전주대학교(제1캠퍼스)_산업디자인전공, 전북특별자치도_전주대학교(제1캠퍼스)_산업디자인학과, 경상북도_대구가톨릭대학교(제1캠퍼스)_산업디자인과, 경상북도_대구대학교(제1캠퍼스)_산업디자인학과, 경상북도_대구한의대학교(제1캠퍼스)_산업디자인공학전공, 경상북도_대구한의대학교(제1캠퍼스)_산업디자인공학과, 경상북도_영남대학교(제1캠퍼스)_산업디자인학과, 경상남도_국립창원대학교(제1캠퍼스)_산업디자인학과","일반 선택: 독서와 작문, 문학, 대수, 확률과 통계, 영어Ⅰ, 영어Ⅱ, 영어 독해오작문, 미술, 정보 등 | 진로 선택: 주제 탐구 독서, 문학과 영상, 미술 창작, 미술 감상과 비평, 인간과 심리 등 | 융합 선택: 매체 의사소통, 미디어 영어, 세계 문화와 영어, 여행지리, 사회문제 탐구, 미술과 매체 등","공통과목: 미술, 윤리 | 일반선택과목: 예술교과 : 미술 | 진로선택과목: 미술 창작, 미술 감상과 비평 | 전문교과Ⅰ: 미술 이론, 미술사, 드로잉, 미술 전공 실기 | 전문교과Ⅱ: 디자인 일반, 시각 디자인, 색채 관리","시각디자인산업기사, 웹디자인기능사, 제품디자인산업기사, 컬러리스트기사, 컴퓨터그래픽스운용기능사, 포장산업기사",공예원
10,간호학과,"서울특별시_가톨릭대학교(제2캠퍼스)_간호학과, 서울특별시_강서대학교(제1캠퍼스)_간호학과, 서울특별시_경희대학교(제1캠퍼스)_간호학과, 서울특별시_고려대학교(제1캠퍼스)_간호학과, 서울특별시_삼육대학교(제1캠퍼스)_간호학과(특별과정), 서울특별시_삼육대학교(제1캠퍼스)_간호학과, 서울특별시_서울대학교(제2캠퍼스)_간호대학, 서울특별시_서울대학교(제2캠퍼스)_간호학과, 서울특별시_성신여자대학교(제2캠퍼스)_간호학과, 서울특별시_연세대학교(제1캠퍼스)_간호학과, 서울특별시_이화여자대학교(제1캠퍼스)_간호학부, 서울특별시_이화여자대학교(제1캠퍼스)_글로벌건강간호학전공, 서울특별시_이화여자대학교(제1캠퍼스)_간호학전공, 서울특별시_중앙대학교(제1캠퍼스)_간호학과, 서울특별시_한국방송통신대학교(제1캠퍼스)_간호학과, 서울특별시_한국성서대학교(제1캠퍼스)_간호학과, 서울특별시_한양대학교(제1캠퍼스)_간호학과(야간), 서울특별시_한양대학교(제1캠퍼스)_간호학과, 부산광역시_경성대학교(제1캠퍼스)_간호학과, 부산광역시_고신대학교(제1캠퍼스)_간호학과, 부산광역시_국립부경대학교(제1캠퍼스)_간호학과, 부산광역시_동명대학교(제1캠퍼스)_간호학과, 부산광역시_동서대학교(제1캠퍼스)_간호학과, 부산광역시_동아대학교(제2캠퍼스)_간호학과, 부산광역시_동아대학교(제2캠퍼스)_간호학부 간호학과, 부산광역시_동의대학교(제1캠퍼스)_간호학과, 부산광역시_부산가톨릭대학교(제1캠퍼스)_간호학과, 부산광역시_신라대학교(제1캠퍼스)_간호학과, 부산광역시_영산대학교(제2캠퍼스)_간호학과, 부산광역시_인제대학교(제2캠퍼스)_간호학과, 인천광역시_가천대학교(제2캠퍼스)_간호학과, 인천광역시_연세대학교(제2캠퍼스)_간호전공, 인천광역시_인천가톨릭대학교(제2캠퍼스)_간호학과(4년제), 인천광역시_인하대학교(제1캠퍼스)_간호학과, 대전광역시_건양대학교(제2캠퍼스)_간호학과, 대전광역시_대전대학교(제1캠퍼스)_간호학과, 대전광역시_배재대학교(제1캠퍼스)_간호학과, 대전광역시_우송대학교(제1캠퍼스)_간호학과, 대전광역시_충남대학교(제1캠퍼스)_간호학과, 대전광역시_한남대학교(제1캠퍼스)_간호학과, 대구광역시_경북대학교(제1캠퍼스)_간호학과, 대구광역시_경북대학교(제2캠퍼스)_간호학과, 대구광역시_계명대학교(제1캠퍼스)_간호학과, 대구광역시_대구가톨릭대학교(제2캠퍼스)_간호학과, 대구광역시_대구대학교(제2캠퍼스)_간호학과, 울산광역시_울산대학교(제1캠퍼스)_간호학전공, 울산광역시_울산대학교(제1캠퍼스)_간호학과, 광주광역시_광주대학교(제1캠퍼스)_간호학과, 광주광역시_광주여자대학교(제1캠퍼스)_간호학과, 광주광역시_남부대학교(제1캠퍼스)_간호학과, 광주광역시_송원대학교(제1캠퍼스)_간호학과, 광주광역시_전남대학교(제1캠퍼스)_간호학과, 광주광역시_조선대학교(제1캠퍼스)_간호학과, 광주광역시_호남대학교(제1캠퍼스)_간호학과, 경기도_대진대학교(제1캠퍼스)_간호학과, 경기도_수원대학교(제1캠퍼스)_간호학과, 경기도_신한대학교(제2캠퍼스)_간호헬스케어학과, 경기도_신한대학교(제1캠퍼스)_간호학과, 경기도_신한대학교(제2캠퍼스)_간호헬스케어학과(보건), 경기도_아주대학교(제1캠퍼스)_간호학과(특별과정), 경기도_아주대학교(제1캠퍼스)_간호학과, 경기도_을지대학교(제2캠퍼스)_간호학과, 경기도_을지대학교(제3캠퍼스)_간호학과, 경기도_차의과학대학교(제1캠퍼스)_간호학과, 경기도_평택대학교(제1캠퍼스)_간호학과, 경기도_한세대학교(제1캠퍼스)_간호학과, 경기도_화성의과학대학교(제1캠퍼스)_간호학과, 강원특별자치도_가톨릭관동대학교(제1캠퍼스)_간호학과, 강원특별자치도_강원대학교(제2캠퍼스)_간호학과, 강원특별자치도_강원대학교(제1캠퍼스)_간호학과, 강원특별자치도_경동대학교(제3캠퍼스)_간호학과, 강원특별자치도_국립강릉원주대학교(제2캠퍼스)_간호학과, 강원특별자치도_상지대학교(제1캠퍼스)_간호학과, 강원특별자치도_연세대학교 미래캠퍼스(제1캠퍼스)_간호학과, 강원특별자치도_한림대학교(제1캠퍼스)_간호학과, 충청북도_가톨릭꽃동네대학교(제1캠퍼스)_간호학과, 충청북도_건국대학교 글로컬캠퍼스(제1캠퍼스)_간호학과, 충청북도_국립한국교통대학교(제2캠퍼스)_간호학과, 충청북도_극동대학교(제1캠퍼스)_간호학과, 충청북도_세명대학교(제1캠퍼스)_간호학과, 충청북도_유원대학교(제1캠퍼스)_간호학과, 충청북도_중원대학교(제1캠퍼스)_간호학과, 충청북도_청주대학교(제1캠퍼스)_간호학과, 충청북도_충북대학교(제1캠퍼스)_간호학과, 충청남도_국립공주대학교(제1캠퍼스)_간호학과, 충청남도_나사렛대학교(제1캠퍼스)_간호학과, 충청남도_남서울대학교(제1캠퍼스)_간호학과, 충청남도_단국대학교(제2캠퍼스)_간호학과, 충청남도_백석대학교(제1캠퍼스)_간호학과, 충청남도_상명대학교(제2캠퍼스)_간호학과, 충청남도_선문대학교(제1캠퍼스)_간호학과, 충청남도_순천향대학교(제1캠퍼스)_간호학과, 충청남도_중부대학교(제1캠퍼스)_간호학과, 충청남도_청운대학교(제1캠퍼스)_간호학과, 충청남도_한서대학교(제1캠퍼스)_간호학과, 충청남도_호서대학교(제1캠퍼스)_간호학과, 전북특별자치도_국립군산대학교(제1캠퍼스)_간호학부(간호학전공), 전북특별자치도_국립군산대학교(제1캠퍼스)_간호학부, 전북특별자치도_예수대학교(제1캠퍼스)_간호학부, 전북특별자치도_우석대학교(제1캠퍼스)_간호학과, 전북특별자치도_원광대학교(제1캠퍼스)_간호학과, 전북특별자치도_전북대학교(제1캠퍼스)_간호학과, 전북특별자치도_전주대학교(제1캠퍼스)_간호학과, 전북특별자치도_한일장신대학교(제1캠퍼스)_간호학과, 전북특별자치도_호원대학교(제1캠퍼스)_간호학과, 전라남도_국립목포대학교(제1캠퍼스)_간호학과, 전라남도_국립순천대학교(제1캠퍼스)_간호학과, 전라남도_동신대학교(제1캠퍼스)_간호학과, 전라남도_목포가톨릭대학교(제1캠퍼스)_간호학과, 전라남도_세한대학교(제1캠퍼스)_간호학과, 전라남도_초당대학교(제1캠퍼스)_간호학과, 경상북도_경운대학교(제1캠퍼스)_간호학과, 경상북도_경일대학교(제1캠퍼스)_간호학과, 경상북도_국립경국대학교(제1캠퍼스)_간호학부, 경상북도_국립경국대학교(제1캠퍼스)_간호학과(4년제), 경상북도_김천대학교(제1캠퍼스)_간호학과, 경상북도_대구한의대학교(제1캠퍼스)_간호학과, 경상북도_동국대학교 WISE캠퍼스(제1캠퍼스)_간호학과, 경상북도_동양대학교(제1캠퍼스)_간호학과, 경상북도_신경주대학교(제1캠퍼스)_간호학과, 경상북도_위덕대학교(제1캠퍼스)_간호학과, 경상남도_가야대학교(제1캠퍼스)_간호학과, 경상남도_경남대학교(제1캠퍼스)_간호학과, 경상남도_경상국립대학교(제1캠퍼스)_간호학과, 경상남도_국립창원대학교(제1캠퍼스)_간호학과, 경상남도_부산대학교(제3캠퍼스)_간호학과, 경상남도_인제대학교(제1캠퍼스)_간호학과(김해), 경상남도_창신대학교(제1캠퍼스)_간호학과, 제주특별자치도_제주대학교(제1캠퍼스)_간호학과","일반 선택: 화학, 생명과학, 사회와 문화, 현대사회와 윤리 등 | 진로 선택: 윤리와 사상, 인문학과 윤리, 물질과 에너지, 화학 반응의 세계, 세포와 물질대사, 생물의 유전, 인공지능기초, 데이터 과학, 보건 등 | 융합 선택: 융합과학 탐구, 생명과학 실험 등","공통과목: 영어, 과학, 윤리 | 일반선택과목: 영어교과 : 영어Ⅰ, 영어Ⅱ, 영어 독해와 작문 | 진로선택과목: 생명과학Ⅱ, 화학Ⅱ | 전문교과Ⅰ: 고급 화학 및 고급 생명과학, 화학실험 및 생명과학 실험, 과학과제 연구 | 전문교과Ⅱ: 공중 보건, 인체 구조와 기능, 보건 간호","간호사면허, 보건교사, 보육교사",간호사
582,코디네이션과,"대구광역시_대구보건대학교(제1캠퍼스)_뷰티코디네이션학과, 경기도_국제대학교(제1캠퍼스)_메이크업네일전공(뷰티코디네이션학부), 경기도_국제대학교(제1캠퍼스)_뷰티코디네이션학과, 경기도_국제대학교(제1캠퍼스)_피부헤어전공(뷰티코디네이션학부), 경기도_동서울대학교(제1캠퍼스)_뷰티코디네이션과(예체능), 경기도_서영대학교(제2캠퍼스)_뷰티코디네이션학부, 경기도_서영대학교(제2캠퍼스)_뷰티코디네이션학과, 경기도_서정대학교(제1캠퍼스)_의료코디네이션학과, 경기도_서정대학교(제1캠퍼스)_의료코디네이션과, 경기도_수원과학대학교(제1캠퍼스)_뷰티코디네이션과, 경기도_수원과학대학교(제1캠퍼스)_뷰티코디네이션과 피부미용전공, 경기도_수원과학대학교(제1캠퍼스)_뷰티코디네이션과 헤어전공, 경기도_청강문화산업대학교(제1캠퍼스)_스타일리스트전공, 충청북도_강동대학교(제1캠퍼스)_뷰티코디네이션과, 충청남도_백석문화대학교(제1캠퍼스)_뷰티코디네이션학부, 충청남도_충남도립대학교(제1캠퍼스)_뷰티코디네이션학과, 충청남도_충남도립대학교(제1캠퍼스)_뷰티코디네이션과, 제주특별자치도_제주관광대학교(제1캠퍼스)_의료관광코디네이터학과","일반 선택: 독서와 작문, 문학, 대수, 확률과 통계, 영어Ⅰ, 영어Ⅱ, 영어 독해오작문, 미술, 정보 등 | 진로 선택: 주제 탐구 독서, 문학과 영상, 미술 창작, 미술 감상과 비평, 인간과 심리 등 | 융합 선택: 매체 의사소통, 미디어 영어, 세계 문화와 영어, 여행지리, 사회문제 탐구, 미술과 매체 등","공통과목: 미술, 윤리 | 일반선택과목: 예술교과 : 미술 | 진로선택과목: 미술 창작, 미술 감상과 비평 | 전문교과Ⅰ: 미술 이론, 미술사, 드로잉 미술 전공 실기 | 전문교과Ⅱ: 디자인 일반, 시각디자인, 색체 관리","양복기능사, 염색기능사, 의류산업기사, 컬러리스트산업기사, 한복산업기사",메이크업아티스트
303,스페인어학과,"서울특별시_고려대학교(제1캠퍼스)_서어서문학과, 서울특별시_덕성여자대학교(제1캠퍼스)_스페인어전공, 서울특별시_덕성여자대학교(제1캠퍼스)_스페인어과, 서울특별시_사이버한국외국어대학교(제1캠퍼스)_스페인어학부, 서울특별시_서울대학교(제1캠퍼스)_서어서문학과, 서울특별시_한국외국어대학교(제1캠퍼스)_스페인어과, 부산광역시_부산외국어대학교(제1캠퍼스)_스페인어과, 부산광역시_부산외국어대학교(제1캠퍼스)_중남미학부(스페인어전공), 부산광역시_부산외국어대학교(제1캠퍼스)_스페인어전공, 대전광역시_배재대학교(제1캠퍼스)_스페인ㆍ중남미학과, 대전광역시_배재대학교(제1캠퍼스)_스페인어ㆍ중남미학과, 대구광역시_계명대학교(제1캠퍼스)_스페인어중남미학과, 울산광역시_울산대학교(제1캠퍼스)_스페인ㆍ중남미학전공, 광주광역시_조선대학교(제1캠퍼스)_유럽언어문화학부(스페인중남미전공), 광주광역시_조선대학교(제1캠퍼스)_유럽언어문화학부(스페인어전공), 광주광역시_조선대학교(제1캠퍼스)_스페인어과, 경기도_경희대학교(제2캠퍼스)_스페인어학과, 경기도_한국외국어대학교(제2캠퍼스)_스페인어통번역학과, 충청남도_단국대학교(제2캠퍼스)_스페인어과, 충청남도_단국대학교(제2캠퍼스)_유럽중남미학부 스페인중남미학전공, 충청남도_선문대학교(제1캠퍼스)_외국어자율전공학부 스페인어중남미전공, 충청남도_선문대학교(제1캠퍼스)_외국어학부 스페인어중남미전공, 충청남도_선문대학교(제1캠퍼스)_스페인어중남미학과, 전북특별자치도_전북대학교(제1캠퍼스)_스페인ㆍ중남미학과, 전라남도_전남대학교(제2캠퍼스)_헬스케어메디컬공학부, 경상북도_대구가톨릭대학교(제1캠퍼스)_스페인어중남미학과","일반 선택: 화법과 언어, 독서와 작문, 문학, 세계시민과 지리, 세계사, 사회와 문화, 제2외국어 등 | 진로 선택: 문학과 영상, 인문학과 윤리, 국제 관계의 이해, 제2외국어 회화, 심화 제2외국어 등 | 융합 선택: 언어생활 탐구, 여행지리, 역사로 탐구하는 현대 세계, 사회문제 탐구, 제2외국어 문화 등","공통과목: 제2외국어, 사회, 예술, 국어 | 일반선택과목: 외국어교과 : 스페인어, 영어 회화, 영어, 독일어, 프랑스어 | 진로선택과목: 실용 국어, 심화 국어, 고전 읽기, 고전과 윤리, 사회문제 탐구, 여행지리, 음악ㆍ미술감상 비평 | 전문교과Ⅰ: 전공기초 스페인어, 스페인어 회화, 스페인어 독해와 작문, 스페인어권 문화, 지역 이해, 사회과제 연구 | 전문교과Ⅱ: 서양 조리","관광통역안내사, 스페인어능력시험(Flex스페인어, DELE, EPLE등), 외국어번역행정사, 호텔경영사, 호텔관리사",여행안내원
352,연극영화학과,"서울특별시_건국대학교(제1캠퍼스)_매체연기학과, 서울특별시_경기대학교(제2캠퍼스)_연기학과, 서울특별시_국민대학교(제1캠퍼스)_영화전공, 서울특별시_국민대학교(제1캠퍼스)_연극전공, 서울특별시_동국대학교(제1캠퍼스)_연극전공, 서울특별시_동국대학교(제1캠퍼스)_연극학부, 서울특별시_동덕여자대학교(제1캠퍼스)_공연예술학부 방송연예전공, 서울특별시_동덕여자대학교(제1캠퍼스)_방송연예과, 서울특별시_동덕여자대학교(제1캠퍼스)_공연예술학부 모델전공, 서울특별시_동덕여자대학교(제1캠퍼스)_모델과, 서울특별시_디지털서울문화예술대학교(제1캠퍼스)_연극영화학과, 서울특별시_디지털서울문화예술대학교(제1캠퍼스)_모델학과, 서울특별시_서경대학교(제1캠퍼스)_연출전공, 서울특별시_서경대학교(제1캠퍼스)_연기전공, 서울특별시_서경대학교(제1캠퍼스)_공연예술학부, 서울특별시_서경대학교(제1캠퍼스)_모델연기전공, 서울특별시_서경대학교(제1캠퍼스)_뮤지컬학과, 서울특별시_서경대학교(제1캠퍼스)_무대기술전공, 서울특별시_서경대학교(제1캠퍼스)_공연예술학부(예술대학), 서울특별시_서울사이버대학교(제1캠퍼스)_모델연기학과, 서울특별시_성균관대학교(제1캠퍼스)_연기예술학전공, 서울특별시_성균관대학교(제1캠퍼스)_연기예술학과, 서울특별시_세종대학교(제1캠퍼스)_영화예술학과, 서울특별시_숭실대학교(제1캠퍼스)_예술창작학부 영화예술전공, 서울특별시_숭실사이버대학교(제1캠퍼스)_엔터테인먼트학과, 서울특별시_중앙대학교(제1캠퍼스)_공연영상창작학부(영화전공), 서울특별시_중앙대학교(제1캠퍼스)_공연영상창작학부(연극전공), 서울특별시_중앙대학교(제1캠퍼스)_공연영상창작학부, 서울특별시_중앙대학교(제1캠퍼스)_공연영상창작학부(공간연출전공), 서울특별시_한국예술종합학교(제1캠퍼스)_영화과, 서울특별시_한국예술종합학교(제1캠퍼스)_연극학과, 서울특별시_한국예술종합학교(제1캠퍼스)_연출과, 서울특별시_한국예술종합학교(제1캠퍼스)_무대미술과, 서울특별시_한국예술종합학교(제1캠퍼스)_연기과, 서울특별시_한양대학교(제1캠퍼스)_연극영화학과, 부산광역시_경성대학교(제1캠퍼스)_연극전공, 부산광역시_경성대학교(제1캠퍼스)_영화전공, 부산광역시_경성대학교(제1캠퍼스)_연극영화학부, 부산광역시_동서대학교(제2캠퍼스)_연기과, 부산광역시_동서대학교(제1캠퍼스)_Film and Visual Effects학과, 부산광역시_동서대학교(제2캠퍼스)_뮤지컬엔터테인먼트과, 부산광역시_동서대학교(제2캠퍼스)_영화과, 부산광역시_동서대학교(제2캠퍼스)_영화(Film&Video)전공, 부산광역시_동서대학교(제2캠퍼스)_영화과(인문사회계열), 부산광역시_동서대학교(제2캠퍼스)_연극영화연기전공, 부산광역시_동의대학교(제1캠퍼스)_영화학과, 인천광역시_인하대학교(제1캠퍼스)_연극영화학과, 대전광역시_대전대학교(제1캠퍼스)_방송공연예술학과, 대전광역시_대전대학교(제1캠퍼스)_공연예술콘텐츠학과, 대전광역시_대전대학교(제1캠퍼스)_공연예술영상콘텐츠학과, 대전광역시_목원대학교(제1캠퍼스)_연극영화영상학부, 대전광역시_배재대학교(제1캠퍼스)_연극영화학과, 대구광역시_계명대학교(제1캠퍼스)_연극뮤지컬과, 광주광역시_조선대학교(제1캠퍼스)_K-컬처공연ㆍ기획학과, 광주광역시_호남대학교(제1캠퍼스)_연극뮤지컬음악전공, 광주광역시_호남대학교(제1캠퍼스)_미디어영화영상제작전공, 경기도_가천대학교(제1캠퍼스)_연기예술학과, 경기도_경희대학교(제2캠퍼스)_연극영화학과, 경기도_국제사이버대학교(제1캠퍼스)_시니어모델치유학과, 경기도_국제사이버대학교(제1캠퍼스)_엔터테인먼트학과, 경기도_국제사이버대학교(제1캠퍼스)_K-엔터테인먼트학과, 경기도_단국대학교(제1캠퍼스)_연기영상예술학과, 경기도_단국대학교(제1캠퍼스)_공연영화학부 연극전공, 경기도_단국대학교(제1캠퍼스)_국제자유전공학부 영상연기&제작전공, 경기도_단국대학교(제1캠퍼스)_공연영화학부 영화전공, 경기도_단국대학교(제1캠퍼스)_공연영화학부 뮤지컬전공, 경기도_단국대학교(제1캠퍼스)_공연영화학부, 경기도_대진대학교(제1캠퍼스)_연기예술학과, 경기도_동양대학교(제2캠퍼스)_공연영상학부, 경기도_명지대학교 자연캠퍼스(제1캠퍼스)_예술학부(영화전공), 경기도_명지대학교 자연캠퍼스(제1캠퍼스)_뮤지컬공연전공, 경기도_명지대학교 자연캠퍼스(제1캠퍼스)_영화ㆍ뮤지컬학부 영화전공, 경기도_명지대학교 자연캠퍼스(제1캠퍼스)_연극ㆍ영화전공, 경기도_명지대학교 자연캠퍼스(제1캠퍼스)_예술학부(뮤지컬공연전공), 경기도_명지대학교 자연캠퍼스(제1캠퍼스)_영화ㆍ뮤지컬학부 뮤지컬공연전공, 경기도_성결대학교(제1캠퍼스)_연기예술학과, 경기도_성결대학교(제1캠퍼스)_연극영화학부, 경기도_수원대학교(제1캠퍼스)_영화영상, 경기도_수원대학교(제1캠퍼스)_연기예술, 경기도_수원대학교(제1캠퍼스)_연극, 경기도_수원대학교(제1캠퍼스)_영화예술, 경기도_신한대학교(제2캠퍼스)_모델학과, 경기도_신한대학교(제2캠퍼스)_공연예술학과, 경기도_신한대학교(제2캠퍼스)_모델콘텐츠학과, 경기도_신한대학교(제2캠퍼스)_공연예술전공, 경기도_안양대학교(제1캠퍼스)_공연예술전공, 경기도_안양대학교(제1캠퍼스)_공연예술학과, 경기도_예원예술대학교(제2캠퍼스)_공연예술전공, 경기도_예원예술대학교(제2캠퍼스)_연극영화전공, 경기도_용인대학교(제1캠퍼스)_연극학과, 경기도_중부대학교(제2캠퍼스)_연극영화학전공, 경기도_중앙대학교(제2캠퍼스)_전통예술학부(연희예술전공), 경기도_중앙대학교(제2캠퍼스)_공연영상창작학부, 경기도_중앙대학교(제2캠퍼스)_글로벌예술학부(TV방송연예전공), 경기도_중앙대학교(제2캠퍼스)_공연영상창작학부(문예창작전공), 경기도_평택대학교(제1캠퍼스)_연극영화과, 경기도_평택대학교(제1캠퍼스)_방송연예학과, 강원특별자치도_가톨릭관동대학교(제1캠퍼스)_방송연예전공, 강원특별자치도_가톨릭관동대학교(제1캠퍼스)_방송연예학과, 강원특별자치도_가톨릭관동대학교(제1캠퍼스)_연기예술전공, 강원특별자치도_강원대학교(제2캠퍼스)_방송연예학과, 강원특별자치도_강원대학교(제2캠퍼스)_연극영화학과, 충청북도_극동대학교(제1캠퍼스)_연극연기학과, 충청북도_세명대학교(제1캠퍼스)_공연영상학부, 충청북도_세명대학교(제1캠퍼스)_연기예술학과, 충청북도_세명대학교(제1캠퍼스)_공연영상학과, 충청북도_우석대학교(제2캠퍼스)_뮤지컬학과, 충청북도_우석대학교(제2캠퍼스)_공연예술뮤지컬학과, 충청북도_중원대학교(제1캠퍼스)_연극영화학과, 충청북도_청주대학교(제1캠퍼스)_연극학과, 충청북도_청주대학교(제1캠퍼스)_영화학과, 충청남도_글로벌사이버대학교(제1캠퍼스)_방송연예학과, 충청남도_백석대학교(제1캠퍼스)_문화예술학부 뮤지컬전공, 충청남도_백석대학교(제1캠퍼스)_문화예술학부 연기예술전공, 충청남도_상명대학교(제2캠퍼스)_예술학부 무대미술전공, 충청남도_상명대학교(제2캠퍼스)_예술학부 연극전공, 충청남도_상명대학교(제2캠퍼스)_무대미술학과, 충청남도_상명대학교(제2캠퍼스)_예술학부 영화영상전공, 충청남도_세한대학교(제2캠퍼스)_방송영화학과, 충청남도_순천향대학교(제1캠퍼스)_연극무용학과, 충청남도_순천향대학교(제1캠퍼스)_공연영상학과, 충청남도_청운대학교(제1캠퍼스)_연기예술학과, 충청남도_청운대학교(제1캠퍼스)_연극예술학과, 충청남도_청운대학교(제1캠퍼스)_방송영화영상학과, 충청남도_청운대학교(제1캠퍼스)_뮤지컬학과, 충청남도_한서대학교(제1캠퍼스)_영화영상학과(연출, 스텝, 연기), 충청남도_한서대학교(제1캠퍼스)_연극영화학과, 충청남도_호서대학교(제1캠퍼스)_연극전공, 충청남도_호서대학교(제1캠퍼스)_공연예술학부, 전북특별자치도_예원예술대학교(제1캠퍼스)_공연예술뮤지컬전공, 전북특별자치도_예원예술대학교(제1캠퍼스)_공연예술전공, 전북특별자치도_전주대학교(제1캠퍼스)_공연예술학과, 전북특별자치도_전주대학교(제1캠퍼스)_영화방송학과, 전북특별자치도_전주대학교(제1캠퍼스)_공연방송연기학과, 전북특별자치도_전주대학교(제1캠퍼스)_공연엔터테인먼트학과, 전북특별자치도_호원대학교(제1캠퍼스)_공연예술학부, 경상북도_경일대학교(제1캠퍼스)_공연예술학과, 경상북도_김천대학교(제1캠퍼스)_공연예술학과, 경상북도_대구대학교(제1캠퍼스)_문화예술학부(공연예술전공), 경상남도_영산대학교(제1캠퍼스)_시니어모델학과, 경상남도_영산대학교(제1캠퍼스)_연기공연미디어학부(연기공연예술전공), 경상남도_영산대학교(제1캠퍼스)_연기공연예술학과, 제주특별자치도_제주국제대학교(제1캠퍼스)_체육학부 공연예술학전공","일반 선택: 화법과 언어, 문학, 연극 등 | 진로 선택: 문학과 영상, 연극과 몸, 연극과 말, 연기, 무대 미술과 기술, 연극제작 실습, 연극 감상과 비평 등 | 융합 선택: 매체 의사소통, 연극과 삶, 음악과 미디어, 미술과 매체 등","공통과목: 음악, 윤리 | 일반선택과목: 예술교과 : 음악 | 진로선택과목: 음악 연주, 음악 감상과 비평 | 전문교과Ⅰ: 음악이론, 음악사, 시창ㆍ청음, 음악 전공 실기 | 전문교과Ⅱ: 음악 콘텐츠 제작","멀티미디어콘텐츠제작전문가, 방송영상기사, 방송통신산업기사, 웹디자인기능사, 컴퓨터그래픽스운용기능사",가수
10045,예술치료학과,"서울특별시_세종사이버대학교(제1캠퍼스)_예술치료학과, 경기도_강남대학교(제1캠퍼스)_복지융합인재학부 미술문화복지전공, 경상북도_대구가톨릭대학교(제1캠퍼스)_예술치료학과, 경상북도_대구한의대학교(제1캠퍼스)_미술치료학과(자연)","일반 선택: 물리학, 화학, 생명과학, 현대사회와 윤리 등 | 진로 선택: 세포와 물질대사, 생물의 유전, 법과 사회, 보건 등 | 융합 선택: 융합과학 탐구 등","공통과목: 영어, 과학 | 일반선택과목: 영어교과 : 영어Ⅰ, 영어Ⅱ, 영어 독해와 작문 | 진로선택과목: 생명과학Ⅱ | 전문교과Ⅰ: 체육지도법, 개인ㆍ대인 운동, 체육 전공 실기 응용 | 전문교과Ⅱ: 인체 구조와 기능, 기초 간호 임상 실무, 보건 간호","미술심리상담사, 음악심리상담사, 임상심리사, 청소년지도사, 평생교육사",음악치료사
423,부사관과,"부산광역시_경남정보대학교(제1캠퍼스)_군사학과, 부산광역시_부산보건대학교(제1캠퍼스)_부사관과, 부산광역시_부산보건대학교(제1캠퍼스)_드론융합부사관과, 대전광역시_대덕대학교(제1캠퍼스)_해양특수부사관과, 대전광역시_대덕대학교(제1캠퍼스)_특전부사관과(공학), 대전광역시_대덕대학교(제1캠퍼스)_국방군사과, 대전광역시_대덕대학교(제1캠퍼스)_드론항공부사관과, 대전광역시_대덕대학교(제1캠퍼스)_전투부사관과(공학), 대전광역시_대덕대학교(제1캠퍼스)_국방해양부사관과, 대전광역시_대덕대학교(제1캠퍼스)_공병부사관과, 대전광역시_대덕대학교(제1캠퍼스)_국방특수군사학과, 대전광역시_대덕대학교(제1캠퍼스)_해군부사관군무원과, 대전광역시_대덕대학교(제1캠퍼스)_항공부사관과, 대전광역시_대전과학기술대학교(제1캠퍼스)_군사학과, 대전광역시_대전과학기술대학교(제1캠퍼스)_전투특전전공, 대전광역시_대전보건대학교(제1캠퍼스)_의무부사관과(응급구조학전공), 대전광역시_대전보건대학교(제1캠퍼스)_특전의무부사관과, 대구광역시_계명문화대학교(제1캠퍼스)_군사학부, 대구광역시_영남이공대학교(제1캠퍼스)_부사관과, 대구광역시_영진전문대학교(제1캠퍼스)_국방군사계열(전투부사관과), 대구광역시_영진전문대학교(제1캠퍼스)_군사학과, 대구광역시_영진전문대학교(제1캠퍼스)_국방군사계열(의무/전투부사관과), 광주광역시_동강대학교(제1캠퍼스)_군사학과, 광주광역시_조선이공대학교(제1캠퍼스)_특수전군사학과, 광주광역시_조선이공대학교(제1캠퍼스)_군사학부, 광주광역시_조선이공대학교(제1캠퍼스)_군사학과, 경기도_경기과학기술대학교(제1캠퍼스)_군사학과(인문사회), 경기도_경기과학기술대학교(제1캠퍼스)_군사학과, 경기도_경기과학기술대학교(제1캠퍼스)_부사관학과, 경기도_경민대학교(제1캠퍼스)_효충사관과, 경기도_경민대학교(제1캠퍼스)_효충군사학과, 경기도_경민대학교(제1캠퍼스)_효충사관학과, 경기도_국제대학교(제1캠퍼스)_군사경호학과, 경기도_국제대학교(제1캠퍼스)_군사과, 경기도_국제대학교(제1캠퍼스)_군사학과, 경기도_대림대학교(제1캠퍼스)_해군기술부사관과, 경기도_대림대학교(제1캠퍼스)_해군기술부사관학과, 경기도_동원대학교(제1캠퍼스)_부사관과, 경기도_두원공과대학교(제1캠퍼스)_특수전학과, 경기도_두원공과대학교(제1캠퍼스)_군사경호학과, 경기도_서영대학교(제2캠퍼스)_부사관과, 경기도_여주대학교(제1캠퍼스)_특전부사관과, 경기도_여주대학교(제1캠퍼스)_항공통신부사관과, 경기도_연성대학교(제1캠퍼스)_군사학과, 경기도_오산대학교(제1캠퍼스)_드론융합부사관과, 경기도_오산대학교(제1캠퍼스)_전투기술부사관과, 경기도_오산대학교(제1캠퍼스)_군사계열, 경기도_장안대학교(제1캠퍼스)_군사과, 경기도_장안대학교(제1캠퍼스)_부사관과, 경기도_한국관광대학교(제1캠퍼스)_군사학과, 강원특별자치도_강릉영동대학교(제1캠퍼스)_군사학과, 충청북도_대원대학교(제1캠퍼스)_국방통신부사관과, 충청북도_충청대학교(제1캠퍼스)_군사학과, 충청남도_신성대학교(제1캠퍼스)_군사학과, 전북특별자치도_원광보건대학교(제1캠퍼스)_전투부사관과, 전북특별자치도_전주기전대학(제1캠퍼스)_부사관과, 전라남도_전남과학대학교(제1캠퍼스)_특수전부사관과, 전라남도_전남과학대학교(제1캠퍼스)_특전부사관과, 전라남도_전남과학대학교(제1캠퍼스)_전투부사관과, 전라남도_청암대학교(제1캠퍼스)_군사학과, 전라남도_청암대학교(제1캠퍼스)_경찰군사학과, 전라남도_청암대학교(제1캠퍼스)_전문사관과, 경상북도_가톨릭상지대학교(제1캠퍼스)_부사관과, 경상북도_경북과학대학교(제1캠퍼스)_군사행정과, 경상북도_경북과학대학교(제1캠퍼스)_군사학과, 경상북도_경북전문대학교(제1캠퍼스)_전문사관양성과, 경상북도_경북전문대학교(제1캠퍼스)_군사학과, 경상북도_구미대학교(제1캠퍼스)_응급의료부사관과, 경상북도_대경대학교(제1캠퍼스)_경찰군사학부, 경상북도_대경대학교(제1캠퍼스)_군사학부, 경상북도_대경대학교(제1캠퍼스)_군사학과, 경상북도_대경대학교(제1캠퍼스)_경찰군사학과, 경상남도_동원과학기술대학교(제1캠퍼스)_전투드론부사관과, 경상남도_마산대학교(제1캠퍼스)_해군부사관학부, 경상남도_마산대학교(제1캠퍼스)_부사관과, 경상남도_마산대학교(제1캠퍼스)_부사관학과, 경상남도_창원문성대학교(제1캠퍼스)_항공기술부사관ㆍ군무원전공","일반 선택: 화법과 언어, 독서와 작문, 문학, 확률과 통계, 영어 I, 영어프, 영어독해와 작문, 세계시민과 지리, 사회와 문화, 현대사회와 윤리, 정보, 제2외국어 과목, 한문 등 | 진로 선택: 주제 탐구 독서, 영어 발표와 토론, 정치, 법과 사회, 경제, 윤리와 사상, 국제 관계의 이해 등 | 융합 선택: 독서 토론과 글쓰기, 매체 의사소통, 실용 통계, 수학과제 탐구, 사회문제 탐구 등","공통과목: 사회, 생활ㆍ교양 | 일반선택과목: 사회교과 : 한국지리, 세계지리, 경제, 생활과 윤리 | 진로선택과목: 사회문제 탐구 | 전문교과Ⅰ: 지역 이해, 세계 문제와 미래 사회, 사회 탐구 방법 및 사회과제 연구, 정보과학 | 전문교과Ⅱ: 커뮤니케이션, 정보 보호 관리, 빅데이터 분석","무도단증(태권도, 유도, 검도등), 컴퓨터활용능력",군무원
10146,교양자연과학부,"서울특별시_건국대학교(제1캠퍼스)_생명과학대학자유전공학부, 서울특별시_건국대학교(제1캠퍼스)_이과대학자유전공학부, 서울특별시_경희대학교(제1캠퍼스)_약과학과, 서울특별시_광운대학교(제1캠퍼스)_교양학부(자연과학계열), 서울특별시_덕성여자대학교(제1캠퍼스)_과학기술대학, 서울특별시_동덕여자대학교(제1캠퍼스)_자연과학부, 서울특별시_상명대학교(제1캠퍼스)_계당교양교육원(자연), 서울특별시_서울과학기술대학교(제1캠퍼스)_자연과학부, 서울특별시_서울여자대학교(제1캠퍼스)_과학기술융합대학, 서울특별시_세종대학교(제1캠퍼스)_자연생명계열, 서울특별시_숙명여자대학교(제1캠퍼스)_융합학부, 서울특별시_이화여자대학교(제1캠퍼스)_신산업융합대학, 서울특별시_이화여자대학교(제1캠퍼스)_자연과학대학, 서울특별시_중앙대학교(제1캠퍼스)_자연과학대학, 서울특별시_태재대학교(제1캠퍼스)_자연과학부, 서울특별시_한양대학교(제1캠퍼스)_창의융합교육원(자연과학), 부산광역시_국립부경대학교(제1캠퍼스)_자연과학대학자유전공학부, 부산광역시_부산대학교(제1캠퍼스)_교양학부(자연과학계열), 인천광역시_연세대학교(제2캠퍼스)_이학계열, 인천광역시_인하대학교(제1캠퍼스)_자연과학융합학부, 인천광역시_인하대학교(제1캠퍼스)_자연과학계열, 대전광역시_국립한밭대학교(제1캠퍼스)_기초과학부, 대전광역시_배재대학교(제1캠퍼스)_자연과학계열, 대전광역시_충남대학교(제1캠퍼스)_자연과학융합학부, 대전광역시_한국과학기술원(제1캠퍼스)_새내기과정학부(자연계열), 대전광역시_한남대학교(제1캠퍼스)_탈메이지교양ㆍ융합대학(자연과학계열), 대구광역시_경북대학교(제1캠퍼스)_농업생명과학대학 자율학부, 대구광역시_경북대학교(제1캠퍼스)_자연과학대학 자율학부, 대구광역시_계명대학교(제1캠퍼스)_자연공학계열, 울산광역시_울산과학기술원(제1캠퍼스)_자연과학부, 광주광역시_조선대학교(제1캠퍼스)_자연과학계열, 광주광역시_호남대학교(제1캠퍼스)_융합학부, 경기도_가톨릭대학교(제1캠퍼스)_자유전공학과(자연ㆍ생활), 경기도_가톨릭대학교(제1캠퍼스)_자연과학계열, 경기도_경기대학교(제1캠퍼스)_융합과학부, 경기도_단국대학교(제1캠퍼스)_자유교양대학(자연과학계열), 경기도_명지대학교 자연캠퍼스(제1캠퍼스)_자연과학대학, 경기도_명지대학교 자연캠퍼스(제1캠퍼스)_화학ㆍ생명과학대학, 경기도_성결대학교(제1캠퍼스)_융합학부, 경기도_성균관대학교(제2캠퍼스)_자연과학대학, 경기도_성균관대학교(제2캠퍼스)_자연과학계열, 경기도_성균관대학교(제2캠퍼스)_학부대학(자연과학), 경기도_아주대학교(제1캠퍼스)_프런티어과학학부, 경기도_을지대학교(제2캠퍼스)_자연계열학부, 경기도_차의과학대학교(제1캠퍼스)_헬스케어융합학부(자연과학), 경기도_평택대학교(제1캠퍼스)_피어선칼리지(자연과학계열), 경기도_한국외국어대학교(제2캠퍼스)_자연과학대학[통합모집], 경기도_한신대학교(제1캠퍼스)_이공계융합계열, 경기도_한신대학교(제1캠퍼스)_첨단융합계열, 경기도_한양대학교 ERICA캠퍼스(제1캠퍼스)_창의융합교육원(자연과학), 강원특별자치도_강원대학교(제1캠퍼스)_자유전공학부(학생설계전공 자연과학계열), 강원특별자치도_연세대학교 미래캠퍼스(제1캠퍼스)_자율융합계열(자연), 강원특별자치도_한림대학교(제1캠퍼스)_자연과학대학, 충청북도_건국대학교 글로컬캠퍼스(제1캠퍼스)_녹색기술융합학과, 충청북도_충북대학교(제1캠퍼스)_농업생명환경자율전공학부, 충청북도_충북대학교(제1캠퍼스)_자연과학자율전공학부, 충청남도_단국대학교(제2캠퍼스)_자유교양대학(자연과학계열), 충청남도_상명대학교(제2캠퍼스)_계당교양교육원(자연), 충청남도_선문대학교(제1캠퍼스)_건강보건대학, 전북특별자치도_국립군산대학교(제1캠퍼스)_첨단과학기술학부, 전북특별자치도_원광대학교(제1캠퍼스)_농생명ㆍ바이오계열, 전북특별자치도_원광대학교(제1캠퍼스)_자연융합학부, 전북특별자치도_전북대학교(제1캠퍼스)_자연과학계열 2, 전북특별자치도_전북대학교(제2캠퍼스)_환경생명자원계열, 전북특별자치도_전북대학교(제1캠퍼스)_자연과학계열 1, 전북특별자치도_전북대학교(제1캠퍼스)_교양학부(자연과학계열), 전북특별자치도_전주대학교(제1캠퍼스)_기초과학과, 전북특별자치도_전주대학교(제1캠퍼스)_융합학부, 전라남도_국립목포대학교(제1캠퍼스)_기초과학부, 전라남도_전남대학교(제2캠퍼스)_해양수산광역, 전라남도_전남대학교(제2캠퍼스)_해양융합과학과, 경상북도_대구대학교(제1캠퍼스)_화장품바이오학부, 경상북도_대구한의대학교(제1캠퍼스)_자연계열 성인통합모집단위, 경상북도_동국대학교 WISE캠퍼스(제1캠퍼스)_교양학부(자연과학계열), 경상남도_경남대학교(제1캠퍼스)_MSC교육부, 경상남도_경상국립대학교(제2캠퍼스)_해양식품생명의학부, 경상남도_경상국립대학교(제1캠퍼스)_수학물리학부, 경상남도_국립창원대학교(제1캠퍼스)_이학융합학부","일반 선택: 대수, 미적분 Ⅰ, 확률과 통계, 물리학, 화학, 생명과학 등 | 진로 선택: 기하, 미적분Ⅱ, 인공지능 수학, 물질과 에너지, 화학 반응의 세계, 세포와 물질대사, 생물의 유전 등 | 융합 선택: 수학과제 탐구, 기후변화와 환경생태, 융합과학 탐구 등","공통과목: 사회, 생활ㆍ교양 | 일반선택과목: 사회교과 : 한국지리, 세계지리, 사회문화, 생활과 윤리 | 진로선택과목: 여행지리, 사회문제 탐구 | 전문교과Ⅰ: 지역 이해, 세계 문제와 미래 사회, 현대 세계의 변화, 사회 탐구 방법 및 사회과제 연구 | 전문교과Ⅱ: 공간정보융합서비스, 빅데이터 분석, 인간과 환경, 환경 보전, 해양 환경과 자원","세부 전공 선택에 따라 수학과,  물리학과,  화학학과, 생명과학과 등의 분야와 관련된 자격증을 참고할 수 있습니다.",세부 전공 선택에 따라 수학과
10144,교양생활과학부,"서울특별시_서울여자대학교(제1캠퍼스)_자율전공학부(자연계열), 서울특별시_한국방송통신대학교(제1캠퍼스)_생활과학부, 인천광역시_연세대학교(제2캠퍼스)_생활과학계열, 대구광역시_대구경북과학기술원(제1캠퍼스)_기초학부, 경기도_가톨릭대학교(제1캠퍼스)_생활과학계열, 경기도_을지대학교(제2캠퍼스)_바이오공학부, 경기도_한경국립대학교(제1캠퍼스)_웰니스산업융합학부, 강원특별자치도_강원대학교(제1캠퍼스)_시스템면역과학전공, 충청북도_국립한국교통대학교(제2캠퍼스)_생명자유전공학부, 충청북도_충북대학교(제1캠퍼스)_생활과학자율전공학부, 전북특별자치도_전북대학교(제1캠퍼스)_생활과학계열, 전라남도_국립목포대학교(제1캠퍼스)_아동ㆍ식품ㆍ패션학부, 경상북도_대구가톨릭대학교(제1캠퍼스)_라이프케어학부","일반 선택: 대수, 미적분 Ⅰ, 확률과 통계, 사회와 문화, 화학, 생명과학, 기술·가정,정보 등 | 진로 선택: 미적분Ⅱ, 경제, 물질과 에너지, 화학 반응의 세계, 세포와 물질대사, 생물의 유전, 생활과학 탐구 등 | 융합 선택: 실용 통계 등","공통과목: 과학, 생활ㆍ교양, 사회 | 일반선택과목: 과학교과 : 생명과학Ⅰ, 화학Ⅰ, 물리Ⅰ | 진로선택과목: 생명과학Ⅱ, 화학Ⅱ, 융합과학, 생활과 과학, 농업생명과학, 가정과학 | 전문교과Ⅰ: 생명과학실험, 물리/화학 실험, 융합과학 탐구, 과학 과제 연구 | 전문교과Ⅱ: 식품과 영양, 식품위생, 급식관리, 식품과학, 식품분석","자신의 관심 분야에 따라 식품영양학과,  의류ㆍ의상학과,  아동가족학과 등의 전공과 관련된 자격증을 참고할 수 있습니다.",자신의 관심 분야에 따라 식품영양학과
333,아동복지학과,"서울특별시_서울사이버대학교(제1캠퍼스)_아동복지전공, 서울특별시_서울한영대학교(제1캠퍼스)_아동복지학과(아동복지학), 서울특별시_숙명여자대학교(제1캠퍼스)_아동복지학부, 부산광역시_고신대학교(제1캠퍼스)_아동복지학과, 대전광역시_건양사이버대학교(제1캠퍼스)_아동복지학과, 대전광역시_한남대학교(제1캠퍼스)_아동복지학과, 울산광역시_울산대학교(제1캠퍼스)_아동ㆍ가정복지학전공, 경기도_국제사이버대학교(제1캠퍼스)_아동복지상담학과, 경기도_대진대학교(제1캠퍼스)_아동심리교육전공, 경기도_칼빈대학교(제1캠퍼스)_아동ㆍ복지상담학과, 경기도_평택대학교(제1캠퍼스)_아동ㆍ청소년복지학과, 충청북도_서원대학교(제1캠퍼스)_아동복지학과, 충청북도_충북대학교(제1캠퍼스)_아동복지학과, 충청남도_남서울대학교(제1캠퍼스)_아동복지학과, 전북특별자치도_우석대학교(제1캠퍼스)_영유아발달치료융합전공, 전북특별자치도_우석대학교(제1캠퍼스)_아동복지학과, 전북특별자치도_원광대학교(제1캠퍼스)_가족아동복지학과, 전북특별자치도_원광대학교(제1캠퍼스)_가정아동복지학과, 전북특별자치도_호원대학교(제1캠퍼스)_아동복지학과, 경상북도_대구대학교(제1캠퍼스)_아동가정복지학과, 경상북도_대구한의대학교(제1캠퍼스)_아동복지상담전공, 경상북도_대구한의대학교(제1캠퍼스)_아동청소년복지상담전공, 경상북도_대구한의대학교(제1캠퍼스)_아동복지학전공, 경상북도_대구한의대학교(제1캠퍼스)_아동복지학과, 경상북도_대구한의대학교(제1캠퍼스)_아동복지상담학과, 경상북도_대구한의대학교(제1캠퍼스)_영덕지역돌봄학과, 제주특별자치도_제주대학교(제1캠퍼스)_아동ㆍ생활복지전공","일반 선택: 현대사회와 윤리, 사회와 문화, 기술·가정 등 | 진로 선택: 정치, 법과 사회, 생활과학 탐구 등 | 융합 선택: 사회문제 탐구, 윤리문제 탐구, 생애 설계와 자립 등","공통과목: 사회, 생활ㆍ교양 | 일반선택과목: 사회교과 : 정치와 법, 사회ㆍ문화, 경제, 생활과 윤리 | 진로선택과목: 사회문제 탐구 | 전문교과Ⅰ: 지역 이해, 세계 문제와 미래 사회, 사회 탐구 방법 및 사회과제 연구 | 전문교과Ⅱ: 인간 발달, 아동 복지, 생활서비스 산업의 이해, 복지 서비스의 기초","보육교사, 사회복지사, 유치원2급정교사, 정신보건사회복지사",사회복지사
226,불어불문학과,"서울특별시_건국대학교(제1캠퍼스)_불어불문학전공, 서울특별시_고려대학교(제1캠퍼스)_불어불문학과, 서울특별시_덕성여자대학교(제1캠퍼스)_불어불문학전공, 서울특별시_덕성여자대학교(제1캠퍼스)_불어불문학과, 서울특별시_동덕여자대학교(제1캠퍼스)_프랑스어과, 서울특별시_서울대학교(제1캠퍼스)_불어불문학과, 서울특별시_서울여자대학교(제1캠퍼스)_불어불문학과, 서울특별시_성신여자대학교(제1캠퍼스)_불어불문학과, 서울특별시_성신여자대학교(제1캠퍼스)_프랑스어문ㆍ문화학과, 서울특별시_숙명여자대학교(제1캠퍼스)_프랑스언어ㆍ문화학과, 서울특별시_숭실대학교(제1캠퍼스)_불어불문학과, 서울특별시_연세대학교(제1캠퍼스)_불어불문학과, 서울특별시_이화여자대학교(제1캠퍼스)_불어불문학전공, 서울특별시_이화여자대학교(제1캠퍼스)_불어불문학과, 서울특별시_한국방송통신대학교(제1캠퍼스)_프랑스언어문화학과, 서울특별시_한국외국어대학교(제1캠퍼스)_프랑스어과, 서울특별시_홍익대학교(제1캠퍼스)_불어불문학과, 부산광역시_부산대학교(제1캠퍼스)_불어불문학과, 부산광역시_부산외국어대학교(제1캠퍼스)_프랑스어과, 인천광역시_인천대학교(제1캠퍼스)_불어불문학과, 인천광역시_인하대학교(제1캠퍼스)_프랑스언어문화학과, 대전광역시_충남대학교(제1캠퍼스)_불어불문학과, 대구광역시_경북대학교(제1캠퍼스)_불어불문학과, 광주광역시_전남대학교(제1캠퍼스)_불어불문학과, 경기도_가톨릭대학교(제1캠퍼스)_프랑스어문화학과, 경기도_아주대학교(제1캠퍼스)_불어불문학과, 강원특별자치도_강원대학교(제1캠퍼스)_불어불문학과, 강원특별자치도_강원대학교(제1캠퍼스)_불어불문학전공, 충청북도_충북대학교(제1캠퍼스)_불어불문학과, 충청북도_충북대학교(제1캠퍼스)_프랑스언어문화학과, 충청남도_국립공주대학교(제1캠퍼스)_불어불문학과, 충청남도_단국대학교(제2캠퍼스)_프랑스어과, 경상남도_경상국립대학교(제1캠퍼스)_불어불문학과, 경상남도_국립창원대학교(제1캠퍼스)_불어불문학과","일반 선택: 화법과 언어, 독서와 작문, 문학, 세계시민과 지리, 세계사, 사회와 문화, 제2외국어 등 | 진로 선택: 문학과 영상, 인문학과 윤리, 국제 관계의 이해, 제2외국어 회화, 심화 제2외국어 등 | 융합 선택: 언어생활 탐구, 여행지리, 역사로 탐구하는 현대 세계, 사회문제 탐구, 제2외국어 문화 등","공통과목: 제2외국어, 사회, 예술, 국어 | 일반선택과목: 외국어교과 : 프랑스어, 독일어, 영어 회화, 영어 | 진로선택과목: 프랑스어Ⅱ, 독일어Ⅱ, 심화 국어, 고전 읽기, 고전과 윤리, 사회문제 탐구, 여행지리, 음악ㆍ미술감상 비평 | 전문교과Ⅰ: 전공기초 프랑스어, 프랑스어 회화, 프랑스어권 문화, 국제 관계와 국제기구, 국제 경제, 국제 정치, 지역 이해. 사회과제 연구 | 전문교과Ⅱ: 서양 조리","관광통역안내사, 외국어번역행정사, 호텔경영사, 호텔관리사",여행안내원
21001,IT융합학과,"서울특별시_광운대학교(제1캠퍼스)_정보융합학부, 서울특별시_동덕여자대학교(제1캠퍼스)_문화지식융합학부 글로벌MICE전공, 서울특별시_동덕여자대학교(제1캠퍼스)_미래인재융합대학, 서울특별시_동덕여자대학교(제1캠퍼스)_앙트러프러너리얼리더십학부 글로벌MICE융합전공, 서울특별시_삼육대학교(제1캠퍼스)_IT융합공학과, 서울특별시_삼육대학교(제1캠퍼스)_인공지능융합학부, 서울특별시_상명대학교(제1캠퍼스)_지능ㆍ데이터융합학부 휴먼지능정보공학전공, 서울특별시_상명대학교(제1캠퍼스)_지능ㆍ데이터융합학부 빅데이터융합전공, 서울특별시_서울과학기술대학교(제1캠퍼스)_인공지능응용학과, 서울특별시_서울기독대학교(제1캠퍼스)_AI빅데이터융합전공, 서울특별시_성공회대학교(제1캠퍼스)_IT융합자율학부, 서울특별시_성균관대학교(제1캠퍼스)_데이터사이언스융합전공, 서울특별시_성신여자대학교(제2캠퍼스)_창의융합학부(첨단분야전공), 서울특별시_중앙대학교(제1캠퍼스)_AI학과, 서울특별시_한국열린사이버대학교(제1캠퍼스)_인공지능융합학과, 서울특별시_한성대학교(제1캠퍼스)_IT융합공학부, 서울특별시_한양사이버대학교(제1캠퍼스)_스푸마토(AI융합자유전공)학부, 부산광역시_국립부경대학교(제1캠퍼스)_휴먼ICT융합전공, 부산광역시_동서대학교(제1캠퍼스)_ICT융합공학부, 부산광역시_동서대학교(제1캠퍼스)_인공지능응용학과, 부산광역시_동아대학교(제1캠퍼스)_AI학과, 부산광역시_부산외국어대학교(제1캠퍼스)_인공지능융합학과, 부산광역시_신라대학교(제1캠퍼스)_미래융합학과, 인천광역시_연세대학교(제2캠퍼스)_IT융합공학과, 인천광역시_연세대학교(제2캠퍼스)_IT융합공학전공, 인천광역시_인천대학교(제1캠퍼스)_IBE전공, 대전광역시_국립한밭대학교(제1캠퍼스)_창의융합학과, 대전광역시_국립한밭대학교(제1캠퍼스)_산학융합학부, 대전광역시_우송대학교(제1캠퍼스)_AIㆍ빅데이터학과, 대전광역시_우송대학교(제1캠퍼스)_휴먼디지털인터페이스학부, 울산광역시_울산대학교(제1캠퍼스)_ICT융합학부(인공지능트랙제외), 울산광역시_울산대학교(제1캠퍼스)_ICT융합학부, 울산광역시_울산대학교(제1캠퍼스)_IT융합전공, 광주광역시_조선대학교(제1캠퍼스)_미래융합학부(스마트ICT융합전공), 광주광역시_호남대학교(제1캠퍼스)_AI빅데이터학과, 광주광역시_호남대학교(제1캠퍼스)_AI융합대학, 경기도_국립한국교통대학교(제3캠퍼스)_AIㆍ데이터공학부, 경기도_대진대학교(제1캠퍼스)_AI빅데이터전공, 경기도_동양대학교(제2캠퍼스)_AI빅데이터융합학과, 경기도_서울신학대학교(제1캠퍼스)_IT융합학부, 경기도_아주대학교(제1캠퍼스)_인공지능융합학과, 경기도_중부대학교(제2캠퍼스)_스마트IT전공, 경기도_차의과학대학교(제1캠퍼스)_미래융합대학, 경기도_평택대학교(제1캠퍼스)_IT공학계열, 경기도_한국항공대학교(제1캠퍼스)_AI융합ICT전공, 경기도_한양대학교 ERICA캠퍼스(제1캠퍼스)_융합공학과, 강원특별자치도_한림대학교(제1캠퍼스)_AI로봇융합전공, 강원특별자치도_한림대학교(제1캠퍼스)_인공지능융합학부, 충청남도_나사렛대학교(제1캠퍼스)_IT융합학부, 충청남도_나사렛대학교(제1캠퍼스)_IT인공지능학부, 충청남도_세한대학교(제2캠퍼스)_AI융합학부, 충청남도_순천향대학교(제1캠퍼스)_AIㆍ빅데이터학과, 충청남도_한국기술교육대학교(제1캠퍼스)_융합학과, 충청남도_호서대학교(제1캠퍼스)_빅데이터AI학부, 전북특별자치도_국립군산대학교(제1캠퍼스)_인공지능융합학과, 전북특별자치도_원광대학교(제1캠퍼스)_인공지능융합학과, 전북특별자치도_원광대학교(제1캠퍼스)_창의문화융합계열, 전북특별자치도_전북대학교(제1캠퍼스)_융합기술공학부(IT융합기전공학전공), 전북특별자치도_전주대학교(제1캠퍼스)_IT금융학과, 경상북도_경북대학교(제3캠퍼스)_융복합시스템공학부 플랜트시스템전공, 경상북도_국립금오공과대학교(제1캠퍼스)_IT융합학과, 경상북도_대구가톨릭대학교(제1캠퍼스)_IT운영관리전공, 경상북도_대구가톨릭대학교(제1캠퍼스)_인공지능ㆍ빅데이터공학전공, 경상북도_대구대학교(제1캠퍼스)_AI학과, 경상북도_대구대학교(제1캠퍼스)_IT융합학과, 경상북도_대구한의대학교(제1캠퍼스)_스마트IT융합학부, 경상북도_대구한의대학교(제1캠퍼스)_스마트IT전공, 경상북도_위덕대학교(제1캠퍼스)_라이프융합학과, 경상북도_위덕대학교(제1캠퍼스)_IT융합학과, 경상북도_포항공과대학교(제1캠퍼스)_IT융합공학과, 경상남도_창신대학교(제1캠퍼스)_스마트융합공학부 컴퓨터전공, 세종특별자치시_고려대학교 세종캠퍼스(제1캠퍼스)_문화ICT융합전공","일반 선택: 대수, 확률과 통계, 미적분 Ⅰ, 물리학, 화학, 생명과학, 지구과학, 정보등 | 진로 선택: 기하, 미적분Ⅱ, 인공지능 수학, 역학과 에너지, 전자기와 양자, 물질과 에너지, 화학 반응의 세계, 세포와 물질대사, 생물의 유전, 지구시스템과학, 행성우주과학, 로봇과 공학세계, 생활과학 탐구, 인공지능 기초, 데이터 과학 등 | 융합 선택: 실용 통계, 수학과제 탐구, 융합과학 탐구, 사회문제 탐구, 창의 공학 설계, 소프트웨어와 생활 등","공통과목: 수학, 과학, 기술ㆍ가정 | 일반선택과목: 수학교과 : 수학ⅠㆍⅡ, 미적분, 확률과 통계 | 진로선택과목: 실용수학, 기하, 수학과제 탐구, 물리학Ⅱ, 화학Ⅱ, 생활과 과학, 공학 일반 | 전문교과Ⅰ: 심화수학ⅠㆍⅡ, 고급 수학ⅠㆍⅡ, 고급 물리학, 물리학 실험, 고급 화학, 화학 실험, 정보과학, 융합과학탐구, 과학과제 연구 | 전문교과Ⅱ: 디지털 논리 회로, 프로그래밍, 자료구조, 사물 인터넷 서비스 기획, 로봇 지능 개발","3D프린터개발산업기사, e-TestProfessional, IEQ(인터넷윤리자격), RFID기술자격검정, SQL, SW테스트전문가(CSTS), 국방사업관리사, 네트워크관리사, 데이터분석, 데이터아키텍처, 디지털정보활용능력(DIAT), 디지털포렌식전문가, 디지털포렌식전문가, 리눅스마스터, 산업보안관리사, 소프트웨어자산관리사(C-SAM), 전자계산기기사, 정보기술자격(ITQ)시험, 정보기술프로젝트관리전문가(IT-PMP), 정보보안기사, 정보시스템감리사, 정보처리기사, 정보통신기사",IT컨설턴트
10026,군사학과,"서울특별시_서경대학교(제1캠퍼스)_군사학과, 부산광역시_동명대학교(제1캠퍼스)_군사학과, 대전광역시_대전대학교(제1캠퍼스)_군사학과, 광주광역시_조선대학교(제1캠퍼스)_군사학과, 경기도_경동대학교(제4캠퍼스)_군사학과, 경기도_동양대학교(제2캠퍼스)_군사학과, 경기도_용인대학교(제1캠퍼스)_군사학과, 강원특별자치도_경동대학교(제3캠퍼스)_군사학과, 강원특별자치도_상지대학교(제1캠퍼스)_군사학과, 충청북도_청주대학교(제1캠퍼스)_군사학과, 충청남도_건양대학교(제1캠퍼스)_군사학과, 전북특별자치도_우석대학교(제1캠퍼스)_군사학과, 전북특별자치도_원광대학교(제1캠퍼스)_군사학과, 전라남도_동신대학교(제1캠퍼스)_군사학과, 전라남도_초당대학교(제1캠퍼스)_군사학과, 경상북도_경운대학교(제1캠퍼스)_군사학과, 경상북도_대구가톨릭대학교(제1캠퍼스)_군사학과, 경상북도_영남대학교(제1캠퍼스)_군사학과, 경상남도_경남대학교(제1캠퍼스)_군사학과","일반 선택: 사회와 문화, 세계시민과 지리, 세계사 등 | 진로 선택: 정치, 법과 사회, 경제, 국제 관계의 이해, 윤리와 사상, 동아시아 역사 기행 등 | 융합 선택: 기후변화와 지속가능한 세계, 사회문제 탐구, 윤리문제 탐구, 역사로 탐구하는 현대 세계 등","공통과목: 사회, 생활ㆍ교양 | 일반선택과목: 사회교과 : 한국지리, 세계지리, 경제, 생활과 윤리 | 진로선택과목: 사회문제 탐구 | 전문교과Ⅰ: 지역 이해, 세계 문제와 미래 사회, 사회 탐구 방법 및 사회과제 연구, 정보과학 | 전문교과Ⅱ: 커뮤니케이션, 정보 보호 관리, 빅데이터 분석, 정보 보호 관리","무도단증(태권도, 유도, 검도등), 문서실무사, 컴퓨터활용능력, 한자능력급수자격증",군무원
550,청소년지도학과,"서울특별시_경희사이버대학교(제1캠퍼스)_청소년ㆍ가족전공, 서울특별시_고려사이버대학교(제1캠퍼스)_청소년상담학과, 서울특별시_명지대학교 인문캠퍼스(제2캠퍼스)_청소년지도ㆍ아동학부, 서울특별시_명지대학교 인문캠퍼스(제2캠퍼스)_청소년지도학과, 서울특별시_명지대학교 인문캠퍼스(제2캠퍼스)_청소년지도학전공, 서울특별시_서울사이버대학교(제1캠퍼스)_청소년복지전공, 서울특별시_서울여자대학교(제1캠퍼스)_청소년학전공, 서울특별시_숭실사이버대학교(제1캠퍼스)_청소년코칭상담학과, 서울특별시_한국방송통신대학교(제1캠퍼스)_청소년교육복지상담학과, 서울특별시_한양사이버대학교(제1캠퍼스)_청소년상담학과, 서울특별시_한양사이버대학교(제1캠퍼스)_청소년코칭상담학과, 대전광역시_한국침례신학대학교(제1캠퍼스)_청소년학과, 경기도_경기대학교(제1캠퍼스)_청소년학전공, 경기도_대진대학교(제1캠퍼스)_아동청소년상담스마트융합학과, 경기도_을지대학교(제2캠퍼스)_아동청소년상담전공, 충청북도_유원대학교(제1캠퍼스)_아동청소년학전공, 충청남도_순천향대학교(제1캠퍼스)_청소년교육 ㆍ 상담학과, 충청남도_청운대학교(제1캠퍼스)_청소년상담교육학과, 충청남도_호서대학교(제2캠퍼스)_청소년문화ㆍ상담학과, 경상북도_대구대학교(제1캠퍼스)_글로컬융합학부(평생교육ㆍ청소년학전공), 경상북도_대구대학교(제1캠퍼스)_청소년상담복지학과, 경상북도_대구한의대학교(제1캠퍼스)_청소년교육상담전공, 경상북도_대구한의대학교(제1캠퍼스)_청소년교육상담학전공, 경상북도_대구한의대학교(제1캠퍼스)_청소년교육상담학과","일반 선택: 현대사회와 윤리, 사회와 문화, 기술·가정 등 | 진로 선택: 정치, 법과 사회, 생활과학 탐구 등 | 융합 선택: 사회문제 탐구, 윤리문제 탐구, 생애 설계와 자립 등","공통과목: 사회, 생활ㆍ교양 | 일반선택과목: 사회교과 : 사회ㆍ문화, 생활과 윤리, 윤리와 사상 | 진로선택과목: 사회문제 탐구 | 전문교과Ⅰ: 지역 이해, 세계 문제와 미래 사회, 사회 탐구 방법 및 사회과제 연구, 정보과학 | 전문교과Ⅱ: 커뮤니케이션, 인간 발달, 아동 복지, 빅데이터 분석","사회복지사, 청소년상담사, 청소년지도사",보육교사
377,외식조리과,"부산광역시_동의과학대학교(제1캠퍼스)_외식조리과, 대전광역시_대덕대학교(제1캠퍼스)_K-외식조리학과, 대전광역시_대덕대학교(제1캠퍼스)_K-외식조리과, 대전광역시_우송정보대학(제1캠퍼스)_외식조리과, 대구광역시_영남이공대학교(제1캠퍼스)_글로벌외식산업과, 대구광역시_영남이공대학교(제1캠퍼스)_글로벌외식조리과, 울산광역시_울산과학대학교(제1캠퍼스)_외식조리과, 경기도_장안대학교(제1캠퍼스)_외식비즈니스과(자연), 경기도_장안대학교(제1캠퍼스)_외식산업과(자연), 강원특별자치도_한림성심대학교(제1캠퍼스)_글로벌관광과(바리스타음료전공), 충청남도_혜전대학교(제1캠퍼스)_외식창업조리과, 전북특별자치도_군장대학교(제1캠퍼스)_외식조리과, 전북특별자치도_원광보건대학교(제1캠퍼스)_외식조리학과, 전북특별자치도_원광보건대학교(제1캠퍼스)_외식조리과, 경상남도_동원과학기술대학교(제1캠퍼스)_외식조리창업전공","일반 선택: 대수, 미적분 Ⅰ, 확률과 통계, 사회와 문화, 화학, 생명과학, 기술·가정,정보 등 | 진로 선택: 미적분Ⅱ, 경제, 물질과 에너지, 화학 반응의 세계, 세포와 물질대사, 생물의 유전, 생활과학 탐구 등 | 융합 선택: 실용 통계 등","공통과목: 과학, 생활ㆍ교양, 사회 | 일반선택과목: 과학교과 : 생명과학Ⅰ, 화학Ⅰ, 물리Ⅰ | 진로선택과목: 생명과학Ⅱ, 화학Ⅱ, 융합과학, 생활과 과학, 농업생명과학, 가정과학 | 전문교과Ⅰ: 생명과학실험, 물리/화학 실험, 융합과학 탐구, 과학과제 연구 | 전문교과Ⅱ: 식품과 영양, 식품위생, 급식관리, 식품과학, 식품분석","바리스타, 복어조리기능사, 양식조리기능사, 일식조리기능사, 제과기능사, 제빵기능사, 중식조리기능사, 한식조리기능사",바리스타
21020,의료경영학과,"부산광역시_동의대학교(제1캠퍼스)_의료경영학과, 부산광역시_영산대학교(제2캠퍼스)_의료경영학과, 대전광역시_우송대학교(제1캠퍼스)_보건의료경영학과, 대전광역시_을지대학교(제1캠퍼스)_의료경영학과, 경기도_가천대학교(제1캠퍼스)_첨단의료기기학과, 경기도_가천대학교(제1캠퍼스)_의료경영학과, 경기도_을지대학교(제2캠퍼스)_의료경영학과, 경기도_화성의과학대학교(제1캠퍼스)_의료경영학과, 강원특별자치도_가톨릭관동대학교(제1캠퍼스)_의료경영학과, 강원특별자치도_가톨릭관동대학교(제1캠퍼스)_의료경영학전공, 강원특별자치도_상지대학교(제1캠퍼스)_보건의료경영전공, 강원특별자치도_상지대학교(제1캠퍼스)_보건의료경영학과, 강원특별자치도_상지대학교(제1캠퍼스)_의료경영학과, 충청북도_청주대학교(제1캠퍼스)_의료경영학과, 전북특별자치도_우석대학교(제1캠퍼스)_보건의료경영학과, 전북특별자치도_원광대학교(제1캠퍼스)_의료상담학과, 경상북도_경운대학교(제1캠퍼스)_의료경영학과, 경상북도_대구한의대학교(제1캠퍼스)_의료경영학과","일반 선택: 화법과 언어, 독서와 작문, 문학, 대수, 미적분I, 확률과 통계, 영어I, 영어II, 영어 독해와 작문, 세계시민과 지리, 세계사, 사회와 문화, 정보, 제2외국어 과목 등 | 진로 선택: 미적분II, 기하, 경제 수학, 영어 발표와 토론, 법과 사회, 경제, 윤리와 사상, 국제 관계의 이해, 인공지능 기초, 데이터 과학 등 | 융합 선택: 실용 통계, 수학과제 탐구, 실생활 영어 회화, 세계 문화와 영어, 사회문제 탐구, 금융과 경제생활, 제2외국어 문화 과목 등","공통과목: 수학, 사회, 기술ㆍ가정, 생활ㆍ교양 | 일반선택과목: 수학교과 : 수학I, Ⅱ, 미적분, 확률과 통계 | 진로선택과목: 실용 수학, 기하, 경제 수학, 수학 과제 탐구, 사회문제 탐구, 창의 경영, 지식 재산 일반 | 전문교과Ⅰ: 심화 수학I, 정보과학, 국제 경제, 세계 문제와 미래 사회, 사회 탐구 방법 및 사회과제 연구 | 전문교과Ⅱ: 기업과 경영, 회계 정보 처리 시스템, 금융 일반, 마케팅과 광고, 창업 일반, 커뮤니케이션, 유통 관리","건강보험사.정보처리기사, 산업기사(국제의료관광코디네이터), 손해사정인, 의무기록사.병원행정사, 조사분석사",손해사정사
332,아동복지과,"서울특별시_한양여자대학교(제1캠퍼스)_아동복지과(3년제), 대구광역시_영진사이버대학교(제1캠퍼스)_아동복지학과, 대구광역시_영진사이버대학교(제1캠퍼스)_노인아동복지계열, 경기도_동원대학교(제1캠퍼스)_아동복지상담과, 경기도_동원대학교(제1캠퍼스)_아동복지상담학과, 전북특별자치도_전주비전대학교(제1캠퍼스)_아동복지과, 전북특별자치도_전주비전대학교(제1캠퍼스)_아동복지상담과, 전북특별자치도_전주비전대학교(제1캠퍼스)_아동복지학과, 전북특별자치도_전주비전대학교(제1캠퍼스)_아동복지상담학과, 전라남도_나주대학교(제1캠퍼스)_아동노인복지학부, 전라남도_나주대학교(제1캠퍼스)_아동보육복지학부, 전라남도_나주대학교(제1캠퍼스)_아동노인복지과, 전라남도_전남과학대학교(제1캠퍼스)_아동복지재활과, 경상북도_한국복지사이버대학교(제1캠퍼스)_아동복지학과","일반 선택: 현대사회와 윤리, 사회와 문화, 기술·가정 등 | 진로 선택: 정치, 법과 사회, 생활과학 탐구 등 | 융합 선택: 사회문제 탐구, 윤리문제 탐구, 생애 설계와 자립 등","공통과목: 사회, 생활ㆍ교양 | 일반선택과목: 사회교과 : 정치와 법, 사회ㆍ문화, 경제, 생활과 윤리 | 진로선택과목: 사회문제 탐구 | 전문교과Ⅰ: 지역 이해, 세계 문제와 미래 사회, 사회 탐구 방법 및 사회과제 연구 | 전문교과Ⅱ: 인간 발달, 아동복지, 생활서비스 산업의 이해, 복지 서비스의 기초","보육교사, 사회복지사, 유치원2급정교사, 정신보건사회복지사",보육교사
45,관광경영과,"서울특별시_배화여자대학교(제1캠퍼스)_글로벌관광콘텐츠과, 서울특별시_백석예술대학교(제1캠퍼스)_관광학부, 서울특별시_숭의여자대학교(제1캠퍼스)_관광과, 서울특별시_인덕대학교(제1캠퍼스)_관광서비스경영학과, 서울특별시_한양여자대학교(제1캠퍼스)_국제관광과, 서울특별시_한양여자대학교(제1캠퍼스)_서비스경영학과, 부산광역시_부산경상대학교(제1캠퍼스)_글로벌관광계열, 인천광역시_경인여자대학교(제1캠퍼스)_관광외국어학과, 인천광역시_인하공업전문대학(제1캠퍼스)_관광경영학과, 인천광역시_인하공업전문대학(제1캠퍼스)_글로벌관광서비스학과, 대구광역시_영남이공대학교(제1캠퍼스)_관광계열 카지노 & Surveillance전공, 대구광역시_영남이공대학교(제1캠퍼스)_항공ㆍ호텔ㆍ카지노계열 항공&비서전공, 대구광역시_영진전문대학교(제1캠퍼스)_국제관광학과, 광주광역시_서영대학교(제1캠퍼스)_관광과, 광주광역시_서영대학교(제1캠퍼스)_항공관광과(3년제), 경기도_경복대학교(제1캠퍼스)_국제관광과, 경기도_동남보건대학교(제1캠퍼스)_의료융합관광과, 경기도_동남보건대학교(제1캠퍼스)_글로벌관광서비스과(일본어전공), 경기도_동남보건대학교(제1캠퍼스)_글로벌관광서비스과(중국어전공), 경기도_동남보건대학교(제1캠퍼스)_의료융합관광과(일본어, 영어), 경기도_동원대학교(제1캠퍼스)_여행레저디자인학과, 경기도_동원대학교(제1캠퍼스)_관광과, 경기도_동원대학교(제1캠퍼스)_관광학과, 경기도_서영대학교(제2캠퍼스)_항공국제관광과, 경기도_서영대학교(제2캠퍼스)_국제관광과, 경기도_서영대학교(제2캠퍼스)_국제관광학과, 경기도_연성대학교(제1캠퍼스)_관광과 호텔관광전공, 경기도_유한대학교(제1캠퍼스)_글로벌관광학과 호텔관광전공, 경기도_유한대학교(제1캠퍼스)_글로벌관광학과, 경기도_장안대학교(제1캠퍼스)_관광레저경영과, 경기도_장안대학교(제1캠퍼스)_관광경영과, 경기도_장안대학교(제1캠퍼스)_관광경영학과, 경기도_장안대학교(제1캠퍼스)_글로벌자율계열 관광레저전공, 경기도_장안대학교(제1캠퍼스)_관광레저경영학과, 경기도_한국관광대학교(제1캠퍼스)_관광경영학과, 강원특별자치도_강릉영동대학교(제1캠퍼스)_디지털관광융합계열, 강원특별자치도_강릉영동대학교(제1캠퍼스)_관광경영과, 강원특별자치도_강릉영동대학교(제1캠퍼스)_관광경영전공, 강원특별자치도_한림성심대학교(제1캠퍼스)_글로벌관광학과, 충청남도_백석문화대학교(제1캠퍼스)_관광학부, 전북특별자치도_군장대학교(제1캠퍼스)_글로벌관광계열, 전라남도_나주대학교(제1캠퍼스)_의료관광복지과, 전라남도_목포과학대학교(제1캠퍼스)_관광문화융합과, 경상북도_경북과학대학교(제1캠퍼스)_관광레저과, 경상남도_경남도립남해대학(제1캠퍼스)_힐링관광전공, 경상남도_마산대학교(제1캠퍼스)_글로벌의료관광과, 제주특별자치도_제주관광대학교(제1캠퍼스)_리조트카지노경영학과, 제주특별자치도_제주관광대학교(제1캠퍼스)_관광경영과, 제주특별자치도_제주관광대학교(제1캠퍼스)_카지노복합리조트경영학과, 제주특별자치도_제주한라대학교(제1캠퍼스)_관광경영학과, 제주특별자치도_제주한라대학교(제1캠퍼스)_관광경영과","일반 선택: 화법과 언어, 독서와 작문, 문학, 대수, 미적분I, 확률과 통계, 영어I, 영어II, 영어 독해와 작문, 세계시민과 지리, 세계사, 사회와 문화, 정보, 제2외국어 과목 등 | 진로 선택: 경제 수학, 영어 발표와 토론, 법과 사회, 경제, 윤리와 사상, 국제 관계의 이해, 인공지능 기초, 데이터 과학 등 | 융합 선택: 실용 통계, 수학과제 탐구, 실생활 영어 회화, 세계 문화와 영어, 사회문제 탐구, 금융과 경제생활, 제2외국어 문화 과목 등","공통과목: 사회, 생활ㆍ교양 | 일반선택과목: 사회교과 : 한국지리, 세계지리, 사회ㆍ문화, 생활과 윤리 | 진로선택과목: 실용 수학, 여행지리, 사회문제 탐구 | 전문교과Ⅰ: 정보과학, 생태와 환경, 지역 이해, 비교 문화, 세계 문제와 미래 사회, 사회 탐구 방법 및 사회과제 연구 | 전문교과Ⅱ: 커뮤니케이션, 비즈니스 영어, 마케팅과 광고, 빅데이터 분석","관광통역안내사, 여행안내사, 호텔경영사, 호텔관리사",관광상품개발자
644,호텔외식경영과,"서울특별시_한양여자대학교(제1캠퍼스)_스마트F&B과, 대전광역시_대덕대학교(제1캠퍼스)_호텔외식서비스과, 대전광역시_우송정보대학(제1캠퍼스)_관광호텔외식과, 대구광역시_계명문화대학교(제1캠퍼스)_호텔항공외식관광학과, 대구광역시_계명문화대학교(제1캠퍼스)_호텔항공외식관광학부, 대구광역시_계명문화대학교(제1캠퍼스)_해외서비스경영과, 대구광역시_영남이공대학교(제1캠퍼스)_항공ㆍ호텔ㆍ카지노계열 호텔&와인전공, 대구광역시_영진전문대학교(제1캠퍼스)_호텔외식관광학과, 경기도_경민대학교(제1캠퍼스)_호텔외식서비스과, 경기도_대림대학교(제1캠퍼스)_호텔외식서비스과, 경기도_대림대학교(제1캠퍼스)_호텔외식바리스타과, 경기도_동원대학교(제1캠퍼스)_호텔외식경영과, 경기도_신구대학교(제1캠퍼스)_호텔외식F&B과, 경기도_신구대학교(제1캠퍼스)_외식서비스경영전공, 경기도_신안산대학교(제1캠퍼스)_카페바리스타과, 경기도_연성대학교(제1캠퍼스)_호텔외식조리과 호텔외식경영전공, 경기도_연성대학교(제1캠퍼스)_호텔외식경영학과, 경기도_오산대학교(제1캠퍼스)_카페바리스타과, 경기도_한국관광대학교(제1캠퍼스)_외식경영과, 강원특별자치도_한림성심대학교(제1캠퍼스)_글로벌관광과(바리스타음료전공, 항공외국어전공), 충청북도_충청대학교(제1캠퍼스)_항공호텔관광학부 호텔.바리스타전공, 경상북도_선린대학교(제1캠퍼스)_호텔외식경영계열, 제주특별자치도_제주한라대학교(제1캠퍼스)_호텔외식경영학과, 제주특별자치도_제주한라대학교(제1캠퍼스)_호텔외식경영과, 제주특별자치도_제주한라대학교(제1캠퍼스)_외식경영학과","일반 선택: 화법과 언어, 독서와 작문, 문학, 대수, 미적분I, 확률과 통계, 영어I, 영어II, 영어 독해와 작문, 세계시민과 지리, 세계사, 사회와 문화, 정보, 제2외국어 과목 등 | 진로 선택: 경제 수학, 영어 발표와 토론, 법과 사회, 경제, 윤리와 사상, 국제 관계의 이해, 인공지능 기초, 데이터 과학 등 | 융합 선택: 실용 통계, 수학과제 탐구, 실생활 영어 회화, 세계 문화와 영어, 사회문제 탐구, 금융과 경제생활, 제2외국어 문화 과목 등","공통과목: 수학, 사회, 기술ㆍ가정, 생활ㆍ교양 | 일반선택과목: 수학교과 : 수학I, Ⅱ, 미적분, 확률과 통계 | 진로선택과목: 실용 수학, 기하, 경제 수학, 수학 과제 탐구, 사회문제 탐구, 창의 경영, 지식 재산 일반 | 전문교과Ⅰ: 심화 수학I, 정보과학, 국제 경제, 세계 문제와 미래 사회, 사회 탐구 방법 및 사회과제 연구 | 전문교과Ⅱ: 기업과 경영, 회계 정보 처리 시스템, 금융 일반, 마케팅과 광고, 창업 일반, 커뮤니케이션, 유통 관리","복어조리기능사, 소믈리에자격증, 양식조리기능사, 일식조리기능사, 조주기능사, 커피바리스타, 한식조리기능사",호텔경영인
643,호텔경영과,"서울특별시_동양미래대학교(제1캠퍼스)_호텔관광학과, 서울특별시_배화여자대학교(제1캠퍼스)_호텔관광과, 서울특별시_배화여자대학교(제1캠퍼스)_글로벌호텔관광학과, 서울특별시_배화여자대학교(제1캠퍼스)_글로벌호텔관광과, 서울특별시_백석예술대학교(제1캠퍼스)_호텔관광학부, 서울특별시_숭의여자대학교(제1캠퍼스)_호텔관광과, 서울특별시_숭의여자대학교(제1캠퍼스)_호텔관광학과, 서울특별시_한양여자대학교(제1캠퍼스)_호텔관광과, 서울특별시_한양여자대학교(제1캠퍼스)_호텔관광학과, 부산광역시_경남정보대학교(제1캠퍼스)_호텔관광과, 부산광역시_경남정보대학교(제1캠퍼스)_호텔관광학과, 부산광역시_대동대학교(제1캠퍼스)_호텔관광경영과, 부산광역시_동의과학대학교(제1캠퍼스)_호텔크루즈관광과, 부산광역시_부산경상대학교(제1캠퍼스)_호텔관광ㆍ항공계열, 부산광역시_부산경상대학교(제1캠퍼스)_호텔의료관광과, 부산광역시_부산경상대학교(제1캠퍼스)_호텔ㆍ관광경영과, 부산광역시_부산경상대학교(제1캠퍼스)_호텔관광항공외국어계열, 부산광역시_부산경상대학교(제1캠퍼스)_호텔경영과, 부산광역시_부산경상대학교(제1캠퍼스)_호텔마이스과, 부산광역시_부산과학기술대학교(제1캠퍼스)_호텔ㆍ관광ㆍ경영과, 부산광역시_부산과학기술대학교(제1캠퍼스)_호텔관광경영학과, 부산광역시_부산과학기술대학교(제1캠퍼스)_호텔관광경영과, 부산광역시_부산보건대학교(제1캠퍼스)_호텔의료관광전공, 부산광역시_부산보건대학교(제1캠퍼스)_호텔관광과, 인천광역시_경인여자대학교(제1캠퍼스)_호텔&카지노과, 인천광역시_경인여자대학교(제1캠퍼스)_호텔관광경영학과, 인천광역시_경인여자대학교(제1캠퍼스)_호텔관광학과, 인천광역시_경인여자대학교(제1캠퍼스)_호텔관광경영과, 인천광역시_경인여자대학교(제1캠퍼스)_호텔ㆍ카지노학과, 인천광역시_인하공업전문대학(제1캠퍼스)_호텔경영학과, 인천광역시_재능대학교(제1캠퍼스)_호텔관광과, 인천광역시_재능대학교(제1캠퍼스)_항공관광과 호텔리조트전공, 인천광역시_재능대학교(제1캠퍼스)_항공관광과 글로벌관광면세전공, 대전광역시_우송정보대학(제1캠퍼스)_호텔관광과, 대구광역시_계명문화대학교(제1캠퍼스)_호텔관광서비스과, 대구광역시_수성대학교(제1캠퍼스)_호텔항공관광과, 대구광역시_영남이공대학교(제1캠퍼스)_항공ㆍ호텔ㆍ카지노계열, 대구광역시_영남이공대학교(제1캠퍼스)_항공ㆍ호텔ㆍ카지노계열 카지노&서베일런스전공, 대구광역시_영남이공대학교(제1캠퍼스)_글로벌레저서비스과(인문사회), 대구광역시_영남이공대학교(제1캠퍼스)_관광계열 호텔관광전공, 대구광역시_영진전문대학교(제1캠퍼스)_호텔항공관광과, 광주광역시_서영대학교(제1캠퍼스)_항공호텔관광과, 경기도_경민대학교(제1캠퍼스)_호텔관광경영과, 경기도_경민대학교(제1캠퍼스)_호텔관광경영과(인문사회), 경기도_경민대학교(제1캠퍼스)_호텔관광학과, 경기도_경복대학교(제1캠퍼스)_스마트호텔관광과, 경기도_경복대학교(제1캠퍼스)_호텔관광과, 경기도_경복대학교(제1캠퍼스)_호텔관광학과, 경기도_경복대학교(제1캠퍼스)_호텔관광과(3년제), 경기도_국제대학교(제1캠퍼스)_호텔관광서비스학과, 경기도_국제대학교(제1캠퍼스)_호텔관광경영학과, 경기도_국제대학교(제1캠퍼스)_호텔카지노관광과, 경기도_국제대학교(제1캠퍼스)_호텔관광학과, 경기도_김포대학교(제1캠퍼스)_글로벌호텔서비스과, 경기도_김포대학교(제1캠퍼스)_호텔경영과, 경기도_대림대학교(제1캠퍼스)_항공호텔관광과, 경기도_대림대학교(제1캠퍼스)_호텔관광학과, 경기도_대림대학교(제1캠퍼스)_항공호텔관광학부(글로벌호텔관광서비스전공), 경기도_대림대학교(제1캠퍼스)_호텔ㆍ레저과, 경기도_대림대학교(제1캠퍼스)_호텔관광과, 경기도_대림대학교(제1캠퍼스)_항공호텔관광학부, 경기도_대림대학교(제1캠퍼스)_호텔레저학과, 경기도_동서울대학교(제1캠퍼스)_호텔관광경영과, 경기도_동서울대학교(제1캠퍼스)_호텔관광경영학과, 경기도_동원대학교(제1캠퍼스)_호텔관광과, 경기도_두원공과대학교(제2캠퍼스)_호텔관광과(3년제), 경기도_두원공과대학교(제2캠퍼스)_호텔관광경영과, 경기도_두원공과대학교(제2캠퍼스)_호텔관광과, 경기도_부천대학교(제1캠퍼스)_호텔관광경영학과, 경기도_부천대학교(제1캠퍼스)_호텔관광경영과, 경기도_서영대학교(제2캠퍼스)_호텔관광경영과, 경기도_서영대학교(제2캠퍼스)_호텔관광학과, 경기도_서영대학교(제2캠퍼스)_호텔관광과, 경기도_서정대학교(제1캠퍼스)_호텔관광학과, 경기도_서정대학교(제1캠퍼스)_호텔관광과, 경기도_서정대학교(제1캠퍼스)_호텔경영과, 경기도_수원과학대학교(제1캠퍼스)_호텔관광학과, 경기도_신구대학교(제1캠퍼스)_호텔관광과, 경기도_신구대학교(제1캠퍼스)_호텔관광학과, 경기도_신구대학교(제1캠퍼스)_글로벌호텔관광과, 경기도_신안산대학교(제1캠퍼스)_호텔경영과, 경기도_안산대학교(제1캠퍼스)_항공호텔관광학과, 경기도_안산대학교(제1캠퍼스)_호텔관광학과, 경기도_안산대학교(제1캠퍼스)_글로벌호텔관광학과, 경기도_여주대학교(제1캠퍼스)_호텔관광학과, 경기도_여주대학교(제1캠퍼스)_호텔관광과, 경기도_연성대학교(제1캠퍼스)_호텔관광과, 경기도_오산대학교(제1캠퍼스)_호텔관광경영학과, 경기도_오산대학교(제1캠퍼스)_호텔관광경영과, 경기도_오산대학교(제1캠퍼스)_글로벌호텔관광학과, 경기도_오산대학교(제1캠퍼스)_호텔관광과, 경기도_오산대학교(제1캠퍼스)_글로벌호텔관광과, 경기도_용인예술과학대학교(제1캠퍼스)_호텔관광학과, 경기도_용인예술과학대학교(제1캠퍼스)_호텔관광과, 경기도_용인예술과학대학교(제1캠퍼스)_호텔관광경영과, 경기도_용인예술과학대학교(제1캠퍼스)_호텔관광경영학과, 경기도_유한대학교(제1캠퍼스)_글로벌호텔항공학과 항공경영전공, 경기도_유한대학교(제1캠퍼스)_호텔항공학과 항공경영전공, 경기도_유한대학교(제1캠퍼스)_호텔항공학과 호텔관광전공, 경기도_유한대학교(제1캠퍼스)_호텔관광학과, 경기도_유한대학교(제1캠퍼스)_글로벌호텔항공학과 호텔관광전공, 경기도_장안대학교(제1캠퍼스)_호텔경영과, 경기도_장안대학교(제1캠퍼스)_호텔경영학과, 경기도_한국관광대학교(제1캠퍼스)_호텔경영과, 경기도_한국관광대학교(제1캠퍼스)_호텔경영학과, 경기도_한국관광대학교(제1캠퍼스)_호텔관광경영학과, 강원특별자치도_강릉영동대학교(제1캠퍼스)_호텔관광전공, 강원특별자치도_강원도립대학교(제1캠퍼스)_크루즈승무원과, 강원특별자치도_강원도립대학교(제1캠퍼스)_호텔항공관광과, 강원특별자치도_강원도립대학교(제1캠퍼스)_호텔관광과, 강원특별자치도_송호대학교(제1캠퍼스)_관광(소노)호텔앤리조트과, 강원특별자치도_한림성심대학교(제1캠퍼스)_호텔관광경영과, 강원특별자치도_한림성심대학교(제1캠퍼스)_호텔리조트경영과, 강원특별자치도_한림성심대학교(제1캠퍼스)_ACE인재융합학부, 충청북도_강동대학교(제1캠퍼스)_호텔경영과, 충청북도_대원대학교(제1캠퍼스)_호텔관광경영과, 충청남도_백석문화대학교(제1캠퍼스)_호텔경영관광학부, 충청남도_백석문화대학교(제1캠퍼스)_호텔경영관광학과, 충청남도_신성대학교(제1캠퍼스)_호텔관광과, 충청남도_혜전대학교(제1캠퍼스)_호텔관광서비스과, 전북특별자치도_군장대학교(제1캠퍼스)_호텔관광과, 전북특별자치도_원광보건대학교(제1캠퍼스)_호텔관광서비스학과, 전북특별자치도_원광보건대학교(제1캠퍼스)_글로벌호텔관광과, 전북특별자치도_원광보건대학교(제1캠퍼스)_스마트호텔관광학과, 전북특별자치도_원광보건대학교(제1캠퍼스)_스마트호텔관광과, 전북특별자치도_원광보건대학교(제1캠퍼스)_호텔관광과, 경상북도_대경대학교(제1캠퍼스)_글로벌호텔크루즈과, 경상북도_대경대학교(제1캠퍼스)_호텔크루즈학과, 경상북도_대경대학교(제1캠퍼스)_글로벌호텔크루즈학과, 경상북도_대경대학교(제1캠퍼스)_호텔크루즈서비스학부, 경상북도_대경대학교(제1캠퍼스)_호텔크루즈학부, 경상남도_경남도립남해대학(제1캠퍼스)_호텔관광전공, 경상남도_동원과학기술대학교(제1캠퍼스)_호텔관광경영과, 제주특별자치도_제주관광대학교(제1캠퍼스)_호텔관광학과, 제주특별자치도_제주관광대학교(제1캠퍼스)_카지노경영과, 제주특별자치도_제주관광대학교(제1캠퍼스)_호텔관광과, 제주특별자치도_제주관광대학교(제1캠퍼스)_호텔경영과, 제주특별자치도_제주한라대학교(제1캠퍼스)_호텔경영학과","일반 선택: 화법과 언어, 독서와 작문, 문학, 대수, 미적분I, 확률과 통계, 영어I, 영어II, 영어 독해와 작문, 세계시민과 지리, 세계사, 사회와 문화, 정보, 제2외국어 과목 등 | 진로 선택: 경제 수학, 영어 발표와 토론, 법과 사회, 경제, 윤리와 사상, 국제 관계의 이해, 인공지능 기초, 데이터 과학 등 | 융합 선택: 실용 통계, 수학과제 탐구, 실생활 영어 회화, 세계 문화와 영어, 사회문제 탐구, 금융과 경제생활, 제2외국어 문화 과목 등","공통과목: 수학, 사회, 기술ㆍ가정, 생활ㆍ교양 | 일반선택과목: 수학교과 : 수학I, Ⅱ, 미적분, 확률과 통계 | 진로선택과목: 실용 수학, 기하, 경제 수학, 수학 과제 탐구, 사회문제 탐구, 창의 경영, 지식 재산 일반 | 전문교과Ⅰ: 심화 수학I, 정보과학, 국제 경제, 세계 문제와 미래 사회, 사회 탐구 방법 및 사회과제 연구 | 전문교과Ⅱ: 기업과 경영, 회계 정보 처리 시스템, 금융 일반, 마케팅과 광고, 창업 일반, 커뮤니케이션, 유통 관리","관광통역안내사, 국내여행안내사, 호텔경영사, 호텔관리사",여행안내원
567,컨벤션산업과,"서울특별시_동양미래대학교(제1캠퍼스)_관광컨벤션학과, 대전광역시_대덕대학교(제1캠퍼스)_호텔레저컨벤션과, 강원특별자치도_강릉영동대학교(제1캠퍼스)_웨딩산업과","일반 선택: 화법과 언어, 독서와 작문, 문학, 대수, 미적분I, 확률과 통계, 영어I, 영어II, 영어 독해와 작문, 세계시민과 지리, 세계사, 사회와 문화, 정보, 제2외국어 과목 등 | 진로 선택: 미적분II, 기하, 경제 수학, 영어 발표와 토론, 법과 사회, 경제, 윤리와 사상, 국제 관계의 이해, 인공지능 기초, 데이터 과학 등 | 융합 선택: 실용 통계, 수학과제 탐구, 실생활 영어 회화, 세계 문화와 영어, 사회문제 탐구, 금융과 경제생활, 제2외국어 문화 과목 등","공통과목: 수학, 사회, 기술ㆍ가정, 생활ㆍ교양 | 일반선택과목: 수학교과 : 수학I, Ⅱ, 미적분, 확률과 통계 | 진로선택과목: 실용 수학, 기하, 경제 수학, 수학 과제 탐구, 사회문제 탐구, 창의 경영, 지식 재산 일반 | 전문교과Ⅰ: 심화 수학I, 정보과학, 국제 경제, 세계 문제와 미래 사회, 사회 탐구 방법 및 사회과제 연구 | 전문교과Ⅱ: 기업과 경영, 회계 정보 처리 시스템, 금융 일반, 마케팅과 광고, 창업 일반, 커뮤니케이션, 유통 관리","국내여행안내사, 컨벤션기획사2급, 호텔경영사, 호텔관리사",마케팅전문가
542,철도경영과,"경기도_김포대학교(제1캠퍼스)_철도경영과, 충청북도_대원대학교(제1캠퍼스)_철도운전경영전공, 충청북도_대원대학교(제1캠퍼스)_철도건설과, 경상북도_경북전문대학교(제1캠퍼스)_철도건설과","일반 선택: 화법과 언어, 독서와 작문, 문학, 대수, 미적분I, 확률과 통계, 영어I, 영어II, 영어 독해와 작문, 세계시민과 지리, 세계사, 사회와 문화, 정보, 제2외국어 과목 등 | 진로 선택: 미적분II, 기하, 경제 수학, 영어 발표와 토론, 법과 사회, 경제, 윤리와 사상, 국제 관계의 이해, 인공지능 기초, 데이터 과학 등 | 융합 선택: 실용 통계, 수학과제 탐구, 실생활 영어 회화, 세계 문화와 영어, 사회문제 탐구, 금융과 경제생활, 제2외국어 문화 과목 등","공통과목: 수학, 사회, 기술ㆍ가정, 생활ㆍ교양 | 일반선택과목: 수학교과 : 수학I, Ⅱ, 미적분, 확률과 통계 | 진로선택과목: 실용 수학, 기하, 경제 수학, 수학 과제 탐구, 사회문제 탐구, 창의 경영, 지식 재산 일반 | 전문교과Ⅰ: 심화 수학I, 정보과학, 국제 경제, 세계 문제와 미래 사회, 사회 탐구 방법 및 사회과제 연구 | 전문교과Ⅱ: 기업과 경영, 회계 정보 처리 시스템, 금융 일반, 마케팅과 광고, 창업 일반, 커뮤니케이션, 유통 관리","물류관리사, 유통관리사, 철도교통안전관리자, 철도신호산업기사, 철도운송산업기사",열차객실승무원
540,창업경영과,"대구광역시_대구과학대학교(제1캠퍼스)_SNS응용창업학과, 대구광역시_영진전문대학교(제1캠퍼스)_IT온라인창업과, 광주광역시_조선이공대학교(제1캠퍼스)_프랜차이즈창업경영과, 경기도_국제대학교(제1캠퍼스)_외식프랜차이즈창업전공(미래융합교육학부), 경기도_서정대학교(제1캠퍼스)_창업경영과, 경기도_서정대학교(제1캠퍼스)_창업경영학과, 경기도_장안대학교(제1캠퍼스)_글로벌자율계열 창업프랜차이즈전공, 충청북도_강동대학교(제1캠퍼스)_창업경영학부, 충청북도_강동대학교(제1캠퍼스)_창업경영학과(학사), 충청북도_강동대학교(제1캠퍼스)_창업경영학과, 충청북도_강동대학교(제1캠퍼스)_창업경영과, 충청북도_충북보건과학대학교(제1캠퍼스)_창업경영학과, 충청북도_충북보건과학대학교(제1캠퍼스)_창업경영과, 경상남도_마산대학교(제1캠퍼스)_프랜차이즈창업경영과","일반 선택: 화법과 언어, 독서와 작문, 문학, 대수, 미적분I, 확률과 통계, 영어I, 영어II, 영어 독해와 작문, 세계시민과 지리, 세계사, 사회와 문화, 정보, 제2외국어 과목 등 | 진로 선택: 미적분II, 기하, 경제 수학, 영어 발표와 토론, 법과 사회, 경제, 윤리와 사상, 국제 관계의 이해, 인공지능 기초, 데이터 과학 등 | 융합 선택: 실용 통계, 수학과제 탐구, 실생활 영어 회화, 세계 문화와 영어, 사회문제 탐구, 금융과 경제생활, 제2외국어 문화 과목 등","공통과목: 수학, 사회, 기술ㆍ가정, 생활ㆍ교양 | 일반선택과목: 수학교과 : 수학I, Ⅱ, 미적분, 확률과 통계 | 진로선택과목: 실용 수학, 기하, 경제 수학, 수학 과제 탐구, 사회문제 탐구, 창의 경영, 지식 재산 일반 | 전문교과Ⅰ: 심화 수학I, 정보과학, 국제 경제, 세계 문제와 미래 사회, 사회 탐구 방법 및 사회과제 연구 | 전문교과Ⅱ: 기업과 경영, 회계 정보 처리 시스템, 금융 일반, 마케팅과 광고, 창업 일반, 커뮤니케이션, 유통 관리","경영지도사, 물류관리사, 전자상거래관리사",경영컨설턴트
10035,중국비즈니스과,"경기도_동서울대학교(제1캠퍼스)_글로벌중국비즈니스과, 경기도_동서울대학교(제1캠퍼스)_중국비지니스과, 경기도_유한대학교(제1캠퍼스)_글로벌비즈니스학과 중국비즈니스전공, 충청북도_충청대학교(제1캠퍼스)_한중비즈니스과, 제주특별자치도_제주한라대학교(제1캠퍼스)_중국경제무역학과","일반 선택: 화법과 언어, 독서와 작문, 문학, 대수, 미적분I, 확률과 통계, 영어I, 영어II, 영어 독해와 작문, 세계시민과 지리, 세계사, 사회와 문화, 정보, 제2외국어 과목 등 | 진로 선택: 경제 수학, 영어 발표와 토론, 법과 사회, 경제, 윤리와 사상, 국제 관계의 이해, 인공지능 기초, 데이터 과학 등 | 융합 선택: 실용 통계, 수학과제 탐구, 실생활 영어 회화, 세계 문화와 영어, 사회문제 탐구, 금융과 경제생활, 제2외국어 문화 과목 등","공통과목: 수학, 사회, 기술ㆍ가정, 생활ㆍ교양 | 일반선택과목: 수학교과 : 수학I, Ⅱ, 미적분, 확률과 통계 | 진로선택과목: 실용 수학, 기하, 경제 수학, 수학 과제 탐구, 사회문제 탐구, 창의 경영, 지식 재산 일반 | 전문교과Ⅰ: 심화 수학I, 정보과학, 국제 경제, 세계 문제와 미래 사회, 사회 탐구 방법 및 사회과제 연구 | 전문교과Ⅱ: 기업과 경영, 회계 정보 처리 시스템, 금융 일반, 마케팅과 광고, 창업 일반, 커뮤니케이션, 유통 관리","관광통역안내사, 중국어능력시험(CPT), 한어수평고시(HSK), 한자능력급수자격증",국제무역사무원
393,유통경영과,"서울특별시_동양미래대학교(제1캠퍼스)_유통마케팅학과, 서울특별시_배화여자대학교(제1캠퍼스)_스마트경영과 유통마케팅전공, 부산광역시_부산과학기술대학교(제1캠퍼스)_부동산유통경영학과, 부산광역시_부산과학기술대학교(제1캠퍼스)_부동산유통경영과, 인천광역시_재능대학교(제1캠퍼스)_스마트유통물류과, 인천광역시_재능대학교(제1캠퍼스)_유통상품기획과, 대전광역시_대전과학기술대학교(제1캠퍼스)_물류유통과, 대전광역시_대전과학기술대학교(제1캠퍼스)_물류유통학과, 대전광역시_우송정보대학(제1캠퍼스)_패션유통매니저과, 울산광역시_울산과학대학교(제1캠퍼스)_유통물류경영학과, 울산광역시_울산과학대학교(제1캠퍼스)_유통경영학과, 울산광역시_울산과학대학교(제1캠퍼스)_융복합유통플랫폼학과, 울산광역시_울산과학대학교(제1캠퍼스)_유통경영과, 경기도_경복대학교(제1캠퍼스)_유통경영과, 경기도_연성대학교(제1캠퍼스)_경영학과 유통경영전공, 경기도_유한대학교(제1캠퍼스)_경영학과 유통물류전공, 경기도_장안대학교(제1캠퍼스)_유통경영과, 경기도_장안대학교(제1캠퍼스)_유통경영학과, 경기도_장안대학교(제1캠퍼스)_경영계열 유통경영전공, 강원특별자치도_강릉영동대학교(제1캠퍼스)_유통경영전공, 충청북도_강동대학교(제1캠퍼스)_유통경영과, 충청남도_혜전대학교(제1캠퍼스)_유통경영과","일반 선택: 화법과 언어, 독서와 작문, 문학, 대수, 미적분I, 확률과 통계, 영어I, 영어II, 영어 독해와 작문, 세계시민과 지리, 세계사, 사회와 문화, 정보, 제2외국어 과목 등 | 진로 선택: 미적분II, 기하, 경제 수학, 영어 발표와 토론, 법과 사회, 경제, 윤리와 사상, 국제 관계의 이해, 인공지능 기초, 데이터 과학 등 | 융합 선택: 실용 통계, 수학과제 탐구, 실생활 영어 회화, 세계 문화와 영어, 사회문제 탐구, 금융과 경제생활, 제2외국어 문화 과목 등","공통과목: 수학, 사회, 기술ㆍ가정, 생활ㆍ교양 | 일반선택과목: 수학교과 : 수학I, Ⅱ, 미적분, 확률과 통계 | 진로선택과목: 실용 수학, 기하, 경제 수학, 수학 과제 탐구, 사회문제 탐구, 창의 경영, 지식 재산 일반 | 전문교과Ⅰ: 심화 수학I, 정보과학, 국제 경제, 세계 문제와 미래 사회, 사회 탐구 방법 및 사회과제 연구 | 전문교과Ⅱ: 기업과 경영, 회계 정보 처리 시스템, 금융 일반, 마케팅과 광고, 창업 일반, 커뮤니케이션, 유통 관리","경매사, 경영진단사, 물류관리사, 세무사, 유통관리사, 전산회계, 전자상거래관리사, 컴퓨터활용능력, 텔레마케팅관리사",물류관리사
375,외식산업과,"서울특별시_백석예술대학교(제1캠퍼스)_외식산업학부, 서울특별시_정화예술대학교(제1캠퍼스)_외식산업학부, 서울특별시_한양여자대학교(제1캠퍼스)_외식산업과, 부산광역시_부산과학기술대학교(제1캠퍼스)_외식산업과, 대구광역시_계명문화대학교(제1캠퍼스)_외식사업전공, 대구광역시_계명문화대학교(제1캠퍼스)_외식창업과, 경기도_부천대학교(제1캠퍼스)_외식산업과, 경기도_오산대학교(제1캠퍼스)_외식사업과, 경기도_장안대학교(제1캠퍼스)_외식산업학과, 충청북도_강동대학교(제1캠퍼스)_호텔외식산업과, 충청남도_백석문화대학교(제1캠퍼스)_외식산업학부, 전라남도_나주대학교(제1캠퍼스)_외식산업학부","일반 선택: 화법과 언어, 독서와 작문, 문학, 대수, 미적분I, 확률과 통계, 영어I, 영어II, 영어 독해와 작문, 세계시민과 지리, 세계사, 사회와 문화, 정보, 제2외국어 과목 등 | 진로 선택: 미적분II, 기하, 경제 수학, 영어 발표와 토론, 법과 사회, 경제, 윤리와 사상, 국제 관계의 이해, 인공지능 기초, 데이터 과학 등 | 융합 선택: 실용 통계, 수학과제 탐구, 실생활 영어 회화, 세계 문화와 영어, 사회문제 탐구, 금융과 경제생활, 제2외국어 문화 과목 등","공통과목: 과학, 사회, 생활ㆍ교양, 영어 | 일반선택과목: 과학교과 : 생명과학I, 화학Ⅰ | 진로선택과목: 경제수학, 사회문제탐구, 창의경영, 실용경제, 생활과 창의성, 생명과학Ⅱ,  화학Ⅱ, 융합과학, 생활과 과학, 가정과학, 실용영어, 진로영어 | 전문교과Ⅰ: 지역이해, 사회과제 연구, 사회탐구 방법, 융합과학 탐구, 생명과학/화학 실험, 과학 과제 연구 | 전문교과Ⅱ: 회계원리, 창업 일반, 식품과 영양, 식품위생, 식품과학, 조리","복어조리기능사, 양식조리기능사, 일식조리기능사, 제과기능사, 제빵기능사, 조주기능사, 중식조리기능사, 한식조리기능사",바리스타
220,부동산과,"서울특별시_명지전문대학(제1캠퍼스)_부동산경영과, 부산광역시_경남정보대학교(제2캠퍼스)_부동산비즈니스과, 부산광역시_동의과학대학교(제1캠퍼스)_부동산재테크정보과, 부산광역시_동의과학대학교(제1캠퍼스)_부동산풍수과, 부산광역시_동의과학대학교(제1캠퍼스)_부동산공유비즈니스과, 부산광역시_부산경상대학교(제1캠퍼스)_부동산정보융합과, 부산광역시_부산경상대학교(제1캠퍼스)_부동산경영학과, 부산광역시_부산경상대학교(제1캠퍼스)_부동산경영과, 부산광역시_부산경상대학교(제1캠퍼스)_부동산과, 부산광역시_부산과학기술대학교(제1캠퍼스)_부동산복지경영과, 부산광역시_부산과학기술대학교(제1캠퍼스)_부동산복지경영학과, 대전광역시_대전과학기술대학교(제1캠퍼스)_부동산재테크과, 대전광역시_대전과학기술대학교(제1캠퍼스)_부동산행정정보학과, 대전광역시_대전과학기술대학교(제1캠퍼스)_금융부동산행정과, 대구광역시_계명문화대학교(제1캠퍼스)_금융부동산과, 대구광역시_대구과학대학교(제1캠퍼스)_부동산과, 대구광역시_대구과학대학교(제1캠퍼스)_금융부동산과, 대구광역시_대구과학대학교(제1캠퍼스)_금융부동산학과, 대구광역시_영진사이버대학교(제1캠퍼스)_부동산재테크학과, 대구광역시_영진사이버대학교(제1캠퍼스)_도시조경부동산학과, 대구광역시_영진사이버대학교(제1캠퍼스)_부동산학과, 경기도_국제대학교(제1캠퍼스)_부동산과, 경기도_김포대학교(제1캠퍼스)_부동산과, 경기도_동서울대학교(제1캠퍼스)_도시계획부동산학과, 경기도_동원대학교(제1캠퍼스)_부동산관리과, 경기도_부천대학교(제1캠퍼스)_부동산유통과, 경기도_세계사이버대학(제1캠퍼스)_부동산금융자산학과, 경기도_수원여자대학교(제1캠퍼스)_부동산서비스과, 경기도_신구대학교(제1캠퍼스)_지적부동산과, 경기도_신안산대학교(제1캠퍼스)_부동산학과, 경기도_웅지세무대학교(제1캠퍼스)_부동산감정평가과, 강원특별자치도_송곡대학교(제1캠퍼스)_부동산풍수학과, 전라남도_청암대학교(제1캠퍼스)_부동산자산관리과, 전라남도_청암대학교(제1캠퍼스)_부동산과, 경상북도_포항대학교(제1캠퍼스)_금융부동산과","일반 선택: 화법과 언어, 독서와 작문, 문학, 대수, 미적분I, 확률과 통계, 영어I, 영어II, 영어 독해와 작문, 세계시민과 지리, 세계사, 사회와 문화, 정보, 제2외국어 과목 등 | 진로 선택: 미적분II, 기하, 경제 수학, 영어 발표와 토론, 법과 사회, 경제, 윤리와 사상, 국제 관계의 이해, 인공지능 기초, 데이터 과학 등 | 융합 선택: 실용 통계, 수학과제 탐구, 실생활 영어 회화, 세계 문화와 영어, 사회문제 탐구, 금융과 경제생활, 제2외국어 문화 과목 등","공통과목: 사회, 생활ㆍ교양 | 일반선택과목: 사회교과 : 한국지리, 세계지리, 경제, 생활과 윤리 | 진로선택과목: 실용 수학, 경제 수학, 여행지리, 사회문제 탐구 | 전문교과Ⅰ: 지역 이해, 세계 문제와 미래 사회, 현대 세계의 변화, 사회 탐구 방법 및 사회과제 연구 | 전문교과Ⅱ: 공간정보융합서비스, 빅데이터 분석, 인간과 환경, 환경 보전","감정평가사, 경매사, 공인중개사, 주택관리사",감정평가사
143,마케팅경영과,"서울특별시_배화여자대학교(제1캠퍼스)_스마트경영과, 서울특별시_배화여자대학교(제1캠퍼스)_스마트경영과 경영실무서비스전공, 서울특별시_서일대학교(제1캠퍼스)_VMD전시디자인학과, 인천광역시_인하공업전문대학(제1캠퍼스)_디지털마케팅공학과, 인천광역시_재능대학교(제1캠퍼스)_마케팅빅데이터과, 인천광역시_재능대학교(제1캠퍼스)_마케팅경영과, 인천광역시_재능대학교(제1캠퍼스)_뉴미디어마케팅학과, 인천광역시_재능대학교(제1캠퍼스)_마케팅과, 대전광역시_대덕대학교(제1캠퍼스)_마케팅서비스과, 대전광역시_대전보건대학교(제1캠퍼스)_마케팅관리과, 대구광역시_계명문화대학교(제1캠퍼스)_SNS마케팅과, 경기도_경기과학기술대학교(제1캠퍼스)_스마트경영과, 경기도_경기과학기술대학교(제1캠퍼스)_스마트경영학과, 경기도_김포대학교(제1캠퍼스)_마케팅경영과, 경기도_동서울대학교(제1캠퍼스)_마케팅과, 경기도_동아방송예술대학교(제1캠퍼스)_문화예술마케팅학과, 경기도_수원여자대학교(제1캠퍼스)_패션마케팅과, 경기도_신구대학교(제1캠퍼스)_마케팅학과, 경기도_안산대학교(제1캠퍼스)_디지털마케팅학과(성인학습자), 경기도_안산대학교(제1캠퍼스)_마케팅경영학과, 경기도_연성대학교(제1캠퍼스)_경영학과 마케팅경영전공, 경기도_오산대학교(제1캠퍼스)_문화마케팅경영학과, 경기도_오산대학교(제1캠퍼스)_미디어마케팅경영과, 경기도_장안대학교(제1캠퍼스)_경영계열 마케팅미디어전공, 경기도_장안대학교(제1캠퍼스)_마케팅미디어경영과, 경상북도_구미대학교(제1캠퍼스)_메타버스디지털마케팅과, 경상북도_구미대학교(제1캠퍼스)_스마트경영과, 제주특별자치도_제주관광대학교(제1캠퍼스)_창업마케팅학과","일반 선택: 화법과 언어, 독서와 작문, 문학, 대수, 미적분I, 확률과 통계, 영어I, 영어II, 영어 독해와 작문, 세계시민과 지리, 세계사, 사회와 문화, 정보, 제2외국어 과목 등 | 진로 선택: 미적분II, 기하, 경제 수학, 영어 발표와 토론, 법과 사회, 경제, 윤리와 사상, 국제 관계의 이해, 인공지능 기초, 데이터 과학 등 | 융합 선택: 실용 통계, 수학과제 탐구, 실생활 영어 회화, 세계 문화와 영어, 사회문제 탐구, 금융과 경제생활, 제2외국어 문화 과목 등","공통과목: 수학, 사회, 기술ㆍ가정, 생활ㆍ교양 | 일반선택과목: 수학교과 : 수학Ⅰ, Ⅱ, 미적분, 확률과 통계 | 진로선택과목: 실용 수학, 기하, 경제 수학, 수학 과제 탐구, 사회문제 탐구, 창의 경영, 지식 재산 일반 | 전문교과Ⅰ: 심화 수학I, 정보과학, 국제 경제, 세계 문제와 미래 사회, 사회 탐구 방법 및 사회과제 연구 | 전문교과Ⅱ: 기업과 경영, 회계 정보 처리 시스템, 금융 일반, 마케팅과 광고, 창업 일반, 커뮤니케이션, 유통 관리","물류관리사, 유통관리사, 전자상거래관리사",마케팅전문가
10148,국제경영과,"서울특별시_배화여자대학교(제1캠퍼스)_국제무역물류학과, 인천광역시_경인여자대학교(제1캠퍼스)_국제통상학과, 인천광역시_경인여자대학교(제1캠퍼스)_국제무역물류학과, 인천광역시_경인여자대학교(제1캠퍼스)_국제무역물류과, 대구광역시_계명문화대학교(제1캠퍼스)_국제협력선교과, 울산광역시_울산과학대학교(제2캠퍼스)_국제학부, 울산광역시_울산과학대학교(제2캠퍼스)_글로벌비즈니스학과, 경기도_장안대학교(제1캠퍼스)_글로벌경영과, 전북특별자치도_군장대학교(제1캠퍼스)_글로벌융합계열, 전북특별자치도_전주비전대학교(제1캠퍼스)_국제경영과, 경상북도_호산대학교(제1캠퍼스)_글로벌융합학부, 경상남도_거제대학교(제1캠퍼스)_글로벌리더전공, 경상남도_거제대학교(제1캠퍼스)_글로벌경영과, 제주특별자치도_제주관광대학교(제1캠퍼스)_국제경영학과, 제주특별자치도_제주한라대학교(제1캠퍼스)_국제경영학과","일반 선택: 화법과 언어, 독서와 작문, 문학, 대수, 미적분I, 확률과 통계, 영어I, 영어II, 영어 독해와 작문, 세계시민과 지리, 세계사, 사회와 문화, 정보, 제2외국어 과목 등 | 진로 선택: 미적분II, 기하, 경제 수학, 영어 발표와 토론, 법과 사회, 경제, 윤리와 사상, 국제 관계의 이해, 인공지능 기초, 데이터 과학 등 | 융합 선택: 실용 통계, 수학과제 탐구, 실생활 영어 회화, 세계 문화와 영어, 사회문제 탐구, 금융과 경제생활, 제2외국어 문화 과목 등","공통과목: 수학, 사회, 기술ㆍ가정, 생활ㆍ교양 | 일반선택과목: 수학교과 : 수학Ⅰ, Ⅱ, 미적분, 확률과 통계 | 진로선택과목: 실용 수학, 기하, 경제 수학, 수학 과제 탐구, 사회문제 탐구, 창의 경영, 지식 재산 일반 | 전문교과Ⅰ: 심화 수학I, 정보과학, 국제 경제, 세계 문제와 미래 사회, 사회 탐구 방법 및 사회과제 연구 | 전문교과Ⅱ: 기업과 경영, 회계 정보 처리 시스템, 금융 일반, 마케팅과 광고, 창업 일반, 커뮤니케이션, 유통 관리","경영지도사, 관세사, 물류관리사, 유통관리사",경영컨설턴트
22,경영정보과,"서울특별시_동양미래대학교(제1캠퍼스)_경영정보학과, 서울특별시_동양미래대학교(제1캠퍼스)_경영학과, 서울특별시_동양미래대학교(제1캠퍼스)_빅데이터경영과, 서울특별시_명지전문대학(제1캠퍼스)_경영ㆍ휴먼라이프학부 자유전공학과, 서울특별시_명지전문대학(제1캠퍼스)_경영학과, 서울특별시_배화여자대학교(제1캠퍼스)_경영과, 서울특별시_백석예술대학교(제1캠퍼스)_경영학부, 서울특별시_서일대학교(제1캠퍼스)_스마트경영학과, 서울특별시_숭의여자대학교(제1캠퍼스)_경영과, 서울특별시_숭의여자대학교(제1캠퍼스)_서비스경영과, 서울특별시_한양여자대학교(제1캠퍼스)_서비스경영과, 서울특별시_한양여자대학교(제1캠퍼스)_정보경영과, 서울특별시_한양여자대학교(제1캠퍼스)_글로벌서비스경영학과, 부산광역시_경남정보대학교(제1캠퍼스)_경영학과, 부산광역시_부산경상대학교(제1캠퍼스)_상경계열, 부산광역시_부산경상대학교(제1캠퍼스)_경영과, 부산광역시_부산경상대학교(제1캠퍼스)_경영학과, 부산광역시_부산과학기술대학교(제1캠퍼스)_경영과, 부산광역시_부산과학기술대학교(제1캠퍼스)_비즈니스경영학과, 부산광역시_부산과학기술대학교(제1캠퍼스)_경영정보과, 부산광역시_부산과학기술대학교(제1캠퍼스)_비즈니스경영과, 인천광역시_경인여자대학교(제1캠퍼스)_경영과, 인천광역시_경인여자대학교(제1캠퍼스)_경영과 상품기획(MD)경영전공, 인천광역시_경인여자대학교(제1캠퍼스)_경영학과, 인천광역시_경인여자대학교(제1캠퍼스)_경영과 빅데이터경영전공, 인천광역시_인하공업전문대학(제1캠퍼스)_경영비서학과, 인천광역시_재능대학교(제1캠퍼스)_경영과 경영서비스전공, 인천광역시_재능대학교(제1캠퍼스)_경영학과, 대전광역시_대덕대학교(제1캠퍼스)_경영과, 대전광역시_대전보건대학교(제1캠퍼스)_경영정보과, 대구광역시_영남이공대학교(제1캠퍼스)_경영학과, 대구광역시_영진전문대학교(제1캠퍼스)_경영학과, 울산광역시_울산과학대학교(제2캠퍼스)_경영학과, 광주광역시_광주보건대학교(제1캠퍼스)_복지경영학과, 광주광역시_광주보건대학교(제1캠퍼스)_손해사정학과, 경기도_경기과학기술대학교(제1캠퍼스)_경영학과, 경기도_경기과학기술대학교(제1캠퍼스)_경영과, 경기도_경민대학교(제1캠퍼스)_IT경영학과(공학), 경기도_경복대학교(제1캠퍼스)_서비스경영과, 경기도_경복대학교(제1캠퍼스)_융합서비스경영학과, 경기도_김포대학교(제1캠퍼스)_경영학과, 경기도_대림대학교(제1캠퍼스)_경영학과, 경기도_대림대학교(제1캠퍼스)_경영과, 경기도_대림대학교(제1캠퍼스)_경영학부, 경기도_동서울대학교(제1캠퍼스)_테크노경영과, 경기도_동서울대학교(제1캠퍼스)_엔터테인먼트경영과, 경기도_동서울대학교(제1캠퍼스)_스마트융합경영과, 경기도_동아방송예술대학교(제1캠퍼스)_엔터테인먼트경영과, 경기도_동원대학교(제1캠퍼스)_글로벌융합학부, 경기도_부천대학교(제1캠퍼스)_경영학과, 경기도_부천대학교(제1캠퍼스)_경영과, 경기도_서영대학교(제2캠퍼스)_경영과 사회적경제전공, 경기도_서영대학교(제2캠퍼스)_경영과 디지털마케팅전공, 경기도_서영대학교(제2캠퍼스)_경영과, 경기도_서영대학교(제2캠퍼스)_ESG경영과, 경기도_서영대학교(제2캠퍼스)_경영과 마케팅전공, 경기도_서영대학교(제2캠퍼스)_경영학과, 경기도_서울예술대학교(제1캠퍼스)_예술경영전공, 경기도_서정대학교(제1캠퍼스)_경영학과, 경기도_서정대학교(제1캠퍼스)_경영과, 경기도_수원과학대학교(제1캠퍼스)_경영학과(2년제), 경기도_수원과학대학교(제1캠퍼스)_경영학과(3년제), 경기도_수원여자대학교(제1캠퍼스)_오피스매니저과, 경기도_신안산대학교(제1캠퍼스)_경영학과, 경기도_안산대학교(제1캠퍼스)_경영학과, 경기도_안산대학교(제1캠퍼스)_경영과, 경기도_연성대학교(제1캠퍼스)_경영학과, 경기도_연성대학교(제1캠퍼스)_경영학과(전공심화), 경기도_용인예술과학대학교(제1캠퍼스)_빅데이터경영학과, 경기도_용인예술과학대학교(제1캠퍼스)_경영사무과, 경기도_용인예술과학대학교(제1캠퍼스)_빅데이터경영과, 경기도_유한대학교(제1캠퍼스)_경영학과 경영정보전공, 경기도_장안대학교(제1캠퍼스)_프랜차이즈경영과, 경기도_장안대학교(제1캠퍼스)_경영과 온라인마케팅전공, 경기도_장안대학교(제1캠퍼스)_서비스경영과, 경기도_장안대학교(제1캠퍼스)_글로벌자율계열, 경기도_장안대학교(제1캠퍼스)_프랜차이즈경영학과, 경기도_장안대학교(제1캠퍼스)_글로벌경영학과, 강원특별자치도_강릉영동대학교(제1캠퍼스)_경영정보과, 강원특별자치도_강릉영동대학교(제1캠퍼스)_고향사랑경영학과, 강원특별자치도_한림성심대학교(제1캠퍼스)_스마트경영정보과(세무회계전공,인터넷경영정보전공), 충청북도_강동대학교(제1캠퍼스)_경영과, 전북특별자치도_전주기전대학(제1캠퍼스)_사회적경제인재양성과, 경상북도_가톨릭상지대학교(제1캠퍼스)_경영학과, 경상북도_가톨릭상지대학교(제1캠퍼스)_경영과, 경상북도_구미대학교(제1캠퍼스)_스마트경영학과, 경상북도_영남외국어대학(제1캠퍼스)_복지시설경영과, 경상북도_한국복지사이버대학교(제1캠퍼스)_복지경영학과, 경상남도_마산대학교(제1캠퍼스)_프랜차이즈경영과","일반 선택: 화법과 언어, 독서와 작문, 문학, 대수, 미적분I, 확률과 통계, 영어I, 영어II, 영어 독해와 작문, 세계시민과 지리, 세계사, 사회와 문화, 정보, 제2외국어 과목 등 | 진로 선택: 미적분II, 기하, 경제 수학, 영어 발표와 토론, 법과 사회, 경제, 윤리와 사상, 국제 관계의 이해, 인공지능 기초, 데이터 과학 등 | 융합 선택: 실용 통계, 수학과제 탐구, 실생활 영어 회화, 세계 문화와 영어, 사회문제 탐구, 금융과 경제생활, 제2외국어 문화 과목 등","공통과목: 영어, 사회, 생활ㆍ교양 | 일반선택과목: 영어교과 : 영어 회화, 영어I, 영어Ⅱ | 진로선택과목: 실용 수학, 실용 영어, 진로 영어, 사회문제 탐구, 창의 경영, 지식 재산 일반 | 전문교과Ⅰ: 정보과학, 국제 경제, 지역 이해, 세계 문제와 미래 사회, 사회 탐구 방법 및 사회과제 연구 | 전문교과Ⅱ: 기업과 경영, 커뮤니케이션, 정보통신, 빅데이터 분석","감정평가사, 경영지도사, 물류관리사, 보험계리사, 사무자동화산업기사, 유통관리사, 전산회계, 전산회계운용사, 전자상거래관리사, 증권투자상담사",IT컨설턴트
10143,교양사회과학부,"서울특별시_건국대학교(제1캠퍼스)_융합인재학과, 서울특별시_건국대학교(제1캠퍼스)_사회과학대학융합전공학부, 서울특별시_경희대학교(제1캠퍼스)_사회과학 광역모집, 서울특별시_경희사이버대학교(제1캠퍼스)_미래ㆍ문화ㆍ글로벌리더십계열, 서울특별시_국민대학교(제1캠퍼스)_교양대학, 서울특별시_동덕여자대학교(제1캠퍼스)_사회과학부, 서울특별시_동덕여자대학교(제1캠퍼스)_교양대학, 서울특별시_동덕여자대학교(제1캠퍼스)_문화지식융합학부, 서울특별시_동덕여자대학교(제1캠퍼스)_인문사회문화학부, 서울특별시_명지대학교 인문캠퍼스(제2캠퍼스)_사회과학대학, 서울특별시_명지대학교 인문캠퍼스(제2캠퍼스)_미래사회인재학부, 서울특별시_서강대학교(제1캠퍼스)_공공인재전공, 서울특별시_서강대학교(제1캠퍼스)_지식융합미디어학부, 서울특별시_서강대학교(제1캠퍼스)_글로벌융합학부, 서울특별시_서강대학교(제1캠퍼스)_사회과학부, 서울특별시_서경대학교(제1캠퍼스)_미래융합대학, 서울특별시_서경대학교(제1캠퍼스)_공공인재전공, 서울특별시_서울과학기술대학교(제1캠퍼스)_자유전공학부(인문사회대학), 서울특별시_서울기독대학교(제1캠퍼스)_기초교육학과, 서울특별시_서울사이버대학교(제1캠퍼스)_미래창의융합계열, 서울특별시_서울여자대학교(제1캠퍼스)_사회과학대학, 서울특별시_서울여자대학교(제1캠퍼스)_사회과학자유전공, 서울특별시_서울여자대학교(제1캠퍼스)_교양대학, 서울특별시_성공회대학교(제1캠퍼스)_사회과학부, 서울특별시_성공회대학교(제1캠퍼스)_사회융합학부, 서울특별시_성공회대학교(제1캠퍼스)_사회융합자율학부, 서울특별시_성균관대학교(제1캠퍼스)_사회과학계열, 서울특별시_성균관대학교(제1캠퍼스)_글로벌융합학부, 서울특별시_성균관대학교(제1캠퍼스)_사회과학대학, 서울특별시_성신여자대학교(제1캠퍼스)_창의융합학부(사회과학계열), 서울특별시_세종대학교(제1캠퍼스)_글로벌인재학부, 서울특별시_세종사이버대학교(제1캠퍼스)_창의융합계열, 서울특별시_숙명여자대학교(제1캠퍼스)_글로벌융합학부, 서울특별시_이화여자대학교(제1캠퍼스)_사회과학대학, 서울특별시_중앙대학교(제1캠퍼스)_사회과학대학, 서울특별시_중앙대학교(제1캠퍼스)_교양대학, 서울특별시_한국성서대학교(제1캠퍼스)_사회과학부, 서울특별시_한국외국어대학교(제1캠퍼스)_Language & Diplomacy전공, 서울특별시_한국외국어대학교(제1캠퍼스)_사회과학대학[통합모집], 서울특별시_한성대학교(제1캠퍼스)_미래융합사회과학대학, 서울특별시_한성대학교(제1캠퍼스)_사회과학부, 서울특별시_한성대학교(제1캠퍼스)_글로벌인재학부, 서울특별시_한성대학교(제1캠퍼스)_상상력인재학부, 서울특별시_한양대학교(제1캠퍼스)_한양인터칼리지학부, 서울특별시_한양사이버대학교(제1캠퍼스)_창의융합계열, 부산광역시_국립부경대학교(제1캠퍼스)_사회계열(법학과,중국학과,정치외교학과), 부산광역시_동명대학교(제1캠퍼스)_Do-ing학부, 부산광역시_동의대학교(제1캠퍼스)_라이프생활문화학전공, 부산광역시_부산가톨릭대학교(제1캠퍼스)_미래설계융합학부, 부산광역시_부산디지털대학교(제1캠퍼스)_교육/경영/보건계열, 부산광역시_부산디지털대학교(제1캠퍼스)_상담/복지/공학계열, 부산광역시_부산외국어대학교(제1캠퍼스)_Global Studies(영어코스), 부산광역시_부산외국어대학교(제1캠퍼스)_국제학부(글로벌자율전공), 부산광역시_영산대학교(제2캠퍼스)_융합전공학부, 부산광역시_화신사이버대학교(제1캠퍼스)_사회서비스계열, 인천광역시_연세대학교(제2캠퍼스)_사회과학계열, 인천광역시_연세대학교(제2캠퍼스)_사회정의리더십전공, 인천광역시_연세대학교(제2캠퍼스)_정보ㆍ인터랙션 디자인전공, 인천광역시_인천대학교(제1캠퍼스)_창의인재개발학과, 인천광역시_인하대학교(제1캠퍼스)_사회과학부, 인천광역시_인하대학교(제1캠퍼스)_사회과학융합학부, 대전광역시_한남대학교(제1캠퍼스)_린튼글로벌스쿨, 대전광역시_한남대학교(제1캠퍼스)_글로벌미디어ㆍ컬처전공, 대구광역시_경북대학교(제1캠퍼스)_사회과학대학 자율학부, 대구광역시_경북대학교(제1캠퍼스)_글로벌인재학부, 울산광역시_울산대학교(제1캠퍼스)_공공인재학부, 광주광역시_광주여자대학교(제1캠퍼스)_글로벌융합학부, 광주광역시_조선대학교(제1캠퍼스)_휴먼융합서비스학부, 광주광역시_호남대학교(제1캠퍼스)_사회경영대학, 광주광역시_호남대학교(제1캠퍼스)_드림라이프학부, 경기도_가톨릭대학교(제1캠퍼스)_융합전공학부, 경기도_가톨릭대학교(제1캠퍼스)_사회과학계열, 경기도_가톨릭대학교(제1캠퍼스)_국제법정경계열, 경기도_강남대학교(제1캠퍼스)_정경학부, 경기도_경기대학교(제1캠퍼스)_공공안전학부, 경기도_경기대학교(제1캠퍼스)_사회과학부, 경기도_경기대학교(제1캠퍼스)_공공인재학부, 경기도_경동대학교(제4캠퍼스)_국제융합학부, 경기도_단국대학교(제1캠퍼스)_사회계열광역, 경기도_성결대학교(제1캠퍼스)_사회과학대학자율전공학부, 경기도_수원대학교(제1캠퍼스)_교양대학, 경기도_신한대학교(제2캠퍼스)_사회과학대학(자율전공), 경기도_아주대학교(제1캠퍼스)_경제정치사회융합학부, 경기도_안양대학교(제1캠퍼스)_사회계열자유전공, 경기도_용인대학교(제1캠퍼스)_인문사회계열전공학부, 경기도_중앙대학교(제2캠퍼스)_교양대학, 경기도_차의과학대학교(제1캠퍼스)_헬스케어융합학부(인문사회), 경기도_한경국립대학교(제2캠퍼스)_사회통합학부, 경기도_한경국립대학교(제2캠퍼스)_복지융합학부, 경기도_한신대학교(제1캠퍼스)_휴먼서비스계열, 경기도_한신대학교(제1캠퍼스)_글로벌인재학부, 경기도_한신대학교(제1캠퍼스)_글로벌ㆍ공공인재 융합계열, 경기도_한신대학교(제1캠퍼스)_경제통상ㆍ국제ㆍ공공인재융합계열, 경기도_한양대학교 ERICA캠퍼스(제1캠퍼스)_글로벌문화통상학부, 강원특별자치도_강원대학교(제1캠퍼스)_글로벌융합학부, 강원특별자치도_강원대학교(제2캠퍼스)_글로벌인재학부, 강원특별자치도_상지대학교(제1캠퍼스)_평생교육융합계열, 강원특별자치도_연세대학교 미래캠퍼스(제1캠퍼스)_사회과학부, 강원특별자치도_연세대학교 미래캠퍼스(제1캠퍼스)_자율융합계열(사회), 강원특별자치도_한림대학교(제1캠퍼스)_미래융합스쿨, 충청북도_국립한국교통대학교(제1캠퍼스)_사회자유전공학부, 충청북도_국립한국교통대학교(제1캠퍼스)_융합자유전공학부, 충청북도_서원대학교(제1캠퍼스)_비전학부, 충청북도_서원대학교(제1캠퍼스)_미래대학, 충청북도_세명대학교(제1캠퍼스)_교양대학, 충청북도_유원대학교(제1캠퍼스)_소방행정전공, 충청북도_중원대학교(제1캠퍼스)_글로컬융합인재학과, 충청북도_중원대학교(제1캠퍼스)_지역환경산업학과, 충청북도_중원대학교(제1캠퍼스)_글로컬융합사회학과, 충청북도_청주대학교(제1캠퍼스)_사회과학부, 충청북도_충북대학교(제1캠퍼스)_사회과학자율전공학부, 충청남도_글로벌사이버대학교(제1캠퍼스)_휴먼테크창의융합계열, 충청남도_금강대학교(제1캠퍼스)_글로벌융합학부, 충청남도_선문대학교(제1캠퍼스)_글로벌인재학부, 충청남도_유원대학교(제2캠퍼스)_소방행정전공, 충청남도_청운대학교(제1캠퍼스)_교양대학, 충청남도_한국기술교육대학교(제1캠퍼스)_사회, 충청남도_한서대학교(제1캠퍼스)_인문사회전공자율학과, 충청남도_호서대학교(제2캠퍼스)_미래융합대학, 충청남도_호서대학교(제2캠퍼스)_법경찰행정학부, 전북특별자치도_우석대학교(제1캠퍼스)_교양대학, 전북특별자치도_전북대학교(제1캠퍼스)_사회과학계열, 전북특별자치도_전주대학교(제1캠퍼스)_인문콘텐츠대학, 전북특별자치도_전주대학교(제1캠퍼스)_사회과학부, 전북특별자치도_전주대학교(제1캠퍼스)_사회과학계열, 전북특별자치도_호원대학교(제1캠퍼스)_법경찰행정학부, 전라남도_국립목포대학교(제1캠퍼스)_행정ㆍ언론미디어학부, 전라남도_국립순천대학교(제1캠퍼스)_사회과학분야, 전라남도_동신대학교(제1캠퍼스)_다문화융합학부, 전라남도_초당대학교(제1캠퍼스)_글로벌혁신대학, 경상북도_경운대학교(제1캠퍼스)_글로벌계열, 경상북도_경운대학교(제1캠퍼스)_사회안전대학 인문계열 통합 모집단위, 경상북도_경운대학교(제1캠퍼스)_보건의료상담복지학부, 경상북도_경운대학교(제1캠퍼스)_사회안전계열, 경상북도_경운대학교(제1캠퍼스)_글로컬학부, 경상북도_경일대학교(제1캠퍼스)_SMART글로벌대학, 경상북도_국립경국대학교(제1캠퍼스)_사회과학부, 경상북도_대구가톨릭대학교(제1캠퍼스)_사회과학대학(유형2), 경상북도_대구가톨릭대학교(제1캠퍼스)_인터내셔널학부, 경상북도_대구가톨릭대학교(제1캠퍼스)_사회과학대학, 경상북도_대구대학교(제1캠퍼스)_휴먼케어창의학부, 경상북도_대구대학교(제1캠퍼스)_공공인재계열, 경상북도_대구대학교(제1캠퍼스)_사회과학계열, 경상북도_대구대학교(제1캠퍼스)_글로컬라이프대학, 경상북도_대구사이버대학교(제1캠퍼스)_미래과학융합대학, 경상북도_대구한의대학교(제1캠퍼스)_글로벌인재학부, 경상북도_신경주대학교(제1캠퍼스)_글로벌융합학부, 경상북도_영남대학교(제1캠퍼스)_천마인재학부, 경상북도_영남대학교(제1캠퍼스)_새마을국제개발학과, 경상남도_국립창원대학교(제1캠퍼스)_사회계열자율전공학부, 경상남도_인제대학교(제1캠퍼스)_사회과학ㆍ경영계열","일반 선택: 확률과 통계, 사회와 문화, 현대사회와 윤리, 세계사, 세계시민과 지리 등 | 진로 선택: 법과 사회, 정치, 윤리와 사상, 동아시아 역사 기행, 한국지리 탐구, 도시의 미래 탐구, 인문학과 윤리 등 | 융합 선택: 사회문제 탐구, 윤리문제 탐구, 역사로 탐구하는 현대 세계 등","공통과목: 사회, 생활ㆍ교양 | 일반선택과목: 사회교과 : 한국지리, 세계지리, 세계사, 경제, 정치와 법, 사회ㆍ문화,  생활과 윤리, 윤리와 사상 | 진로선택과목: 사회문제 탐구 | 전문교과Ⅰ: 국제 경제, 국제법, 지역 이해, 한국 사회의 이해, 비교 문화, 세계 문제와 미래 사회, 국제 관계와 국제기구, 현대 세계의 변화, 사회 탐구 방법 및 사회과제 연구 | 전문교과Ⅱ: 커뮤니케이션, 복지 서비스의 기초, 문화 콘텐츠 산업 일반, 빅테이터 분석","사회조사분석사, 정책분석평가사",국회의원
639,행정학과,"서울특별시_건국대학교(제1캠퍼스)_행정학과, 서울특별시_경기대학교(제2캠퍼스)_행정학과, 서울특별시_경희대학교(제1캠퍼스)_행정학과, 서울특별시_고려대학교(제1캠퍼스)_보건정책관리학부, 서울특별시_고려대학교(제1캠퍼스)_행정학과, 서울특별시_고려사이버대학교(제1캠퍼스)_경찰학과, 서울특별시_광운대학교(제1캠퍼스)_행정학과, 서울특별시_국민대학교(제1캠퍼스)_행정관리학과, 서울특별시_국민대학교(제1캠퍼스)_행정학과, 서울특별시_국민대학교(제1캠퍼스)_행정학전공, 서울특별시_국민대학교(제1캠퍼스)_정책학전공, 서울특별시_동국대학교(제1캠퍼스)_정치행정학부 행정학전공, 서울특별시_동국대학교(제1캠퍼스)_공공인재융합전공, 서울특별시_동국대학교(제1캠퍼스)_경찰행정학부, 서울특별시_디지털서울문화예술대학교(제1캠퍼스)_항공보안학과, 서울특별시_명지대학교 인문캠퍼스(제2캠퍼스)_행정학전공, 서울특별시_명지대학교 인문캠퍼스(제2캠퍼스)_법무행정학과, 서울특별시_명지대학교 인문캠퍼스(제2캠퍼스)_행정학과, 서울특별시_사이버한국외국어대학교(제1캠퍼스)_지방 행정ㆍ의회 학부, 서울특별시_상명대학교(제1캠퍼스)_행정학부, 서울특별시_상명대학교(제1캠퍼스)_행정학과, 서울특별시_서경대학교(제1캠퍼스)_경찰행정전공, 서울특별시_서경대학교(제1캠퍼스)_공공인적자원학과(사회과학대학), 서울특별시_서경대학교(제1캠퍼스)_공공인재학부, 서울특별시_서울과학기술대학교(제1캠퍼스)_행정학과, 서울특별시_서울대학교(제1캠퍼스)_정치외교학부(외교학전공), 서울특별시_서울디지털대학교(제1캠퍼스)_탐정학과, 서울특별시_서울디지털대학교(제1캠퍼스)_보건의료행정전공, 서울특별시_서울디지털대학교(제1캠퍼스)_법무행정학과, 서울특별시_서울디지털대학교(제1캠퍼스)_국방산업전공, 서울특별시_서울디지털대학교(제1캠퍼스)_국방융합인재전공, 서울특별시_서울디지털대학교(제1캠퍼스)_경찰학과, 서울특별시_서울사이버대학교(제1캠퍼스)_법무행정학과, 서울특별시_서울시립대학교(제1캠퍼스)_행정학과, 서울특별시_서울시립대학교(제1캠퍼스)_도시행정학과, 서울특별시_서울여자대학교(제1캠퍼스)_행정학과, 서울특별시_성균관대학교(제1캠퍼스)_행정학과, 서울특별시_세종대학교(제1캠퍼스)_행정학과, 서울특별시_세종사이버대학교(제1캠퍼스)_경찰학과, 서울특별시_세종사이버대학교(제1캠퍼스)_소방행정학과, 서울특별시_숙명여자대학교(제1캠퍼스)_행정학과, 서울특별시_숭실대학교(제1캠퍼스)_행정학부, 서울특별시_연세대학교(제1캠퍼스)_행정학과, 서울특별시_이화여자대학교(제1캠퍼스)_국제사무학과, 서울특별시_이화여자대학교(제1캠퍼스)_행정학전공, 서울특별시_이화여자대학교(제1캠퍼스)_행정학과, 서울특별시_중앙대학교(제1캠퍼스)_공공인재학부, 서울특별시_한국방송통신대학교(제1캠퍼스)_행정학과, 서울특별시_한국외국어대학교(제1캠퍼스)_행정학과, 서울특별시_한성대학교(제1캠퍼스)_행정학과, 서울특별시_한성대학교(제1캠퍼스)_융합행정학과, 서울특별시_한양대학교(제1캠퍼스)_정책학과, 서울특별시_한양대학교(제1캠퍼스)_행정학과, 부산광역시_경성대학교(제1캠퍼스)_행정학전공, 부산광역시_고신대학교(제1캠퍼스)_보건의료정보관리전공, 부산광역시_국립부경대학교(제1캠퍼스)_행정학전공, 부산광역시_국립부경대학교(제1캠퍼스)_경찰범죄심리학전공, 부산광역시_국립부경대학교(제1캠퍼스)_행정복지학부, 부산광역시_국립한국해양대학교(제1캠퍼스)_해사법정학부(해양행정학전공), 부산광역시_국립한국해양대학교(제1캠퍼스)_해양행정학과, 부산광역시_동서대학교(제1캠퍼스)_경찰학과, 부산광역시_동서대학교(제1캠퍼스)_사회안전학과, 부산광역시_동아대학교(제2캠퍼스)_행정학과, 부산광역시_동아대학교(제2캠퍼스)_석당인재학부 공공정책학전공, 부산광역시_동아대학교(제2캠퍼스)_경찰ㆍ소방학과, 부산광역시_동아대학교(제2캠퍼스)_경찰학과, 부산광역시_동의대학교(제1캠퍼스)_행정학과, 부산광역시_동의대학교(제1캠퍼스)_행정정책학전공, 부산광역시_동의대학교(제1캠퍼스)_소방행정학전공, 부산광역시_동의대학교(제1캠퍼스)_소방방재행정학과, 부산광역시_부산대학교(제1캠퍼스)_행정학과, 부산광역시_부산대학교(제1캠퍼스)_공공정책학부, 부산광역시_부산외국어대학교(제1캠퍼스)_경찰정보보호학부(경찰행정전공), 부산광역시_부산외국어대학교(제1캠퍼스)_국제비서사무전공, 부산광역시_부산외국어대학교(제1캠퍼스)_사이버경찰학과, 부산광역시_부산외국어대학교(제1캠퍼스)_경찰행정전공, 부산광역시_부산외국어대학교(제1캠퍼스)_호텔ㆍ관광학부(국제비서전공), 부산광역시_부산외국어대학교(제1캠퍼스)_국제비서학과, 부산광역시_신라대학교(제1캠퍼스)_행정학전공, 부산광역시_신라대학교(제1캠퍼스)_행정학과, 부산광역시_신라대학교(제1캠퍼스)_경찰학전공, 부산광역시_신라대학교(제1캠퍼스)_행정공무원학과, 인천광역시_안양대학교(제2캠퍼스)_공공행정학과, 인천광역시_안양대학교(제2캠퍼스)_도시행정학과, 인천광역시_인천대학교(제1캠퍼스)_행정학과, 인천광역시_인천대학교(제1캠퍼스)_도시행정학과, 인천광역시_인하대학교(제1캠퍼스)_행정학과, 대전광역시_건양사이버대학교(제1캠퍼스)_법무행정복지학과, 대전광역시_국립한밭대학교(제1캠퍼스)_공공행정학과, 대전광역시_대전대학교(제1캠퍼스)_행정학전공, 대전광역시_대전대학교(제1캠퍼스)_경찰학과, 대전광역시_대전대학교(제1캠퍼스)_행정학과, 대전광역시_목원대학교(제1캠퍼스)_공공인재학부 공공인재전공, 대전광역시_목원대학교(제1캠퍼스)_행정학과, 대전광역시_목원대학교(제1캠퍼스)_경찰행정학부 경찰행정전공, 대전광역시_목원대학교(제1캠퍼스)_공공인재학과, 대전광역시_목원대학교(제1캠퍼스)_경찰행정학부 국방ㆍ일반행정전공, 대전광역시_목원대학교(제1캠퍼스)_경찰행정학부, 대전광역시_목원대학교(제1캠퍼스)_보건의료행정학과, 대전광역시_배재대학교(제1캠퍼스)_경찰학전공, 대전광역시_배재대학교(제1캠퍼스)_정부ㆍ공기업전공, 대전광역시_배재대학교(제1캠퍼스)_공무원법학과, 대전광역시_배재대학교(제1캠퍼스)_행정학과, 대전광역시_충남대학교(제1캠퍼스)_행정학부, 대전광역시_충남대학교(제1캠퍼스)_공공안전융합전공, 대전광역시_충남대학교(제1캠퍼스)_자치행정학과, 대전광역시_충남대학교(제1캠퍼스)_행정학과, 대전광역시_충남대학교(제1캠퍼스)_공공안전학전공, 대전광역시_충남대학교(제1캠퍼스)_도시ㆍ자치융합학과, 대전광역시_충남대학교(제1캠퍼스)_해양안보학전공, 대전광역시_한남대학교(제1캠퍼스)_경찰학과, 대전광역시_한남대학교(제1캠퍼스)_행정ㆍ경찰학과, 대전광역시_한남대학교(제1캠퍼스)_경찰학전공, 대전광역시_한남대학교(제1캠퍼스)_행정학과, 대전광역시_한남대학교(제1캠퍼스)_행정학전공, 대구광역시_경북대학교(제1캠퍼스)_행정학부, 대구광역시_경북대학교(제1캠퍼스)_행정학부 공공정책전공, 대구광역시_경북대학교(제1캠퍼스)_행정학부 공공관리전공, 대구광역시_계명대학교(제1캠퍼스)_행정학과, 울산광역시_울산대학교(제1캠퍼스)_행정학전공, 울산광역시_울산대학교(제1캠퍼스)_경찰학전공, 광주광역시_광주대학교(제1캠퍼스)_경찰ㆍ법ㆍ행정학부, 광주광역시_광주대학교(제1캠퍼스)_소방행정학과, 광주광역시_광주대학교(제1캠퍼스)_국방학과, 광주광역시_광주대학교(제1캠퍼스)_경찰ㆍ행정학부, 광주광역시_광주대학교(제1캠퍼스)_사이버보안경찰학과, 광주광역시_광주대학교(제1캠퍼스)_경찰학과, 광주광역시_광주대학교(제1캠퍼스)_보건행정학부, 광주광역시_광주여자대학교(제1캠퍼스)_항공보안경호학과, 광주광역시_송원대학교(제1캠퍼스)_국방경찰학과, 광주광역시_전남대학교(제1캠퍼스)_행정학과, 광주광역시_조선대학교(제1캠퍼스)_행정복지학부(행정학전공), 광주광역시_조선대학교(제1캠퍼스)_공공서비스학부, 광주광역시_조선대학교(제1캠퍼스)_행정복지학부, 광주광역시_호남대학교(제1캠퍼스)_행정학과, 광주광역시_호남대학교(제1캠퍼스)_소방행정학과, 경기도_가천대학교(제1캠퍼스)_경찰ㆍ안보학과, 경기도_가천대학교(제1캠퍼스)_행정학과, 경기도_가톨릭대학교(제1캠퍼스)_행정학과, 경기도_강남대학교(제1캠퍼스)_공공인재학과, 경기도_경기대학교(제1캠퍼스)_행정학과, 경기도_경기대학교(제1캠퍼스)_공공안전학부, 경기도_경기대학교(제1캠퍼스)_공공인재학부, 경기도_경기대학교(제1캠퍼스)_행정학전공, 경기도_경동대학교(제4캠퍼스)_경찰학과, 경기도_경동대학교(제4캠퍼스)_행정학과, 경기도_국제사이버대학교(제1캠퍼스)_보건복지행정학과, 경기도_단국대학교(제1캠퍼스)_행정학과, 경기도_대진대학교(제1캠퍼스)_행정정보학과, 경기도_동양대학교(제2캠퍼스)_경찰범죄심리학과(25), 경기도_동양대학교(제2캠퍼스)_공공인재학부, 경기도_성결대학교(제1캠퍼스)_행정학과, 경기도_성결대학교(제1캠퍼스)_행정학부, 경기도_수원대학교(제1캠퍼스)_소방행정, 경기도_수원대학교(제1캠퍼스)_행정학과, 경기도_수원대학교(제1캠퍼스)_행정학, 경기도_수원대학교(제1캠퍼스)_소방행정학과, 경기도_신한대학교(제2캠퍼스)_토지행정학과, 경기도_신한대학교(제2캠퍼스)_행정학과, 경기도_아주대학교(제1캠퍼스)_행정학과, 경기도_안양대학교(제1캠퍼스)_행정학과, 경기도_중부대학교(제2캠퍼스)_공공안전학전공, 경기도_중앙대학교(제2캠퍼스)_공공정책학부, 경기도_차의과학대학교(제1캠퍼스)_AI보건의료학부, 경기도_평택대학교(제1캠퍼스)_행정학과, 경기도_평택대학교(제1캠퍼스)_국제무역행정학과, 경기도_한경국립대학교(제2캠퍼스)_사회통합학부 공공행정전공, 경기도_한경국립대학교(제1캠퍼스)_행정학전공, 경기도_한경국립대학교(제1캠퍼스)_노동복지전공, 경기도_한경국립대학교(제1캠퍼스)_행정학과, 경기도_한신대학교(제1캠퍼스)_정책학전공, 경기도_한신대학교(제1캠퍼스)_공공인재빅데이터융합학, 경기도_한신대학교(제1캠퍼스)_행정학전공, 경기도_한신대학교(제1캠퍼스)_공공인재학부, 경기도_협성대학교(제1캠퍼스)_도시행정학과, 경기도_화성의과학대학교(제1캠퍼스)_경찰과학수사학과, 강원특별자치도_가톨릭관동대학교(제1캠퍼스)_행정학과, 강원특별자치도_가톨릭관동대학교(제1캠퍼스)_범죄수사학전공, 강원특별자치도_가톨릭관동대학교(제1캠퍼스)_행정학전공, 강원특별자치도_가톨릭관동대학교(제1캠퍼스)_경찰행정학부, 강원특별자치도_가톨릭관동대학교(제1캠퍼스)_경찰학부, 강원특별자치도_가톨릭관동대학교(제1캠퍼스)_공공행정학과, 강원특별자치도_가톨릭관동대학교(제1캠퍼스)_공공행정학전공, 강원특별자치도_강원대학교(제1캠퍼스)_행정학전공, 강원특별자치도_강원대학교(제2캠퍼스)_공공정책학과, 강원특별자치도_강원대학교(제2캠퍼스)_행정학과, 강원특별자치도_강원대학교(제2캠퍼스)_공공행정학과, 강원특별자치도_강원대학교(제2캠퍼스)_공공행정전공, 강원특별자치도_강원대학교(제1캠퍼스)_행정.심리학부, 강원특별자치도_강원대학교(제1캠퍼스)_행정학과, 강원특별자치도_국립강릉원주대학교(제1캠퍼스)_자치행정학과, 강원특별자치도_상지대학교(제1캠퍼스)_공공인재학과, 강원특별자치도_상지대학교(제1캠퍼스)_공공행정학과, 강원특별자치도_연세대학교 미래캠퍼스(제1캠퍼스)_의료경영정보관리전공, 강원특별자치도_연세대학교 미래캠퍼스(제1캠퍼스)_보건행정학부, 강원특별자치도_연세대학교 미래캠퍼스(제1캠퍼스)_글로벌행정학전공, 강원특별자치도_한림대학교(제1캠퍼스)_공공인재융합전공, 충청북도_건국대학교 글로컬캠퍼스(제1캠퍼스)_행정복지학부, 충청북도_건국대학교 글로컬캠퍼스(제1캠퍼스)_행정복지학부(행정학전공), 충청북도_건국대학교 글로컬캠퍼스(제1캠퍼스)_경찰학과, 충청북도_국립한국교통대학교(제1캠퍼스)_행정정보학전공, 충청북도_국립한국교통대학교(제1캠퍼스)_행정학과, 충청북도_국립한국교통대학교(제1캠퍼스)_행정학부, 충청북도_국립한국교통대학교(제1캠퍼스)_행정학전공, 충청북도_국립한국교통대학교(제1캠퍼스)_행정정보융합학과, 충청북도_극동대학교(제1캠퍼스)_경찰안전학과, 충청북도_서원대학교(제1캠퍼스)_경찰행정전공, 충청북도_서원대학교(제1캠퍼스)_소방행정학과, 충청북도_서원대학교(제1캠퍼스)_범죄수사전공, 충청북도_서원대학교(제1캠퍼스)_경찰행정학부, 충청북도_세명대학교(제1캠퍼스)_행정학과, 충청북도_세명대학교(제1캠퍼스)_경찰학과, 충청북도_세명대학교(제1캠퍼스)_경찰.공공행정학부, 충청북도_우석대학교(제2캠퍼스)_경찰학과, 충청북도_우석대학교(제2캠퍼스)_소방행정학과, 충청북도_유원대학교(제1캠퍼스)_교정전공, 충청북도_유원대학교(제1캠퍼스)_경찰행정전공, 충청북도_중원대학교(제1캠퍼스)_드론봇군사학과, 충청북도_청주대학교(제1캠퍼스)_보건행정ㆍ헬스케어학부, 충청북도_청주대학교(제1캠퍼스)_행정학과, 충청북도_충북대학교(제1캠퍼스)_행정학과, 충청북도_충북대학교(제1캠퍼스)_자치행정학과, 충청남도_건양대학교(제1캠퍼스)_국방경찰행정학부, 충청남도_국립공주대학교(제1캠퍼스)_행정학과, 충청남도_금강대학교(제1캠퍼스)_행정학전공, 충청남도_금강대학교(제1캠퍼스)_공공정책학부, 충청남도_나사렛대학교(제1캠퍼스)_경찰행정학부, 충청남도_나사렛대학교(제1캠퍼스)_공공행정학전공, 충청남도_단국대학교(제2캠퍼스)_공공정책학과, 충청남도_단국대학교(제2캠퍼스)_공공관리학과, 충청남도_단국대학교(제2캠퍼스)_법무행정학과, 충청남도_단국대학교(제2캠퍼스)_공공정책학과(야), 충청남도_백석대학교(제1캠퍼스)_경찰학부, 충청남도_선문대학교(제1캠퍼스)_행정ㆍ공기업학과, 충청남도_선문대학교(제1캠퍼스)_행정학과, 충청남도_선문대학교(제1캠퍼스)_글로벌행정학과, 충청남도_세한대학교(제2캠퍼스)_소방행정학과, 충청남도_순천향대학교(제1캠퍼스)_행정학과, 충청남도_순천향대학교(제1캠퍼스)_보건행정경영학과, 충청남도_유원대학교(제2캠퍼스)_경찰보안전공, 충청남도_유원대학교(제2캠퍼스)_경찰행정전공, 충청남도_유원대학교(제2캠퍼스)_경찰ㆍ소방행정학부, 충청남도_유원대학교(제2캠퍼스)_경찰학부, 충청남도_유원대학교(제2캠퍼스)_법무행정전공, 충청남도_중부대학교(제1캠퍼스)_경찰경호학과, 충청남도_중부대학교(제1캠퍼스)_경찰경호학전공, 충청남도_중부대학교(제1캠퍼스)_경찰탐정수사학전공, 충청남도_중부대학교(제1캠퍼스)_도시행정학과, 충청남도_한국기술교육대학교(제1캠퍼스)_고용서비스정책학과, 충청남도_한서대학교(제1캠퍼스)_항공보안학과, 충청남도_한서대학교(제1캠퍼스)_행정학과, 충청남도_한서대학교(제1캠퍼스)_공항행정학과, 충청남도_한서대학교(제1캠퍼스)_공항행정전공, 충청남도_호서대학교(제2캠퍼스)_행정학전공, 충청남도_호서대학교(제2캠퍼스)_법경찰행정학과, 전북특별자치도_국립군산대학교(제1캠퍼스)_행정경제학부(행정학전공), 전북특별자치도_국립군산대학교(제1캠퍼스)_회계학부(세무행정전공), 전북특별자치도_우석대학교(제1캠퍼스)_행정학과, 전북특별자치도_우석대학교(제1캠퍼스)_국방학과, 전북특별자치도_원광대학교(제1캠퍼스)_행정공공기관학과, 전북특별자치도_원광대학교(제1캠퍼스)_소방행정학과, 전북특별자치도_원광대학교(제1캠퍼스)_행정ㆍ언론학부, 전북특별자치도_원광대학교(제1캠퍼스)_봉황인재학과, 전북특별자치도_원광디지털대학교(제1캠퍼스)_경찰학과, 전북특별자치도_전북대학교(제1캠퍼스)_공공인재학부, 전북특별자치도_전북대학교(제1캠퍼스)_행정학과, 전북특별자치도_전주대학교(제1캠퍼스)_행정학과, 전북특별자치도_전주대학교(제1캠퍼스)_경찰학과, 전북특별자치도_호원대학교(제1캠퍼스)_사이버수사경찰학부, 전북특별자치도_호원대학교(제1캠퍼스)_행정학부, 전라남도_국립목포대학교(제1캠퍼스)_행정학, 전라남도_국립목포대학교(제1캠퍼스)_행정학과, 전라남도_국립목포대학교(제1캠퍼스)_공공인재학부, 전라남도_국립순천대학교(제1캠퍼스)_행정학전공, 전라남도_국립순천대학교(제1캠퍼스)_공공인재학부, 전라남도_국립순천대학교(제1캠퍼스)_공공인재학부(행정학전공), 전라남도_국립순천대학교(제1캠퍼스)_행정학과, 전라남도_동신대학교(제1캠퍼스)_소방행정학과, 전라남도_초당대학교(제1캠퍼스)_보건의료행정학과, 전라남도_초당대학교(제1캠퍼스)_의약관리학과, 전라남도_초당대학교(제1캠퍼스)_소방행정학과, 경상북도_경일대학교(제1캠퍼스)_경찰학과, 경상북도_국립경국대학교(제1캠퍼스)_행정학과, 경상북도_국립경국대학교(제1캠퍼스)_행정학전공, 경상북도_김천대학교(제1캠퍼스)_공공경찰행정학과, 경상북도_김천대학교(제1캠퍼스)_경찰소방학과, 경상북도_김천대학교(제1캠퍼스)_경찰소방학부(경찰행정전공), 경상북도_대구가톨릭대학교(제1캠퍼스)_공무원ㆍ공기업학과, 경상북도_대구가톨릭대학교(제1캠퍼스)_행정학과, 경상북도_대구가톨릭대학교(제1캠퍼스)_경찰탐정학과, 경상북도_대구대학교(제1캠퍼스)_경찰학부(자치경찰학전공), 경상북도_대구대학교(제1캠퍼스)_도시행정학과, 경상북도_대구대학교(제1캠퍼스)_경찰학부, 경상북도_대구대학교(제1캠퍼스)_공공안전학부, 경상북도_대구대학교(제1캠퍼스)_국방군사학과, 경상북도_대구대학교(제1캠퍼스)_행정학과, 경상북도_대구대학교(제1캠퍼스)_경찰학부(경찰행정학전공), 경상북도_대구대학교(제1캠퍼스)_공공안전학부(소방ㆍ행정학전공), 경상북도_대구사이버대학교(제1캠퍼스)_행정학과, 경상북도_대구한의대학교(제1캠퍼스)_보건의료행정학과, 경상북도_동국대학교 WISE캠퍼스(제1캠퍼스)_행정ㆍ경찰공공학부, 경상북도_동국대학교 WISE캠퍼스(제1캠퍼스)_공공행정학전공, 경상북도_동국대학교 WISE캠퍼스(제1캠퍼스)_행정학전공, 경상북도_동국대학교 WISE캠퍼스(제1캠퍼스)_행정경찰공공학과, 경상북도_동양대학교(제1캠퍼스)_경찰범죄심리학과, 경상북도_동양대학교(제1캠퍼스)_보건의료행정학과, 경상북도_동양대학교(제1캠퍼스)_행정경찰학부, 경상북도_동양대학교(제1캠퍼스)_경찰행정ㆍ범죄심리학과, 경상북도_영남대학교(제1캠퍼스)_행정학과, 경상북도_영남대학교(제1캠퍼스)_정책과학전공, 경상북도_위덕대학교(제1캠퍼스)_경찰정보보안학과, 경상남도_가야대학교(제1캠퍼스)_경찰소방학과, 경상남도_경남대학교(제1캠퍼스)_행정학과, 경상남도_경남대학교(제1캠퍼스)_경찰학전공, 경상남도_경남대학교(제1캠퍼스)_경찰학부, 경상남도_경상국립대학교(제1캠퍼스)_행정학과, 경상남도_경상국립대학교(제2캠퍼스)_해양경찰시스템학과, 경상남도_국립창원대학교(제1캠퍼스)_행정학과, 경상남도_영산대학교(제1캠퍼스)_경찰행정학부(해양경찰전공), 경상남도_인제대학교(제1캠퍼스)_공공인재학부, 제주특별자치도_제주국제대학교(제1캠퍼스)_경찰학부 경찰행정학전공, 제주특별자치도_제주국제대학교(제1캠퍼스)_경찰학부, 제주특별자치도_제주대학교(제1캠퍼스)_행정학과, 제주특별자치도_제주대학교(제1캠퍼스)_해양산업경찰학과, 세종특별자치시_고려대학교 세종캠퍼스(제1캠퍼스)_정부행정학부, 세종특별자치시_고려대학교 세종캠퍼스(제1캠퍼스)_공공행정학부","일반 선택: 화법과 언어, 독서와 작문, 문학, 확률과 통계, 영어 I, 영어프, 영어독해와 작문, 세계시민과 지리, 사회와 문화, 현대사회와 윤리, 정보, 제2외국어 과목, 한문 등 | 진로 선택: 주제 탐구 독서, 영어 발표와 토론, 정치, 법과 사회, 경제, 윤리와 사상, 국제 관계의 이해 등 | 융합 선택: 독서 토론과 글쓰기, 매체 의사소통, 실용 통계, 수학과제 탐구, 사회문제 탐구 등","공통과목: 사회, 생활ㆍ교양 | 일반선택과목: 사회교과 : 한국지리, 세계지리, 세계사, 경제, 정치와 법, 사회ㆍ문화, 생활과 윤리, 윤리와 사상 | 진로선택과목: 사회문제 탐구 | 전문교과Ⅰ: 국제 정치, 국제 경제, 국제법, 지역 이해, 비교 문화, 세계 문제와 미래 사회, 국제 관계와 국제기구, 현대 세계의 변화, 사회 탐구 방법 및 사회과제 연구 | 전문교과Ⅱ: 커뮤니케이션, 정보처리와 관리, 정보 보호 관리, 빅데이터 분석","공인노무사, 공인회계사, 관세사, 법무사, 변리사, 세무사, 행정사",법무사
630,해양경찰학과,"부산광역시_국립부경대학교(제1캠퍼스)_해양경찰학전공, 강원특별자치도_가톨릭관동대학교(제1캠퍼스)_해양경찰학전공, 충청남도_한서대학교(제1캠퍼스)_해양경찰학과, 전북특별자치도_국립군산대학교(제1캠퍼스)_해양경찰학과, 전라남도_전남대학교(제2캠퍼스)_해양경찰학과","일반 선택: 화법과 언어, 독서와 작문, 문학, 확률과 통계, 영어 I, 영어프, 영어독해와 작문, 세계시민과 지리, 사회와 문화, 현대사회와 윤리, 정보, 제2외국어 과목, 한문 등 | 진로 선택: 주제 탐구 독서, 영어 발표와 토론, 정치, 법과 사회, 경제, 윤리와 사상, 국제 관계의 이해 등 | 융합 선택: 독서 토론과 글쓰기, 매체 의사소통, 실용 통계, 수학과제 탐구, 사회문제 탐구 등","공통과목: 사회, 생활ㆍ교양 | 일반선택과목: 사회교과 : 한국지리, 세계지리, 세계사, 경제, 정치와 법, 사회ㆍ문화, 생활과 윤리, 윤리와 사상 | 진로선택과목: 사회문제 탐구 | 전문교과Ⅰ: 지역 이해, 세계 문제와 미래 사회, 현대 세계의 변화, 사회 탐구 방법 및 사회과제 연구 | 전문교과Ⅱ: 커뮤니케이션, 정보처리와 관리, 컴퓨터 보안, 정보 보호 관리, 빅데이터 분석","기관사3급, 동력수상레저기구조종면허, 무도단증(태권도, 유도, 검도등), 수상인명구조원, 의료관리자, 전파전자통신기능사, 항해사3급",선박검사관
228,비서행정학과,충청남도_나사렛대학교(제1캠퍼스)_비서행정학과,"일반 선택: 현대사회와 윤리, 세계시민과 지리, 세계사, 사회와 문화, 제 2외국어 과목 등 | 진로 선택: 직무 영어, 한국지리 탐구 등 | 융합 선택: 세계 문화와 영어, 여행지리, 사회문제 탐구 등","공통과목: 사회, 생활ㆍ교양 | 일반선택과목: 사회교과 : 한국지리, 세계지리, 세계사, 경제, 정치와 법, 사회ㆍ문화, 생활과 윤리, 윤리와 사상 | 진로선택과목: 사회문제 탐구 | 전문교과Ⅰ: 국제 정치, 국제 경제, 국제법, 지역 이해, 비교 문화, 세계 문제와 미래 사회, 국제 관계와 국제기구, 현대 세계의 변화, 사회 탐구 방법 및 사회과제 연구 | 전문교과Ⅱ: 커뮤니케이션, 정보처리와 관리, 정보 보호 관리, 빅데이터 분석","문서실무사, 비서, 행정사",속기사
214,보건행정학과,"서울특별시_서울사이버대학교(제1캠퍼스)_보건행정학과, 서울특별시_한양사이버대학교(제1캠퍼스)_보건행정학과, 부산광역시_동서대학교(제1캠퍼스)_보건행정학과, 부산광역시_부산디지털대학교(제1캠퍼스)_보건행정학과, 부산광역시_신라대학교(제1캠퍼스)_보건행정학과, 대구광역시_대구대학교(제2캠퍼스)_보건행정학과, 광주광역시_광주여자대학교(제1캠퍼스)_보건행정학과, 경기도_경동대학교(제4캠퍼스)_보건행정학과, 강원특별자치도_연세대학교 미래캠퍼스(제1캠퍼스)_보건행정학과, 강원특별자치도_연세대학교 미래캠퍼스(제1캠퍼스)_보건행정학전공, 충청북도_유원대학교(제1캠퍼스)_보건행정학과, 충청북도_중원대학교(제1캠퍼스)_보건행정학과, 충청북도_청주대학교(제1캠퍼스)_보건행정학전공, 충청남도_국립공주대학교(제1캠퍼스)_보건행정학과, 충청남도_남서울대학교(제1캠퍼스)_보건행정학과, 충청남도_단국대학교(제2캠퍼스)_보건행정학과, 충청남도_중부대학교(제1캠퍼스)_보건행정학과, 전라남도_동신대학교(제1캠퍼스)_보건행정학과, 경상북도_대구대학교(제1캠퍼스)_보건의료정보학과, 경상북도_대구한의대학교(제1캠퍼스)_보건의료행정전공, 경상북도_동국대학교 WISE캠퍼스(제1캠퍼스)_보건의료정보학과, 경상남도_경남대학교(제1캠퍼스)_보건의료정보학과, 경상남도_인제대학교(제1캠퍼스)_보건행정학과","일반 선택: 화법과 언어, 독서와 작문, 문학, 확률과 통계, 영어 I, 영어프, 영어독해와 작문, 세계시민과 지리, 사회와 문화, 현대사회와 윤리, 정보, 제2외국어 과목, 한문 등 | 진로 선택: 주제 탐구 독서, 영어 발표와 토론, 정치, 법과 사회, 경제, 윤리와 사상, 국제 관계의 이해 등 | 융합 선택: 독서 토론과 글쓰기, 매체 의사소통, 실용 통계, 수학과제 탐구, 사회문제 탐구 등","공통과목: 영어, 수학, 과학, 정보 | 일반선택과목: 영어교과 : 영어I, 영어II, 영어 독해와 작문 | 진로선택과목: 화학II, 생명과학II, 지식 재산 일반 | 전문교과Ⅰ: 정보 과학, 과학 과제 연구 | 전문교과Ⅱ: 정보 보호 관리, 정보 처리와 관리, 공중 보건, 인체 구조와 기능, 기초 간호 임상 실무, 보건 간호","병원코디네이터, 병원행정사, 보건교육사, 보험심사평가사, 의료보험사, 의무기록사",병원경영전문가
27,경찰행정학과,"서울특별시_동국대학교(제1캠퍼스)_경찰행정학과, 서울특별시_한양사이버대학교(제1캠퍼스)_법ㆍ공무행정학과, 부산광역시_경성대학교(제1캠퍼스)_경찰행정학과, 부산광역시_동의대학교(제1캠퍼스)_경찰행정학과, 부산광역시_동의대학교(제1캠퍼스)_경찰행정학전공, 부산광역시_부산외국어대학교(제1캠퍼스)_경찰행정학과, 부산광역시_신라대학교(제1캠퍼스)_경찰행정학과, 부산광역시_영산대학교(제2캠퍼스)_경찰행정학과, 대전광역시_배재대학교(제1캠퍼스)_경찰법학부, 대전광역시_배재대학교(제1캠퍼스)_경찰법학과, 대전광역시_한남대학교(제1캠퍼스)_경찰행정학과, 대구광역시_계명대학교(제1캠퍼스)_경찰행정학과, 광주광역시_광주대학교(제1캠퍼스)_경찰행정학과, 광주광역시_광주여자대학교(제1캠퍼스)_경찰행정학과, 광주광역시_남부대학교(제1캠퍼스)_경찰행정학과, 광주광역시_송원대학교(제1캠퍼스)_경찰행정학과, 광주광역시_조선대학교(제1캠퍼스)_경찰행정학과, 광주광역시_호남대학교(제1캠퍼스)_경찰행정학과, 경기도_가천대학교(제1캠퍼스)_경찰행정학과, 경기도_경기대학교(제1캠퍼스)_경찰행정학전공, 경기도_경기대학교(제1캠퍼스)_경찰행정학과, 경기도_신한대학교(제2캠퍼스)_경찰행정학과, 경기도_용인대학교(제1캠퍼스)_경찰행정학과, 경기도_한세대학교(제1캠퍼스)_경찰행정학과, 경기도_화성의과학대학교(제1캠퍼스)_경찰행정학과, 강원특별자치도_가톨릭관동대학교(제1캠퍼스)_경찰행정학전공, 강원특별자치도_가톨릭관동대학교(제1캠퍼스)_경찰행정학과, 강원특별자치도_상지대학교(제1캠퍼스)_경찰법학과, 강원특별자치도_한라대학교(제1캠퍼스)_경찰행정학과, 충청북도_세명대학교(제1캠퍼스)_경찰행정학과, 충청북도_중원대학교(제1캠퍼스)_경찰행정학과, 충청북도_청주대학교(제1캠퍼스)_경찰행정학과, 충청남도_건양대학교(제1캠퍼스)_경찰행정학과, 충청남도_나사렛대학교(제1캠퍼스)_경찰행정학과, 충청남도_나사렛대학교(제1캠퍼스)_경찰행정학전공, 충청남도_선문대학교(제1캠퍼스)_경찰행정법학과, 충청남도_세한대학교(제2캠퍼스)_경찰행정학과, 충청남도_순천향대학교(제1캠퍼스)_경찰행정학과, 충청남도_중부대학교(제1캠퍼스)_경찰법학전공, 충청남도_중부대학교(제1캠퍼스)_경찰행정학전공, 충청남도_호서대학교(제2캠퍼스)_법경찰학전공, 전북특별자치도_국립군산대학교(제1캠퍼스)_법행정경찰학부, 전북특별자치도_우석대학교(제1캠퍼스)_경찰행정학과, 전북특별자치도_원광대학교(제1캠퍼스)_경찰행정학과, 전북특별자치도_전주대학교(제1캠퍼스)_경찰행정학전공, 전북특별자치도_전주대학교(제1캠퍼스)_경찰행정학과, 전라남도_국립목포대학교(제1캠퍼스)_법ㆍ경찰학부, 전라남도_동신대학교(제1캠퍼스)_경찰행정학과, 전라남도_초당대학교(제1캠퍼스)_경찰행정학과, 경상북도_경운대학교(제1캠퍼스)_경찰행정학과, 경상북도_경운대학교(제1캠퍼스)_경찰행정학전공, 경상북도_경일대학교(제1캠퍼스)_경찰행정학과, 경상북도_대구가톨릭대학교(제1캠퍼스)_경찰행정학과, 경상북도_대구한의대학교(제1캠퍼스)_경찰행정학과, 경상북도_동국대학교 WISE캠퍼스(제1캠퍼스)_경찰행정학전공, 경상북도_영남대학교(제1캠퍼스)_경찰행정학과, 경상북도_위덕대학교(제1캠퍼스)_경찰행정학과, 경상남도_인제대학교(제1캠퍼스)_경찰ㆍ행정학과, 경상남도_창신대학교(제1캠퍼스)_경찰행정학과, 제주특별자치도_제주국제대학교(제1캠퍼스)_경찰행정학과","일반 선택: 화법과 언어, 독서와 작문, 문학, 확률과 통계, 영어 I, 영어프, 영어독해와 작문, 세계시민과 지리, 사회와 문화, 현대사회와 윤리, 정보, 제2외국어 과목, 한문 등 | 진로 선택: 주제 탐구 독서, 영어 발표와 토론, 정치, 법과 사회, 경제, 윤리와 사상, 국제 관계의 이해 등 | 융합 선택: 독서 토론과 글쓰기, 매체 의사소통, 실용 통계, 수학과제 탐구, 사회문제 탐구 등","공통과목: 사회, 생활ㆍ교양 | 일반선택과목: 사회교과 : 한국지리, 세계지리, 세계사, 경제, 정치와 법, 사회ㆍ문화, 생활과 윤리, 윤리와 사상 | 진로선택과목: 사회문제 탐구 | 전문교과Ⅰ: 지역 이해, 세계 문제와 미래 사회, 현대 세계의 변화, 사회 탐구 방법 및 사회과제 연구 | 전문교과Ⅱ: 커뮤니케이션, 정보처리와 관리, 컴퓨터 보안, 정보 보호 관리, 빅데이터 분석","경비지도사, 경호지도사, 신변보호사, 인명구조사, 화약류관리기술사",경찰관
492,정치외교학과,"서울특별시_건국대학교(제1캠퍼스)_정치외교학과, 서울특별시_경희대학교(제1캠퍼스)_정치외교학과, 서울특별시_고려대학교(제1캠퍼스)_정치외교학과, 서울특별시_국민대학교(제1캠퍼스)_정치외교학과, 서울특별시_덕성여자대학교(제1캠퍼스)_정치외교학과, 서울특별시_덕성여자대학교(제1캠퍼스)_정치외교학전공, 서울특별시_동국대학교(제1캠퍼스)_정치행정학부 정치외교학 전공, 서울특별시_명지대학교 인문캠퍼스(제2캠퍼스)_정치외교학과, 서울특별시_명지대학교 인문캠퍼스(제2캠퍼스)_정치외교학전공, 서울특별시_상명대학교(제1캠퍼스)_국가안보학과, 서울특별시_서강대학교(제1캠퍼스)_정치외교학과, 서울특별시_서울대학교(제1캠퍼스)_정치외교학부(정치학전공), 서울특별시_서울대학교(제1캠퍼스)_정치외교학부, 서울특별시_서울사이버대학교(제1캠퍼스)_통일안보북한학과, 서울특별시_성공회대학교(제1캠퍼스)_정치학전공, 서울특별시_성균관대학교(제1캠퍼스)_정치외교학과, 서울특별시_성신여자대학교(제1캠퍼스)_정치외교학과, 서울특별시_세종사이버대학교(제1캠퍼스)_국방융합학과, 서울특별시_숙명여자대학교(제1캠퍼스)_정치외교학과, 서울특별시_숭실대학교(제1캠퍼스)_정치외교학과, 서울특별시_연세대학교(제1캠퍼스)_언더우드 정치외교학전공, 서울특별시_연세대학교(제1캠퍼스)_정치외교학과, 서울특별시_이화여자대학교(제1캠퍼스)_정치외교학전공, 서울특별시_이화여자대학교(제1캠퍼스)_정치외교학과, 서울특별시_중앙대학교(제1캠퍼스)_정치국제학과, 서울특별시_한국열린사이버대학교(제1캠퍼스)_국방상담리더십학과, 서울특별시_한국열린사이버대학교(제1캠퍼스)_국방상담드론융합학과, 서울특별시_한국외국어대학교(제1캠퍼스)_Language & Diplomacy학부, 서울특별시_한국외국어대학교(제1캠퍼스)_정치외교학과, 서울특별시_한양대학교(제1캠퍼스)_정치외교학과, 부산광역시_경성대학교(제1캠퍼스)_법행정정치학부, 부산광역시_국립부경대학교(제1캠퍼스)_정치외교학과, 부산광역시_국립한국해양대학교(제1캠퍼스)_해양군사학부, 부산광역시_동아대학교(제2캠퍼스)_정치ㆍ사회학부 정치외교학전공, 부산광역시_동아대학교(제2캠퍼스)_정치외교학과, 부산광역시_부산대학교(제1캠퍼스)_정치외교학과, 부산광역시_부산외국어대학교(제1캠퍼스)_국제학부(외교전공), 부산광역시_부산외국어대학교(제1캠퍼스)_외교전공, 부산광역시_부산외국어대학교(제1캠퍼스)_외교ㆍ국제개발학부(외교전공), 인천광역시_인천대학교(제1캠퍼스)_정치외교학과, 인천광역시_인하대학교(제1캠퍼스)_정치외교학과, 대전광역시_대전대학교(제1캠퍼스)_정치외교학전공, 대전광역시_배재대학교(제1캠퍼스)_글로벌정치ㆍ커뮤니케이션전공, 대전광역시_배재대학교(제1캠퍼스)_정치언론안보학과, 대전광역시_충남대학교(제1캠퍼스)_국토안보학전공, 대전광역시_충남대학교(제1캠퍼스)_정치외교학과, 대전광역시_한남대학교(제1캠퍼스)_정치ㆍ언론ㆍ국방학과, 대전광역시_한남대학교(제1캠퍼스)_정치ㆍ언론학과, 대구광역시_경북대학교(제1캠퍼스)_정치외교학과, 대구광역시_계명대학교(제1캠퍼스)_정치외교학과, 광주광역시_전남대학교(제1캠퍼스)_정치외교학과, 광주광역시_조선대학교(제1캠퍼스)_정치외교학과, 경기도_경기대학교(제1캠퍼스)_정치외교학전공, 경기도_단국대학교(제1캠퍼스)_정치외교학과, 경기도_아주대학교(제1캠퍼스)_정치외교학과, 경기도_한신대학교(제1캠퍼스)_정치학전공, 경기도_한신대학교(제1캠퍼스)_글로벌인재학, 강원특별자치도_가톨릭관동대학교(제1캠퍼스)_군사학전공, 강원특별자치도_강원대학교(제1캠퍼스)_정치외교학과, 강원특별자치도_상지대학교(제1캠퍼스)_국가안보학부, 강원특별자치도_한림대학교(제1캠퍼스)_정치행정학과, 충청북도_극동대학교(제1캠퍼스)_군사학전공, 충청북도_극동대학교(제1캠퍼스)_군사안보학과, 충청북도_우석대학교(제2캠퍼스)_군사안보학과, 충청북도_청주대학교(제1캠퍼스)_국방안보드론학과, 충청북도_청주대학교(제1캠퍼스)_정치안보국제학과, 충청북도_청주대학교(제1캠퍼스)_정치행정학전공, 충청북도_충북대학교(제1캠퍼스)_정치외교학과, 충청남도_단국대학교(제2캠퍼스)_해병대군사학과, 충청남도_선문대학교(제1캠퍼스)_정치ㆍ국제학과, 충청남도_유원대학교(제2캠퍼스)_국방인재개발학과, 전북특별자치도_전북대학교(제1캠퍼스)_정치외교학과, 전북특별자치도_전북대학교(제1캠퍼스)_정치사회학부(정치외교학전공), 전라남도_국립목포대학교(제1캠퍼스)_정치언론학, 전라남도_초당대학교(제1캠퍼스)_국가안보학과, 경상북도_대구가톨릭대학교(제1캠퍼스)_정치외교학과, 경상북도_동국대학교 WISE캠퍼스(제1캠퍼스)_정치행정경찰학부, 경상북도_영남대학교(제1캠퍼스)_정치외교학과, 경상남도_경남대학교(제1캠퍼스)_정치외교학전공, 경상남도_경상국립대학교(제1캠퍼스)_정치외교학과, 경상남도_인제대학교(제1캠퍼스)_정치외교학과, 경상남도_인제대학교(제1캠퍼스)_통일학부, 제주특별자치도_제주대학교(제1캠퍼스)_정치외교학과, 세종특별자치시_고려대학교 세종캠퍼스(제1캠퍼스)_통일외교안보전공","일반 선택: 사회와 문화, 세계시민과 지리, 세계사 등 | 진로 선택: 정치, 법과 사회, 경제, 국제 관계의 이해, 윤리와 사상, 동아시아 역사 기행 등 | 융합 선택: 기후변화와 지속가능한 세계, 사회문제 탐구, 윤리문제 탐구, 역사로 탐구하는 현대 세계 등","공통과목: 영어, 사회, 생활ㆍ교양 | 일반선택과목: 영어교과 : 영어 회화, 영어I, 영어 독해와 작문, 영어Ⅱ | 진로선택과목: 사회문제 탐구 | 전문교과Ⅰ: 국제 정치, 국제 경제, 국제법, 지역 이해, 비교 문화, 세계 문제와 미래 사회, 국제 관계와 국제기구, 현대 세계의 변화, 사회 탐구 방법 및 사회과제 연구 | 전문교과Ⅱ: 커뮤니케이션",사회조사분석사,국제회의전문가
181,미디어학과,"서울특별시_건국대학교(제1캠퍼스)_문화미디어학과, 서울특별시_경희대학교(제1캠퍼스)_미디어학과, 서울특별시_고려대학교(제1캠퍼스)_미디어학부, 서울특별시_국민대학교(제1캠퍼스)_미디어ㆍ광고학부, 서울특별시_국민대학교(제1캠퍼스)_미디어전공, 서울특별시_명지대학교 인문캠퍼스(제2캠퍼스)_미디어ㆍ휴먼라이프대학, 서울특별시_명지대학교 인문캠퍼스(제2캠퍼스)_디지털미디어학과, 서울특별시_명지대학교 인문캠퍼스(제2캠퍼스)_미디어앤아트테크놀로지학과, 서울특별시_서강대학교(제1캠퍼스)_스포츠미디어연계전공, 서울특별시_서강대학교(제1캠퍼스)_미디어&엔터테인먼트학과, 서울특별시_서울여자대학교(제1캠퍼스)_디지털미디어학과, 서울특별시_숙명여자대학교(제1캠퍼스)_미디어학부, 서울특별시_숭실대학교(제1캠퍼스)_글로벌미디어학부, 서울특별시_연세대학교(제1캠퍼스)_문화ㆍ미디어전공, 서울특별시_연세대학교(제1캠퍼스)_문화미디어전공, 서울특별시_한국외국어대학교(제1캠퍼스)_방송.영상.뉴미디어전공, 부산광역시_경성대학교(제1캠퍼스)_AI미디어학과, 부산광역시_동명대학교(제1캠퍼스)_융합미디어전공, 부산광역시_동서대학교(제1캠퍼스)_미디어콘텐츠대학, 대전광역시_국립한밭대학교(제1캠퍼스)_지능미디어공학과, 대전광역시_목원대학교(제1캠퍼스)_언론미디어전공, 대구광역시_계명대학교(제2캠퍼스)_사진영상미디어과, 대구광역시_계명대학교(제2캠퍼스)_사진미디어과, 울산광역시_울산대학교(제1캠퍼스)_회화ㆍ미디어아트전공, 경기도_가톨릭대학교(제1캠퍼스)_미디어기술콘텐츠학과, 경기도_가톨릭대학교(제1캠퍼스)_예술미디어융합학과, 경기도_신한대학교(제2캠퍼스)_미디어언론학과, 경기도_아주대학교(제1캠퍼스)_디지털미디어학과, 경기도_중부대학교(제2캠퍼스)_출판미디어공학과, 경기도_차의과학대학교(제1캠퍼스)_의료홍보미디어학과, 경기도_한양대학교 ERICA캠퍼스(제1캠퍼스)_미디어학과, 강원특별자치도_가톨릭관동대학교(제1캠퍼스)_미디어문학전공, 강원특별자치도_가톨릭관동대학교(제1캠퍼스)_미디어창작학과, 강원특별자치도_가톨릭관동대학교(제1캠퍼스)_미디어문학과, 강원특별자치도_강원대학교(제2캠퍼스)_방송미디어과학과, 강원특별자치도_한라대학교(제1캠퍼스)_광고영상미디어학과, 충청북도_건국대학교 글로컬캠퍼스(제1캠퍼스)_다이나믹미디어전공, 충청북도_건국대학교 글로컬캠퍼스(제1캠퍼스)_다이나믹미디어학과, 충청북도_국립한국교통대학교(제1캠퍼스)_미디어&콘텐츠학과, 충청북도_서원대학교(제1캠퍼스)_영상미디어전공, 충청북도_세명대학교(제1캠퍼스)_미디어문화학부, 충청북도_세명대학교(제1캠퍼스)_미디어콘텐츠창작학과, 충청남도_글로벌사이버대학교(제1캠퍼스)_미디어콘텐츠창작학과, 충청남도_상명대학교(제2캠퍼스)_예술학부 AI미디어콘텐츠전공, 전북특별자치도_국립군산대학교(제1캠퍼스)_미디어문화학부, 전북특별자치도_국립군산대학교(제1캠퍼스)_미디어문화학부(미디어문화전공), 전북특별자치도_호원대학교(제1캠퍼스)_공연미디어학부, 전라남도_국립순천대학교(제1캠퍼스)_사진미디어학과, 전라남도_국립순천대학교(제1캠퍼스)_사진미디어학전공, 경상북도_경일대학교(제1캠퍼스)_미디어크리에이터학과, 경상북도_신경주대학교(제1캠퍼스)_실감미디어창업학과, 경상남도_영산대학교(제1캠퍼스)_연기공연미디어학부(방송사진미디어전공), 경상남도_인제대학교(제1캠퍼스)_미디어ㆍ콘텐츠계열","일반 선택: 문학, 독서와 작문, 화법과 언어, 사회와 문화, 정보 등 | 진로 선택: 정치, 법과 사회, 경제, 윤리와 사상, 인간과 심리 등 | 융합 선택: 소프트웨어와 생활, 사회문제 탐구, 윤리문제 탐구 등","공통과목: 국어, 사회, 생활ㆍ교양 | 일반선택과목: 국어교과 : 화법과 작문, 독서, 언어와 매체, 문학 | 진로선택과목: 실용 국어, 심화 국어, 고전 읽기, 사회문제 탐구 | 전문교과Ⅰ: 지역 이해, 세계 문제와 미래 사회, 현대 세계의 변화, 사회 탐구 방법 및 사회과제 연구 | 전문교과Ⅱ: 마케팅과 광고, 커뮤니케이션, 인간발달, 시각디자인, 미디어콘텐츠 일반, 빅데이터 분석","무대예술전문인(무대기계, 조명, 음향), 방송통신기사",광고기획자
243,사회학과,"서울특별시_경희대학교(제1캠퍼스)_사회학과, 서울특별시_경희사이버대학교(제1캠퍼스)_이민ㆍ다문화전공, 서울특별시_고려대학교(제1캠퍼스)_사회학과, 서울특별시_국민대학교(제1캠퍼스)_사회학과, 서울특별시_덕성여자대학교(제1캠퍼스)_사회학전공, 서울특별시_덕성여자대학교(제1캠퍼스)_사회학과, 서울특별시_동국대학교(제1캠퍼스)_사회언론정보학부 사회학전공, 서울특별시_동국대학교(제1캠퍼스)_사회언론정보학부 미디어커뮤니케이션학전공, 서울특별시_동덕여자대학교(제1캠퍼스)_사회과학부 아동학전공, 서울특별시_서강대학교(제1캠퍼스)_여성학연계전공, 서울특별시_서강대학교(제1캠퍼스)_사회학과, 서울특별시_서울대학교(제1캠퍼스)_사회학과, 서울특별시_서울시립대학교(제1캠퍼스)_융합전공학부 도시사회학-국제도시개발학 전공, 서울특별시_서울시립대학교(제1캠퍼스)_도시사회학과, 서울특별시_성공회대학교(제1캠퍼스)_사회학전공, 서울특별시_성공회대학교(제1캠퍼스)_사회학전공(사회융합학부), 서울특별시_성균관대학교(제1캠퍼스)_사회학과, 서울특별시_숭실대학교(제1캠퍼스)_정보사회학과, 서울특별시_연세대학교(제1캠퍼스)_사회학과, 서울특별시_이화여자대학교(제1캠퍼스)_사회학과, 서울특별시_이화여자대학교(제1캠퍼스)_사회학전공, 서울특별시_중앙대학교(제1캠퍼스)_사회학과, 서울특별시_한양대학교(제1캠퍼스)_사회학과, 부산광역시_국립부경대학교(제1캠퍼스)_인문사회과학대학자유전공학부, 부산광역시_동아대학교(제2캠퍼스)_사회학과, 부산광역시_동아대학교(제2캠퍼스)_정치ㆍ사회학부 사회학전공, 부산광역시_부산대학교(제1캠퍼스)_사회학과, 대전광역시_국립한밭대학교(제1캠퍼스)_인문사회경상학부, 대전광역시_충남대학교(제1캠퍼스)_인문사회융합학부, 대전광역시_충남대학교(제1캠퍼스)_사회학과, 대구광역시_경북대학교(제1캠퍼스)_사회학과, 대구광역시_계명대학교(제1캠퍼스)_사회학과, 광주광역시_송원대학교(제1캠퍼스)_사회서비스융합학과, 광주광역시_전남대학교(제1캠퍼스)_사회학과, 경기도_가톨릭대학교(제1캠퍼스)_사회학과, 경기도_가톨릭대학교(제1캠퍼스)_사회학전공, 경기도_루터대학교(제1캠퍼스)_사회혁신리더학부, 경기도_루터대학교(제1캠퍼스)_사회혁신리더학전공, 경기도_루터대학교(제1캠퍼스)_사회혁신디자인학과, 경기도_성결대학교(제1캠퍼스)_지역사회과학부, 경기도_수원대학교(제1캠퍼스)_인문사회융합대학, 경기도_아주대학교(제1캠퍼스)_사회학과, 경기도_중앙승가대학교(제1캠퍼스)_불교사회학부, 경기도_한신대학교(제1캠퍼스)_사회학과, 경기도_한신대학교(제1캠퍼스)_사회학, 경기도_한양대학교 ERICA캠퍼스(제1캠퍼스)_정보사회미디어학과, 강원특별자치도_강원대학교(제1캠퍼스)_사회학과, 강원특별자치도_한림대학교(제1캠퍼스)_사회학과, 충청북도_청주대학교(제1캠퍼스)_사회학과, 충청북도_충북대학교(제1캠퍼스)_사회학과, 충청북도_충북대학교(제1캠퍼스)_자율전공학부(인문사회자율전공계열), 충청남도_국립공주대학교(제1캠퍼스)_자율전공학부(인문사회과학대학), 충청남도_국립공주대학교(제3캠퍼스)_지역사회개발학전공, 충청남도_세한대학교(제2캠퍼스)_사회문화복지학부, 전북특별자치도_전북대학교(제1캠퍼스)_아동학과(인문사회), 전북특별자치도_전북대학교(제1캠퍼스)_국제인문사회학부, 전북특별자치도_전북대학교(제1캠퍼스)_사회학과, 경상북도_대구가톨릭대학교(제1캠퍼스)_사회학과, 경상북도_대구대학교(제1캠퍼스)_사회학과, 경상북도_영남대학교(제1캠퍼스)_사회학과, 경상남도_경남대학교(제1캠퍼스)_사회학과, 경상남도_경상국립대학교(제1캠퍼스)_사회학과, 경상남도_경상국립대학교(제1캠퍼스)_인문사회자율전공, 경상남도_국립창원대학교(제1캠퍼스)_사회학과, 제주특별자치도_제주대학교(제1캠퍼스)_사회학과, 세종특별자치시_고려대학교 세종캠퍼스(제1캠퍼스)_공공사회학전공, 세종특별자치시_고려대학교 세종캠퍼스(제1캠퍼스)_공공사회ㆍ통일외교학부, 세종특별자치시_고려대학교 세종캠퍼스(제1캠퍼스)_사회학과","일반 선택: 확률과 통계, 사회와 문화, 현대사회와 윤리, 세계사, 세계시민과 지리 등 | 진로 선택: 법과 사회, 정치, 윤리와 사상, 동아시아 역사 기행, 한국지리 탐구, 도시의 미래 탐구, 인문학과 윤리 등 | 융합 선택: 사회문제 탐구, 윤리문제 탐구, 역사로 탐구하는 현대 세계 등","공통과목: 사회, 생활ㆍ교양 | 일반선택과목: 사회교과 : 한국지리, 세계지리, 세계사, 경제, 정치와 법, 사회ㆍ문화,  생활과 윤리, 윤리와 사상 | 진로선택과목: 사회문제 탐구 | 전문교과Ⅰ: 국제 경제, 국제법, 지역 이해, 한국 사회의 이해, 비교 문화, 세계 문제와 미래 사회, 국제 관계와 국제기구, 현대 세계의 변화, 사회 탐구 방법 및 사회과제 연구 | 전문교과Ⅱ: 커뮤니케이션, 복지 서비스의 기초, 문화 콘텐츠 산업 일반, 빅테이터 분석","사회조사분석사, 정책분석평가사",국회의원
533,지역개발학과,"경기도_협성대학교(제1캠퍼스)_도시개발ㆍ행정학과, 강원특별자치도_강원대학교(제1캠퍼스)_지역기반공학전공, 충청북도_충북대학교(제1캠퍼스)_지역건설공학과 농촌관광개발전공, 충청남도_국립공주대학교(제3캠퍼스)_지역사회개발학과, 충청남도_국립공주대학교(제3캠퍼스)_지역개발학부, 전북특별자치도_전북대학교(제1캠퍼스)_지역산업학과, 전라남도_국립목포대학교(제1캠퍼스)_도시및지역개발학과, 경상북도_대구대학교(제1캠퍼스)_지역사회개발ㆍ복지학과, 경상남도_경남대학교(제1캠퍼스)_로컬크리에이터학과, 경상남도_경상국립대학교(제1캠퍼스)_지역시스템공학과","일반 선택: 대수, 확률과 통계, 세계시민과 지리, 세계사, 사회와 문화, 지구과학, 정보 등 | 진로 선택: 기하, 한국지리 탐구, 도시의 미래 탐구, 경제 등 | 융합 선택: 여행지리, 기후변화와 지속가능한 세계, 사회문제 탐구 등","공통과목: 사회, 생활ㆍ교양 | 일반선택과목: 사회교과 : 한국지리, 세계지리, 경제, 생활과 윤리 | 진로선택과목: 실용 수학, 경제 수학, 여행지리, 사회문제 탐구 | 전문교과Ⅰ: 지역 이해, 세계 문제와 미래 사회, 현대 세계의 변화, 사회 탐구 방법 및 사회과제 연구 | 전문교과Ⅱ: 공간정보융합서비스, 빅데이터 분석, 인간과 환경, 환경 보전","감정평가사, 공인중개사, 교통기사, 도시계획기사, 주택관리사, 지적기사",기자
117,도시계획학과,"부산광역시_경성대학교(제1캠퍼스)_도시계획학과, 대구광역시_계명대학교(제1캠퍼스)_도시계획학과, 경기도_가천대학교(제1캠퍼스)_도시계획학전공, 경기도_가천대학교(제1캠퍼스)_도시계획ㆍ조경학부, 경기도_단국대학교(제1캠퍼스)_도시지역계획학전공, 충청북도_청주대학교(제1캠퍼스)_도시계획학전공, 전라남도_동신대학교(제1캠퍼스)_도시계획학과, 경상북도_대구대학교(제1캠퍼스)_도시ㆍ지역계획학과","일반 선택: 대수, 미적분Ⅰ, 확률과 통계, 물리학, 화학, 지구과학, 정보 등 | 진로 선택: 기하, 미적분Ⅱ, 도시의 미래 탐구, 역학과 에너지, 물질과 에너지, 화학 반응의 세계, 지구시스템과학, 데이터 과학, 전자기와 양자 등 | 융합 선택: 융합과학 탐구, 과학의 역사와 문화 등","공통과목: 사회, 생활ㆍ교양 | 일반선택과목: 사회교과 : 한국지리, 세계지리, 경제, 생활과 윤리 | 진로선택과목: 실용 수학, 경제 수학, 여행지리, 사회문제 탐구 | 전문교과Ⅰ: 지역 이해, 세계 문제와 미래 사회, 현대 세계의 변화, 사회 탐구 방법 및 사회과제 연구 | 전문교과Ⅱ: 공간정보융합서비스, 빅데이터 분석, 인간과 환경, 환경 보전","감정평가사, 공인중개사, 도시계획기사",감정평가사
373,국제학부,"서울특별시_강서대학교(제1캠퍼스)_G2국제어학과, 서울특별시_고려대학교(제1캠퍼스)_국제학부, 서울특별시_광운대학교(제1캠퍼스)_국제학부, 서울특별시_국민대학교(제1캠퍼스)_KMU International Business school, 서울특별시_서강대학교(제1캠퍼스)_게페르트국제학부, 서울특별시_서경대학교(제1캠퍼스)_글로벌비즈니스어학부, 서울특별시_서경대학교(제1캠퍼스)_국제비즈니스어학부, 서울특별시_서울디지털대학교(제1캠퍼스)_국제학과, 서울특별시_서울시립대학교(제1캠퍼스)_융합전공학부 국제관계학-빅데이터분석학 전공, 서울특별시_서울여자대학교(제1캠퍼스)_국제학전공, 서울특별시_성공회대학교(제1캠퍼스)_국제학부, 서울특별시_성신여자대학교(제2캠퍼스)_국제학부, 서울특별시_세종대학교(제1캠퍼스)_국제협력전공, 서울특별시_세종대학교(제1캠퍼스)_국제학부, 서울특별시_세종사이버대학교(제1캠퍼스)_국제학과(영어ㆍ중국어), 서울특별시_숙명여자대학교(제1캠퍼스)_앙트러프러너십전공, 서울특별시_숙명여자대학교(제1캠퍼스)_글로벌서비스학부, 서울특별시_숙명여자대학교(제1캠퍼스)_글로벌협력전공, 서울특별시_이화여자대학교(제1캠퍼스)_국제학부, 서울특별시_이화여자대학교(제1캠퍼스)_글로벌학부, 서울특별시_이화여자대학교(제1캠퍼스)_국제학전공, 서울특별시_한국외국어대학교(제1캠퍼스)_융합일본지역전공, 서울특별시_한국외국어대학교(제1캠퍼스)_중국외교통상학부, 서울특별시_한국외국어대학교(제1캠퍼스)_국제학부, 서울특별시_한국외국어대학교(제1캠퍼스)_국제학전공, 서울특별시_한국외국어대학교(제1캠퍼스)_융합일본지역학부, 서울특별시_한국외국어대학교(제1캠퍼스)_중국외교통상전공, 서울특별시_한양대학교(제1캠퍼스)_국제학전공, 서울특별시_한양대학교(제1캠퍼스)_국제학부, 부산광역시_경성대학교(제1캠퍼스)_글로벌학부, 부산광역시_국립부경대학교(제1캠퍼스)_글로벌매니지먼트ㆍ거버넌스트랙, 부산광역시_국립부경대학교(제1캠퍼스)_국제학전공, 부산광역시_동서대학교(제1캠퍼스)_International Studies과, 부산광역시_동아대학교(제2캠퍼스)_국제학부 국제학전공, 부산광역시_부산대학교(제1캠퍼스)_국제학부, 부산광역시_부산외국어대학교(제1캠퍼스)_국제개발협력전공, 부산광역시_부산외국어대학교(제1캠퍼스)_외교ㆍ국제개발학부(국제개발협력전공), 부산광역시_부산외국어대학교(제1캠퍼스)_국제학부, 부산광역시_신라대학교(제1캠퍼스)_국제대학, 인천광역시_연세대학교(제2캠퍼스)_지속개발협력전공, 인천광역시_인천대학교(제1캠퍼스)_국제자유전공학부, 인천광역시_인하대학교(제1캠퍼스)_국제언어문화학부, 인천광역시_인하대학교(제1캠퍼스)_국제학부, 대전광역시_충남대학교(제1캠퍼스)_아시아비즈니스국제학과, 대전광역시_충남대학교(제1캠퍼스)_국제학부, 대구광역시_계명대학교(제1캠퍼스)_Department of International Relations, 광주광역시_광주여자대학교(제1캠퍼스)_국제학부, 경기도_가톨릭대학교(제1캠퍼스)_국제학부, 경기도_강남대학교(제1캠퍼스)_글로벌학부, 경기도_경희대학교(제2캠퍼스)_국제학과, 경기도_단국대학교(제1캠퍼스)_국제학부, 경기도_명지대학교 자연캠퍼스(제1캠퍼스)_국제학부, 경기도_성결대학교(제1캠퍼스)_국제개발협력학과, 경기도_수원대학교(제1캠퍼스)_국제개발협력, 경기도_신한대학교(제2캠퍼스)_국제개발협력학과, 경기도_신한대학교(제1캠퍼스)_국제어학과, 경기도_아신대학교(제1캠퍼스)_국제개발협력학부, 경기도_아주대학교(제1캠퍼스)_국제학부, 경기도_한국공학대학교(제1캠퍼스)_국제학부, 경기도_한국외국어대학교(제2캠퍼스)_브라질학과, 강원특별자치도_경동대학교(제1캠퍼스)_국제학부, 강원특별자치도_연세대학교 미래캠퍼스(제1캠퍼스)_East Asian Economy and Business, 강원특별자치도_연세대학교 미래캠퍼스(제1캠퍼스)_동아시아국제학부, 강원특별자치도_연세대학교 미래캠퍼스(제1캠퍼스)_East Asian Politics and Economy, 강원특별자치도_연세대학교 미래캠퍼스(제1캠퍼스)_East Asian Politics and Culture, 강원특별자치도_한림대학교(제1캠퍼스)_글로벌학부, 충청북도_서원대학교(제1캠퍼스)_국제학부, 충청북도_세명대학교(제1캠퍼스)_국제언어문화학부, 충청남도_국립공주대학교(제1캠퍼스)_국제학부, 충청남도_백석대학교(제1캠퍼스)_국제학부, 충청남도_순천향대학교(제1캠퍼스)_국제학전공, 충청남도_한서대학교(제1캠퍼스)_국제협력전공, 충청남도_호서대학교(제1캠퍼스)_국제학부, 전북특별자치도_전북대학교(제1캠퍼스)_국제학부, 전라남도_국립목포대학교(제1캠퍼스)_글로벌학부, 전라남도_동신대학교(제1캠퍼스)_국제학부, 전라남도_전남대학교(제2캠퍼스)_국제학부(영어학전공), 전라남도_전남대학교(제2캠퍼스)_글로벌학부, 전라남도_전남대학교(제2캠퍼스)_국제학부, 전라남도_초당대학교(제1캠퍼스)_국제학과, 경상북도_대구대학교(제1캠퍼스)_국제어문학과, 경상북도_대구대학교(제1캠퍼스)_국제학부, 경상북도_대구대학교(제1캠퍼스)_국제학부(국제어문학전공), 경상북도_대구예술대학교(제1캠퍼스)_국제학부, 경상북도_영남대학교(제1캠퍼스)_국제개발새마을학과, 경상북도_영남신학대학교(제1캠퍼스)_국제언어다문화학과, 경상북도_한동대학교(제1캠퍼스)_국제어문학부, 경상남도_영산대학교(제1캠퍼스)_글로벌학부, 경상남도_인제대학교(제1캠퍼스)_국제어문학부, 세종특별자치시_고려대학교 세종캠퍼스(제1캠퍼스)_국제스포츠학부, 세종특별자치시_고려대학교 세종캠퍼스(제1캠퍼스)_글로벌학부","일반 선택: 세계시민과 지리, 세계사, 사회와 문화, 제2외국어 과목 등 | 진로 선택: 동아시아 역사 기행, 정치, 법과 사회, 경제, 국제 관계의 이해 등 | 융합 선택: 기후변화와 지속가능한 세계, 세계 문화와 영어 등","공통과목: 영어, 사회, 생활ㆍ교양 | 일반선택과목: 영어교과 : 영어 회화, 영어I, 영어 독해와 작문, 영어Ⅱ | 진로선택과목: 여행지리, 사회문제 탐구, 제2외국어Ⅱ 과목 | 전문교과Ⅰ: 국제 정치, 국제 경제, 국제법, 지역 이해, 비교 문화, 세계 문제와 미래 사회, 국제 관계와 국제기구, 현대 세계의 변화, 사회 탐구 방법 및 사회과제 연구 | 전문교과Ⅱ: 커뮤니케이션, 비즈니스 영어","관광통역안내사, 국내여행안내사, 컨벤션기획사",경제학연구원
10007,국제관계학과,"서울특별시_서울시립대학교(제1캠퍼스)_국제관계학과, 부산광역시_국립한국해양대학교(제1캠퍼스)_국제관계학과, 부산광역시_동서대학교(제1캠퍼스)_국제관계학전공, 부산광역시_동아대학교(제2캠퍼스)_국제관광학과, 부산광역시_동의대학교(제1캠퍼스)_국제관광학과, 부산광역시_신라대학교(제1캠퍼스)_국제관계학전공, 부산광역시_신라대학교(제1캠퍼스)_국제관계학과, 대구광역시_계명대학교(제1캠퍼스)_국제관계학과(IR), 울산광역시_울산대학교(제1캠퍼스)_국제관계학전공, 경기도_가톨릭대학교(제1캠퍼스)_국제관계학전공, 경기도_경기대학교(제1캠퍼스)_국제관계학과, 경기도_한신대학교(제1캠퍼스)_국제관계학전공, 경기도_한신대학교(제1캠퍼스)_국제개발협력전공, 경기도_한신대학교(제1캠퍼스)_국제관계학, 경기도_한신대학교(제1캠퍼스)_국제관계학부, 강원특별자치도_상지대학교(제1캠퍼스)_아시아국제관계학과, 강원특별자치도_상지대학교(제1캠퍼스)_국가안보학부 국제관계학전공, 강원특별자치도_연세대학교 미래캠퍼스(제1캠퍼스)_국제관계학전공, 충청남도_선문대학교(제1캠퍼스)_국제관계ㆍ행정학부, 충청남도_선문대학교(제1캠퍼스)_국제관계학과, 충청남도_한서대학교(제1캠퍼스)_국제관계학과, 경상북도_대구대학교(제1캠퍼스)_국제관계학과, 경상남도_국립창원대학교(제1캠퍼스)_국제관계학과","일반 선택: 세계시민과 지리, 세계사, 사회와 문화, 제2외국어 과목 등 | 진로 선택: 동아시아 역사 기행, 정치, 법과 사회, 경제, 국제 관계의 이해 등 | 융합 선택: 기후변화와 지속가능한 세계, 세계 문화와 영어 등","공통과목: 영어, 사회, 생활ㆍ교양 | 일반선택과목: 영어교과 : 영어 회화, 영어I, 영어 독해와 작문, 영어Ⅱ | 진로선택과목: 여행지리, 사회문제 탐구, 제2외국어Ⅱ 과목 | 전문교과Ⅰ: 국제 정치, 국제 경제, 국제법, 지역 이해, 비교 문화, 세계 문제와 미래 사회, 국제 관계와 국제기구, 현대 세계의 변화, 사회 탐구 방법 및 사회과제 연구 | 전문교과Ⅱ: 커뮤니케이션, 비즈니스 영어","관광통역안내사, 무역영어, 물류관리사, 정책분석평가사, 컨벤션기획사",경제학연구원
334,아동학과,"서울특별시_강서대학교(제1캠퍼스)_아동학과, 서울특별시_경희사이버대학교(제1캠퍼스)_아동ㆍ보육전공, 서울특별시_고려사이버대학교(제1캠퍼스)_아동학과, 서울특별시_고려사이버대학교(제1캠퍼스)_아동영어학과, 서울특별시_동덕여자대학교(제1캠퍼스)_아동학과, 서울특별시_명지대학교 인문캠퍼스(제2캠퍼스)_아동학전공, 서울특별시_명지대학교 인문캠퍼스(제2캠퍼스)_아동학과, 서울특별시_서경대학교(제1캠퍼스)_아동청소년학과, 서울특별시_서경대학교(제1캠퍼스)_아동학과, 서울특별시_서울디지털대학교(제1캠퍼스)_아동학과, 서울특별시_서울여자대학교(제1캠퍼스)_아동학과, 서울특별시_성균관대학교(제1캠퍼스)_아동ㆍ청소년학과, 서울특별시_세종사이버대학교(제1캠퍼스)_아동학과, 서울특별시_숭실사이버대학교(제1캠퍼스)_아동학과, 서울특별시_총신대학교(제1캠퍼스)_아동학과, 서울특별시_한양사이버대학교(제1캠퍼스)_아동학과, 부산광역시_동아대학교(제1캠퍼스)_아동학과, 부산광역시_동의대학교(제1캠퍼스)_아동학과, 대구광역시_경북대학교(제1캠퍼스)_아동학부, 대구광역시_경북대학교(제1캠퍼스)_아동학부 아동학전공, 광주광역시_광주대학교(제1캠퍼스)_아동학과, 경기도_가톨릭대학교(제1캠퍼스)_아동학과(자연), 경기도_가톨릭대학교(제1캠퍼스)_아동학과, 경기도_대진대학교(제1캠퍼스)_아동학과, 경기도_을지대학교(제2캠퍼스)_아동학과, 충청북도_유원대학교(제1캠퍼스)_아동학전공, 충청남도_나사렛대학교(제1캠퍼스)_아동학과, 전북특별자치도_국립군산대학교(제1캠퍼스)_아동학부, 전라남도_국립목포대학교(제1캠퍼스)_아동학과, 경상북도_국립경국대학교(제1캠퍼스)_아동학전공, 경상북도_대구가톨릭대학교(제1캠퍼스)_아동학과","일반 선택: 현대사회와 윤리, 사회와 문화, 기술·가정 등 | 진로 선택: 정치, 법과 사회, 생활과학 탐구 등 | 융합 선택: 사회문제 탐구, 윤리문제 탐구, 생애 설계와 자립 등","공통과목: 사회, 생활ㆍ교양 | 일반선택과목: 사회교과 : 사회ㆍ문화, 생활과 윤리 | 진로선택과목: 사회문제 탐구, 가정과학 | 전문교과Ⅰ: 지역 이해, 세계 문제와 미래 사회, 현대 세계의 변화, 사회 탐구 방법 및 사회과제 연구 | 전문교과Ⅱ: 인간 발달, 아동 복지, 영유아 건강, 안전, 영양 지도, 복지 서비스의 기초","가정복지사, 보육교사, 사회복지사, 청소년상담사, 청소년지도사",보육교사
103,노인복지학과,"서울특별시_경희사이버대학교(제1캠퍼스)_노인복지전공, 서울특별시_서울디지털대학교(제1캠퍼스)_노인복지전공, 서울특별시_서울사이버대학교(제1캠퍼스)_노인복지전공, 서울특별시_한국체육대학교(제1캠퍼스)_노인체육복지학과, 부산광역시_부산가톨릭대학교(제1캠퍼스)_노인복지보건학과, 부산광역시_신라대학교(제1캠퍼스)_가족ㆍ노인복지학과, 부산광역시_영산대학교(제2캠퍼스)_노인복지상담학과, 대전광역시_건양사이버대학교(제1캠퍼스)_노인복지학과, 광주광역시_전남대학교(제1캠퍼스)_생활복지학과, 경기도_국제사이버대학교(제1캠퍼스)_노인복지학과, 강원특별자치도_한림대학교(제1캠퍼스)_노인복지학전공, 충청남도_한서대학교(제1캠퍼스)_노인복지학과, 경상북도_경일대학교(제1캠퍼스)_노인체육복지학과, 경상북도_국립경국대학교(제1캠퍼스)_생활복지학과, 경상북도_대구한의대학교(제1캠퍼스)_노인복지상담학과, 경상북도_대구한의대학교(제1캠퍼스)_노인복지학전공, 경상북도_영남사이버대학교(제1캠퍼스)_노인복지학과","일반 선택: 현대사회와 윤리, 사회와 문화 등 | 진로 선택: 윤리와 사상, 정치, 법과 사회, 경제, 한국지리탐구, 도시의 미래 탐구, 국제 관계의 이해, 생활과학 탐구, 인간과 심리 등 | 융합 선택: 사회문제 탐구, 윤리문제 탐구, 등","공통과목: 사회, 생활ㆍ교양 | 일반선택과목: 사회교과 : 한국지리, 정치와 법, 사회ㆍ문화, 경제, 생활과 윤리 | 진로선택과목: 사회문제 탐구 | 전문교과Ⅰ: 지역 이해, 세계 문제와 미래 사회, 현대 세계의 변화, 사회 탐구 방법 및 사회과제 연구 | 전문교과Ⅱ: 사무 행정, 인간 발달, 아동 복지, 복지 서비스의 기초, 대인 복지 서비스","노인체육지도자, 레크리에이션지도자, 사회복지사, 정신보건사회복지사",사회복지사
203,법학과,"서울특별시_경기대학교(제2캠퍼스)_법학과, 서울특별시_고려대학교(제1캠퍼스)_법학과, 서울특별시_고려사이버대학교(제1캠퍼스)_법학과, 서울특별시_광운대학교(제1캠퍼스)_국제법무전공, 서울특별시_광운대학교(제1캠퍼스)_금융부동산법무학과, 서울특별시_광운대학교(제1캠퍼스)_일반법학전공, 서울특별시_광운대학교(제1캠퍼스)_법학부, 서울특별시_광운대학교(제1캠퍼스)_기업법무전공, 서울특별시_광운대학교(제1캠퍼스)_과학기술법무전공, 서울특별시_국민대학교(제1캠퍼스)_법학부, 서울특별시_국민대학교(제1캠퍼스)_사법학전공, 서울특별시_국민대학교(제1캠퍼스)_공법학전공, 서울특별시_국민대학교(제1캠퍼스)_기업융합법학과, 서울특별시_덕성여자대학교(제1캠퍼스)_법학과, 서울특별시_덕성여자대학교(제1캠퍼스)_법학전공, 서울특별시_동국대학교(제1캠퍼스)_법학과, 서울특별시_명지대학교 인문캠퍼스(제2캠퍼스)_법학과, 서울특별시_상명대학교(제1캠퍼스)_인문콘텐츠학부 지적재산권전공, 서울특별시_상명대학교(제1캠퍼스)_법학과, 서울특별시_서경대학교(제1캠퍼스)_공공인적자원학부(사회과학대학), 서울특별시_서울시립대학교(제1캠퍼스)_법학부, 서울특별시_성균관대학교(제1캠퍼스)_법학과, 서울특별시_성신여자대학교(제1캠퍼스)_지식산업법학과, 서울특별시_성신여자대학교(제1캠퍼스)_법학부, 서울특별시_성신여자대학교(제1캠퍼스)_법학과, 서울특별시_세종대학교(제1캠퍼스)_법학부 법학전공, 서울특별시_세종대학교(제1캠퍼스)_법학과, 서울특별시_세종대학교(제1캠퍼스)_법학부, 서울특별시_숙명여자대학교(제1캠퍼스)_법학부, 서울특별시_숭실대학교(제1캠퍼스)_법학과, 서울특별시_숭실사이버대학교(제1캠퍼스)_법ㆍ행정학과, 서울특별시_한국방송통신대학교(제1캠퍼스)_법학과, 서울특별시_한국외국어대학교(제1캠퍼스)_법학과, 서울특별시_한양사이버대학교(제1캠퍼스)_법학과, 서울특별시_홍익대학교(제1캠퍼스)_법학부 공법(공공서비스법)전공, 서울특별시_홍익대학교(제1캠퍼스)_법학과, 서울특별시_홍익대학교(제1캠퍼스)_법학부, 서울특별시_홍익대학교(제1캠퍼스)_법학부 사법(비즈니스ㆍ정보법)전공, 부산광역시_경성대학교(제1캠퍼스)_법학과, 부산광역시_경성대학교(제1캠퍼스)_법학전공, 부산광역시_국립부경대학교(제1캠퍼스)_법학과, 부산광역시_국립한국해양대학교(제1캠퍼스)_해사법학부, 부산광역시_국립한국해양대학교(제1캠퍼스)_법무비즈니스학부(법무비즈니스전공), 부산광역시_국립한국해양대학교(제1캠퍼스)_해사법학부(해사법전공), 부산광역시_국립한국해양대학교(제1캠퍼스)_법무비즈니스학부, 부산광역시_국립한국해양대학교(제1캠퍼스)_해사법학부(법학전공), 부산광역시_동아대학교(제2캠퍼스)_법학부, 부산광역시_동의대학교(제1캠퍼스)_법학과, 부산광역시_동의대학교(제1캠퍼스)_법학전공, 부산광역시_신라대학교(제1캠퍼스)_법학전공, 부산광역시_신라대학교(제1캠퍼스)_공무원법학과, 부산광역시_영산대학교(제2캠퍼스)_법률학과, 부산광역시_영산대학교(제2캠퍼스)_법률전공, 부산광역시_영산대학교(제2캠퍼스)_법학과, 인천광역시_인천대학교(제1캠퍼스)_법학부, 인천광역시_인천대학교(제1캠퍼스)_법학과, 대전광역시_대전대학교(제1캠퍼스)_법학과, 대전광역시_대전대학교(제1캠퍼스)_법학전공, 대전광역시_대전대학교(제1캠퍼스)_법ㆍ행정학부, 대전광역시_목원대학교(제1캠퍼스)_경찰법학과, 대전광역시_목원대학교(제1캠퍼스)_지식재산학과, 대전광역시_배재대학교(제1캠퍼스)_법학전공, 대전광역시_충남대학교(제1캠퍼스)_법학부, 대전광역시_한남대학교(제1캠퍼스)_법학부, 대전광역시_한남대학교(제1캠퍼스)_법무법학전공, 대전광역시_한남대학교(제1캠퍼스)_법학전공, 대전광역시_한남대학교(제1캠퍼스)_특허법학전공, 대구광역시_계명대학교(제1캠퍼스)_법학과, 울산광역시_울산대학교(제1캠퍼스)_법학전공, 광주광역시_광주여자대학교(제1캠퍼스)_경찰법학과, 광주광역시_조선대학교(제1캠퍼스)_공공인재법무학과, 광주광역시_조선대학교(제1캠퍼스)_법학과, 광주광역시_호남대학교(제1캠퍼스)_법학과, 경기도_가천대학교(제1캠퍼스)_법과대학, 경기도_가천대학교(제1캠퍼스)_법학과, 경기도_가톨릭대학교(제1캠퍼스)_법학과, 경기도_가톨릭대학교(제1캠퍼스)_법학전공, 경기도_경기대학교(제1캠퍼스)_지식재산학전공, 경기도_경기대학교(제1캠퍼스)_법학과, 경기도_경기대학교(제1캠퍼스)_지식재산학과, 경기도_단국대학교(제1캠퍼스)_법학과, 경기도_대진대학교(제1캠퍼스)_공공인재법학과, 경기도_수원대학교(제1캠퍼스)_법ㆍ행정학부, 경기도_수원대학교(제1캠퍼스)_법학, 경기도_한경국립대학교(제1캠퍼스)_법학과, 경기도_한경국립대학교(제1캠퍼스)_법경영학부, 경기도_한경국립대학교(제1캠퍼스)_법학전공, 강원특별자치도_가톨릭관동대학교(제1캠퍼스)_법학과, 강원특별자치도_강원대학교(제1캠퍼스)_법학전공, 강원특별자치도_국립강릉원주대학교(제1캠퍼스)_법학과, 강원특별자치도_상지대학교(제1캠퍼스)_법률행정학과, 강원특별자치도_연세대학교 미래캠퍼스(제1캠퍼스)_법학전공, 강원특별자치도_한림대학교(제1캠퍼스)_법학과, 충청북도_세명대학교(제1캠퍼스)_법학과, 충청북도_중원대학교(제1캠퍼스)_법무법학과, 충청북도_청주대학교(제1캠퍼스)_융합실무법학전공, 충청북도_청주대학교(제1캠퍼스)_법학과/사회과학대학, 충청북도_청주대학교(제1캠퍼스)_법학과, 충청북도_청주대학교(제1캠퍼스)_법학전공, 충청남도_국립공주대학교(제1캠퍼스)_법학과, 충청남도_선문대학교(제1캠퍼스)_법ㆍ경찰학과, 충청남도_선문대학교(제1캠퍼스)_법학과, 충청남도_순천향대학교(제1캠퍼스)_법학과, 충청남도_유원대학교(제2캠퍼스)_발명특허학과, 전북특별자치도_국립군산대학교(제1캠퍼스)_법학과, 전북특별자치도_우석대학교(제1캠퍼스)_법학과, 전북특별자치도_원광대학교(제1캠퍼스)_법학과, 전북특별자치도_전주대학교(제1캠퍼스)_법학과, 전북특별자치도_호원대학교(제1캠퍼스)_법경찰학부, 전북특별자치도_호원대학교(제1캠퍼스)_법경찰학과, 전라남도_국립목포대학교(제1캠퍼스)_법학과, 전라남도_국립순천대학교(제1캠퍼스)_법학과, 전라남도_국립순천대학교(제1캠퍼스)_공공인재학부(법학전공), 전라남도_국립순천대학교(제1캠퍼스)_법학전공, 경상북도_국립경국대학교(제1캠퍼스)_법학과, 경상북도_국립경국대학교(제1캠퍼스)_법학전공, 경상북도_대구가톨릭대학교(제1캠퍼스)_법행정학부, 경상북도_대구가톨릭대학교(제1캠퍼스)_고위공직ㆍ법학전공, 경상북도_대구가톨릭대학교(제1캠퍼스)_법학과, 경상북도_대구대학교(제1캠퍼스)_법학부(법학전공), 경상북도_대구대학교(제1캠퍼스)_DU인재법학부(공법학전공), 경상북도_대구대학교(제1캠퍼스)_법학부(공공안전법학전공), 경상북도_대구대학교(제1캠퍼스)_법학부, 경상북도_신경주대학교(제1캠퍼스)_경찰법학과, 경상북도_한동대학교(제1캠퍼스)_법학부, 경상남도_경남대학교(제1캠퍼스)_법학과, 경상남도_경상국립대학교(제1캠퍼스)_법학과, 경상남도_경상국립대학교(제1캠퍼스)_법학부, 경상남도_국립창원대학교(제1캠퍼스)_법학과, 경상남도_영산대학교(제1캠퍼스)_비즈니스법전공, 경상남도_인제대학교(제1캠퍼스)_법학과, 제주특별자치도_제주대학교(제1캠퍼스)_법학부","일반 선택: 화법과 언어, 독서와 작문, 문학, 확률과 통계, 영어 I,영어프, 영어 독해와 작문, 세계시민과 지리, 사회와 문화, 현대사회와 윤리, 정보, 제2외국어 과목, 한문 등 | 진로 선택: 주제 탐구 독서, 영어 발표와 토론, 정치, 법과 사회, 경제, 윤리와 사상, 국제 관계의 이해 등 | 융합 선택: 독서 토론과 글쓰기, 매체 의사소통, 실용 통계, 수학과제 탐구, 사회문제 탐구, 기후변화와 지속가능한 세계 등","공통과목: 사회, 생활ㆍ교양 | 일반선택과목: 사회교과 : 세계사, 정치와 법, 사회ㆍ문화, 생활과 윤리, 윤리와 사상 | 진로선택과목: 사회문제 탐구 | 전문교과Ⅰ: 지역 이해, 세계 문제와 미래 사회, 현대 세계의 변화, 사회 탐구 방법 및 사회과제 연구 | 전문교과Ⅱ: 인간 발달, 커뮤니케이션, 빅데이터 분석","감정평가사, 공인노무사, 공인중개사, 관세사, 법무사, 변리사, 변호사, 세무사",감정평가사
75,국제법무학과,서울특별시_숭실대학교(제1캠퍼스)_국제법무학과,"일반 선택: 화법과 언어, 독서와 작문, 문학, 확률과 통계, 영어 I,영어프, 영어 독해와 작문, 세계시민과 지리, 사회와 문화, 현대사회와 윤리, 정보, 제2외국어 과목, 한문 등 | 진로 선택: 주제 탐구 독서, 영어 발표와 토론, 정치, 법과 사회, 경제, 윤리와 사상, 국제 관계의 이해 등 | 융합 선택: 독서 토론과 글쓰기, 매체 의사소통, 실용 통계, 수학과제 탐구, 사회문제 탐구, 기후변화와 지속가능한 세계 등","공통과목: 사회, 생활ㆍ교양 | 일반선택과목: 사회교과 : 세계사, 정치와 법, 사회ㆍ문화, 생활과 윤리, 윤리와 사상 | 진로선택과목: 사회문제 탐구 | 전문교과Ⅰ: 지역 이해, 세계 문제와 미래 사회, 현대 세계의 변화, 사회 탐구 방법 및 사회과제 연구 | 전문교과Ⅱ: 인간 발달, 커뮤니케이션, 빅데이터 분석","법무사, 변호사",법무사
10141,교양경상학부,"서울특별시_동덕여자대학교(제1캠퍼스)_경영융합학부, 서울특별시_서울과학기술대학교(제1캠퍼스)_자유전공학부(기술경영융합대학), 서울특별시_세종대학교(제1캠퍼스)_경상계열, 서울특별시_세종대학교(제1캠퍼스)_경상호텔관광계열, 서울특별시_연세대학교(제1캠퍼스)_상경계열, 서울특별시_중앙대학교(제1캠퍼스)_경영경제대학, 서울특별시_한국외국어대학교(제1캠퍼스)_상경대학[통합모집], 부산광역시_국립부경대학교(제1캠퍼스)_경영대학자유전공학부, 부산광역시_동의대학교(제1캠퍼스)_라이프융합학부, 인천광역시_연세대학교(제2캠퍼스)_상경계열, 인천광역시_인하대학교(제1캠퍼스)_경영융합학부, 대구광역시_경북대학교(제1캠퍼스)_경상대학 자율학부, 울산광역시_울산과학기술원(제1캠퍼스)_새내기학부(경영계열), 울산광역시_울산대학교(제1캠퍼스)_경영경제융합학부, 경기도_강남대학교(제1캠퍼스)_상경학부, 경기도_성결대학교(제1캠퍼스)_글로벌경영기술대학자율전공학부, 경기도_신한대학교(제2캠퍼스)_경영대학(자율전공), 경기도_한경국립대학교(제1캠퍼스)_글로벌창의인재학부, 경기도_한국외국어대학교(제2캠퍼스)_경상대학[통합모집], 경기도_한신대학교(제1캠퍼스)_경영ㆍ미디어계열, 경기도_한신대학교(제1캠퍼스)_경제통상ㆍ국제지역계열, 경기도_화성의과학대학교(제1캠퍼스)_미래디자인학부, 강원특별자치도_강원대학교(제1캠퍼스)_경영대학 무전공학과, 강원특별자치도_상지대학교(제1캠퍼스)_경영경제데이터산업학부, 충청북도_중원대학교(제1캠퍼스)_글로벌사회문화학과, 충청남도_백석대학교(제1캠퍼스)_경상학부, 충청남도_선문대학교(제1캠퍼스)_글로벌비즈니스대학, 전북특별자치도_전북대학교(제1캠퍼스)_경상계열, 전북특별자치도_전주대학교(제1캠퍼스)_IT금융부동산계열, 전북특별자치도_전주대학교(제1캠퍼스)_로컬벤처학부, 전라남도_국립목포대학교(제1캠퍼스)_경상학부, 전라남도_전남대학교(제2캠퍼스)_경상학부, 경상북도_경운대학교(제1캠퍼스)_지역산업학부, 경상북도_대구가톨릭대학교(제1캠퍼스)_글로벌비즈니스대학, 경상북도_대구대학교(제1캠퍼스)_글로벌경영계열, 경상북도_대구한의대학교(제1캠퍼스)_하이라이프경영학부, 경상북도_동국대학교 WISE캠퍼스(제1캠퍼스)_경상학부, 경상남도_국립창원대학교(제1캠퍼스)_경영계열자율전공학부, 경상남도_인제대학교(제1캠퍼스)_국제경상학부, 세종특별자치시_홍익대학교 세종캠퍼스(제2캠퍼스)_상경학부","일반 선택: 화법과 언어, 독서와 작문, 문학, 대수, 미적분I, 확률과 통계, 영어I, 영어II, 영어 독해와 작문, 세계시민과 지리, 세계사, 사회와 문화, 정보, 제2외국어 과목 등 | 진로 선택: 미적분II, 기하, 경제 수학, 영어 발표와 토론, 법과 사회, 경제, 윤리와 사상, 국제 관계의 이해, 인공지능 기초, 데이터 과학 등 | 융합 선택: 실용 통계, 수학과제 탐구, 실생활 영어 회화, 세계 문화와 영어, 사회문제 탐구, 금융과 경제생활, 제2외국어 문화 과목 등","공통과목: 수학, 사회, 기술ㆍ가정, 생활ㆍ교양 | 일반선택과목: 수학교과 : 수학I, Ⅱ, 미적분, 확률과 통계 | 진로선택과목: 실용 수학, 기하, 경제 수학, 수학 과제 탐구, 사회문제 탐구, 창의 경영, 지식 재산 일반 | 전문교과Ⅰ: 심화 수학I, 정보과학, 국제 경제, 세계 문제와 미래 사회, 사회 탐구 방법 및 사회과제 연구 | 전문교과Ⅱ: 기업과 경영, 회계 정보 처리 시스템, 금융 일반, 마케팅과 광고, 창업 일반, 커뮤니케이션, 유통 관리","감정평가사, 경영지도사, 공인노무사, 공인회계사, 관세사, 물류관리사, 보험계리사, 보험중개사, 사회조사분석사, 세무사, 소비자전문상담사, 손해사정사, 전산회계운용사, 전자상거래관리사, 전자상거래운용사, 컨벤션기획사",경영컨설턴트
394,유통학과,"서울특별시_세종사이버대학교(제1캠퍼스)_유통물류학과, 서울특별시_숭실사이버대학교(제1캠퍼스)_유통서비스학과, 부산광역시_동명대학교(제1캠퍼스)_유통물류학과, 부산광역시_동의대학교(제1캠퍼스)_유통관리학과, 부산광역시_동의대학교(제1캠퍼스)_유통물류학과, 부산광역시_부산가톨릭대학교(제1캠퍼스)_유통마케팅학과, 충청남도_남서울대학교(제1캠퍼스)_유통마케팅학과, 전북특별자치도_우석대학교(제1캠퍼스)_유통통상학부","일반 선택: 화법과 언어, 독서와 작문, 문학, 대수, 미적분I, 확률과 통계, 영어I, 영어II, 영어 독해와 작문, 세계시민과 지리, 세계사, 사회와 문화, 정보, 제2외국어 과목 등 | 진로 선택: 미적분II, 기하, 경제 수학, 영어 발표와 토론, 법과 사회, 경제, 윤리와 사상, 국제 관계의 이해, 인공지능 기초, 데이터 과학 등 | 융합 선택: 실용 통계, 수학과제 탐구, 실생활 영어 회화, 세계 문화와 영어, 사회문제 탐구, 금융과 경제생활, 제2외국어 문화 과목 등","공통과목: 수학, 영어, 사회, 기술ㆍ가정, 생활ㆍ교양 | 일반선택과목: 수학교과 : 수학I, Ⅱ, 미적분, 확률과 통계 | 진로선택과목: 실용 수학, 경제 수학, 수학 과제 탐구, 실용 영어, 진로 영어, 사회문제 탐구, 지식 재산 일반, 제2외국어Ⅱ 과목 | 전문교과Ⅰ: 심화 수학I, 정보과학, 국제 경제, 국제법, 지역 이해, 세계 문제와 미래 사회, 국제 관계와 국제기구, 사회 탐구 방법 및 사회과제 연구 | 전문교과Ⅱ: 상업경제, 유통 일반, 국제 상무, 비즈니스 영어, 커뮤니케이션, 무역 금융 업무, 전자 상거래 일반, 수출입 관리, 원산지 관리","경영지도사, 관세사, 물류관리사, 유통관리사",관세사
21009,물류학과,"서울특별시_명지대학교 인문캠퍼스(제2캠퍼스)_물류유통경영학과, 서울특별시_서경대학교(제1캠퍼스)_물류유통경영학과, 서울특별시_중앙대학교(제1캠퍼스)_국제물류학과, 서울특별시_한양사이버대학교(제1캠퍼스)_생산물류유통학과, 부산광역시_경성대학교(제1캠퍼스)_물류학전공, 부산광역시_동명대학교(제1캠퍼스)_국제물류전공, 부산광역시_동서대학교(제1캠퍼스)_물류유통학전공, 부산광역시_동서대학교(제1캠퍼스)_국제물류학과, 부산광역시_동서대학교(제1캠퍼스)_국제물류학전공, 부산광역시_동의대학교(제1캠퍼스)_스마트항만물류학과, 부산광역시_동의대학교(제1캠퍼스)_유통물류학전공, 인천광역시_인천대학교(제1캠퍼스)_스마트물류공학전공, 인천광역시_인하대학교(제1캠퍼스)_아태물류학부, 대전광역시_대전대학교(제1캠퍼스)_물류통상학과, 경기도_성결대학교(제1캠퍼스)_동아시아물류학부, 경기도_성결대학교(제1캠퍼스)_글로벌물류학과, 경기도_성결대학교(제1캠퍼스)_글로벌물류학부, 경기도_중앙대학교(제2캠퍼스)_국제물류학과, 경기도_평택대학교(제1캠퍼스)_국제물류학과, 경기도_한국항공대학교(제1캠퍼스)_물류전공, 충청북도_건국대학교 글로컬캠퍼스(제1캠퍼스)_관세물류전공, 충청북도_세명대학교(제1캠퍼스)_글로벌물류학과, 충청남도_세한대학교(제2캠퍼스)_정보물류학과, 전북특별자치도_국립군산대학교(제1캠퍼스)_글로벌비즈니스학부(국제물류학전공), 전북특별자치도_국립군산대학교(제1캠퍼스)_국제물류학과, 전라남도_국립순천대학교(제1캠퍼스)_물류학과, 전라남도_국립순천대학교(제1캠퍼스)_물류학전공, 전라남도_전남대학교(제2캠퍼스)_물류교통학과, 전라남도_전남대학교(제2캠퍼스)_물류통상학부, 경상북도_경운대학교(제1캠퍼스)_물류유통전공, 경상북도_대구한의대학교(제1캠퍼스)_물류통상전공, 경상남도_가야대학교(제1캠퍼스)_경영물류학과, 경상남도_경상국립대학교(제1캠퍼스)_스마트유통물류학과","일반 선택: 화법과 언어, 독서와 작문, 문학, 대수, 미적분I, 확률과 통계, 영어I, 영어II, 영어 독해와 작문, 세계시민과 지리, 세계사, 사회와 문화, 정보, 제2외국어 과목 등 | 진로 선택: 미적분II, 기하, 경제 수학, 영어 발표와 토론, 법과 사회, 경제, 윤리와 사상, 국제 관계의 이해, 인공지능 기초, 데이터 과학 등 | 융합 선택: 실용 통계, 수학과제 탐구, 실생활 영어 회화, 세계 문화와 영어, 사회문제 탐구, 금융과 경제생활, 제2외국어 문화 과목 등","공통과목: 수학, 영어, 사회, 기술ㆍ가정, 생활ㆍ교양 | 일반선택과목: 수학교과 : 수학I, Ⅱ, 미적분, 확률과 통계 | 진로선택과목: 실용 수학, 경제 수학, 수학 과제 탐구, 실용 영어, 진로 영어, 사회문제 탐구, 지식 재산 일반, 제2외국어Ⅱ 과목 | 전문교과Ⅰ: 심화 수학I, 정보과학, 국제 경제, 국제법, 지역 이해, 세계 문제와 미래 사회, 국제 관계와 국제기구, 사회 탐구 방법 및 사회과제 연구 | 전문교과Ⅱ: 상업경제, 유통 일반, 국제 상무, 비즈니스 영어, 커뮤니케이션, 무역 금융 업무, 전자 상거래 일반, 수출입 관리, 원산지 관리","국제공인생산재고관리사(CPIM), 물류관리사, 유통관리사, 판매관리사",상품중개인
72,무역학과,"서울특별시_건국대학교(제1캠퍼스)_국제무역학과, 서울특별시_경희대학교(제1캠퍼스)_무역학과, 서울특별시_동국대학교(제1캠퍼스)_글로벌무역학과, 서울특별시_서울사이버대학교(제1캠퍼스)_글로벌무역물류학과, 서울특별시_숭실대학교(제1캠퍼스)_국제무역학과, 서울특별시_한국방송통신대학교(제1캠퍼스)_무역학과, 서울특별시_한성대학교(제1캠퍼스)_무역학과, 부산광역시_국립부경대학교(제1캠퍼스)_국제무역물류학전공, 부산광역시_국립한국해양대학교(제1캠퍼스)_국제무역경제학부, 부산광역시_동명대학교(제1캠퍼스)_글로벌무역통상전공, 부산광역시_동아대학교(제2캠퍼스)_국제무역학과, 부산광역시_동의대학교(제1캠퍼스)_무역학전공, 부산광역시_동의대학교(제1캠퍼스)_무역학과, 부산광역시_부산대학교(제1캠퍼스)_무역학부, 부산광역시_부산외국어대학교(제1캠퍼스)_국제무역ㆍ경제금융학부(국제무역전공), 부산광역시_부산외국어대학교(제1캠퍼스)_국제무역전공, 부산광역시_부산외국어대학교(제1캠퍼스)_국제무역ㆍ마케팅학부(국제무역전공), 부산광역시_부산외국어대학교(제1캠퍼스)_국제무역ㆍ마케팅학부(국제마케팅전공), 부산광역시_부산외국어대학교(제1캠퍼스)_국제무역학과, 부산광역시_신라대학교(제1캠퍼스)_무역물류학전공, 부산광역시_신라대학교(제1캠퍼스)_무역물류학과, 부산광역시_신라대학교(제1캠퍼스)_무역학과, 부산광역시_영산대학교(제2캠퍼스)_국제무역학과, 인천광역시_인천대학교(제1캠퍼스)_글로벌무역물류학과, 인천광역시_인천대학교(제1캠퍼스)_무역학부, 인천광역시_청운대학교(제2캠퍼스)_글로벌무역물류학과, 인천광역시_청운대학교(제2캠퍼스)_무역물류학과, 인천광역시_청운대학교(제2캠퍼스)_무역학과, 대전광역시_배재대학교(제1캠퍼스)_무역물류경영학과, 대전광역시_배재대학교(제1캠퍼스)_중국통상학과, 대전광역시_배재대학교(제1캠퍼스)_무역물류학과, 대전광역시_충남대학교(제1캠퍼스)_무역학과, 대전광역시_한남대학교(제1캠퍼스)_무역학과, 대전광역시_한남대학교(제1캠퍼스)_무역물류학과, 광주광역시_광주대학교(제1캠퍼스)_물류무역학과, 광주광역시_광주대학교(제1캠퍼스)_국제물류무역학과, 광주광역시_광주대학교(제1캠퍼스)_무역유통학과, 광주광역시_조선대학교(제1캠퍼스)_무역학과, 경기도_경기대학교(제1캠퍼스)_무역학과, 경기도_단국대학교(제1캠퍼스)_무역학과, 경기도_신한대학교(제2캠퍼스)_글로벌무역학과, 경기도_평택대학교(제1캠퍼스)_무역물류학과, 강원특별자치도_가톨릭관동대학교(제1캠퍼스)_무역학과, 강원특별자치도_강원대학교(제1캠퍼스)_무역학전공, 강원특별자치도_강원대학교(제1캠퍼스)_무역학과, 강원특별자치도_강원대학교(제1캠퍼스)_국제무역학전공, 강원특별자치도_강원대학교(제1캠퍼스)_국제무역학과, 강원특별자치도_국립강릉원주대학교(제1캠퍼스)_무역학과, 강원특별자치도_상지대학교(제1캠퍼스)_무역학과, 강원특별자치도_상지대학교(제1캠퍼스)_비즈니스융합학부 무역ㆍ물류전공, 강원특별자치도_한라대학교(제1캠퍼스)_무역물류학과, 충청북도_국립한국교통대학교(제1캠퍼스)_국제무역학과, 충청북도_서원대학교(제1캠퍼스)_무역학전공, 충청북도_세명대학교(제1캠퍼스)_무역경영학과, 충청북도_청주대학교(제1캠퍼스)_무역학과, 충청북도_청주대학교(제1캠퍼스)_무역학전공, 충청남도_남서울대학교(제1캠퍼스)_글로벌무역학과, 전북특별자치도_국립군산대학교(제1캠퍼스)_무역학과, 전북특별자치도_원광대학교(제1캠퍼스)_무역학과, 전북특별자치도_전북대학교(제1캠퍼스)_무역학과, 전북특별자치도_전주대학교(제1캠퍼스)_물류ㆍ무역전공, 전북특별자치도_전주대학교(제1캠퍼스)_물류무역학과, 전라남도_국립목포대학교(제1캠퍼스)_무역학, 전라남도_국립목포대학교(제1캠퍼스)_무역학과, 전라남도_국립목포대학교(제1캠퍼스)_경제무역학부, 전라남도_국립순천대학교(제1캠퍼스)_무역학전공, 전라남도_국립순천대학교(제1캠퍼스)_경제무역학부(무역학전공), 전라남도_국립순천대학교(제1캠퍼스)_경제무역학부, 경상북도_국립경국대학교(제1캠퍼스)_경제무역학부, 경상북도_국립경국대학교(제1캠퍼스)_무역학과, 경상북도_국립경국대학교(제1캠퍼스)_무역학전공, 경상북도_대구가톨릭대학교(제1캠퍼스)_무역학과, 경상북도_대구대학교(제1캠퍼스)_무역학과, 경상북도_영남대학교(제1캠퍼스)_무역학전공, 경상북도_영남대학교(제1캠퍼스)_무역학부, 경상남도_경남대학교(제1캠퍼스)_무역물류학과, 경상남도_국립창원대학교(제1캠퍼스)_국제무역학과, 제주특별자치도_제주대학교(제1캠퍼스)_무역학과","일반 선택: 화법과 언어, 독서와 작문, 문학, 대수, 미적분I, 확률과 통계, 영어I, 영어II, 영어 독해와 작문, 세계시민과 지리, 세계사, 사회와 문화, 정보, 제2외국어 과목 등 | 진로 선택: 미적분II, 기하, 경제 수학, 영어 발표와 토론, 법과 사회, 경제, 윤리와 사상, 국제 관계의 이해, 인공지능 기초, 데이터 과학 등 | 융합 선택: 실용 통계, 수학과제 탐구, 실생활 영어 회화, 세계 문화와 영어, 사회문제 탐구, 금융과 경제생활, 제2외국어 문화 과목 등","공통과목: 수학, 영어, 사회, 기술ㆍ가정, 생활ㆍ교양 | 일반선택과목: 수학교과 : 수학I, Ⅱ, 미적분, 확률과 통계 | 진로선택과목: 실용 수학, 경제 수학, 수학 과제 탐구, 실용 영어, 진로 영어, 사회문제 탐구, 지식 재산 일반, 제2외국어Ⅱ 과목 | 전문교과Ⅰ: 심화 수학I, 정보과학, 국제 경제, 국제법, 지역 이해, 세계 문제와 미래 사회, 국제 관계와 국제기구, 사회 탐구 방법 및 사회과제 연구 | 전문교과Ⅱ: 상업경제, 유통 일반, 국제 상무, 비즈니스 영어, 커뮤니케이션, 무역 금융 업무, 전자 상거래 일반, 수출입 관리, 원산지 관리","경매사, 경영지도사, 관세사, 무역영어, 물류관리사, 보세사, 사회조사분석사, 유통관리사, 전자상거래관리사, 전자상거래운용사",관세사
662,회계학과,"서울특별시_강서대학교(제1캠퍼스)_경영학부(세무회계학전공), 서울특별시_경희대학교(제1캠퍼스)_회계ㆍ세무학과, 서울특별시_국민대학교(제1캠퍼스)_회계학전공, 서울특별시_국민대학교(제1캠퍼스)_회계세무학과, 서울특별시_덕성여자대학교(제1캠퍼스)_회계학전공, 서울특별시_덕성여자대학교(제1캠퍼스)_회계학과, 서울특별시_동국대학교(제1캠퍼스)_회계학과, 서울특별시_동국대학교(제1캠퍼스)_회계학전공, 서울특별시_동덕여자대학교(제1캠퍼스)_금융회계학부, 서울특별시_명지대학교 인문캠퍼스(제2캠퍼스)_회계세무학과, 서울특별시_숭실대학교(제1캠퍼스)_회계학과, 서울특별시_숭실대학교(제1캠퍼스)_회계세무학과, 서울특별시_한국방송통신대학교(제1캠퍼스)_융합경영학부 회계금융전공, 서울특별시_한양사이버대학교(제1캠퍼스)_재무ㆍ회계ㆍ세무학과, 부산광역시_경성대학교(제1캠퍼스)_회계학과, 부산광역시_국립부경대학교(제1캠퍼스)_회계재무학전공, 부산광역시_동명대학교(제1캠퍼스)_글로벌금융ㆍ회계전공, 부산광역시_동서대학교(제1캠퍼스)_회계정보학전공, 부산광역시_동서대학교(제1캠퍼스)_회계세무학전공, 부산광역시_동의대학교(제1캠퍼스)_회계학과, 부산광역시_동의대학교(제1캠퍼스)_회계학전공, 부산광역시_부산외국어대학교(제1캠퍼스)_회계전공, 부산광역시_부산외국어대학교(제1캠퍼스)_경영학부(회계전공), 부산광역시_신라대학교(제1캠퍼스)_회계세무학과, 대전광역시_국립한밭대학교(제1캠퍼스)_회계세무학과, 대전광역시_국립한밭대학교(제1캠퍼스)_경영회계학과, 대전광역시_국립한밭대학교(제1캠퍼스)_회계학과, 대전광역시_대전대학교(제1캠퍼스)_회계학전공, 대전광역시_대전대학교(제1캠퍼스)_회계학과, 대전광역시_배재대학교(제1캠퍼스)_보건의료복지학과(인문사회계열), 대전광역시_한남대학교(제1캠퍼스)_회계학과, 대구광역시_경북대학교(제1캠퍼스)_경영학부 회계학전공, 대구광역시_계명대학교(제1캠퍼스)_회계세무학과, 대구광역시_계명대학교(제1캠퍼스)_회계학과, 울산광역시_울산대학교(제1캠퍼스)_회계학전공, 광주광역시_광주대학교(제1캠퍼스)_회계세무학과, 경기도_가천대학교(제1캠퍼스)_회계세무학전공, 경기도_가천대학교(제1캠퍼스)_회계세무학과, 경기도_가톨릭대학교(제1캠퍼스)_회계학전공, 경기도_가톨릭대학교(제1캠퍼스)_회계학과, 경기도_강남대학교(제1캠퍼스)_법행정세무학부, 경기도_경기대학교(제1캠퍼스)_회계세무ㆍ경영정보학부, 경기도_경기대학교(제1캠퍼스)_회계세무학전공, 경기도_단국대학교(제1캠퍼스)_경영학부 회계학전공, 경기도_수원대학교(제1캠퍼스)_회계, 경기도_을지대학교(제2캠퍼스)_인문사회계열학부, 경기도_한양대학교 ERICA캠퍼스(제1캠퍼스)_회계세무학과, 경기도_한양대학교 ERICA캠퍼스(제1캠퍼스)_LIONS자율전공학부(인문사회계열), 강원특별자치도_강원대학교(제1캠퍼스)_회계학과, 강원특별자치도_강원대학교(제1캠퍼스)_회계학전공, 강원특별자치도_국립강릉원주대학교(제1캠퍼스)_회계학과, 강원특별자치도_상지대학교(제1캠퍼스)_회계학과, 강원특별자치도_상지대학교(제1캠퍼스)_비즈니스융합학부 기업회계전공, 충청북도_서원대학교(제1캠퍼스)_회계학전공, 충청북도_세명대학교(제1캠퍼스)_회계세무학과, 충청북도_청주대학교(제1캠퍼스)_회계학과, 충청북도_청주대학교(제1캠퍼스)_회계학전공, 충청남도_단국대학교(제2캠퍼스)_인문사회계열광역, 충청남도_순천향대학교(제1캠퍼스)_회계학과, 전북특별자치도_국립군산대학교(제1캠퍼스)_회계학부(회계학전공), 전북특별자치도_국립군산대학교(제1캠퍼스)_글로벌비즈니스학부(회계학전공), 전북특별자치도_국립군산대학교(제1캠퍼스)_회계학부, 전북특별자치도_국립군산대학교(제1캠퍼스)_회계학과, 전북특별자치도_원광대학교(제1캠퍼스)_회계세무학과, 전북특별자치도_전북대학교(제1캠퍼스)_경영학부 회계학전공, 전북특별자치도_전북대학교(제1캠퍼스)_회계학과, 전북특별자치도_전주대학교(제1캠퍼스)_회계세무전공, 전북특별자치도_전주대학교(제1캠퍼스)_회계세무학과, 전라남도_국립목포대학교(제1캠퍼스)_회계세무학과, 전라남도_국립순천대학교(제1캠퍼스)_회계학과, 전라남도_국립순천대학교(제1캠퍼스)_회계학전공, 전라남도_국립순천대학교(제1캠퍼스)_경제회계학부, 경상북도_국립경국대학교(제1캠퍼스)_회계세무전공, 경상북도_국립경국대학교(제1캠퍼스)_경영학전공(경영회계학부), 경상북도_국립경국대학교(제1캠퍼스)_회계세무학전공, 경상북도_대구가톨릭대학교(제1캠퍼스)_회계세무전공, 경상북도_대구가톨릭대학교(제1캠퍼스)_회계세무학과, 경상북도_대구대학교(제1캠퍼스)_경영학부(회계학전공), 경상북도_동국대학교 WISE캠퍼스(제1캠퍼스)_회계세무학전공, 경상북도_동국대학교 WISE캠퍼스(제1캠퍼스)_회계세무학과, 경상북도_동국대학교 WISE캠퍼스(제1캠퍼스)_회계학전공, 경상북도_영남대학교(제1캠퍼스)_회계세무학과, 경상남도_경남대학교(제1캠퍼스)_회계학전공, 경상남도_경상국립대학교(제1캠퍼스)_회계학과, 경상남도_경상국립대학교(제1캠퍼스)_회계학전공, 경상남도_경상국립대학교(제1캠퍼스)_회계세무학부, 경상남도_국립창원대학교(제1캠퍼스)_회계학과, 제주특별자치도_제주대학교(제1캠퍼스)_회계학과, 세종특별자치시_홍익대학교 세종캠퍼스(제2캠퍼스)_상경학부 회계학전공","일반 선택: 화법과 언어, 독서와 작문, 문학, 대수, 미적분I, 확률과 통계, 영어I, 영어II, 영어 독해와 작문, 세계시민과 지리, 세계사, 사회와 문화, 정보, 제2외국어 과목 등 | 진로 선택: 미적분II, 기하, 경제 수학, 영어 발표와 토론, 법과 사회, 경제, 윤리와 사상, 국제 관계의 이해, 인공지능 기초, 데이터 과학 등 | 융합 선택: 실용 통계, 수학과제 탐구, 실생활 영어 회화, 세계 문화와 영어, 사회문제 탐구, 금융과 경제생활, 제2외국어 문화 과목 등","공통과목: 수학, 사회, 기술ㆍ가정, 생활ㆍ교양 | 일반선택과목: 수학교과 : 수학I, Ⅱ, 미적분, 확률과 통계 | 진로선택과목: 실용 수학, 기하, 경제 수학, 수학 과제 탐구, 사회문제 탐구 | 전문교과Ⅰ: 심화 수학I, 정보과학, 국제 경제, 국제법, 지역 이해, 세계 문제와 미래 사회, 국제 관계와 국제기구, 사회 탐구 방법 및 사회과제 연구 | 전문교과Ⅱ: 회계 원리, 세무 일반, 금융 일반, 보험 일반, 예산ㆍ자금, 무역 금융 업무","공인회계사, 국제금융역(CIFS), 보험계리사, 보험중개사, 세무사, 세무회계, 손해사정사, 신용관리사, 신용분석사, 신용위험분석사(CRA), 여신심사역, 외환전문역, 자산관리사(FP), 재경관리사, 전산세무회계, 전산회계운용사, 회계관리",손해사정사
286,세무학과,"서울특별시_서울시립대학교(제1캠퍼스)_세무학과, 대구광역시_계명대학교(제1캠퍼스)_세무학과, 광주광역시_광주대학교(제1캠퍼스)_세무경영학과, 광주광역시_송원대학교(제1캠퍼스)_금융세무경영학과, 경기도_강남대학교(제1캠퍼스)_경제세무학과, 경기도_협성대학교(제1캠퍼스)_금융ㆍ세무학과, 충청남도_건양대학교(제1캠퍼스)_금융세무학부, 충청남도_건양대학교(제1캠퍼스)_세무학과, 충청남도_남서울대학교(제1캠퍼스)_세무학과, 경상북도_대구한의대학교(제1캠퍼스)_세무금융전공, 경상남도_경상국립대학교(제1캠퍼스)_세무학전공, 경상남도_국립창원대학교(제1캠퍼스)_세무학과","일반 선택: 화법과 언어, 독서와 작문, 문학, 대수, 미적분I, 확률과 통계, 영어I, 영어II, 영어 독해와 작문, 세계시민과 지리, 세계사, 사회와 문화, 정보, 제2외국어 과목 등 | 진로 선택: 미적분II, 기하, 경제 수학, 영어 발표와 토론, 법과 사회, 경제, 윤리와 사상, 국제 관계의 이해, 인공지능 기초, 데이터 과학 등 | 융합 선택: 실용 통계, 수학과제 탐구, 실생활 영어 회화, 세계 문화와 영어, 사회문제 탐구, 금융과 경제생활, 제2외국어 문화 과목 등","공통과목: 수학, 사회, 기술ㆍ가정, 생활ㆍ교양 | 일반선택과목: 수학교과 : 수학I, Ⅱ, 미적분, 확률과 통계 | 진로선택과목: 실용 수학, 기하, 경제 수학, 수학 과제 탐구, 사회문제 탐구 | 전문교과Ⅰ: 심화 수학I, 정보과학, 국제 경제, 국제법, 지역 이해, 세계 문제와 미래 사회, 국제 관계와 국제기구, 사회 탐구 방법 및 사회과제 연구 | 전문교과Ⅱ: 회계 원리, 세무 일반, 금융 일반, 보험 일반, 예산ㆍ자금, 무역 금융 업무","공인회계사, 국제금융역(CIFS), 보험계리사, 보험중개사, 세무사, 세무회계사, 손해사정사, 신용관리사, 신용분석사, 신용위험분석사(CRA), 여신심사역, 외환전문역, 자산관리사(FP), 재경관리사, 전산세무회계사, 전산회계운용사, 회계관리사",감정평가사
83,금융보험학과,"서울특별시_경희사이버대학교(제1캠퍼스)_자산관리학부, 서울특별시_경희사이버대학교(제1캠퍼스)_금융전공, 서울특별시_국민대학교(제1캠퍼스)_재무금융전공, 서울특별시_국민대학교(제1캠퍼스)_파이낸스보험경영학전공, 서울특별시_서울사이버대학교(제1캠퍼스)_금융보험학과, 서울특별시_숭실대학교(제1캠퍼스)_금융학부, 서울특별시_숭실사이버대학교(제1캠퍼스)_금융재테크학과, 부산광역시_국립부경대학교(제1캠퍼스)_디지털금융학과, 부산광역시_동서대학교(제1캠퍼스)_글로벌금융전공, 부산광역시_동서대학교(제1캠퍼스)_디지털금융학과, 부산광역시_동서대학교(제1캠퍼스)_금융선물보험학전공, 부산광역시_동아대학교(제2캠퍼스)_금융학과, 부산광역시_동의대학교(제1캠퍼스)_경제금융보험학과, 부산광역시_동의대학교(제1캠퍼스)_금융보험학전공, 부산광역시_동의대학교(제1캠퍼스)_금융경영학과, 부산광역시_동의대학교(제1캠퍼스)_금융보험학과, 부산광역시_부산외국어대학교(제1캠퍼스)_스마트자산경영학과, 인천광역시_연세대학교(제2캠퍼스)_계량위험관리전공, 인천광역시_인하대학교(제1캠퍼스)_금융투자학과, 인천광역시_인하대학교(제1캠퍼스)_글로벌금융학과, 대전광역시_국립한밭대학교(제1캠퍼스)_협동조합금융학과, 대전광역시_대전대학교(제1캠퍼스)_핀테크학과, 대전광역시_목원대학교(제1캠퍼스)_금융경제학과, 경기도_가톨릭대학교(제1캠퍼스)_IT파이낸스학과, 경기도_한신대학교(제1캠퍼스)_수리금융학, 경기도_한신대학교(제1캠퍼스)_금융공학, 경기도_한양대학교 ERICA캠퍼스(제1캠퍼스)_보험계리학과, 경기도_협성대학교(제1캠퍼스)_금융보험학과, 강원특별자치도_상지대학교(제1캠퍼스)_실버재테크학과, 강원특별자치도_한림대학교(제1캠퍼스)_금융재무학과, 충청북도_극동대학교(제1캠퍼스)_금융자산관리학과, 충청남도_건양대학교(제1캠퍼스)_금융학과, 충청남도_국립공주대학교(제1캠퍼스)_국제금융공학전공, 충청남도_순천향대학교(제1캠퍼스)_IT금융경영학과, 충청남도_순천향대학교(제1캠퍼스)_금융보험학과, 전북특별자치도_전주대학교(제1캠퍼스)_금융보험학과, 전북특별자치도_전주대학교(제1캠퍼스)_금융보험학전공, 전라남도_국립목포대학교(제1캠퍼스)_금융보험학과, 전라남도_국립목포대학교(제1캠퍼스)_금융보험학, 경상북도_경운대학교(제1캠퍼스)_투자경영전공, 경상북도_대구가톨릭대학교(제1캠퍼스)_기업금융전공, 경상북도_대구대학교(제1캠퍼스)_경제금융학부(금융보험전공), 세종특별자치시_홍익대학교 세종캠퍼스(제2캠퍼스)_상경학부 금융보험학전공","일반 선택: 화법과 언어, 독서와 작문, 문학, 대수, 미적분I, 확률과 통계, 영어I, 영어II, 영어 독해와 작문, 세계시민과 지리, 세계사, 사회와 문화, 정보, 제2외국어 과목 등 | 진로 선택: 미적분II, 기하, 경제 수학, 영어 발표와 토론, 법과 사회, 경제, 윤리와 사상, 국제 관계의 이해, 인공지능 기초, 데이터 과학 등 | 융합 선택: 실용 통계, 수학과제 탐구, 실생활 영어 회화, 세계 문화와 영어, 사회문제 탐구, 금융과 경제생활, 제2외국어 문화 과목 등","공통과목: 수학, 사회, 기술ㆍ가정, 생활ㆍ교양 | 일반선택과목: 수학교과 : 수학I, Ⅱ, 미적분, 확률과 통계 | 진로선택과목: 실용 수학, 기하, 경제 수학, 수학 과제 탐구, 사회문제 탐구 | 전문교과Ⅰ: 심화 수학I, 정보과학, 국제 경제, 국제법, 지역 이해, 세계 문제와 미래 사회, 국제 관계와 국제기구, 사회 탐구 방법 및 사회과제 연구 | 전문교과Ⅱ: 회계 원리, 세무 일반, 금융 일반, 보험 일반, 예산ㆍ자금, 무역 금융 업무","공인회계사, 국제금융역(CIFS), 보험계리사, 보험중개사, 세무사, 세무회계, 손해사정사, 신용관리사, 신용분석사, 신용위험분석사(CRA), 여신심사역, 외환전문역, 자산관리사(FP), 재경관리사, 전산세무회계, 전산회계운용사, 회계관리",감정평가사
666,e-비즈니스학과,"부산광역시_동의대학교(제1캠퍼스)_e비즈니스학전공, 부산광역시_동의대학교(제1캠퍼스)_e비즈니스학과, 대전광역시_배재대학교(제1캠퍼스)_TESOLㆍ비즈니스영어학과, 대전광역시_배재대학교(제1캠퍼스)_e-비즈니스학과, 경기도_아주대학교(제1캠퍼스)_e-비즈니스학과, 경기도_한세대학교(제1캠퍼스)_e-비즈니스학전공, 경상북도_대구가톨릭대학교(제1캠퍼스)_글로벌비즈니스대학(유형2), 경상남도_경남대학교(제1캠퍼스)_여가라이프비즈니스학과, 경상남도_영산대학교(제1캠퍼스)_K-비즈니스전공, 세종특별자치시_고려대학교 세종캠퍼스(제1캠퍼스)_스포츠비즈니스전공","일반 선택: 화법과 언어, 독서와 작문, 문학, 대수, 미적분I, 확률과 통계, 영어I, 영어II, 영어 독해와 작문, 세계시민과 지리, 세계사, 사회와 문화, 정보, 제2외국어 과목 등 | 진로 선택: 미적분II, 기하, 경제 수학, 영어 발표와 토론, 법과 사회, 경제, 윤리와 사상, 국제 관계의 이해, 인공지능 기초, 데이터 과학 등 | 융합 선택: 실용 통계, 수학과제 탐구, 실생활 영어 회화, 세계 문화와 영어, 사회문제 탐구, 금융과 경제생활, 제2외국어 문화 과목 등","공통과목: 수학, 사회, 기술ㆍ가정, 생활ㆍ교양 | 일반선택과목: 수학교과 : 수학I, Ⅱ, 미적분, 확률과 통계 | 진로선택과목: 실용 수학, 기하, 경제 수학, 수학 과제 탐구, 사회문제 탐구, 창의 경영, 지식 재산 일반 | 전문교과Ⅰ: 심화 수학I, 정보과학, 국제 경제, 세계 문제와 미래 사회, 사회 탐구 방법 및 사회과제 연구 | 전문교과Ⅱ: 기업과 경영, 회계 정보 처리 시스템, 금융 일반, 마케팅과 광고, 창업 일반, 커뮤니케이션, 유통 관리","웹디자인기능사, 전자상거래관리사, 정보처리기사",웹마스터
344,언론홍보학과,"서울특별시_서울대학교(제1캠퍼스)_언론정보학과, 서울특별시_숭실대학교(제1캠퍼스)_언론홍보학과, 서울특별시_이화여자대학교(제1캠퍼스)_언론정보학전공, 서울특별시_한국외국어대학교(제1캠퍼스)_언론ㆍ정보전공, 부산광역시_국립부경대학교(제1캠퍼스)_언론정보전공, 대전광역시_충남대학교(제1캠퍼스)_언론정보학과, 대구광역시_계명대학교(제1캠퍼스)_언론영상학과, 충청북도_극동대학교(제1캠퍼스)_언론홍보학과, 경상북도_영남대학교(제1캠퍼스)_언론정보학과, 제주특별자치도_제주대학교(제1캠퍼스)_언론홍보학과","일반 선택: 화법과 언어, 독서와 작문, 사회와 문화 등 | 진로 선택: 주제 탐구 독서, 정치, 법과 사회, 논리와 사고, 인문학과 윤리, 윤리와 사상 등 | 융합 선택: 역사로 탐구하는 현대 세계, 사회문제 탐구, 논술 등","공통과목: 국어, 사회, 생활ㆍ교양 | 일반선택과목: 국어교과 : 화법과 작문, 독서, 언어와 매체, 문학 | 진로선택과목: 실용 국어, 심화 국어, 고전 읽기, 사회문제 탐구 | 전문교과Ⅰ: 지역 이해, 세계 문제와 미래 사회, 현대 세계의 변화, 사회 탐구 방법 및 사회과제 연구 | 전문교과Ⅱ: 커뮤니케이션, 정보처리와 관리, 방송 일반, 빅데이터 분석","멀티미디어콘텐츠제작전문가, 무대예술전문인, 방송통신기사, 사회조사분석사",쇼핑호스트
54,광고홍보학과,"서울특별시_국민대학교(제1캠퍼스)_광고홍보학전공, 서울특별시_동국대학교(제1캠퍼스)_광고홍보학과, 서울특별시_서경대학교(제1캠퍼스)_광고홍보영상학과, 서울특별시_서경대학교(제1캠퍼스)_광고홍보콘텐츠학과, 서울특별시_세종사이버대학교(제1캠퍼스)_온라인마케팅학과, 서울특별시_세종사이버대학교(제1캠퍼스)_디지털마케팅학과, 서울특별시_숙명여자대학교(제1캠퍼스)_홍보광고학과, 서울특별시_연세대학교(제1캠퍼스)_언론홍보영상학부, 서울특별시_이화여자대학교(제1캠퍼스)_광고홍보학전공, 서울특별시_중앙대학교(제1캠퍼스)_광고홍보학과, 서울특별시_한국외국어대학교(제1캠퍼스)_광고.PR.브랜딩전공, 서울특별시_한양사이버대학교(제1캠퍼스)_광고영상창작학과, 서울특별시_한양사이버대학교(제1캠퍼스)_광고미디어학과, 부산광역시_경성대학교(제1캠퍼스)_광고홍보학과, 부산광역시_고신대학교(제1캠퍼스)_광고홍보학과, 부산광역시_고신대학교(제1캠퍼스)_디지털영상마케팅학과, 부산광역시_동명대학교(제1캠퍼스)_광고홍보학과, 부산광역시_동서대학교(제1캠퍼스)_광고홍보학과, 부산광역시_동의대학교(제1캠퍼스)_광고홍보학전공, 부산광역시_동의대학교(제1캠퍼스)_광고홍보학과, 부산광역시_신라대학교(제1캠퍼스)_광고홍보영상미디어학부, 부산광역시_신라대학교(제1캠퍼스)_광고홍보학과, 인천광역시_청운대학교(제2캠퍼스)_광고홍보학과, 대전광역시_건양사이버대학교(제1캠퍼스)_디지털마케팅학과, 대전광역시_대전대학교(제1캠퍼스)_산업ㆍ광고심리학과, 대전광역시_목원대학교(제1캠퍼스)_광고홍보언론학과, 대전광역시_목원대학교(제1캠퍼스)_광고홍보커뮤니케이션학부, 대전광역시_목원대학교(제1캠퍼스)_광고홍보커뮤니케이션학부 언론영상콘텐츠전공, 대전광역시_목원대학교(제1캠퍼스)_광고홍보언론학부, 대구광역시_계명대학교(제1캠퍼스)_광고홍보학과, 경기도_단국대학교(제1캠퍼스)_광고홍보전공, 경기도_평택대학교(제1캠퍼스)_광고홍보학과, 경기도_한세대학교(제1캠퍼스)_스마트콘텐츠마케팅학과, 경기도_한신대학교(제1캠퍼스)_미디어영상광고홍보학, 경기도_한신대학교(제1캠퍼스)_광고홍보전공, 경기도_한신대학교(제1캠퍼스)_미디어영상광고학부, 경기도_한신대학교(제1캠퍼스)_미디어영상광고홍보학부, 경기도_한신대학교(제1캠퍼스)_광고홍보학과, 경기도_한양대학교 ERICA캠퍼스(제1캠퍼스)_광고홍보학과, 강원특별자치도_가톨릭관동대학교(제1캠퍼스)_광고홍보학전공, 강원특별자치도_가톨릭관동대학교(제1캠퍼스)_광고홍보전공, 강원특별자치도_가톨릭관동대학교(제1캠퍼스)_광고홍보학과, 강원특별자치도_한림대학교(제1캠퍼스)_광고홍보학과, 충청북도_건국대학교 글로컬캠퍼스(제1캠퍼스)_광고홍보전공 트랙, 충청북도_서원대학교(제1캠퍼스)_광고홍보학과, 충청북도_세명대학교(제1캠퍼스)_광고홍보학과, 충청북도_우석대학교(제2캠퍼스)_광고홍보이벤트학과, 충청북도_청주대학교(제1캠퍼스)_광고홍보학과, 충청남도_남서울대학교(제1캠퍼스)_광고홍보학과, 전라남도_국립목포대학교(제1캠퍼스)_정치언론홍보학과, 경상북도_대구가톨릭대학교(제1캠퍼스)_미디어영상광고홍보학부, 경상북도_대구가톨릭대학교(제1캠퍼스)_언론광고학부, 경상북도_대구가톨릭대학교(제1캠퍼스)_광고홍보전공, 경상북도_대구대학교(제1캠퍼스)_미디어커뮤니케이션학부(광고PR전공), 경상남도_경남대학교(제1캠퍼스)_디지털마케팅학과, 경상남도_영산대학교(제1캠퍼스)_광고홍보학과, 세종특별자치시_홍익대학교 세종캠퍼스(제2캠퍼스)_광고홍보학부","일반 선택: 화법과 언어, 독서와 작문, 확률과 통계, 사회와 문화, 세계시민과 지리, 세계사, 현대사회와 윤리 등 | 진로 선택: 문학과 영상, 직무 영어, 경제, 동아시아 역사 기행, 법과 사회, 인간과 심리 등 | 융합 선택: 메체 의사소통, 사회문제 탐구, 여행지리, 윤리문제 탐구 등","공통과목: 국어, 사회, 생활ㆍ교양 | 일반선택과목: 국어교과 : 화법과 작문, 독서, 언어와 매체, 문학 | 진로선택과목: 실용 국어, 심화 국어, 고전 읽기, 여행지리, 사회문제 탐구 | 전문교과Ⅰ: 지역 이해, 세계 문제와 미래 사회, 현대 세계의 변화, 사회 탐구 방법 및 사회과제 연구 | 전문교과Ⅱ: 마케팅과 광고, 커뮤니케이션, 인간발달, 시각디자인, 광고 콘텐츠 제작, 빅데이터 분석","디지털정보활용능력(DIAT), 무대예술전문인, 사회조사분석사, 컴퓨터활용능력",광고기획자
46,관광경영학과,"서울특별시_경기대학교(제2캠퍼스)_관광경영학과, 서울특별시_경기대학교(제2캠퍼스)_관광개발경영학과, 서울특별시_경기대학교(제2캠퍼스)_관광문화학부, 서울특별시_경기대학교(제2캠퍼스)_관광학부, 서울특별시_경기대학교(제2캠퍼스)_관광이벤트학과, 서울특별시_경기대학교(제2캠퍼스)_관광개발학과, 서울특별시_경희대학교(제1캠퍼스)_글로벌Hospitalityㆍ관광학과, 서울특별시_경희대학교(제1캠퍼스)_관광학부, 서울특별시_경희대학교(제1캠퍼스)_관광ㆍ엔터테인먼트학부, 서울특별시_경희사이버대학교(제1캠퍼스)_관광레저경영전공, 서울특별시_숙명여자대학교(제1캠퍼스)_문화관광학전공, 서울특별시_숙명여자대학교(제1캠퍼스)_문화관광외식학부, 서울특별시_한국방송통신대학교(제1캠퍼스)_도시콘텐츠ㆍ관광학과, 서울특별시_한국방송통신대학교(제1캠퍼스)_관광학과, 서울특별시_한양대학교(제1캠퍼스)_관광학부, 부산광역시_경성대학교(제1캠퍼스)_글로벌Hospitality경영전공, 부산광역시_국립부경대학교(제1캠퍼스)_관광경영학전공, 부산광역시_동명대학교(제1캠퍼스)_글로벌관광학과, 부산광역시_동서대학교(제1캠퍼스)_관광경영학전공, 부산광역시_동서대학교(제1캠퍼스)_글로벌관광대학, 부산광역시_동서대학교(제2캠퍼스)_관광경영ㆍ컨벤션학과, 부산광역시_동서대학교(제2캠퍼스)_관광경영학전공, 부산광역시_동아대학교(제2캠퍼스)_관광경영학과, 부산광역시_동의대학교(제1캠퍼스)_국제관광경영학과, 부산광역시_동의대학교(제1캠퍼스)_관광경영학과, 부산광역시_부산대학교(제1캠퍼스)_관광컨벤션학과, 부산광역시_부산외국어대학교(제1캠퍼스)_국제문화관광전공, 부산광역시_부산외국어대학교(제1캠퍼스)_호텔ㆍ관광ㆍ컨벤션학부, 부산광역시_부산외국어대학교(제1캠퍼스)_호텔ㆍ관광학부(국제문화관광전공), 부산광역시_부산외국어대학교(제1캠퍼스)_호텔ㆍ관광학부(호텔ㆍ컨벤션전공), 부산광역시_신라대학교(제1캠퍼스)_국제관광학부, 부산광역시_신라대학교(제1캠퍼스)_관광경영학과, 부산광역시_신라대학교(제1캠퍼스)_국제관광전공, 인천광역시_안양대학교(제2캠퍼스)_관광학과, 인천광역시_안양대학교(제2캠퍼스)_관광경영학과, 대전광역시_배재대학교(제1캠퍼스)_관광경영학과, 대구광역시_계명대학교(제1캠퍼스)_관광경영학과, 광주광역시_호남대학교(제1캠퍼스)_관광경영학과, 경기도_가천대학교(제1캠퍼스)_관광경영학과, 경기도_경기대학교(제1캠퍼스)_관광개발학과, 경기도_경기대학교(제1캠퍼스)_관광이벤트학과, 경기도_서울신학대학교(제1캠퍼스)_관광경영학과, 경기도_성결대학교(제1캠퍼스)_관광학과, 경기도_성결대학교(제1캠퍼스)_관광개발학과, 경기도_수원대학교(제1캠퍼스)_관광경영, 경기도_안양대학교(제1캠퍼스)_관광경영학과, 경기도_용인대학교(제1캠퍼스)_문화관광학과, 경기도_용인대학교(제1캠퍼스)_관광경영학과, 경기도_한국외국어대학교(제2캠퍼스)_투어리즘 & 웰니스학부, 경기도_한국항공대학교(제1캠퍼스)_국제교류학부 서비스경영전공, 경기도_한세대학교(제1캠퍼스)_관광경영학과, 경기도_한세대학교(제1캠퍼스)_국제관광학과, 강원특별자치도_가톨릭관동대학교(제1캠퍼스)_중국문화관광학과, 강원특별자치도_가톨릭관동대학교(제1캠퍼스)_관광경영학과, 강원특별자치도_가톨릭관동대학교(제1캠퍼스)_관광경영학전공, 강원특별자치도_강원대학교(제2캠퍼스)_관광학과, 강원특별자치도_강원대학교(제2캠퍼스)_관광전공, 강원특별자치도_강원대학교(제1캠퍼스)_관광경영학전공, 강원특별자치도_강원대학교(제1캠퍼스)_관광경영학과, 강원특별자치도_경동대학교(제3캠퍼스)_웰니스경영학과, 강원특별자치도_경동대학교(제1캠퍼스)_관광경영학과, 강원특별자치도_국립강릉원주대학교(제1캠퍼스)_관광경영학과, 강원특별자치도_상지대학교(제1캠퍼스)_레저레크레이션학과, 강원특별자치도_상지대학교(제1캠퍼스)_융합관광기획학과, 강원특별자치도_상지대학교(제1캠퍼스)_관광경영학과, 강원특별자치도_한라대학교(제1캠퍼스)_관광경영학과, 충청북도_세명대학교(제1캠퍼스)_관광경영학과, 충청북도_세명대학교(제1캠퍼스)_관광외식경영학과, 충청북도_청주대학교(제1캠퍼스)_관광경영학과, 충청남도_건양대학교(제1캠퍼스)_글로벌관광학부, 충청남도_건양대학교(제1캠퍼스)_국제의료관광학과, 충청남도_건양대학교(제1캠퍼스)_글로벌호텔관광학과, 충청남도_국립공주대학교(제1캠퍼스)_관광경영학전공, 충청남도_국립공주대학교(제1캠퍼스)_관광경영학과, 충청남도_국립공주대학교(제1캠퍼스)_관광&영어통역융복합학과, 충청남도_남서울대학교(제1캠퍼스)_관광경영학과, 충청남도_백석대학교(제1캠퍼스)_관광학부, 충청남도_선문대학교(제1캠퍼스)_국제레저관광학과, 충청남도_선문대학교(제1캠퍼스)_글로벌관광학과, 충청남도_선문대학교(제1캠퍼스)_글로벌관광학부, 충청남도_순천향대학교(제1캠퍼스)_관광경영학과, 충청남도_중부대학교(제1캠퍼스)_관광경영학과, 충청남도_청운대학교(제1캠퍼스)_관광경영학과, 전북특별자치도_우석대학교(제1캠퍼스)_해양관광융합전공, 전북특별자치도_우석대학교(제1캠퍼스)_관광학과, 전북특별자치도_우석대학교(제1캠퍼스)_스마트관광학과, 전북특별자치도_원광디지털대학교(제1캠퍼스)_웰니스문화관광학과, 전북특별자치도_전주대학교(제1캠퍼스)_관광경영학과, 전북특별자치도_호원대학교(제1캠퍼스)_글로벌관광학과, 전라남도_국립목포대학교(제1캠퍼스)_관광학과, 전라남도_국립목포대학교(제1캠퍼스)_관광경영학과, 전라남도_동신대학교(제1캠퍼스)_관광경영학과, 경상북도_경북대학교(제3캠퍼스)_관광학과, 경상북도_국립경국대학교(제1캠퍼스)_문화관광학전공, 경상북도_국립경국대학교(제1캠퍼스)_문화관광학과, 경상북도_대구가톨릭대학교(제1캠퍼스)_관광경영학과, 경상북도_대구예술대학교(제1캠퍼스)_국제관광경영학과, 경상북도_대구한의대학교(제1캠퍼스)_글로벌관광전공, 경상북도_대구한의대학교(제1캠퍼스)_호텔관광학전공, 경상북도_신경주대학교(제1캠퍼스)_관광사업경영학과, 경상북도_신경주대학교(제1캠퍼스)_관광학부, 경상북도_신경주대학교(제1캠퍼스)_관광콘텐츠경영학과, 경상북도_신경주대학교(제1캠퍼스)_글로벌마이스관광학과, 경상북도_신경주대학교(제1캠퍼스)_관광경영학과, 경상남도_경남대학교(제1캠퍼스)_관광학부, 경상남도_영산대학교(제1캠퍼스)_관광컨벤션학과, 제주특별자치도_제주대학교(제1캠퍼스)_관광융복합학과, 제주특별자치도_제주대학교(제1캠퍼스)_관광경영학과, 제주특별자치도_제주대학교(제1캠퍼스)_관광개발학과","일반 선택: 화법과 언어, 독서와 작문, 문학, 대수, 미적분I, 확률과 통계, 영어I, 영어II, 영어 독해와 작문, 세계시민과 지리, 세계사, 사회와 문화, 정보, 제2외국어 과목 등 | 진로 선택: 경제 수학, 영어 발표와 토론, 법과 사회, 경제, 윤리와 사상, 국제 관계의 이해, 인공지능 기초, 데이터 과학 등 | 융합 선택: 실용 통계, 수학과제 탐구, 실생활 영어 회화, 세계 문화와 영어, 사회문제 탐구, 금융과 경제생활, 제2외국어 문화 과목 등","공통과목: 사회, 생활ㆍ교양 | 일반선택과목: 사회교과 : 한국지리, 세계지리, 사회ㆍ문화, 생활과 윤리 | 진로선택과목: 실용 수학, 여행지리, 사회문제 탐구 | 전문교과Ⅰ: 정보과학, 생태와 환경, 지역 이해, 비교 문화, 세계 문제와 미래 사회, 사회 탐구 방법 및 사회과제 연구 | 전문교과Ⅱ: 커뮤니케이션, 비즈니스 영어, 마케팅과 광고, 빅데이터 분석","관광통역안내사, 호텔경영사, 호텔서비스사",국제회의전문가
10157,호텔경영학과,"서울특별시_경기대학교(제2캠퍼스)_호텔경영학과, 서울특별시_경기대학교(제2캠퍼스)_호텔외식경영학부, 서울특별시_경희사이버대학교(제1캠퍼스)_호텔경영학과, 부산광역시_동서대학교(제2캠퍼스)_호텔경영학과, 부산광역시_동서대학교(제1캠퍼스)_호텔경영학전공, 부산광역시_동서대학교(제1캠퍼스)_호텔경영학과, 부산광역시_동의대학교(제1캠퍼스)_스마트호스피탈리티학과, 부산광역시_신라대학교(제1캠퍼스)_호텔ㆍ의료관광경영학부, 부산광역시_신라대학교(제1캠퍼스)_호텔ㆍ크루즈경영전공, 대전광역시_한남대학교(제1캠퍼스)_컨벤션호텔경영학과, 광주광역시_호남대학교(제1캠퍼스)_호텔컨벤션학과, 광주광역시_호남대학교(제1캠퍼스)_호텔경영학과, 경기도_수원대학교(제1캠퍼스)_호텔경영, 강원특별자치도_가톨릭관동대학교(제1캠퍼스)_호텔경영학과, 강원특별자치도_가톨릭관동대학교(제1캠퍼스)_호텔경영학전공, 강원특별자치도_경동대학교(제1캠퍼스)_호텔경영학과, 강원특별자치도_상지대학교(제1캠퍼스)_관광학부 호텔관광경영학전공, 충청북도_극동대학교(제1캠퍼스)_호텔경영학과, 충청북도_세명대학교(제1캠퍼스)_호텔경영학과, 충청북도_청주대학교(제1캠퍼스)_호텔경영학과, 충청북도_청주대학교(제1캠퍼스)_관광호텔경영학부, 충청남도_남서울대학교(제1캠퍼스)_호텔경영학과, 충청남도_백석대학교(제1캠퍼스)_관광학부 글로벌호텔비즈니스전공, 충청남도_중부대학교(제1캠퍼스)_호텔비즈니스전공, 충청남도_중부대학교(제1캠퍼스)_호텔경영학과, 충청남도_청운대학교(제1캠퍼스)_호텔경영학과, 충청남도_청운대학교(제1캠퍼스)_호텔관광경영학부(관광경영전공), 충청남도_한서대학교(제1캠퍼스)_호텔카지노관광학과, 전북특별자치도_전주대학교(제1캠퍼스)_호텔경영학과, 전라남도_동신대학교(제1캠퍼스)_호텔투어리즘전공, 전라남도_동신대학교(제1캠퍼스)_호텔경영학과, 경상북도_대구가톨릭대학교(제1캠퍼스)_호텔컨벤션학과, 경상북도_대구가톨릭대학교(제1캠퍼스)_호텔경영학과, 경상북도_대구대학교(제1캠퍼스)_호텔관광경영학부(관광경영전공), 경상북도_대구대학교(제1캠퍼스)_호텔관광경영학부(호텔관광전공), 경상북도_신경주대학교(제1캠퍼스)_호텔경영학과, 경상남도_영산대학교(제1캠퍼스)_호텔경영학과","일반 선택: 화법과 언어, 독서와 작문, 문학, 대수, 미적분I, 확률과 통계, 영어I, 영어II, 영어 독해와 작문, 세계시민과 지리, 세계사, 사회와 문화, 정보, 제2외국어 과목 등 | 진로 선택: 경제 수학, 영어 발표와 토론, 법과 사회, 경제, 윤리와 사상, 국제 관계의 이해, 인공지능 기초, 데이터 과학 등 | 융합 선택: 실용 통계, 수학과제 탐구, 실생활 영어 회화, 세계 문화와 영어, 사회문제 탐구, 금융과 경제생활, 제2외국어 문화 과목 등","공통과목: 사회, 생활ㆍ교양 | 일반선택과목: 사회교과 : 한국지리, 세계지리, 사회ㆍ문화, 생활과 윤리 | 진로선택과목: 실용 수학, 여행지리, 사회문제 탐구 | 전문교과Ⅰ: 정보과학, 생태와 환경, 지역 이해, 비교 문화, 세계 문제와 미래 사회, 사회 탐구 방법 및 사회과제 연구 | 전문교과Ⅱ: 커뮤니케이션, 비즈니스 영어, 마케팅과 광고, 빅데이터 분석","관광통역안내사, 국내여행안내사, 호텔경영사, 호텔관리사",여행안내원
247,산업경영학과,"서울특별시_강서대학교(제1캠퍼스)_산업경영학과, 인천광역시_인하대학교(제1캠퍼스)_산업경영학과, 경기도_단국대학교(제1캠퍼스)_산업경영학과, 충청남도_단국대학교(제2캠퍼스)_산업경영학과, 경상북도_영남대학교(제1캠퍼스)_산업경영학과, 경상남도_경상국립대학교(제1캠퍼스)_산업경영학과","일반 선택: 화법과 언어, 독서와 작문, 문학, 대수, 미적분I, 확률과 통계, 영어I, 영어II, 영어 독해와 작문, 세계시민과 지리, 세계사, 사회와 문화, 정보, 제2외국어 과목 등 | 진로 선택: 미적분II, 기하, 경제 수학, 영어 발표와 토론, 법과 사회, 경제, 윤리와 사상, 국제 관계의 이해, 인공지능 기초, 데이터 과학 등 | 융합 선택: 실용 통계, 수학과제 탐구, 실생활 영어 회화, 세계 문화와 영어, 사회문제 탐구, 금융과 경제생활, 제2외국어 문화 과목 등","공통과목: 수학, 사회, 기술ㆍ가정, 생활ㆍ교양 | 일반선택과목: 수학교과 : 수학I, Ⅱ, 미적분, 확률과 통계 | 진로선택과목: 실용 수학, 기하, 경제 수학, 수학 과제 탐구, 사회문제 탐구, 창의 경영, 지식 재산 일반 | 전문교과Ⅰ: 심화 수학I, 정보과학, 국제 경제, 세계 문제와 미래 사회, 사회 탐구 방법 및 사회과제 연구 | 전문교과Ⅱ: 기업과 경영, 회계 정보 처리 시스템, 금융 일반, 마케팅과 광고, 창업 일반, 커뮤니케이션, 유통 관리","6시그마전문가, 감정평가사, 경영지도사, 공인노무사, 공인회계사, 금융자산관리사, 물류관리사, 사회조사분석사, 산업안전기사, 생산재고관리사(CPIM), 선물거래상담사, 세무사, 인간공학기사, 자산관리사, 증권분석사, 증권투자상담사, 품질경영기사",감정평가사
304,스포츠마케팅학과,"서울특별시_서울사이버대학교(제1캠퍼스)_AI스마트팜학과, 대전광역시_배재대학교(제1캠퍼스)_스포츠마케팅전공, 대구광역시_계명대학교(제1캠퍼스)_스포츠마케팅학과, 경기도_경동대학교(제4캠퍼스)_스포츠마케팅학과, 강원특별자치도_강원대학교(제2캠퍼스)_스포츠미디어전공, 충청북도_우석대학교(제2캠퍼스)_스포츠마케팅학과, 경상북도_대구대학교(제1캠퍼스)_스포츠헬스케어학과, 경상남도_국립창원대학교(제1캠퍼스)_스마트헬스케어학과","일반 선택: 화법과 언어, 독서와 작문, 확률과 통계, 사회와 문화, 세계시민과 지리, 세계사, 현대사회와 윤리 등 | 진로 선택: 문학과 영상, 직무 영어, 경제, 동아시아 역사 기행, 법과 사회, 인간과 심리 등 | 융합 선택: 메체 의사소통, 사회문제 탐구, 여행지리, 윤리문제 탐구 등","공통과목: 수학, 사회, 기술ㆍ가정, 생활ㆍ교양, 스포츠 | 일반선택과목: 수학교과 : 수학I, Ⅱ, 미적분, 확률과 통계 | 진로선택과목: 실용 수학, 기하, 경제 수학, 수학 과제 탐구, 사회문제 탐구, 창의 경영, 지식 재산 일반 | 전문교과Ⅰ: 심화 수학I, 정보과학, 국제 경제, 세계 문제와 미래 사회, 사회 탐구 방법 및 사회과제 연구 | 전문교과Ⅱ: 기업과 경영, 회계 정보 처리 시스템, 금융 일반, 마케팅과 광고, 창업 일반, 커뮤니케이션, 유통 관리","AT, SMP, 경기지도자, 래프팅자격증, 레크리에이션지도자, 생활체육지도사, 수상원동기자격증, 스킨스쿠버자격증, 스포츠경영관리사, 스포츠에이전트(FIFA공인에이전트), 야구및농구, 유아체육지도자, 축구심판자격증",마케팅전문가
221,부동산학과,"서울특별시_건국대학교(제1캠퍼스)_부동산학과, 서울특별시_고려사이버대학교(제1캠퍼스)_부동산학과, 서울특별시_명지대학교 인문캠퍼스(제2캠퍼스)_부동산학과, 서울특별시_서울디지털대학교(제1캠퍼스)_부동산학과, 서울특별시_서울사이버대학교(제1캠퍼스)_부동산학과, 서울특별시_숭실사이버대학교(제1캠퍼스)_부동산학과, 서울특별시_중앙대학교(제1캠퍼스)_도시계획부동산학과, 서울특별시_한성대학교(제1캠퍼스)_부동산학과, 서울특별시_한양사이버대학교(제1캠퍼스)_부동산학과, 부산광역시_동의대학교(제1캠퍼스)_재무부동산학전공, 부산광역시_동의대학교(제1캠퍼스)_재무부동산학과, 부산광역시_신라대학교(제1캠퍼스)_금융부동산전공, 대전광역시_국립한밭대학교(제1캠퍼스)_회계세무부동산학과, 광주광역시_광주대학교(제1캠퍼스)_부동산학과, 광주광역시_광주대학교(제1캠퍼스)_도시ㆍ부동산학과, 광주광역시_광주대학교(제1캠퍼스)_도시계획부동산학과, 경기도_강남대학교(제1캠퍼스)_부동산건설학부, 경기도_국제사이버대학교(제1캠퍼스)_부동산학과, 경기도_단국대학교(제1캠퍼스)_도시계획부동산학부, 경기도_성결대학교(제1캠퍼스)_도시계획부동산학부, 경기도_평택대학교(제1캠퍼스)_도시계획부동산학과, 경기도_평택대학교(제1캠퍼스)_국제도시부동산학과, 강원특별자치도_강원대학교(제1캠퍼스)_부동산학과, 강원특별자치도_국립강릉원주대학교(제1캠퍼스)_도시계획ㆍ부동산학과, 강원특별자치도_상지대학교(제1캠퍼스)_도시계획부동산학과, 강원특별자치도_상지대학교(제1캠퍼스)_부동산학과, 충청북도_세명대학교(제1캠퍼스)_부동산학과, 충청북도_청주대학교(제1캠퍼스)_도시계획부동산학과, 충청남도_국립공주대학교(제3캠퍼스)_부동산학과, 충청남도_나사렛대학교(제1캠퍼스)_국제금융부동산학과, 충청남도_나사렛대학교(제1캠퍼스)_금융부동산학과, 충청남도_남서울대학교(제1캠퍼스)_부동산학과, 전북특별자치도_원광디지털대학교(제1캠퍼스)_부동산학과, 전북특별자치도_전주대학교(제1캠퍼스)_부동산학과, 경상북도_대구가톨릭대학교(제1캠퍼스)_부동산학과, 경상북도_동양대학교(제1캠퍼스)_도시ㆍ부동산학과, 경상남도_영산대학교(제1캠퍼스)_부동산학과","일반 선택: 화법과 언어, 독서와 작문, 문학, 대수, 미적분I, 확률과 통계, 영어I, 영어II, 영어 독해와 작문, 세계시민과 지리, 세계사, 사회와 문화, 정보, 제2외국어 과목 등 | 진로 선택: 미적분II, 기하, 경제 수학, 영어 발표와 토론, 법과 사회, 경제, 윤리와 사상, 국제 관계의 이해, 인공지능 기초, 데이터 과학 등 | 융합 선택: 실용 통계, 수학과제 탐구, 실생활 영어 회화, 세계 문화와 영어, 사회문제 탐구, 금융과 경제생활, 제2외국어 문화 과목 등","공통과목: 사회, 생활ㆍ교양 | 일반선택과목: 사회교과 : 한국지리, 세계지리, 경제, 생활과 윤리 | 진로선택과목: 실용 수학, 경제 수학, 여행지리, 사회문제 탐구 | 전문교과Ⅰ: 지역 이해, 세계 문제와 미래 사회, 현대 세계의 변화, 사회 탐구 방법 및 사회과제 연구 | 전문교과Ⅱ: 공간정보융합서비스, 빅데이터 분석, 인간과 환경, 환경 보전","감정평가사, 경매사, 공인중개사, 주택관리사",감정평가사
208,벤처창업학과,전북특별자치도_국립군산대학교(제1캠퍼스)_벤처창업학과,"일반 선택: 화법과 언어, 독서와 작문, 문학, 대수, 미적분I, 확률과 통계, 영어I, 영어II, 영어 독해와 작문, 세계시민과 지리, 세계사, 사회와 문화, 정보, 제2외국어 과목 등 | 진로 선택: 미적분II, 기하, 경제 수학, 영어 발표와 토론, 법과 사회, 경제, 윤리와 사상, 국제 관계의 이해, 인공지능 기초, 데이터 과학 등 | 융합 선택: 실용 통계, 수학과제 탐구, 실생활 영어 회화, 세계 문화와 영어, 사회문제 탐구, 금융과 경제생활, 제2외국어 문화 과목 등","공통과목: 수학, 사회, 기술ㆍ가정, 생활ㆍ교양 | 일반선택과목: 수학교과 : 수학I, Ⅱ, 미적분, 확률과 통계 | 진로선택과목: 실용 수학, 기하, 경제 수학, 수학 과제 탐구, 사회문제 탐구, 창의 경영, 지식 재산 일반 | 전문교과Ⅰ: 심화 수학I, 정보과학, 국제 경제, 세계 문제와 미래 사회, 사회 탐구 방법 및 사회과제 연구 | 전문교과Ⅱ: 기업과 경영, 회계 정보 처리 시스템, 금융 일반, 마케팅과 광고, 창업 일반, 커뮤니케이션, 유통 관리","경영지도사, 유통관리사",전자상거래전문가
10139,경영정보학과,"서울특별시_동국대학교(제1캠퍼스)_경영정보학과, 서울특별시_명지대학교 인문캠퍼스(제2캠퍼스)_경영정보학과, 서울특별시_삼육대학교(제1캠퍼스)_경영정보학과, 부산광역시_국립부경대학교(제1캠퍼스)_정보융합대학자유전공학부, 부산광역시_동명대학교(제1캠퍼스)_경영정보학전공, 부산광역시_동서대학교(제1캠퍼스)_경영정보학전공, 부산광역시_동아대학교(제2캠퍼스)_경영정보학과, 부산광역시_동의대학교(제1캠퍼스)_경영정보학전공, 부산광역시_동의대학교(제1캠퍼스)_경영정보학과, 부산광역시_부산가톨릭대학교(제1캠퍼스)_경영정보학과, 부산광역시_신라대학교(제1캠퍼스)_경영정보학전공, 대전광역시_충남대학교(제1캠퍼스)_소비자생활정보학과, 대전광역시_한남대학교(제1캠퍼스)_경영정보학과, 대구광역시_계명대학교(제1캠퍼스)_경영정보학과, 울산광역시_울산대학교(제1캠퍼스)_경영정보학전공, 경기도_용인대학교(제1캠퍼스)_경영정보학과, 경기도_한국외국어대학교(제2캠퍼스)_경영정보학과, 강원특별자치도_가톨릭관동대학교(제1캠퍼스)_경영정보학과, 강원특별자치도_상지대학교(제1캠퍼스)_경영정보학과, 충청북도_충북대학교(제1캠퍼스)_경영정보학과, 경상남도_경상국립대학교(제1캠퍼스)_경영정보학과, 제주특별자치도_제주대학교(제1캠퍼스)_경영정보학과, 세종특별자치시_고려대학교 세종캠퍼스(제1캠퍼스)_경영정보학과","일반 선택: 화법과 언어, 독서와 작문, 문학, 대수, 미적분I, 확률과 통계, 영어I, 영어II, 영어 독해와 작문, 세계시민과 지리, 세계사, 사회와 문화, 정보, 제2외국어 과목 등 | 진로 선택: 미적분II, 기하, 경제 수학, 영어 발표와 토론, 법과 사회, 경제, 윤리와 사상, 국제 관계의 이해, 인공지능 기초, 데이터 과학 등 | 융합 선택: 실용 통계, 수학과제 탐구, 실생활 영어 회화, 세계 문화와 영어, 사회문제 탐구, 금융과 경제생활, 제2외국어 문화 과목 등","공통과목: 영어, 사회, 생활ㆍ교양 | 일반선택과목: 영어교과 : 영어 회화, 영어I, 영어Ⅱ | 진로선택과목: 실용 수학, 실용 영어, 진로 영어, 사회문제 탐구, 창의 경영, 지식 재산 일반 | 전문교과Ⅰ: 정보과학, 국제 경제, 지역 이해, 세계 문제와 미래 사회, 사회 탐구 방법 및 사회과제 연구 | 전문교과Ⅱ: 기업과 경영, 커뮤니케이션, 정보통신, 빅데이터 분석","감정평가사, 경영지도사, 물류관리사, 보험계리사, 사무자동화산업기사, 유통관리사, 전산회계운용사, 전자상거래관리사, 증권투자상담사",IT컨설턴트
107,농업경제학과,"부산광역시_동아대학교(제1캠퍼스)_스마트그린자원학과, 부산광역시_화신사이버대학교(제1캠퍼스)_스마트팜농수산복지학과, 대전광역시_충남대학교(제1캠퍼스)_농업경제학과, 광주광역시_전남대학교(제1캠퍼스)_농업경제학과, 경기도_국제사이버대학교(제1캠퍼스)_웰빙귀농조경학과, 경기도_국제사이버대학교(제1캠퍼스)_웰빙귀농학과, 경기도_한경국립대학교(제1캠퍼스)_동물응용과학전공, 강원특별자치도_강원대학교(제1캠퍼스)_농업자원경제학과, 강원특별자치도_강원대학교(제1캠퍼스)_미래농업융합학부, 충청북도_유원대학교(제1캠퍼스)_스마트팜학과, 충청북도_충북대학교(제1캠퍼스)_농업경제학과, 충청남도_국립공주대학교(제3캠퍼스)_스마트팜공학과, 전북특별자치도_전북대학교(제1캠퍼스)_농업경제학과, 전라남도_국립순천대학교(제1캠퍼스)_농업경제학과, 전라남도_국립순천대학교(제1캠퍼스)_농업경제학전공","일반 선택: 화법과 언어, 독서와 작문, 문학, 대수, 미적분I, 확률과 통계, 영어I, 영어II, 영어 독해와 작문, 세계시민과 지리, 세계사, 사회와 문화, 정보, 제2외국어 과목 등 | 진로 선택: 미적분II, 기하, 경제 수학, 영어 발표와 토론, 법과 사회, 경제, 윤리와 사상, 국제 관계의 이해, 인공지능 기초, 데이터 과학 등 | 융합 선택: 실용 통계, 수학과제 탐구, 실생활 영어 회화, 세계 문화와 영어, 사회문제 탐구, 금융과 경제생활, 제2외국어 문화 과목 등","공통과목: 수학, 사회, 교양, 과학 | 일반선택과목: 수학교과 : 수학I, 수학II, 미적분, 확률과 통계 | 진로선택과목: 실용수학, 경제수학, 수학과제 탐구, 사회문제 탐구, 창의경영, 미적분, 농업생명과학, 생활과 창의성 | 전문교과Ⅰ: 사회탐구 방법, 사회과제 연구, 한국사회의 이해, 국제경제, 심화수학I, 심화수학II, 고급수학I, 고급수학II, 과학과제 연구, 정보과학 | 전문교과Ⅱ: 농업 경영, 농산물 유통 관리, 농업 기초 기술, 관광 농업, 농산 식품 가공","감정평가사, 경영지도사, 관세사, 물류관리사, 유통관리사, 회계사",경제학연구원
25,경제학과,"서울특별시_건국대학교(제1캠퍼스)_신산업융합학과, 서울특별시_건국대학교(제1캠퍼스)_경제학과, 서울특별시_경기대학교(제2캠퍼스)_경제학부, 서울특별시_경희대학교(제1캠퍼스)_경제학과, 서울특별시_고려대학교(제1캠퍼스)_경제학과, 서울특별시_국민대학교(제1캠퍼스)_경제학과, 서울특별시_동국대학교(제1캠퍼스)_경제통상학부 경제학전공, 서울특별시_동국대학교(제1캠퍼스)_경제학과, 서울특별시_동국대학교(제1캠퍼스)_경제학전공, 서울특별시_동덕여자대학교(제1캠퍼스)_경제학과, 서울특별시_명지대학교 인문캠퍼스(제2캠퍼스)_경제학전공, 서울특별시_명지대학교 인문캠퍼스(제2캠퍼스)_경제학과, 서울특별시_상명대학교(제1캠퍼스)_자유전공(경영경제계열), 서울특별시_상명대학교(제1캠퍼스)_경제금융학부, 서울특별시_서강대학교(제1캠퍼스)_경제학과, 서울특별시_서울대학교(제1캠퍼스)_농경제사회학부, 서울특별시_서울대학교(제1캠퍼스)_경제학부, 서울특별시_서울시립대학교(제1캠퍼스)_경제학부, 서울특별시_서울여자대학교(제1캠퍼스)_경제학과, 서울특별시_성공회대학교(제1캠퍼스)_경제학전공, 서울특별시_성균관대학교(제1캠퍼스)_경제학과, 서울특별시_성균관대학교(제1캠퍼스)_글로벌경제학과, 서울특별시_성균관대학교(제1캠퍼스)_경제대학, 서울특별시_성신여자대학교(제1캠퍼스)_경제학과, 서울특별시_세종대학교(제1캠퍼스)_경제통상학과, 서울특별시_세종대학교(제1캠퍼스)_경제학과, 서울특별시_숙명여자대학교(제1캠퍼스)_경제학부, 서울특별시_숙명여자대학교(제1캠퍼스)_소비자경제학과, 서울특별시_숭실대학교(제1캠퍼스)_경제학과, 서울특별시_숭실대학교(제1캠퍼스)_금융경제학과, 서울특별시_연세대학교(제1캠퍼스)_언더우드 경제학전공, 서울특별시_연세대학교(제1캠퍼스)_경제학전공, 서울특별시_연세대학교(제1캠퍼스)_경제학부, 서울특별시_이화여자대학교(제1캠퍼스)_경제학전공, 서울특별시_이화여자대학교(제1캠퍼스)_경제학과, 서울특별시_중앙대학교(제1캠퍼스)_경제학부, 서울특별시_한국방송통신대학교(제1캠퍼스)_경제학과, 서울특별시_한국외국어대학교(제1캠퍼스)_경제학부, 서울특별시_한국외국어대학교(제1캠퍼스)_경제학전공, 서울특별시_한성대학교(제1캠퍼스)_경제학과, 서울특별시_한양대학교(제1캠퍼스)_경제금융학부, 서울특별시_한양사이버대학교(제1캠퍼스)_경제금융자산관리학과, 서울특별시_홍익대학교(제1캠퍼스)_경제학부, 서울특별시_홍익대학교(제1캠퍼스)_경제학과, 서울특별시_홍익대학교(제1캠퍼스)_경제학부 경제학전공, 부산광역시_경성대학교(제1캠퍼스)_경제금융학전공, 부산광역시_경성대학교(제1캠퍼스)_경제금융물류학부, 부산광역시_국립부경대학교(제1캠퍼스)_경제학전공, 부산광역시_국립부경대학교(제1캠퍼스)_자원환경경제학전공, 부산광역시_국립부경대학교(제1캠퍼스)_경제학부, 부산광역시_국립부경대학교(제1캠퍼스)_경제학과, 부산광역시_국립한국해양대학교(제1캠퍼스)_해양경영경제학부(국제무역전공), 부산광역시_국립한국해양대학교(제1캠퍼스)_경제산업학부, 부산광역시_국립한국해양대학교(제1캠퍼스)_해양경영경제학부(경제전공), 부산광역시_동아대학교(제2캠퍼스)_경제학과, 부산광역시_동의대학교(제1캠퍼스)_경제학과, 부산광역시_동의대학교(제1캠퍼스)_경제학전공, 부산광역시_부산대학교(제1캠퍼스)_경제학부, 부산광역시_부산외국어대학교(제1캠퍼스)_경제금융전공, 부산광역시_부산외국어대학교(제1캠퍼스)_국제무역ㆍ경제금융학부(경제금융전공), 부산광역시_부산외국어대학교(제1캠퍼스)_경제금융학과, 부산광역시_신라대학교(제1캠퍼스)_글로벌경제학과, 부산광역시_신라대학교(제1캠퍼스)_무역경제학부 무역물류학전공, 부산광역시_신라대학교(제1캠퍼스)_무역경제학부 경제금융학전공, 인천광역시_인천대학교(제1캠퍼스)_경제학과, 인천광역시_인하대학교(제1캠퍼스)_경제통상학부, 인천광역시_인하대학교(제1캠퍼스)_경제학과, 대전광역시_국립한밭대학교(제1캠퍼스)_경제학과, 대전광역시_대전대학교(제1캠퍼스)_경제학전공, 대전광역시_충남대학교(제1캠퍼스)_경제학과, 대전광역시_한남대학교(제1캠퍼스)_중국경제통상학과, 대전광역시_한남대학교(제1캠퍼스)_경제학과, 대전광역시_한남대학교(제1캠퍼스)_경제학전공, 대전광역시_한남대학교(제1캠퍼스)_중국경제통상학전공, 대구광역시_경북대학교(제1캠퍼스)_경제통상학부, 대구광역시_계명대학교(제1캠퍼스)_경제금융학과, 울산광역시_울산대학교(제1캠퍼스)_경제학전공, 광주광역시_전남대학교(제1캠퍼스)_경제학부, 광주광역시_조선대학교(제1캠퍼스)_경제학과, 광주광역시_조선대학교(제1캠퍼스)_신산업융합학부, 경기도_가천대학교(제1캠퍼스)_경제학과, 경기도_가톨릭대학교(제1캠퍼스)_경제학과, 경기도_경기대학교(제1캠퍼스)_경제학부, 경기도_경기대학교(제1캠퍼스)_경제학전공, 경기도_단국대학교(제1캠퍼스)_경제학부, 경기도_단국대학교(제1캠퍼스)_경제학과, 경기도_대진대학교(제1캠퍼스)_글로벌경제학과, 경기도_수원대학교(제1캠퍼스)_경제금융, 경기도_수원대학교(제1캠퍼스)_경제학부, 경기도_아주대학교(제1캠퍼스)_경제학과, 경기도_중앙대학교(제2캠퍼스)_산업경제학과, 경기도_중앙대학교(제2캠퍼스)_경제학부, 경기도_한국외국어대학교(제2캠퍼스)_경제학과, 경기도_한국외국어대학교(제2캠퍼스)_국제금융학과, 경기도_한신대학교(제1캠퍼스)_경제학, 경기도_한신대학교(제1캠퍼스)_경제학과, 경기도_한신대학교(제1캠퍼스)_경제금융학, 경기도_한신대학교(제1캠퍼스)_국제경제학과, 경기도_한신대학교(제1캠퍼스)_국제경제학, 경기도_한양대학교 ERICA캠퍼스(제1캠퍼스)_경제학부, 강원특별자치도_가톨릭관동대학교(제1캠퍼스)_경제금융학과, 강원특별자치도_강원대학교(제2캠퍼스)_경제금융전공, 강원특별자치도_강원대학교(제2캠퍼스)_지역경제전공, 강원특별자치도_강원대학교(제1캠퍼스)_경제ㆍ정보통계학부, 강원특별자치도_강원대학교(제2캠퍼스)_행정경제학과군, 강원특별자치도_강원대학교(제1캠퍼스)_경제학전공, 강원특별자치도_강원대학교(제1캠퍼스)_농업자원경제학전공, 강원특별자치도_강원대학교(제2캠퍼스)_지역경제학과, 강원특별자치도_강원대학교(제1캠퍼스)_경제학과, 강원특별자치도_국립강릉원주대학교(제1캠퍼스)_경제학과, 강원특별자치도_상지대학교(제1캠퍼스)_경제학과, 강원특별자치도_상지대학교(제1캠퍼스)_사회적경제학과, 강원특별자치도_상지대학교(제1캠퍼스)_경영경제데이터산업학부 금융경제데이터분석전공, 강원특별자치도_연세대학교 미래캠퍼스(제1캠퍼스)_경제학전공, 강원특별자치도_한림대학교(제1캠퍼스)_경제학과, 충청북도_건국대학교 글로컬캠퍼스(제1캠퍼스)_경제학전공 트랙, 충청북도_건국대학교 글로컬캠퍼스(제1캠퍼스)_경제통상학과, 충청북도_건국대학교 글로컬캠퍼스(제1캠퍼스)_경제통상학전공, 충청북도_청주대학교(제1캠퍼스)_중국통상ㆍ경제학전공, 충청북도_청주대학교(제1캠퍼스)_글로벌경제통상학부, 충청북도_청주대학교(제1캠퍼스)_경제통상학과, 충청북도_청주대학교(제1캠퍼스)_경제학과, 충청북도_충북대학교(제1캠퍼스)_경제학과, 충청남도_건양대학교(제1캠퍼스)_금융ㆍ국제학과, 충청남도_국립공주대학교(제1캠퍼스)_경제학전공, 충청남도_국립공주대학교(제1캠퍼스)_경제통상학부, 충청남도_단국대학교(제2캠퍼스)_환경자원경제학과, 충청남도_단국대학교(제2캠퍼스)_경제학전공, 충청남도_상명대학교(제2캠퍼스)_글로벌금융경영학부, 충청남도_선문대학교(제1캠퍼스)_글로벌경제학과, 충청남도_순천향대학교(제1캠퍼스)_경제금융학과, 충청남도_청운대학교(제1캠퍼스)_사회적경제학과, 전북특별자치도_국립군산대학교(제1캠퍼스)_금융부동산경제학과, 전북특별자치도_국립군산대학교(제1캠퍼스)_글로벌비즈니스학부(경제학전공), 전북특별자치도_원광대학교(제1캠퍼스)_경제금융학과, 전북특별자치도_원광대학교(제1캠퍼스)_경제학부, 전북특별자치도_전북대학교(제1캠퍼스)_경제학부, 전북특별자치도_전북대학교(제1캠퍼스)_경제학부 경제학전공, 전북특별자치도_전북대학교(제1캠퍼스)_농경제유통학부(농업경제학), 전북특별자치도_전주대학교(제1캠퍼스)_경제학과, 전라남도_국립목포대학교(제1캠퍼스)_경제학과, 전라남도_국립목포대학교(제1캠퍼스)_경제학, 전라남도_국립순천대학교(제1캠퍼스)_경제무역학부(경제학전공), 전라남도_국립순천대학교(제1캠퍼스)_경제학전공, 경상북도_국립경국대학교(제1캠퍼스)_경제학전공, 경상북도_국립경국대학교(제1캠퍼스)_경제학과, 경상북도_대구가톨릭대학교(제1캠퍼스)_경제금융부동산학과, 경상북도_대구대학교(제1캠퍼스)_경제금융통상학과, 경상북도_대구대학교(제1캠퍼스)_경제금융학부(경제통상전공), 경상북도_대구한의대학교(제1캠퍼스)_통상경제학부, 경상북도_동국대학교 WISE캠퍼스(제1캠퍼스)_경제금융학전공, 경상북도_영남대학교(제1캠퍼스)_경제금융학부, 경상북도_영남대학교(제1캠퍼스)_경제금융전공, 경상남도_경남대학교(제1캠퍼스)_부동산경제금융학과, 경상남도_경상국립대학교(제1캠퍼스)_경제학과, 경상남도_경상국립대학교(제1캠퍼스)_경제학부, 제주특별자치도_제주대학교(제1캠퍼스)_경제학과, 제주특별자치도_제주대학교(제1캠퍼스)_산업응용경제학과, 세종특별자치시_고려대학교 세종캠퍼스(제1캠퍼스)_경제학과, 세종특별자치시_고려대학교 세종캠퍼스(제1캠퍼스)_경제정책학전공, 세종특별자치시_고려대학교 세종캠퍼스(제1캠퍼스)_경제통계학부","일반 선택: 화법과 언어, 독서와 작문, 문학, 대수, 미적분I, 확률과 통계, 영어I, 영어II, 영어 독해와 작문, 세계시민과 지리, 세계사, 사회와 문화, 정보, 제2외국어 과목 등 | 진로 선택: 미적분II, 기하, 경제 수학, 영어 발표와 토론, 법과 사회, 경제, 윤리와 사상, 국제 관계의 이해, 인공지능 기초, 데이터 과학 등 | 융합 선택: 실용 통계, 수학과제 탐구, 실생활 영어 회화, 세계 문화와 영어, 사회문제 탐구, 금융과 경제생활, 제2외국어 문화 과목 등","공통과목: 수학, 과학, 기술ㆍ가정, 생활ㆍ교양 | 일반선택과목: 수학교과 : 수학Ⅰ, Ⅱ, 미적분, 확률과 통계 | 진로선택과목: 실용 수학, 기하, 경제 수학, 수학 과제 탐구, 사회문제 탐구, 지식 재산 일반 | 전문교과Ⅰ: 심화 수학 Ⅰ,Ⅱ, 고급 수학 Ⅰ,Ⅱ, 정보과학, 국제 경제, 국제법, 세계 문제와 미래 사회, 사회 탐구 방법 및 사회과제 연구 | 전문교과Ⅱ: 상업 경제, 회계 정보 처리 시스템, 금융 일반, 마케팅과 광고, 창업 일반, 커뮤니케이션","감정평가사, 공인회계사, 관세사, 국제금융역(CIFS), 보험계리사, 보험중개사, 세무사, 신용관리사, 신용분석사, 신용위험분석사(CRA), 여신심사역, 외환전문역, 자산관리사(FP)",경제학연구원
361,영상콘텐츠과,"서울특별시_한국폴리텍 I 대학 서울정수캠퍼스(제1캠퍼스)_메타버스콘텐츠과, 서울특별시_한양여자대학교(제1캠퍼스)_영상콘텐츠과, 부산광역시_부산경상대학교(제1캠퍼스)_첨단미디어콘텐츠과, 부산광역시_부산경상대학교(제1캠퍼스)_미디어영상콘텐츠과, 부산광역시_부산경상대학교(제1캠퍼스)_ITㆍ콘텐츠과, 부산광역시_부산경상대학교(제1캠퍼스)_ITㆍ콘텐츠계열, 부산광역시_부산과학기술대학교(제1캠퍼스)_영상그래픽과, 대전광역시_대덕대학교(제1캠퍼스)_메타버스크리에이터과, 대전광역시_대전보건대학교(제1캠퍼스)_방송콘텐츠과, 대전광역시_대전보건대학교(제1캠퍼스)_방송문화콘텐츠과, 대전광역시_우송정보대학(제1캠퍼스)_디자인ㆍ영상콘텐츠학부, 대전광역시_한국폴리텍 IV 대학 대전캠퍼스(제1캠퍼스)_메타버스콘텐츠과, 대구광역시_영진전문대학교(제1캠퍼스)_콘텐츠디자인과, 울산광역시_울산과학대학교(제1캠퍼스)_영상콘텐츠디자인과, 광주광역시_동강대학교(제1캠퍼스)_미디어콘텐츠과, 경기도_경기과학기술대학교(제1캠퍼스)_영상콘텐츠과, 경기도_경민대학교(제1캠퍼스)_영상콘텐츠과, 경기도_경복대학교(제1캠퍼스)_영상미디어콘텐츠과, 경기도_국제대학교(제1캠퍼스)_문화예술콘텐츠학과, 경기도_국제대학교(제1캠퍼스)_메타버스크리에이터과, 경기도_동서울대학교(제1캠퍼스)_콘텐츠크리에이터과(예체능), 경기도_동서울대학교(제1캠퍼스)_디지털방송콘텐츠학과, 경기도_부천대학교(제1캠퍼스)_영상&게임콘텐츠과, 경기도_부천대학교(제1캠퍼스)_영상&게임콘텐츠학과, 경기도_서울예술대학교(제1캠퍼스)_첨단미디어융합콘텐츠과정, 경기도_서정대학교(제1캠퍼스)_게임영상컨텐츠학과, 경기도_수원여자대학교(제1캠퍼스)_융합콘텐츠과 VR콘텐츠전공, 경기도_수원여자대학교(제1캠퍼스)_방송콘텐츠과, 경기도_수원여자대학교(제1캠퍼스)_융합콘텐츠과 방송콘텐츠전공, 경기도_신안산대학교(제1캠퍼스)_영상콘텐츠과, 경기도_안산대학교(제1캠퍼스)_스마트콘텐츠과(예체능), 경기도_연성대학교(제1캠퍼스)_영상콘텐츠과 영상콘텐츠제작전공(3년제), 경기도_연성대학교(제1캠퍼스)_영상콘텐츠과, 경기도_연성대학교(제1캠퍼스)_영상콘텐츠과(3년제), 경기도_연성대학교(제1캠퍼스)_영상콘텐츠과 뉴미디어콘텐츠전공(3년제), 경기도_오산대학교(제1캠퍼스)_공연축제콘텐츠과, 경기도_장안대학교(제1캠퍼스)_영상미디어콘텐츠과(3년제), 강원특별자치도_송곡대학교(제1캠퍼스)_메타버스크리에이터과, 강원특별자치도_송곡대학교(제1캠퍼스)_메타버스스포츠학과, 강원특별자치도_한림성심대학교(제1캠퍼스)_영상미디어콘텐츠과, 강원특별자치도_한림성심대학교(제1캠퍼스)_디지털콘텐츠학부(실감형콘텐츠전공, 영상콘텐츠전공), 강원특별자치도_한림성심대학교(제1캠퍼스)_영상콘텐츠과(예체능), 충청북도_충북도립대학교(제1캠퍼스)_영상디자인전공, 충청북도_충청대학교(제1캠퍼스)_방송영상콘텐츠과, 경상북도_대경대학교(제1캠퍼스)_AI미디어콘텐츠과, 세종특별자치시_한국영상대학교(제1캠퍼스)_실감형융합콘텐츠계열, 세종특별자치시_한국영상대학교(제1캠퍼스)_공연미디어콘텐츠과, 세종특별자치시_한국영상대학교(제1캠퍼스)_실감영상콘텐츠과","일반 선택: 독서와 작문, 정보 등 | 진로 선택: 문학과 영상, 인공지능 기초, 데이터 과학 등 | 융합 선택: 매체 의사소통, 소프트웨어와 생활 등","공통과목: 미술, 윤리 | 일반선택과목: 예술교과 : 미술 | 진로선택과목: 미술 창작, 미술 감상과 비평 | 전문교과Ⅰ: 미술 이론, 미술사, 드로잉 미술 전공 실기 | 전문교과Ⅱ: 디자인 일반, 시각디자인, 색체 관리","멀티미디어콘텐츠제작전문가, 시각디자인산업기사, 컴퓨터그래픽스운용기능사",광고기획자
362,영상제작과,"서울특별시_숭의여자대학교(제1캠퍼스)_영상제작과, 서울특별시_정화예술대학교(제2캠퍼스)_영상제작전공, 부산광역시_경남정보대학교(제1캠퍼스)_자율전공학과, 부산광역시_부산과학기술대학교(제1캠퍼스)_자율전공학과, 대전광역시_한국폴리텍 IV 대학 대전캠퍼스(제1캠퍼스)_영상디자인과, 대구광역시_계명문화대학교(제1캠퍼스)_자율전공과, 경기도_경기과학기술대학교(제1캠퍼스)_영상디자인과, 경기도_계원예술대학교(제1캠퍼스)_영상디자인과(3년제), 경기도_계원예술대학교(제1캠퍼스)_영상디자인과, 경기도_계원예술대학교(제1캠퍼스)_매체예술과, 경기도_동아방송예술대학교(제1캠퍼스)_영상제작과, 경기도_동원대학교(제1캠퍼스)_영상디자인과, 경기도_두원공과대학교(제1캠퍼스)_자율전공학과, 경기도_신구대학교(제1캠퍼스)_영상디자인과(3년제), 경기도_신구대학교(제1캠퍼스)_영상디자인과, 경기도_안산대학교(제1캠퍼스)_자율전공학과, 충청북도_충북도립대학교(제1캠퍼스)_영상디자인과, 충청남도_신성대학교(제1캠퍼스)_자율전공학과, 전라남도_순천제일대학교(제1캠퍼스)_자율전공과, 세종특별자치시_한국영상대학교(제1캠퍼스)_특수영상제작과, 세종특별자치시_한국영상대학교(제1캠퍼스)_드론영상정보과, 세종특별자치시_한국영상대학교(제1캠퍼스)_특수영상제작학과, 세종특별자치시_한국영상대학교(제1캠퍼스)_영상편집제작과, 세종특별자치시_한국영상대학교(제1캠퍼스)_영상편집제작학과(학사), 세종특별자치시_한국영상대학교(제1캠퍼스)_영상디자인학과(학사), 세종특별자치시_한국영상대학교(제1캠퍼스)_영상편집제작학과, 세종특별자치시_한국영상대학교(제1캠퍼스)_영상연출과","일반 선택: 독서와 작문, 정보 등 | 진로 선택: 문학과 영상, 인공지능 기초, 데이터 과학 등 | 융합 선택: 매체 의사소통, 소프트웨어와 생활 등","공통과목: 미술, 윤리 | 일반선택과목: 예술교과 : 미술 | 진로선택과목: 미술 창작, 미술 감상과 비평 | 전문교과Ⅰ: 미술 이론, 미술사, 드로잉 미술 전공 실기 | 전문교과Ⅱ: 디자인 일반, 시각디자인, 색체 관리","멀티미디어콘텐츠제작전문가, 시각디자인산업기사, 컴퓨터그래픽스운용기능사",방송연출가
10008,만화창작과,"서울특별시_서일대학교(제1캠퍼스)_만화웹툰학과, 서울특별시_인덕대학교(제1캠퍼스)_웹툰만화학과, 서울특별시_인덕대학교(제1캠퍼스)_웹툰만화창작학과, 서울특별시_한양여자대학교(제1캠퍼스)_웹툰과, 부산광역시_동의과학대학교(제1캠퍼스)_웹툰디자인과, 대전광역시_대덕대학교(제1캠퍼스)_웹툰학과, 대전광역시_대덕대학교(제1캠퍼스)_K-웹툰과, 대전광역시_우송정보대학(제1캠퍼스)_만화웹툰과, 대구광역시_계명문화대학교(제1캠퍼스)_웹툰과, 대구광역시_수성대학교(제1캠퍼스)_웹툰웹소설과, 대구광역시_수성대학교(제1캠퍼스)_웹툰스토리과, 대구광역시_영남이공대학교(제1캠퍼스)_웹툰과, 경기도_동서울대학교(제1캠퍼스)_웹툰과, 경기도_동원대학교(제1캠퍼스)_웹툰창작과, 경기도_연성대학교(제1캠퍼스)_웹툰만화콘텐츠과(3년제), 경기도_용인예술과학대학교(제1캠퍼스)_웹툰만화과, 경기도_청강문화산업대학교(제1캠퍼스)_웹툰만화콘텐츠전공, 전라남도_청암대학교(제1캠퍼스)_웹툰콘텐츠과, 전라남도_청암대학교(제1캠퍼스)_웹툰콘텐츠학과, 경상남도_창원문성대학교(제1캠퍼스)_웹툰그래픽과, 세종특별자치시_한국영상대학교(제1캠퍼스)_만화콘텐츠과, 세종특별자치시_한국영상대학교(제1캠퍼스)_만화웹툰콘텐츠학과(학사), 세종특별자치시_한국영상대학교(제1캠퍼스)_웹콘텐츠자율전공, 세종특별자치시_한국영상대학교(제1캠퍼스)_만화웹툰전공, 세종특별자치시_한국영상대학교(제1캠퍼스)_웹툰PD전공","일반 선택: 독서와 작문, 문학 등 | 진로 선택: 주체 탐구 독서, 문학과 영상, 문예 창작의 이해, 문장론, 문학 감상과 비평, 시 창작, 소설 창작, 극 창작 등 | 융합 선택: 독서 토론과 글쓰기, 문학과 매체 등","공통과목: 미술, 윤리 | 일반선택과목: 예술교과 : 미술 | 진로선택과목: 미술 창작, 미술 감상과 비평 | 전문교과Ⅰ: 미술 이론, 미술사, 드로잉 미술 전공 실기 | 전문교과Ⅱ: 디자인 일반, 시각디자인, 색체 관리","GTQ(GraphicTechnologyQualification)1ㆍ2급, 게임그래픽전문가, 시각디자인기사, 웹디자인기능사, 컬러리스트산업기사",만화가
566,커뮤니케이션디자인학과,"서울특별시_건국대학교(제1캠퍼스)_미디어커뮤니케이션학과, 서울특별시_건국대학교(제1캠퍼스)_커뮤니케이션디자인학과, 서울특별시_광운대학교(제1캠퍼스)_미디어커뮤니케이션학부, 서울특별시_국민대학교(제1캠퍼스)_글로벌커뮤니케이션영어전공, 서울특별시_동덕여자대학교(제1캠퍼스)_문화지식융합학부 커뮤니케이션콘텐츠전공, 서울특별시_동덕여자대학교(제1캠퍼스)_커뮤니케이션콘텐츠전공, 서울특별시_서강대학교(제1캠퍼스)_커뮤니케이션학전공, 서울특별시_서울여자대학교(제1캠퍼스)_비즈니스커뮤니케이션전공, 서울특별시_성균관대학교(제1캠퍼스)_미디어커뮤니케이션학과, 서울특별시_성신여자대학교(제1캠퍼스)_미디어커뮤니케이션학과, 서울특별시_세종대학교(제1캠퍼스)_미디어커뮤니케이션학과, 서울특별시_이화여자대학교(제1캠퍼스)_커뮤니케이션ㆍ미디어학부, 서울특별시_이화여자대학교(제1캠퍼스)_커뮤니케이션ㆍ미디어학전공, 서울특별시_중앙대학교(제1캠퍼스)_미디어커뮤니케이션학부, 서울특별시_한국외국어대학교(제1캠퍼스)_미디어커뮤니케이션학부, 서울특별시_한양대학교(제1캠퍼스)_미디어커뮤니케이션학과, 부산광역시_경성대학교(제1캠퍼스)_미디어커뮤니케이션학과, 부산광역시_국립부경대학교(제1캠퍼스)_미디어커뮤니케이션학부, 부산광역시_동명대학교(제1캠퍼스)_미디어커뮤니케이션학과, 부산광역시_동아대학교(제2캠퍼스)_미디어커뮤니케이션학과, 부산광역시_동의대학교(제1캠퍼스)_미디어커뮤니케이션학과, 부산광역시_부산대학교(제1캠퍼스)_미디어커뮤니케이션학과, 인천광역시_인천대학교(제1캠퍼스)_미디어커뮤니케이션학과, 인천광역시_인하대학교(제1캠퍼스)_미디어커뮤니케이션학과, 대전광역시_대전대학교(제1캠퍼스)_커뮤니케이션디자인학과, 대전광역시_배재대학교(제1캠퍼스)_커뮤니케이션디자인전공, 대구광역시_경북대학교(제1캠퍼스)_미디어커뮤니케이션학과, 광주광역시_전남대학교(제1캠퍼스)_미디어커뮤니케이션학과, 광주광역시_조선대학교(제1캠퍼스)_미디어커뮤니케이션학과, 광주광역시_조선대학교(제1캠퍼스)_글로벌비즈니스커뮤니케이션학과, 광주광역시_호남대학교(제1캠퍼스)_미디어커뮤니케이션학과, 경기도_가천대학교(제1캠퍼스)_미디어커뮤니케이션학과, 경기도_단국대학교(제1캠퍼스)_커뮤니케이션디자인과, 경기도_단국대학교(제1캠퍼스)_커뮤니케이션학부, 경기도_단국대학교(제1캠퍼스)_미디어커뮤니케이션학부, 경기도_대진대학교(제1캠퍼스)_미디어커뮤니케이션학과, 경기도_수원대학교(제1캠퍼스)_커뮤니케이션디자인, 경기도_수원대학교(제1캠퍼스)_미디어커뮤니케이션학과, 경기도_신한대학교(제2캠퍼스)_미디어커뮤니케이션학과, 경기도_중부대학교(제2캠퍼스)_미디어커뮤니케이션학전공, 경기도_평택대학교(제1캠퍼스)_커뮤니케이션디자인학과, 경기도_한양대학교 ERICA캠퍼스(제1캠퍼스)_커뮤니케이션디자인학과, 강원특별자치도_강원대학교(제1캠퍼스)_미디어커뮤니케이션학과, 강원특별자치도_강원대학교(제1캠퍼스)_글로벌미디어커뮤니케이션전공, 강원특별자치도_국립강릉원주대학교(제2캠퍼스)_디지털미디어커뮤니케이션학부, 충청북도_국립한국교통대학교(제1캠퍼스)_커뮤니케이션디자인전공, 충청북도_국립한국교통대학교(제1캠퍼스)_커뮤니케이션디자인학과, 충청남도_상명대학교(제2캠퍼스)_커뮤니케이션디자인전공, 충청남도_선문대학교(제1캠퍼스)_미디어커뮤니케이션학부, 충청남도_선문대학교(제1캠퍼스)_미디어커뮤니케이션학과, 충청남도_순천향대학교(제1캠퍼스)_미디어커뮤니케이션학과, 충청남도_청운대학교(제1캠퍼스)_미디어커뮤니케이션학과, 충청남도_청운대학교(제1캠퍼스)_글로벌커뮤니케이션학과(영미문화전공), 충청남도_청운대학교(제1캠퍼스)_글로벌커뮤니케이션학과(중화통상비즈니스전공), 충청남도_청운대학교(제1캠퍼스)_글로벌커뮤니케이션학과, 충청남도_호서대학교(제2캠퍼스)_미디어커뮤니케이션학과, 전북특별자치도_전북대학교(제1캠퍼스)_미디어커뮤니케이션학과, 경상북도_국립경국대학교(제1캠퍼스)_미디어문화커뮤니케이션학과, 경상북도_국립경국대학교(제1캠퍼스)_미디어문화커뮤니케이션학전공, 경상북도_대구대학교(제1캠퍼스)_미디어커뮤니케이션학부, 경상북도_대구대학교(제1캠퍼스)_미디어커뮤니케이션학부(영상콘텐츠전공), 경상북도_대구예술대학교(제1캠퍼스)_커뮤니케이션디자인전공, 경상북도_영남대학교(제1캠퍼스)_미디어커뮤니케이션학과, 경상북도_한동대학교(제1캠퍼스)_커뮤니케이션학부, 경상남도_경상국립대학교(제1캠퍼스)_미디어커뮤니케이션학과, 경상남도_국립창원대학교(제1캠퍼스)_미디어커뮤니케이션학과, 경상남도_인제대학교(제1캠퍼스)_미디어커뮤니케이션학과","일반 선택: 독서와 작문, 문학, 대수, 확률과 통계, 영어Ⅰ, 영어Ⅱ, 영어 독해오작문, 미술, 정보 등 | 진로 선택: 주제 탐구 독서, 문학과 영상, 미술 창작, 미술 감상과 비평, 인간과 심리 등 | 융합 선택: 매체 의사소통, 미디어 영어, 세계 문화와 영어, 여행지리, 사회문제 탐구, 미술과 매체 등","공통과목: 미술, 윤리 | 일반선택과목: 예술교과 : 미술 | 진로선택과목: 미술 창작, 미술 감상과 비평 | 전문교과Ⅰ: 미술 이론, 미술사, 드로잉, 미술 전공 실기 | 전문교과Ⅱ: 디자인 일반, 시각 디자인, 색채 관리","시각디자인기사, 웹디자인기능사, 제품디자인기사, 컬러리스트기사, 컴퓨터그래픽스운용기능사, 포장기사",광고디자이너
360,미디어영상학과,"서울특별시_건국대학교(제1캠퍼스)_영상영화학과, 서울특별시_건국대학교(제1캠퍼스)_영상학과, 서울특별시_경기대학교(제2캠퍼스)_미디어영상학과, 서울특별시_경기대학교(제2캠퍼스)_영상학과, 서울특별시_경희사이버대학교(제1캠퍼스)_미디어영상홍보학과, 서울특별시_동국대학교(제1캠퍼스)_영화영상학과, 서울특별시_동국대학교(제1캠퍼스)_영화영상전공, 서울특별시_서경대학교(제1캠퍼스)_영화영상학과, 서울특별시_서울디지털대학교(제1캠퍼스)_미디어영상학과, 서울특별시_서울여자대학교(제1캠퍼스)_디지털영상전공, 서울특별시_성균관대학교(제1캠퍼스)_영상학과, 서울특별시_성신여자대학교(제2캠퍼스)_미디어영상연기학과, 서울특별시_한국방송통신대학교(제1캠퍼스)_미디어영상학과, 서울특별시_한국예술종합학교(제1캠퍼스)_방송영상과, 부산광역시_경성대학교(제1캠퍼스)_영상학전공, 부산광역시_동서대학교(제1캠퍼스)_방송영상전공, 부산광역시_동서대학교(제2캠퍼스)_Film & Video 전공, 부산광역시_동서대학교(제1캠퍼스)_방송영상학과, 부산광역시_동서대학교(제1캠퍼스)_디지털영상제작전공, 부산광역시_동아대학교(제1캠퍼스)_미술학과 영상예술전공, 부산광역시_화신사이버대학교(제1캠퍼스)_영상콘텐츠학과, 대전광역시_우송대학교(제1캠퍼스)_테크노미디어융합학부 글로벌미디어영상학과, 대전광역시_한남대학교(제1캠퍼스)_미디어영상학과, 대전광역시_한남대학교(제1캠퍼스)_미디어영상전공, 광주광역시_호남대학교(제1캠퍼스)_미디어영상공연학과, 경기도_단국대학교(제1캠퍼스)_영상콘텐츠전공, 경기도_대진대학교(제1캠퍼스)_영화영상학과, 경기도_성결대학교(제1캠퍼스)_영화영상학과, 경기도_신한대학교(제2캠퍼스)_미디어영상학과, 경기도_용인대학교(제1캠퍼스)_영화영상학과, 경기도_평택대학교(제1캠퍼스)_공연영상콘텐츠학과, 경기도_한세대학교(제1캠퍼스)_미디어영상광고학과, 경기도_한신대학교(제1캠퍼스)_미디어영상전공, 경기도_협성대학교(제1캠퍼스)_미디어영상광고학과, 강원특별자치도_강원대학교(제1캠퍼스)_영상문화학과, 강원특별자치도_강원대학교(제2캠퍼스)_방송영상학과, 강원특별자치도_상지대학교(제1캠퍼스)_미디어영상광고학과, 강원특별자치도_한라대학교(제1캠퍼스)_영상제작학과, 충청북도_건국대학교 글로컬캠퍼스(제1캠퍼스)_방송영상전공 트랙, 충청북도_극동대학교(제1캠퍼스)_미디어영상제작학과, 충청북도_청주대학교(제1캠퍼스)_영화영상학과, 충청남도_국립공주대학교(제1캠퍼스)_영상학과, 충청남도_나사렛대학교(제1캠퍼스)_방송ㆍ영상콘텐츠학과, 충청남도_나사렛대학교(제1캠퍼스)_방송ㆍ영상콘텐츠학부, 충청남도_선문대학교(제1캠퍼스)_영상예술학과, 충청남도_선문대학교(제1캠퍼스)_영화영상학과, 충청남도_중부대학교(제1캠퍼스)_방송영상학과, 충청남도_한서대학교(제1캠퍼스)_영화영상학과, 충청남도_호서대학교(제1캠퍼스)_문화영상학부, 전북특별자치도_우석대학교(제1캠퍼스)_미디어영상학과, 전북특별자치도_전주대학교(제1캠퍼스)_영화방송제작학과, 경상북도_대구가톨릭대학교(제1캠퍼스)_미디어영상전공, 경상남도_경남대학교(제1캠퍼스)_미디어영상학과, 경상남도_영산대학교(제1캠퍼스)_영화영상전공","일반 선택: 독서와 작문, 정보 등 | 진로 선택: 문학과 영상, 인공지능 기초, 데이터 과학 등 | 융합 선택: 매체 의사소통, 소프트웨어와 생활 등","공통과목: 미술, 윤리 | 일반선택과목: 예술교과 : 미술 | 진로선택과목: 미술 창작, 미술 감상과 비평 | 전문교과Ⅰ: 미술 이론, 미술사, 드로잉, 미술 전공 실기 | 전문교과Ⅱ: 디자인 일반, 시각 디자인, 색채 관리","멀티미디어콘텐츠제작전문가, 웹디자인기능사, 컴퓨터그래픽스운용기능사",사진기자
172,물류시스템공학과,"서울특별시_서경대학교(제1캠퍼스)_물류시스템공학과, 부산광역시_국립한국해양대학교(제1캠퍼스)_물류시스템공학과, 부산광역시_동명대학교(제1캠퍼스)_항만물류시스템학과, 대전광역시_우송대학교(제1캠퍼스)_물류시스템학과, 경상북도_김천대학교(제1캠퍼스)_스마트물류시스템공학과","일반 선택: 대수, 확률과 통계, 미적분 Ⅰ, 인공지능 수학, 세계시민과 지리, 사회와 문화, 정보 등 | 진로 선택: 기하, 미적분Ⅱ, 도시의 미래 탐구, 경제, 로봇과 공학세계, 인공지능 기초, 데이터 과학 등 | 융합 선택: 실용 통계, 사회문제 탐구, 금융과 경제생활, 윤리문제 탐구, 창의공학 설계, 소프트웨어와 생활 등","공통과목: 수학, 사회, 과학, 기술ㆍ가정 | 일반선택과목: 수학교과 : 수학ⅠㆍⅡ, 미적분, 확률과 통계 | 진로선택과목: 실용수학, 기하, 경제수학, 수학과제 탐구, 물리학Ⅱ, 화학Ⅱ, 생명과학Ⅱ, 지구과학Ⅱ, 생활과 과학, 융합과학, 공학 일반, 사회문제 탐구 | 전문교과Ⅰ: 심화수학ⅠㆍⅡ, 고급 수학ⅠㆍⅡ, 고급 물리학, 물리학 실험, 고급 화학, 화학 실험, 고급 생명과학, 생명과학 실험, 고급 지구과학, 지구과학 실험, 정보과학, 융합과학탐구, 과학과제연구, 생태와 환경, 지역 이해, 사회과제 연구 | 전문교과Ⅱ: 환경 화학 기초, 인간과 환경, 환경 생태 관리, 수질 관리, 대기 관리, 폐기물 관리","ERP물류정보관리사, ERP생산정보관리사, SMAT(서비스경영자격), SMAT(서비스경영자격), 경영지도사, 물류관리사, 산업보안관리사, 유통관리사, 전자계산기기사, 정보기술프로젝트관리전문가(IT-PMP), 정보보안기사, 정보처리기사, 정보통신기사",국제무역사무원
23,경영학과,"서울특별시_강서대학교(제1캠퍼스)_AI기반경영학과, 서울특별시_강서대학교(제1캠퍼스)_경영학부(경영정보학전공), 서울특별시_강서대학교(제1캠퍼스)_G2빅데이터경영학과, 서울특별시_강서대학교(제1캠퍼스)_글로벌경영학과, 서울특별시_강서대학교(제1캠퍼스)_경영학부(경영학전공), 서울특별시_강서대학교(제1캠퍼스)_경영학과, 서울특별시_강서대학교(제1캠퍼스)_빅데이터경영학과, 서울특별시_건국대학교(제1캠퍼스)_경영학과, 서울특별시_건국대학교(제1캠퍼스)_기술경영학과, 서울특별시_건국대학교(제1캠퍼스)_글로벌비즈니스학과, 서울특별시_경기대학교(제2캠퍼스)_호텔경영전공, 서울특별시_경기대학교(제2캠퍼스)_경영학과, 서울특별시_경희대학교(제1캠퍼스)_경영학부, 서울특별시_경희대학교(제1캠퍼스)_Hospitality경영학부, 서울특별시_경희대학교(제1캠퍼스)_경영학과, 서울특별시_경희대학교(제1캠퍼스)_Hospitality경영학과, 서울특별시_경희사이버대학교(제1캠퍼스)_문화예술경영학과, 서울특별시_경희사이버대학교(제1캠퍼스)_마케팅ㆍ지속경영리더십전공, 서울특별시_경희사이버대학교(제1캠퍼스)_외식경영전공, 서울특별시_경희사이버대학교(제1캠퍼스)_외식조리경영학부, 서울특별시_경희사이버대학교(제1캠퍼스)_뷰티ㆍ패션산업마케팅전공, 서울특별시_경희사이버대학교(제1캠퍼스)_스포츠경영학과, 서울특별시_경희사이버대학교(제1캠퍼스)_마케팅ㆍ리더십경영학부, 서울특별시_경희사이버대학교(제1캠퍼스)_글로벌경영학과, 서울특별시_경희사이버대학교(제1캠퍼스)_부동산전공, 서울특별시_경희사이버대학교(제1캠퍼스)_AIㆍ빅데이터경영전공, 서울특별시_고려대학교(제1캠퍼스)_경영학과, 서울특별시_고려사이버대학교(제1캠퍼스)_문화예술경영학부, 서울특별시_고려사이버대학교(제1캠퍼스)_경영학과, 서울특별시_고려사이버대학교(제1캠퍼스)_문화예술경영학과, 서울특별시_광운대학교(제1캠퍼스)_경영학부 빅데이터경영전공, 서울특별시_광운대학교(제1캠퍼스)_경영학부 경영학전공, 서울특별시_광운대학교(제1캠퍼스)_경영학부, 서울특별시_광운대학교(제1캠퍼스)_자산관리학과, 서울특별시_국민대학교(제1캠퍼스)_글로벌경영전공, 서울특별시_국민대학교(제1캠퍼스)_경영학부, 서울특별시_국민대학교(제1캠퍼스)_AI빅데이터융합경영학과, 서울특별시_국민대학교(제1캠퍼스)_기업경영전공, 서울특별시_국민대학교(제1캠퍼스)_경영학전공, 서울특별시_국민대학교(제1캠퍼스)_빅데이터경영통계전공, 서울특별시_국민대학교(제1캠퍼스)_경영정보학부, 서울특별시_국민대학교(제1캠퍼스)_기업경영학부, 서울특별시_국민대학교(제1캠퍼스)_경영정보전공, 서울특별시_국민대학교(제1캠퍼스)_International Business 전공, 서울특별시_덕성여자대학교(제1캠퍼스)_경영학과, 서울특별시_덕성여자대학교(제1캠퍼스)_경영학전공, 서울특별시_동국대학교(제1캠퍼스)_경영학부, 서울특별시_동국대학교(제1캠퍼스)_경영학전공, 서울특별시_동국대학교(제1캠퍼스)_경영학과, 서울특별시_동덕여자대학교(제1캠퍼스)_경영경제학부 경영학전공, 서울특별시_동덕여자대학교(제1캠퍼스)_국제경영학과, 서울특별시_동덕여자대학교(제1캠퍼스)_경영학과, 서울특별시_동덕여자대학교(제1캠퍼스)_문화지식융합학부 문화예술경영전공, 서울특별시_동덕여자대학교(제1캠퍼스)_앙트러프러너리얼리더십학부 앙트러프러너십전공, 서울특별시_동덕여자대학교(제1캠퍼스)_경영경제학부 국제경영학전공, 서울특별시_동덕여자대학교(제1캠퍼스)_문화예술경영전공, 서울특별시_동덕여자대학교(제1캠퍼스)_금융융합경영학과, 서울특별시_동덕여자대학교(제1캠퍼스)_경영경제학부 경제학전공, 서울특별시_동덕여자대학교(제1캠퍼스)_앙트러프러너리얼리더십학부 문화예술경영전공, 서울특별시_동덕여자대학교(제1캠퍼스)_앙트러프러너리얼리더십학부, 서울특별시_동덕여자대학교(제1캠퍼스)_글로벌MICE전공, 서울특별시_명지대학교 인문캠퍼스(제2캠퍼스)_행정서비스경영학과, 서울특별시_명지대학교 인문캠퍼스(제2캠퍼스)_경영대학, 서울특별시_명지대학교 인문캠퍼스(제2캠퍼스)_복지경영학과, 서울특별시_명지대학교 인문캠퍼스(제2캠퍼스)_미래융합경영학과, 서울특별시_명지대학교 인문캠퍼스(제2캠퍼스)_글로벌비즈니스학전공(외), 서울특별시_명지대학교 인문캠퍼스(제2캠퍼스)_경영학과, 서울특별시_명지대학교 인문캠퍼스(제2캠퍼스)_경영학전공, 서울특별시_사이버한국외국어대학교(제1캠퍼스)_경영학부, 서울특별시_사이버한국외국어대학교(제1캠퍼스)_마케팅ㆍ경영학부, 서울특별시_삼육대학교(제1캠퍼스)_경영학과, 서울특별시_상명대학교(제1캠퍼스)_융합경영학과, 서울특별시_상명대학교(제1캠퍼스)_경영학부, 서울특별시_상명대학교(제1캠퍼스)_글로벌경영학과, 서울특별시_서강대학교(제1캠퍼스)_아트앤테크놀로지전공, 서울특별시_서강대학교(제1캠퍼스)_경영학부(경영학전공), 서울특별시_서강대학교(제1캠퍼스)_스타트업 전공, 서울특별시_서경대학교(제1캠퍼스)_글로벌경영학과, 서울특별시_서경대학교(제1캠퍼스)_글로벌관광경영학과, 서울특별시_서경대학교(제1캠퍼스)_경영학부, 서울특별시_서울과학기술대학교(제1캠퍼스)_경영학과(경영학전공), 서울특별시_서울과학기술대학교(제1캠퍼스)_경영학과(글로벌테크노경영전공), 서울특별시_서울과학기술대학교(제1캠퍼스)_벤처경영학과, 서울특별시_서울기독대학교(제1캠퍼스)_글로벌휴먼경영전공, 서울특별시_서울기독대학교(제1캠퍼스)_AI경영전공, 서울특별시_서울기독대학교(제1캠퍼스)_국제경영정보학과, 서울특별시_서울대학교(제1캠퍼스)_경영학과, 서울특별시_서울대학교(제1캠퍼스)_경영대학, 서울특별시_서울디지털대학교(제1캠퍼스)_문화예술경영학과, 서울특별시_서울디지털대학교(제1캠퍼스)_경영학과, 서울특별시_서울사이버대학교(제1캠퍼스)_온라인커머스학과, 서울특별시_서울사이버대학교(제1캠퍼스)_AI부동산빅데이터학과, 서울특별시_서울사이버대학교(제1캠퍼스)_문화예술경영학과, 서울특별시_서울사이버대학교(제1캠퍼스)_경영학과, 서울특별시_서울사이버대학교(제1캠퍼스)_복지경영전공, 서울특별시_서울사이버대학교(제1캠퍼스)_AI서비스마케팅학과, 서울특별시_서울시립대학교(제1캠퍼스)_경영학부, 서울특별시_서울여자대학교(제1캠퍼스)_경영학과, 서울특별시_서울여자대학교(제1캠퍼스)_글로벌비즈니스전공, 서울특별시_성공회대학교(제1캠퍼스)_미래융합학부, 서울특별시_성공회대학교(제1캠퍼스)_경영학부(인문사회), 서울특별시_성공회대학교(제1캠퍼스)_경영학전공, 서울특별시_성공회대학교(제1캠퍼스)_경영학부, 서울특별시_성균관대학교(제1캠퍼스)_응용AI융합학부, 서울특별시_성균관대학교(제1캠퍼스)_AI융합운영전공, 서울특별시_성균관대학교(제1캠퍼스)_글로벌경영학과, 서울특별시_성균관대학교(제1캠퍼스)_경영대학, 서울특별시_성균관대학교(제1캠퍼스)_글로벌리더학부, 서울특별시_성균관대학교(제1캠퍼스)_경영학과, 서울특별시_성신여자대학교(제1캠퍼스)_글로벌비즈니스학과, 서울특별시_성신여자대학교(제1캠퍼스)_경영학부, 서울특별시_성신여자대학교(제1캠퍼스)_경영학과, 서울특별시_세종대학교(제1캠퍼스)_호텔경영전공/호텔관광외식경영학부, 서울특별시_세종대학교(제1캠퍼스)_경영학전공, 서울특별시_세종대학교(제1캠퍼스)_경영학부, 서울특별시_세종대학교(제1캠퍼스)_호텔외식관광프랜차이즈경영학과, 서울특별시_세종대학교(제1캠퍼스)_호텔관광경영학전공/호텔관광외식경영학부, 서울특별시_세종대학교(제1캠퍼스)_호텔외식비즈니스학과, 서울특별시_세종대학교(제1캠퍼스)_호텔관광외식경영학부, 서울특별시_세종대학교(제1캠퍼스)_외식경영학전공/호텔관광외식경영학부, 서울특별시_세종사이버대학교(제1캠퍼스)_부동산경매중개학과, 서울특별시_세종사이버대학교(제1캠퍼스)_경영학과, 서울특별시_세종사이버대학교(제1캠퍼스)_부동산자산경영학과, 서울특별시_세종사이버대학교(제1캠퍼스)_호텔관광경영학과, 서울특별시_세종사이버대학교(제1캠퍼스)_외식창업프랜차이즈학과, 서울특별시_숙명여자대학교(제1캠퍼스)_경영학부, 서울특별시_숙명여자대학교(제1캠퍼스)_르꼬르동블루외식경영전공, 서울특별시_숙명여자대학교(제1캠퍼스)_가족자원경영학과, 서울특별시_숭실대학교(제1캠퍼스)_벤처중소기업학과, 서울특별시_숭실대학교(제1캠퍼스)_혁신경영학과, 서울특별시_숭실대학교(제1캠퍼스)_벤처경영학과, 서울특별시_숭실대학교(제1캠퍼스)_미디어경영학과, 서울특별시_숭실대학교(제1캠퍼스)_경영학부, 서울특별시_숭실대학교(제1캠퍼스)_복지경영학과, 서울특별시_숭실사이버대학교(제1캠퍼스)_경영학과, 서울특별시_연세대학교(제1캠퍼스)_경영학과, 서울특별시_이화여자대학교(제1캠퍼스)_경영학전공, 서울특별시_이화여자대학교(제1캠퍼스)_경영학부, 서울특별시_정석대학(제1캠퍼스)_AI융합경영학과, 서울특별시_정석대학(제1캠퍼스)_경영학과, 서울특별시_중앙대학교(제1캠퍼스)_지식경영학부, 서울특별시_중앙대학교(제1캠퍼스)_경영학부(경영학전공), 서울특별시_중앙대학교(제1캠퍼스)_경영학부(글로벌금융전공), 서울특별시_태재대학교(제1캠퍼스)_비즈니스혁신학부, 서울특별시_한국방송통신대학교(제1캠퍼스)_융합경영학부, 서울특별시_한국방송통신대학교(제1캠퍼스)_융합경영학부 마케팅ㆍ애널리틱스전공, 서울특별시_한국방송통신대학교(제1캠퍼스)_경영학과, 서울특별시_한국열린사이버대학교(제1캠퍼스)_부동산금융자산학과, 서울특별시_한국열린사이버대학교(제1캠퍼스)_디지털융합경영학과, 서울특별시_한국열린사이버대학교(제1캠퍼스)_디지털비즈니스학과, 서울특별시_한국외국어대학교(제1캠퍼스)_경영학전공, 서울특별시_한국외국어대학교(제1캠퍼스)_차이나데이터큐레이션전공, 서울특별시_한국외국어대학교(제1캠퍼스)_경영학부, 서울특별시_한국체육대학교(제1캠퍼스)_스포츠산업학과, 서울특별시_한성대학교(제1캠퍼스)_비즈니스컨설팅학과, 서울특별시_한성대학교(제1캠퍼스)_경영학부, 서울특별시_한성대학교(제1캠퍼스)_호텔외식경영학과, 서울특별시_한성대학교(제1캠퍼스)_부동산경영학과, 서울특별시_한양대학교(제1캠퍼스)_파이낸스경영학과, 서울특별시_한양대학교(제1캠퍼스)_경영학부, 서울특별시_한양대학교(제1캠퍼스)_스포츠산업학과, 서울특별시_한양대학교(제1캠퍼스)_스포츠매니지먼트전공, 서울특별시_한양사이버대학교(제1캠퍼스)_실버산업학과, 서울특별시_한양사이버대학교(제1캠퍼스)_관광항공경영학과, 서울특별시_한양사이버대학교(제1캠퍼스)_마케팅학과, 서울특별시_한양사이버대학교(제1캠퍼스)_글로벌경영학과, 서울특별시_한양사이버대학교(제1캠퍼스)_호텔외식경영학과, 서울특별시_한양사이버대학교(제1캠퍼스)_경영정보ㆍAI비즈니스학과, 서울특별시_홍익대학교(제1캠퍼스)_디자인ㆍ예술경영학부, 서울특별시_홍익대학교(제1캠퍼스)_디자인ㆍ예술경영학부 예술경영전공, 서울특별시_홍익대학교(제1캠퍼스)_디자인경영융합학부, 서울특별시_홍익대학교(제1캠퍼스)_경영학부 경영학전공, 서울특별시_홍익대학교(제1캠퍼스)_경영학부, 부산광역시_경성대학교(제1캠퍼스)_외식서비스경영학전공, 부산광역시_경성대학교(제1캠퍼스)_호텔관광경영학전공, 부산광역시_경성대학교(제1캠퍼스)_호텔관광외식경영학부, 부산광역시_경성대학교(제1캠퍼스)_글로벌경영전공, 부산광역시_경성대학교(제1캠퍼스)_경영학과, 부산광역시_고신대학교(제1캠퍼스)_의료경영전공, 부산광역시_고신대학교(제1캠퍼스)_글로벌비즈니스학부, 부산광역시_고신대학교(제1캠퍼스)_의료경영학부, 부산광역시_국립부경대학교(제1캠퍼스)_미래융합학부, 부산광역시_국립부경대학교(제1캠퍼스)_해양수산경영경제학부, 부산광역시_국립부경대학교(제1캠퍼스)_경영학전공, 부산광역시_국립부경대학교(제1캠퍼스)_글로벌비즈니스트랙, 부산광역시_국립부경대학교(제1캠퍼스)_해양수산경영학전공, 부산광역시_국립부경대학교(제1캠퍼스)_국제경영학전공, 부산광역시_국립부경대학교(제1캠퍼스)_데이터비즈니스융합전공, 부산광역시_국립부경대학교(제1캠퍼스)_빅데이터융합전공, 부산광역시_국립부경대학교(제1캠퍼스)_경영학부, 부산광역시_국립한국해양대학교(제1캠퍼스)_해운경영학부, 부산광역시_국립한국해양대학교(제1캠퍼스)_해양경영경제학부(해운경영전공), 부산광역시_국립한국해양대학교(제1캠퍼스)_해양경영경제학부(해양정보ㆍ금융전공), 부산광역시_동명대학교(제1캠퍼스)_호텔관광학과, 부산광역시_동명대학교(제1캠퍼스)_글로벌비즈니스학과, 부산광역시_동명대학교(제1캠퍼스)_경영학과, 부산광역시_동명대학교(제1캠퍼스)_Dept. of Tech Management & Innovation, 부산광역시_동명대학교(제1캠퍼스)_관광경영전공, 부산광역시_동명대학교(제1캠퍼스)_경영학전공, 부산광역시_동명대학교(제1캠퍼스)_복지경영학과, 부산광역시_동명대학교(제1캠퍼스)_유통경영전공, 부산광역시_동명대학교(제1캠퍼스)_창업학과, 부산광역시_동명대학교(제1캠퍼스)_앙트러프러너십전공, 부산광역시_동명대학교(제1캠퍼스)_Dept. of Global Business, 부산광역시_동명대학교(제1캠퍼스)_호텔경영전공, 부산광역시_동서대학교(제1캠퍼스)_Global Business Administration학과, 부산광역시_동서대학교(제1캠퍼스)_경영학부, 부산광역시_동서대학교(제1캠퍼스)_관광경영ㆍ컨벤션학과, 부산광역시_동서대학교(제1캠퍼스)_이벤트/컨벤션학전공, 부산광역시_동서대학교(제1캠퍼스)_경영학전공, 부산광역시_동서대학교(제1캠퍼스)_마케팅학전공, 부산광역시_동서대학교(제2캠퍼스)_이벤트/컨벤션학전공, 부산광역시_동서대학교(제1캠퍼스)_글로벌경영학부, 부산광역시_동아대학교(제2캠퍼스)_지식서비스경영학과, 부산광역시_동아대학교(제2캠퍼스)_경영학과, 부산광역시_동아대학교(제2캠퍼스)_융합경영학과, 부산광역시_동아대학교(제2캠퍼스)_글로벌비즈니스학과, 부산광역시_동의대학교(제1캠퍼스)_외식경영학과, 부산광역시_동의대학교(제1캠퍼스)_경영학과, 부산광역시_동의대학교(제1캠퍼스)_경영학부, 부산광역시_동의대학교(제1캠퍼스)_경영학전공, 부산광역시_동의대학교(제1캠퍼스)_호텔ㆍ컨벤션경영학전공, 부산광역시_동의대학교(제1캠퍼스)_부동산개발경영학전공, 부산광역시_동의대학교(제1캠퍼스)_창업투자경영학과, 부산광역시_동의대학교(제1캠퍼스)_외식산업경영학과, 부산광역시_동의대학교(제1캠퍼스)_호텔ㆍ컨벤션경영학과, 부산광역시_동의대학교(제1캠퍼스)_글로벌호스피탈리티경영학과, 부산광역시_동의대학교(제1캠퍼스)_부동산투자학전공, 부산광역시_동의대학교(제1캠퍼스)_국제관광경영학전공, 부산광역시_동의대학교(제1캠퍼스)_부동산자산경영학부, 부산광역시_동의대학교(제1캠퍼스)_스타트업창업투자학전공, 부산광역시_동의대학교(제1캠퍼스)_부동산금융ㆍ자산경영학과, 부산광역시_부산가톨릭대학교(제1캠퍼스)_병원경영학과, 부산광역시_부산가톨릭대학교(제1캠퍼스)_유통경영학과, 부산광역시_부산가톨릭대학교(제1캠퍼스)_경영학과, 부산광역시_부산대학교(제1캠퍼스)_경영학과, 부산광역시_부산외국어대학교(제1캠퍼스)_국제마케팅전공, 부산광역시_부산외국어대학교(제1캠퍼스)_호텔ㆍ컨벤션전공, 부산광역시_부산외국어대학교(제1캠퍼스)_경영학과, 부산광역시_부산외국어대학교(제1캠퍼스)_국제마케팅학과, 부산광역시_부산외국어대학교(제1캠퍼스)_국제무역ㆍ마케팅학부, 부산광역시_부산외국어대학교(제1캠퍼스)_경영전공, 부산광역시_부산외국어대학교(제1캠퍼스)_미주비즈니스학과, 부산광역시_부산외국어대학교(제1캠퍼스)_호텔ㆍ관광학부, 부산광역시_부산외국어대학교(제1캠퍼스)_경영학부, 부산광역시_부산외국어대학교(제1캠퍼스)_경영학부(경영전공), 부산광역시_부산외국어대학교(제1캠퍼스)_스포츠산업학부, 부산광역시_신라대학교(제1캠퍼스)_관광경영전공, 부산광역시_신라대학교(제1캠퍼스)_기업경영학과, 부산광역시_신라대학교(제1캠퍼스)_경영학과, 부산광역시_신라대학교(제1캠퍼스)_경영학부, 부산광역시_신라대학교(제1캠퍼스)_경영학전공, 부산광역시_신라대학교(제1캠퍼스)_한중비즈니스학과, 부산광역시_신라대학교(제1캠퍼스)_국제관광경영학부, 부산광역시_신라대학교(제1캠퍼스)_호텔ㆍ컨벤션전공, 부산광역시_신라대학교(제1캠퍼스)_호텔관광경영학부, 부산광역시_신라대학교(제1캠퍼스)_글로벌비즈니스학과, 부산광역시_영산대학교(제2캠퍼스)_부동산금융학과, 부산광역시_영산대학교(제2캠퍼스)_도시부동산전공, 부산광역시_영산대학교(제2캠퍼스)_경영학과, 부산광역시_화신사이버대학교(제1캠퍼스)_복지경영학과, 인천광역시_안양대학교(제2캠퍼스)_스포츠산업학과, 인천광역시_연세대학교(제2캠퍼스)_경영계열, 인천광역시_연세대학교(제2캠퍼스)_문화디자인경영전공, 인천광역시_연세대학교(제2캠퍼스)_창의기술경영전공, 인천광역시_인천대학교(제1캠퍼스)_경영학부, 인천광역시_인천대학교(제1캠퍼스)_테크노경영학과, 인천광역시_인하대학교(제1캠퍼스)_융합기술경영학부, 인천광역시_인하대학교(제1캠퍼스)_IBT학과, 인천광역시_인하대학교(제1캠퍼스)_경영학과, 인천광역시_인하대학교(제1캠퍼스)_문화콘텐츠문화경영학과, 인천광역시_인하대학교(제1캠퍼스)_문화경영학과, 인천광역시_인하대학교(제1캠퍼스)_파이낸스경영학과, 인천광역시_청운대학교(제2캠퍼스)_경영학과, 인천광역시_청운대학교(제2캠퍼스)_글로벌경영학과, 대전광역시_LH토지주택대학교(제1캠퍼스)_부동산경영학, 대전광역시_건양대학교(제2캠퍼스)_병원경영학과, 대전광역시_건양사이버대학교(제1캠퍼스)_경영학과, 대전광역시_건양사이버대학교(제1캠퍼스)_IT비즈니스학과, 대전광역시_건양사이버대학교(제1캠퍼스)_요양시설경영학과, 대전광역시_국립한밭대학교(제1캠퍼스)_창업경영학과, 대전광역시_국립한밭대학교(제1캠퍼스)_융합경영학과, 대전광역시_대전대학교(제1캠퍼스)_경영학과, 대전광역시_대전대학교(제1캠퍼스)_경영학전공, 대전광역시_대전대학교(제1캠퍼스)_경영학부, 대전광역시_대전대학교(제1캠퍼스)_지식경영학과, 대전광역시_목원대학교(제1캠퍼스)_서비스경영전공, 대전광역시_목원대학교(제1캠퍼스)_경영학부, 대전광역시_목원대학교(제1캠퍼스)_기술마케팅학과, 대전광역시_목원대학교(제1캠퍼스)_서비스경영학부, 대전광역시_목원대학교(제1캠퍼스)_글로벌비즈니스학과, 대전광역시_목원대학교(제1캠퍼스)_경영학부 글로벌비즈니스전공, 대전광역시_목원대학교(제1캠퍼스)_마케팅빅데이터학과, 대전광역시_목원대학교(제1캠퍼스)_항공호텔관광경영학부, 대전광역시_목원대학교(제1캠퍼스)_경영학과, 대전광역시_목원대학교(제1캠퍼스)_부동산금융보험학과, 대전광역시_목원대학교(제1캠퍼스)_항공호텔관광경영학과, 대전광역시_배재대학교(제1캠퍼스)_지역소상공비즈니스, 대전광역시_배재대학교(제1캠퍼스)_글로벌비즈니스학과, 대전광역시_배재대학교(제1캠퍼스)_글로벌경영, 대전광역시_배재대학교(제1캠퍼스)_기업컨설팅학과, 대전광역시_배재대학교(제1캠퍼스)_경영학과, 대전광역시_우송대학교(제1캠퍼스)_외식조리학부 외식,조리경영전공, 대전광역시_우송대학교(제1캠퍼스)_솔브릿지경영학부, 대전광역시_우송대학교(제1캠퍼스)_철도경영학과, 대전광역시_우송대학교(제1캠퍼스)_호텔관광경영학과, 대전광역시_우송대학교(제1캠퍼스)_융합경영학부 글로벌융합비즈니스학과, 대전광역시_우송대학교(제1캠퍼스)_글로벌호텔매니지먼트학과, 대전광역시_우송대학교(제1캠퍼스)_글로벌조리학부 글로벌외식창업전공, 대전광역시_우송대학교(제1캠퍼스)_융합경영학부 경영학전공, 대전광역시_충남대학교(제1캠퍼스)_경영학부, 대전광역시_충남대학교(제1캠퍼스)_리더십과조직과학전공, 대전광역시_충남대학교(제1캠퍼스)_기술경영건설학부, 대전광역시_한국과학기술원(제1캠퍼스)_기술경영학부, 대전광역시_한남대학교(제1캠퍼스)_도시부동산학과, 대전광역시_한남대학교(제1캠퍼스)_글로벌 IT 경영전공, 대전광역시_한남대학교(제1캠퍼스)_경영학과, 대전광역시_한남대학교(제1캠퍼스)_비즈니스통계학과, 대전광역시_한남대학교(제1캠퍼스)_사회적경제기업학과, 대전광역시_한남대학교(제1캠퍼스)_글로벌비즈니스전공, 대구광역시_경북대학교(제1캠퍼스)_경영학부, 대구광역시_경북대학교(제1캠퍼스)_경영학부 경영학전공, 대구광역시_계명대학교(제1캠퍼스)_경영학과, 대구광역시_계명대학교(제1캠퍼스)_국제경영학과(IB), 대구광역시_계명대학교(제1캠퍼스)_EMU경영학부, 대구광역시_계명대학교(제1캠퍼스)_경영빅데이터학과, 대구광역시_계명대학교(제1캠퍼스)_Department of International Business, 울산광역시_울산과학기술원(제1캠퍼스)_경영학부, 울산광역시_울산과학기술원(제1캠퍼스)_경영공학부, 울산광역시_울산과학기술원(제1캠퍼스)_경영과학부, 울산광역시_울산대학교(제1캠퍼스)_경영학전공(야간), 울산광역시_울산대학교(제1캠퍼스)_경영학부, 울산광역시_울산대학교(제1캠퍼스)_경영학전공, 울산광역시_울산대학교(제1캠퍼스)_글로벌경영학전공, 광주광역시_광주대학교(제1캠퍼스)_경영학과, 광주광역시_광주대학교(제1캠퍼스)_호텔관광경영학부, 광주광역시_광주대학교(제1캠퍼스)_부동산금융학과, 광주광역시_광주여자대학교(제1캠퍼스)_호텔관광경영학과, 광주광역시_광주여자대학교(제1캠퍼스)_서비스경영학과, 광주광역시_광주여자대학교(제1캠퍼스)_미래융합학부, 광주광역시_남부대학교(제1캠퍼스)_IT경영학과, 광주광역시_송원대학교(제1캠퍼스)_철도경영학과, 광주광역시_전남대학교(제1캠퍼스)_경영학부, 광주광역시_조선대학교(제1캠퍼스)_미래융합학부(스마트비즈니스전공), 광주광역시_조선대학교(제1캠퍼스)_휴먼융합서비스학부(부동산비즈니스전공), 광주광역시_조선대학교(제1캠퍼스)_미래융합학부(부동산비즈니스전공), 광주광역시_조선대학교(제1캠퍼스)_경영학부, 광주광역시_조선대학교(제1캠퍼스)_미래융합학부, 광주광역시_조선대학교(제1캠퍼스)_휴먼융합서비스학부(스마트비즈니스전공), 광주광역시_호남대학교(제1캠퍼스)_문화산업경영학과, 광주광역시_호남대학교(제1캠퍼스)_경영학부, 광주광역시_호남대학교(제1캠퍼스)_경영학전공, 경기도_가천대학교(제1캠퍼스)_의료산업경영학과, 경기도_가천대학교(제1캠퍼스)_경영학전공, 경기도_가천대학교(제1캠퍼스)_경영학부(글로벌경영학), 경기도_가천대학교(제1캠퍼스)_경영학과, 경기도_가천대학교(제1캠퍼스)_경영학부(경영학), 경기도_가천대학교(제1캠퍼스)_경영학부, 경기도_가천대학교(제1캠퍼스)_스타트업칼리지(창업융합전공), 경기도_가천대학교(제1캠퍼스)_글로벌경영학전공, 경기도_가톨릭대학교(제1캠퍼스)_사회혁신융복합전공, 경기도_가톨릭대학교(제1캠퍼스)_경영학과, 경기도_가톨릭대학교(제1캠퍼스)_스타트업융복합전공, 경기도_가톨릭대학교(제1캠퍼스)_경영학전공, 경기도_가톨릭대학교(제1캠퍼스)_글로벌인문경영융복합전공, 경기도_가톨릭대학교(제1캠퍼스)_경영계열, 경기도_가톨릭대학교(제1캠퍼스)_글로벌미래경영학과, 경기도_가톨릭대학교(제1캠퍼스)_글로벌경영대학, 경기도_가톨릭대학교(제1캠퍼스)_글로벌경영학과, 경기도_가톨릭대학교(제1캠퍼스)_빅데이터인문경영융복합전공, 경기도_강남대학교(제1캠퍼스)_융합자율전공학부, 경기도_강남대학교(제1캠퍼스)_실버산업학과, 경기도_강남대학교(제1캠퍼스)_시니어비즈니스학과, 경기도_강남대학교(제1캠퍼스)_글로벌경영학부, 경기도_강남대학교(제1캠퍼스)_경영관리자율전공학부, 경기도_경기대학교(제1캠퍼스)_경영정보전공, 경기도_경기대학교(제1캠퍼스)_경영학부, 경기도_경기대학교(제1캠퍼스)_경영학과, 경기도_경기대학교(제1캠퍼스)_국제산업정보학과, 경기도_경기대학교(제1캠퍼스)_경영학전공, 경기도_경동대학교(제4캠퍼스)_외식사업경영학과, 경기도_경동대학교(제4캠퍼스)_호텔관광경영학과, 경기도_경동대학교(제4캠퍼스)_안보경영학과, 경기도_경동대학교(제4캠퍼스)_경영학과, 경기도_경동대학교(제4캠퍼스)_스포츠마케팅학과(예체능), 경기도_국립한국교통대학교(제3캠퍼스)_철도경영ㆍ물류학과, 경기도_국립한국교통대학교(제3캠퍼스)_철도경영ㆍ물류학전공, 경기도_국제사이버대학교(제1캠퍼스)_경영학과, 경기도_국제사이버대학교(제1캠퍼스)_ESG경영학과, 경기도_단국대학교(제1캠퍼스)_SW융합학부 SW융합경제경영전공, 경기도_단국대학교(제1캠퍼스)_경영학부 경영학전공, 경기도_단국대학교(제1캠퍼스)_경영경제대학, 경기도_단국대학교(제1캠퍼스)_부동산학전공, 경기도_단국대학교(제1캠퍼스)_마이스터경영학과, 경기도_단국대학교(제1캠퍼스)_경영학부, 경기도_단국대학교(제1캠퍼스)_글로벌경영학과, 경기도_단국대학교(제1캠퍼스)_국제경영학과, 경기도_대진대학교(제1캠퍼스)_국제경영학과, 경기도_대진대학교(제1캠퍼스)_경영학과, 경기도_동양대학교(제2캠퍼스)_IT융합경영학과, 경기도_서울신학대학교(제1캠퍼스)_(국제)관광경영학과, 경기도_서울신학대학교(제1캠퍼스)_글로벌경영학과, 경기도_서울신학대학교(제1캠퍼스)_(국제)글로벌경영학과, 경기도_성결대학교(제1캠퍼스)_경영학과, 경기도_수원대학교(제1캠퍼스)_호텔관광학부, 경기도_수원대학교(제1캠퍼스)_경영, 경기도_수원대학교(제1캠퍼스)_경영학부, 경기도_수원대학교(제1캠퍼스)_글로벌비즈니스, 경기도_신한대학교(제2캠퍼스)_글로벌관광경영학과, 경기도_신한대학교(제2캠퍼스)_글로벌경영학과, 경기도_신한대학교(제2캠퍼스)_빅데이터경영학과, 경기도_신한대학교(제2캠퍼스)_글로벌통상경영학과, 경기도_아주대학교(제1캠퍼스)_경영학과, 경기도_아주대학교(제1캠퍼스)_글로벌경영학과, 경기도_아주대학교(제1캠퍼스)_경영인텔리전스학과, 경기도_안양대학교(제1캠퍼스)_경영학전공, 경기도_안양대학교(제1캠퍼스)_경영학과, 경기도_안양대학교(제1캠퍼스)_글로벌경영학과, 경기도_안양대학교(제1캠퍼스)_관광경영전공, 경기도_예원예술대학교(제2캠퍼스)_경영전공, 경기도_용인대학교(제1캠퍼스)_경영학과, 경기도_용인대학교(제1캠퍼스)_미용경영학과, 경기도_을지대학교(제2캠퍼스)_의료IT마케팅학과, 경기도_을지대학교(제2캠퍼스)_의료경영전공, 경기도_중부대학교(제2캠퍼스)_엔터테인먼트학전공, 경기도_중부대학교(제2캠퍼스)_경영학전공, 경기도_중부대학교(제2캠퍼스)_경영학과, 경기도_중앙대학교(제2캠퍼스)_경영학부, 경기도_칼빈대학교(제1캠퍼스)_글로벌문화경영학과, 경기도_평택대학교(제1캠퍼스)_경영학과, 경기도_평택대학교(제1캠퍼스)_도시및부동산개발학과, 경기도_한경국립대학교(제1캠퍼스)_경영학전공, 경기도_한경국립대학교(제1캠퍼스)_글로벌경영전공, 경기도_한경국립대학교(제1캠퍼스)_미래융합학부, 경기도_한경국립대학교(제1캠퍼스)_경영학과, 경기도_한국공학대학교(제1캠퍼스)_기업경영학과, 경기도_한국공학대학교(제1캠퍼스)_디지털경영학과, 경기도_한국공학대학교(제1캠퍼스)_경영학부(경영학전공), 경기도_한국공학대학교(제1캠퍼스)_경영학부(데이터사이언스경영전공), 경기도_한국공학대학교(제1캠퍼스)_경영학부, 경기도_한국공학대학교(제1캠퍼스)_경영학부 (IT경영전공), 경기도_한국공학대학교(제1캠퍼스)_경영학부(경영 자율전공), 경기도_한국외국어대학교(제2캠퍼스)_글로벌e스포츠매니지먼트전공, 경기도_한국외국어대학교(제2캠퍼스)_Finance & AI융합학부, 경기도_한국외국어대학교(제2캠퍼스)_Global Business & Technology학부, 경기도_한국외국어대학교(제2캠퍼스)_Finance & AI융합전공, 경기도_한국외국어대학교(제2캠퍼스)_Global Business & Technology전공, 경기도_한국외국어대학교(제2캠퍼스)_국제경영학과, 경기도_한국외국어대학교(제2캠퍼스)_AI융합대학[통합모집], 경기도_한국외국어대학교(제2캠퍼스)_글로벌스포츠산업학부, 경기도_한국항공대학교(제1캠퍼스)_경영학부, 경기도_한국항공대학교(제1캠퍼스)_국제교류학부 항공경영전공, 경기도_한국항공대학교(제1캠퍼스)_국제교류학부 항공운항관리전공, 경기도_한국항공대학교(제1캠퍼스)_경영전공, 경기도_한국항공대학교(제1캠퍼스)_경영학과, 경기도_한국항공대학교(제1캠퍼스)_항공경영학과, 경기도_한국항공대학교(제1캠퍼스)_항공경영전공, 경기도_한세대학교(제1캠퍼스)_국제경영학과, 경기도_한세대학교(제1캠퍼스)_경영학과, 경기도_한세대학교(제1캠퍼스)_보건복지사회적기업학과, 경기도_한세대학교(제1캠퍼스)_보건복지사회적경제학과, 경기도_한신대학교(제1캠퍼스)_글로벌비즈니스학, 경기도_한신대학교(제1캠퍼스)_IT경영학과, 경기도_한신대학교(제1캠퍼스)_글로벌비즈니스학부, 경기도_한신대학교(제1캠퍼스)_국제경영전공, 경기도_한신대학교(제1캠퍼스)_IT경영학, 경기도_한신대학교(제1캠퍼스)_경영학과, 경기도_한신대학교(제1캠퍼스)_경영학, 경기도_한양대학교 ERICA캠퍼스(제1캠퍼스)_경영학부, 경기도_협성대학교(제1캠퍼스)_경영학과, 경기도_협성대학교(제1캠퍼스)_호텔관광ㆍ유통경영학과, 경기도_협성대학교(제1캠퍼스)_유통경영학과, 경기도_협성대학교(제1캠퍼스)_호텔관광경영학과, 경기도_화성의과학대학교(제1캠퍼스)_경영학과, 강원특별자치도_가톨릭관동대학교(제1캠퍼스)_호텔조리ㆍ외식경영학전공, 강원특별자치도_가톨릭관동대학교(제1캠퍼스)_항공경영학과, 강원특별자치도_가톨릭관동대학교(제1캠퍼스)_경영학과, 강원특별자치도_가톨릭관동대학교(제1캠퍼스)_기술창업학과, 강원특별자치도_가톨릭관동대학교(제1캠퍼스)_스포츠경영관리학전공, 강원특별자치도_가톨릭관동대학교(제1캠퍼스)_경영학전공, 강원특별자치도_가톨릭관동대학교(제1캠퍼스)_호텔관광경영학전공, 강원특별자치도_가톨릭관동대학교(제1캠퍼스)_창업지식재산학과, 강원특별자치도_강원대학교(제1캠퍼스)_산림경영학전공, 강원특별자치도_강원대학교(제1캠퍼스)_글로벌비즈니스학과, 강원특별자치도_강원대학교(제1캠퍼스)_경영관광회계학부, 강원특별자치도_강원대학교(제1캠퍼스)_경영학전공, 강원특별자치도_강원대학교(제1캠퍼스)_글로벌비즈니스전공, 강원특별자치도_강원대학교(제1캠퍼스)_경영ㆍ회계학부, 강원특별자치도_강원대학교(제1캠퍼스)_경영학과, 강원특별자치도_강원대학교(제1캠퍼스)_산림경영학과, 강원특별자치도_경동대학교(제1캠퍼스)_국제호텔경영학전공, 강원특별자치도_경동대학교(제1캠퍼스)_국제경영학전공, 강원특별자치도_경동대학교(제1캠퍼스)_국제호텔경영학과, 강원특별자치도_경동대학교(제1캠퍼스)_항공경영학과, 강원특별자치도_경동대학교(제1캠퍼스)_국제경영학과, 강원특별자치도_경동대학교(제3캠퍼스)_호텔관광경영학과, 강원특별자치도_국립강릉원주대학교(제1캠퍼스)_경영학과, 강원특별자치도_상지대학교(제1캠퍼스)_호텔컨벤션경영학과, 강원특별자치도_상지대학교(제1캠퍼스)_글로벌경영학과, 강원특별자치도_상지대학교(제1캠퍼스)_국제경영학과, 강원특별자치도_상지대학교(제1캠퍼스)_경영학과, 강원특별자치도_상지대학교(제1캠퍼스)_글로벌리더학부, 강원특별자치도_상지대학교(제1캠퍼스)_경영경제데이터산업학부 IT경영데이터분석전공, 강원특별자치도_연세대학교 미래캠퍼스(제1캠퍼스)_경영학부, 강원특별자치도_연세대학교 미래캠퍼스(제1캠퍼스)_경영학전공, 강원특별자치도_한라대학교(제1캠퍼스)_K-인터넷비즈니스경영학과, 강원특별자치도_한라대학교(제1캠퍼스)_호텔관광경영학부, 강원특별자치도_한라대학교(제1캠퍼스)_미래경영학과, 강원특별자치도_한라대학교(제1캠퍼스)_글로벌비즈니스학부, 강원특별자치도_한라대학교(제1캠퍼스)_문화관광경영학과, 강원특별자치도_한라대학교(제1캠퍼스)_경영학과, 강원특별자치도_한림대학교(제1캠퍼스)_융합관광경영전공, 강원특별자치도_한림대학교(제1캠퍼스)_문화산업전공, 강원특별자치도_한림대학교(제1캠퍼스)_글로벌비즈니스전공, 강원특별자치도_한림대학교(제1캠퍼스)_경영대학, 강원특별자치도_한림대학교(제1캠퍼스)_경영학과, 강원특별자치도_한림대학교(제1캠퍼스)_MICE기획경영전공, 강원특별자치도_한림대학교(제1캠퍼스)_AI기술경영융합전공, 충청북도_건국대학교 글로컬캠퍼스(제1캠퍼스)_경영경제학부, 충청북도_건국대학교 글로컬캠퍼스(제1캠퍼스)_창업경영전공, 충청북도_건국대학교 글로컬캠퍼스(제1캠퍼스)_경영학전공, 충청북도_건국대학교 글로컬캠퍼스(제1캠퍼스)_국제비즈니스학부, 충청북도_건국대학교 글로컬캠퍼스(제1캠퍼스)_경영학과, 충청북도_건국대학교 글로컬캠퍼스(제1캠퍼스)_경영학전공 트랙, 충청북도_국립한국교통대학교(제2캠퍼스)_복지ㆍ경영학과, 충청북도_국립한국교통대학교(제1캠퍼스)_스포츠산업학과, 충청북도_국립한국교통대학교(제1캠퍼스)_경영학과, 충청북도_국립한국교통대학교(제1캠퍼스)_융합경영전공, 충청북도_국립한국교통대학교(제1캠퍼스)_스포츠산업학전공, 충청북도_국립한국교통대학교(제1캠퍼스)_융합경영학과, 충청북도_국립한국교통대학교(제1캠퍼스)_경영학전공, 충청북도_국립한국교통대학교(제1캠퍼스)_경영ㆍ통상ㆍ복지학부, 충청북도_극동대학교(제1캠퍼스)_글로벌경영학과, 충청북도_극동대학교(제1캠퍼스)_경영호텔학부, 충청북도_극동대학교(제1캠퍼스)_경영학과, 충청북도_극동대학교(제1캠퍼스)_호텔경영전공, 충청북도_극동대학교(제1캠퍼스)_호텔ㆍ관광경영학과, 충청북도_극동대학교(제1캠퍼스)_글로벌호텔경영학과, 충청북도_서원대학교(제1캠퍼스)_문화예술경영전공, 충청북도_서원대학교(제1캠퍼스)_경영학부, 충청북도_서원대학교(제1캠퍼스)_경영ㆍ부동산전공, 충청북도_서원대학교(제1캠퍼스)_경영학전공, 충청북도_세명대학교(제1캠퍼스)_경영학과, 충청북도_세명대학교(제1캠퍼스)_호텔관광경영학과, 충청북도_세명대학교(제1캠퍼스)_전자상거래학과, 충청북도_세명대학교(제1캠퍼스)_글로벌경영학부, 충청북도_세명대학교(제1캠퍼스)_도시경제부동산학과, 충청북도_세명대학교(제1캠퍼스)_기업경영학과, 충청북도_세명대학교(제1캠퍼스)_부동산지적학과, 충청북도_우석대학교(제2캠퍼스)_창업컨설팅학과, 충청북도_우석대학교(제2캠퍼스)_경영학과, 충청북도_유원대학교(제1캠퍼스)_경영학과, 충청북도_중원대학교(제1캠퍼스)_스포츠산업학과, 충청북도_중원대학교(제1캠퍼스)_스포츠경영학부, 충청북도_청주대학교(제1캠퍼스)_호텔외식경영학과, 충청북도_청주대학교(제1캠퍼스)_경영학전공, 충청북도_청주대학교(제1캠퍼스)_경영학과, 충청북도_청주대학교(제1캠퍼스)_경영학부, 충청북도_충북대학교(제1캠퍼스)_국제경영학과, 충청북도_충북대학교(제1캠퍼스)_경영학부, 충청북도_충북대학교(제1캠퍼스)_경영학자율전공학부, 충청남도_건양대학교(제1캠퍼스)_호텔관광학과, 충청남도_건양대학교(제1캠퍼스)_마케팅비즈니스학과, 충청남도_건양대학교(제1캠퍼스)_글로벌경영학부, 충청남도_건양대학교(제1캠퍼스)_예식산업학과, 충청남도_건양대학교(제1캠퍼스)_글로벌경영학과, 충청남도_건양대학교(제1캠퍼스)_경영학부, 충청남도_건양대학교(제1캠퍼스)_글로벌프론티어학과, 충청남도_국립공주대학교(제3캠퍼스)_외식상품학과, 충청남도_국립공주대학교(제1캠퍼스)_경영학과(성인학습자전담과정), 충청남도_국립공주대학교(제2캠퍼스)_융합경영학과, 충청남도_국립공주대학교(제3캠퍼스)_외식상품학전공, 충청남도_국립공주대학교(제3캠퍼스)_부동산학전공, 충청남도_국립공주대학교(제1캠퍼스)_경영학과, 충청남도_글로벌사이버대학교(제1캠퍼스)_경영학부, 충청남도_글로벌사이버대학교(제1캠퍼스)_재테크ㆍ마케팅학과, 충청남도_금강대학교(제1캠퍼스)_IT경영학전공, 충청남도_금강대학교(제1캠퍼스)_경영학전공, 충청남도_나사렛대학교(제1캠퍼스)_항공호텔관광경영학과, 충청남도_나사렛대학교(제1캠퍼스)_글로벌비즈니스학부, 충청남도_나사렛대학교(제1캠퍼스)_글로벌비서경영학과, 충청남도_나사렛대학교(제1캠퍼스)_경영학과, 충청남도_나사렛대학교(제1캠퍼스)_글로벌비즈니스학과, 충청남도_나사렛대학교(제1캠퍼스)_국제경영학과, 충청남도_나사렛대학교(제1캠퍼스)_글로벌비서학과, 충청남도_남서울대학교(제1캠퍼스)_스포츠비즈니스학과, 충청남도_남서울대학교(제1캠퍼스)_경영학과, 충청남도_단국대학교(제2캠퍼스)_경영학전공, 충청남도_단국대학교(제2캠퍼스)_경영학부, 충청남도_단국대학교(제2캠퍼스)_경영학과, 충청남도_단국대학교(제2캠퍼스)_스포츠경영학과, 충청남도_백석대학교(제1캠퍼스)_외식산업학부, 충청남도_상명대학교(제2캠퍼스)_금융경영전공, 충청남도_상명대학교(제2캠퍼스)_예술학부 문화예술경영전공, 충청남도_선문대학교(제1캠퍼스)_경영학부, 충청남도_선문대학교(제1캠퍼스)_IT경영학과, 충청남도_선문대학교(제1캠퍼스)_경영학과, 충청남도_선문대학교(제1캠퍼스)_글로벌자유전공학부 국제경영학, 충청남도_선문대학교(제1캠퍼스)_글로벌경영학과, 충청남도_순천향대학교(제1캠퍼스)_글로벌문화산업학과, 충청남도_순천향대학교(제1캠퍼스)_경영학과, 충청남도_유원대학교(제2캠퍼스)_부동산학전공, 충청남도_청운대학교(제1캠퍼스)_호텔조리식당경영학과, 충청남도_청운대학교(제1캠퍼스)_항공서비스경영학과, 충청남도_청운대학교(제1캠퍼스)_공연기획경영학과, 충청남도_청운대학교(제1캠퍼스)_부동산경영학과, 충청남도_청운대학교(제1캠퍼스)_호텔조리베이커리경영학과, 충청남도_청운대학교(제1캠퍼스)_호텔관광경영학부, 충청남도_청운대학교(제1캠퍼스)_호텔관광경영학부(호텔경영전공), 충청남도_청운대학교(제1캠퍼스)_창업경영학과, 충청남도_청운대학교(제1캠퍼스)_융합경영학부, 충청남도_청운대학교(제1캠퍼스)_사회적기업학과, 충청남도_청운대학교(제1캠퍼스)_호텔관광경영학과, 충청남도_청운대학교(제1캠퍼스)_e비즈니스창업학과, 충청남도_한국기술교육대학교(제1캠퍼스)_미래융합학부, 충청남도_한국기술교육대학교(제1캠퍼스)_강소기업경영학과, 충청남도_한국기술교육대학교(제1캠퍼스)_HRD학과, 충청남도_한국기술교육대학교(제1캠퍼스)_산업경영학부, 충청남도_호서대학교(제1캠퍼스)_빅데이터경영공학부, 충청남도_호서대학교(제2캠퍼스)_경영학부, 충청남도_호서대학교(제2캠퍼스)_경영학전공, 충청남도_호서대학교(제2캠퍼스)_디지털금융경영학과, 충청남도_호서대학교(제2캠퍼스)_디지털기술경영학과, 충청남도_호서대학교(제2캠퍼스)_스마트경영학과, 전북특별자치도_국립군산대학교(제1캠퍼스)_글로벌융합학부(글로벌비즈니스전공), 전북특별자치도_국립군산대학교(제1캠퍼스)_경영학과, 전북특별자치도_국립군산대학교(제1캠퍼스)_글로벌비즈니스학부, 전북특별자치도_국립군산대학교(제1캠퍼스)_경영학부, 전북특별자치도_국립군산대학교(제1캠퍼스)_경영학부(경영학전공), 전북특별자치도_우석대학교(제1캠퍼스)_경영학부, 전북특별자치도_원광대학교(제1캠퍼스)_경영학부, 전북특별자치도_원광대학교(제1캠퍼스)_정보ㆍ전자상거래학부, 전북특별자치도_원광대학교(제1캠퍼스)_경영학과, 전북특별자치도_원광디지털대학교(제1캠퍼스)_차문화경영학과, 전북특별자치도_전북대학교(제1캠퍼스)_경영학과, 전북특별자치도_전북대학교(제1캠퍼스)_경영학부 경영학전공, 전북특별자치도_전주대학교(제1캠퍼스)_경영계열, 전북특별자치도_전주대학교(제1캠퍼스)_경영관리전공, 전북특별자치도_전주대학교(제1캠퍼스)_경영대학, 전북특별자치도_전주대학교(제1캠퍼스)_경영학과, 전북특별자치도_전주대학교(제1캠퍼스)_창업경영금융학과, 전북특별자치도_전주대학교(제1캠퍼스)_호텔경영전공, 전북특별자치도_전주대학교(제1캠퍼스)_금융경영전공, 전북특별자치도_전주대학교(제1캠퍼스)_부동산국토정보학과, 전북특별자치도_전주대학교(제1캠퍼스)_기술경영공학과, 전북특별자치도_한일장신대학교(제1캠퍼스)_혁신경영학과, 전북특별자치도_호원대학교(제1캠퍼스)_외식창업경영학과, 전북특별자치도_호원대학교(제1캠퍼스)_경영학과, 전북특별자치도_호원대학교(제1캠퍼스)_디지털경영학부, 전북특별자치도_호원대학교(제1캠퍼스)_경영학부, 전북특별자치도_호원대학교(제1캠퍼스)_호텔관광학부, 전라남도_국립목포대학교(제1캠퍼스)_스마트비즈니스학과, 전라남도_국립목포대학교(제1캠퍼스)_경영학부, 전라남도_국립목포대학교(제1캠퍼스)_경영학, 전라남도_국립목포대학교(제1캠퍼스)_경영학과, 전라남도_국립목포대학교(제1캠퍼스)_전자상거래학과, 전라남도_국립순천대학교(제1캠퍼스)_경영학전공, 전라남도_국립순천대학교(제1캠퍼스)_경영학과, 전라남도_국립순천대학교(제1캠퍼스)_물류비즈니스학과, 전라남도_동신대학교(제1캠퍼스)_글로벌경영전공, 전라남도_동신대학교(제1캠퍼스)_호텔관광경영학과, 전라남도_동신대학교(제1캠퍼스)_경영학과, 전라남도_세한대학교(제1캠퍼스)_창업평생교육학과, 전라남도_세한대학교(제1캠퍼스)_휴먼서비스학과, 전라남도_전남대학교(제2캠퍼스)_문화관광경영학과, 전라남도_전남대학교(제2캠퍼스)_글로벌비즈니스학부, 전라남도_초당대학교(제1캠퍼스)_창업경영학과, 전라남도_초당대학교(제1캠퍼스)_경영학과, 전라남도_초당대학교(제1캠퍼스)_글로벌비즈니스학과, 경상북도_경운대학교(제1캠퍼스)_국제경영전공, 경상북도_경운대학교(제1캠퍼스)_의료서비스경영학과, 경상북도_경운대학교(제1캠퍼스)_서비스경영전공, 경상북도_경일대학교(제1캠퍼스)_부동산지적학과, 경상북도_경일대학교(제1캠퍼스)_글로벌비즈니스학과, 경상북도_경일대학교(제1캠퍼스)_부동산재테크학부, 경상북도_경일대학교(제1캠퍼스)_스마트경영학부, 경상북도_국립경국대학교(제1캠퍼스)_경영회계학부, 경상북도_국립경국대학교(제1캠퍼스)_경영학전공, 경상북도_국립금오공과대학교(제1캠퍼스)_경영학과, 경상북도_김천대학교(제1캠퍼스)_K-글로벌학과, 경상북도_김천대학교(제1캠퍼스)_영어ㆍ글로벌경영학과, 경상북도_김천대학교(제1캠퍼스)_항공비즈니스학과, 경상북도_대구가톨릭대학교(제1캠퍼스)_국제의료경영학과, 경상북도_대구가톨릭대학교(제1캠퍼스)_글로벌비즈니스전공, 경상북도_대구가톨릭대학교(제1캠퍼스)_부동산경영학과, 경상북도_대구가톨릭대학교(제1캠퍼스)_경영학과2, 경상북도_대구가톨릭대학교(제1캠퍼스)_호텔관광학과, 경상북도_대구가톨릭대학교(제1캠퍼스)_창업경영학과, 경상북도_대구가톨릭대학교(제1캠퍼스)_경영학과, 경상북도_대구가톨릭대학교(제1캠퍼스)_경영학부, 경상북도_대구가톨릭대학교(제1캠퍼스)_IT경영전공, 경상북도_대구가톨릭대학교(제1캠퍼스)_문화예술경영전공, 경상북도_대구대학교(제1캠퍼스)_부동산ㆍ지적학과, 경상북도_대구대학교(제1캠퍼스)_호텔관광경영학부(관광항공경영전공), 경상북도_대구대학교(제1캠퍼스)_경영학부(경영학전공), 경상북도_대구대학교(제1캠퍼스)_휴먼케어창의학부(자산관리ㆍ6차산업학전공), 경상북도_대구대학교(제1캠퍼스)_호텔관광경영학부, 경상북도_대구대학교(제1캠퍼스)_호텔관광경영학부(호텔관광외식서비스전공), 경상북도_대구대학교(제1캠퍼스)_경영학과, 경상북도_대구대학교(제1캠퍼스)_경영학부, 경상북도_대구한의대학교(제1캠퍼스)_K-뷰티비즈니스전공, 경상북도_대구한의대학교(제1캠퍼스)_글로벌비즈니스전공, 경상북도_대구한의대학교(제1캠퍼스)_글로벌디지털비즈니스전공, 경상북도_대구한의대학교(제1캠퍼스)_경영학과, 경상북도_대구한의대학교(제1캠퍼스)_부동산학부, 경상북도_대구한의대학교(제1캠퍼스)_스포츠경영전공, 경상북도_대구한의대학교(제1캠퍼스)_자기경영헬스전공, 경상북도_대구한의대학교(제1캠퍼스)_의료서비스경영학전공, 경상북도_대구한의대학교(제1캠퍼스)_청도인적자원개발학과, 경상북도_대구한의대학교(제1캠퍼스)_호텔관광학과, 경상북도_대구한의대학교(제1캠퍼스)_한방웰니스산업경영전공, 경상북도_대구한의대학교(제1캠퍼스)_부동산개발학과, 경상북도_대신대학교(제1캠퍼스)_선교학부 글로벌비즈니스전공, 경상북도_동국대학교 WISE캠퍼스(제1캠퍼스)_관광레저경영학전공, 경상북도_동국대학교 WISE캠퍼스(제1캠퍼스)_호텔관광경영학전공, 경상북도_동국대학교 WISE캠퍼스(제1캠퍼스)_외식경영학전공, 경상북도_동국대학교 WISE캠퍼스(제1캠퍼스)_호텔관광외식경영학부, 경상북도_동국대학교 WISE캠퍼스(제1캠퍼스)_호텔컨벤션경영학전공, 경상북도_동국대학교 WISE캠퍼스(제1캠퍼스)_호텔관광경영학부, 경상북도_동국대학교 WISE캠퍼스(제1캠퍼스)_정보경영학전공, 경상북도_동국대학교 WISE캠퍼스(제1캠퍼스)_경영학과, 경상북도_동국대학교 WISE캠퍼스(제1캠퍼스)_정보경영학과, 경상북도_동국대학교 WISE캠퍼스(제1캠퍼스)_경영학부, 경상북도_동국대학교 WISE캠퍼스(제1캠퍼스)_경영학전공, 경상북도_동양대학교(제1캠퍼스)_글로벌비즈니스학과, 경상북도_동양대학교(제1캠퍼스)_경영관광학부, 경상북도_동양대학교(제1캠퍼스)_철도경영학과, 경상북도_동양대학교(제1캠퍼스)_국제경영학과, 경상북도_신경주대학교(제1캠퍼스)_ESG경영학과, 경상북도_영남대학교(제1캠퍼스)_식품경제외식학과, 경상북도_영남대학교(제1캠퍼스)_휴먼서비스학과, 경상북도_영남대학교(제1캠퍼스)_글로벌비즈니스학과, 경상북도_영남대학교(제1캠퍼스)_경영학과, 경상북도_영남사이버대학교(제1캠퍼스)_호텔외식창업경영학과, 경상북도_위덕대학교(제1캠퍼스)_외식산업학부, 경상북도_위덕대학교(제1캠퍼스)_경영학과, 경상북도_위덕대학교(제1캠퍼스)_스마트경영학과, 경상북도_한동대학교(제1캠퍼스)_글로벌리더십학부, 경상북도_한동대학교(제1캠퍼스)_경영경제학부, 경상남도_가야대학교(제1캠퍼스)_부동산금융재테크학과, 경상남도_경남대학교(제1캠퍼스)_경영학전공, 경상남도_경남대학교(제1캠퍼스)_비즈니스컨설팅학과, 경상남도_경남대학교(제1캠퍼스)_호텔컨벤션경영학전공, 경상남도_경남대학교(제1캠퍼스)_프로네시스융합학부, 경상남도_경남대학교(제1캠퍼스)_경영학부, 경상남도_경남대학교(제1캠퍼스)_경영학과, 경상남도_경상국립대학교(제2캠퍼스)_해양수산경영학과, 경상남도_경상국립대학교(제1캠퍼스)_경영학부, 경상남도_경상국립대학교(제1캠퍼스)_경영학과, 경상남도_국립창원대학교(제1캠퍼스)_신산업융합경영학과(야), 경상남도_국립창원대학교(제1캠퍼스)_자산경영빅데이터학과, 경상남도_국립창원대학교(제1캠퍼스)_경영학과, 경상남도_국립창원대학교(제1캠퍼스)_빅데이터창업비즈니스학과, 경상남도_국립창원대학교(제1캠퍼스)_글로벌비즈니스학부, 경상남도_영산대학교(제1캠퍼스)_해운항만경영학과, 경상남도_영산대학교(제1캠퍼스)_중국비즈니스학과, 경상남도_영산대학교(제1캠퍼스)_호텔관광학과, 경상남도_영산대학교(제1캠퍼스)_외식경영학과, 경상남도_영산대학교(제1캠퍼스)_인도비즈니스학과, 경상남도_영산대학교(제1캠퍼스)_물류경영학과, 경상남도_인제대학교(제1캠퍼스)_경영학부, 경상남도_인제대학교(제1캠퍼스)_경영학과, 경상남도_창신대학교(제1캠퍼스)_부동산금융학과, 경상남도_창신대학교(제1캠퍼스)_중국비즈니스학과, 경상남도_창신대학교(제1캠퍼스)_부동산경영학과, 제주특별자치도_제주국제대학교(제1캠퍼스)_핀텍경영학과, 제주특별자치도_제주국제대학교(제1캠퍼스)_호텔관광경영학과, 제주특별자치도_제주국제대학교(제1캠퍼스)_융합경영학부, 제주특별자치도_제주국제대학교(제1캠퍼스)_항공서비스경영학과, 제주특별자치도_제주대학교(제1캠퍼스)_부동산관리학과, 제주특별자치도_제주대학교(제1캠퍼스)_경영학과, 세종특별자치시_고려대학교 세종캠퍼스(제1캠퍼스)_디지털경영전공, 세종특별자치시_고려대학교 세종캠퍼스(제1캠퍼스)_글로벌경영전공, 세종특별자치시_고려대학교 세종캠퍼스(제1캠퍼스)_융합경영학부, 세종특별자치시_고려대학교 세종캠퍼스(제1캠퍼스)_경영학부, 세종특별자치시_고려대학교 세종캠퍼스(제1캠퍼스)_표준ㆍ지식학과, 세종특별자치시_홍익대학교 세종캠퍼스(제2캠퍼스)_상경학부 글로벌경영전공","일반 선택: 화법과 언어, 독서와 작문, 문학, 대수, 미적분I, 확률과 통계, 영어I, 영어II, 영어 독해와 작문, 세계시민과 지리, 세계사, 사회와 문화, 정보, 제2외국어 과목 등 | 진로 선택: 미적분II, 기하, 경제 수학, 영어 발표와 토론, 법과 사회, 경제, 윤리와 사상, 국제 관계의 이해, 인공지능 기초, 데이터 과학 등 | 융합 선택: 실용 통계, 수학과제 탐구, 실생활 영어 회화, 세계 문화와 영어, 사회문제 탐구, 금융과 경제생활, 제2외국어 문화 과목 등","공통과목: 수학, 사회, 기술ㆍ가정, 생활ㆍ교양 | 일반선택과목: 수학교과 : 수학I, Ⅱ, 미적분, 확률과 통계 | 진로선택과목: 실용 수학, 기하, 경제 수학, 수학 과제 탐구, 사회문제 탐구, 창의 경영, 지식 재산 일반 | 전문교과Ⅰ: 심화 수학I, 정보과학, 국제 경제, 세계 문제와 미래 사회, 사회 탐구 방법 및 사회과제 연구 | 전문교과Ⅱ: 기업과 경영, 회계 정보 처리 시스템, 금융 일반, 마케팅과 광고, 창업 일반, 커뮤니케이션, 유통 관리","감정평가사, 경영지도사, 공인노무사, 공인회계사, 관세사, 물류관리사, 보험계리사, 보험중개사, 사회조사분석사, 세무사, 소비자전문상담사, 손해사정사, 전산회계운용사, 전자상거래관리사, 전자상거래운용사, 컨벤션기획사",경영컨설턴트
10150,디지털디자인학과,"대전광역시_대전대학교(제1캠퍼스)_디지털헬스케어학과, 강원특별자치도_연세대학교 미래캠퍼스(제1캠퍼스)_디지털아트전공, 강원특별자치도_연세대학교 미래캠퍼스(제1캠퍼스)_K-Arts전공, 강원특별자치도_연세대학교 미래캠퍼스(제1캠퍼스)_디지털아트학전공, 경상북도_국립경국대학교(제1캠퍼스)_디지털ICT공학과, 경상북도_대구가톨릭대학교(제1캠퍼스)_디지털디자인과, 경상남도_영산대학교(제1캠퍼스)_AI그래픽콘텐츠학과","일반 선택: 독서와 작문, 문학, 대수, 확률과 통계, 영어Ⅰ, 영어Ⅱ, 영어 독해오작문, 미술, 정보 등 | 진로 선택: 주제 탐구 독서, 문학과 영상, 미술 창작, 미술 감상과 비평, 인간과 심리 등 | 융합 선택: 매체 의사소통, 미디어 영어, 세계 문화와 영어, 여행지리, 사회문제 탐구, 미술과 매체 등","공통과목: 수학, 과학, 예술, 생활ㆍ교양, 사회, 국어 | 일반선택과목: 수학ㆍ과학교과 : 수학Ⅰ, 수학Ⅱ, 확률과 통계, 물리학Ⅰ, 지구과학Ⅰ | 진로선택과목: 미술창작, 미술/음악 감상과 비평, 사회문제 탐구, 고전 읽기, 융합 과학, 지식재산 일반, 창의 경영, 기하, 수학탐구 과제 | 전문교과Ⅰ: 매체미술, 드로잉, 사진표현기법, 문학과 매체, 사회과제 연구, 영화 기술, 시나리오, 현대 세계의 변화 | 전문교과Ⅱ: 미디어콘텐츠일반, 문화콘텐츠산업일반, 영상제작기초, 컴퓨터그래픽, 프로그래밍, 디지털논리회로, 디지털이미지재현","게임그래픽전문가, 게임기획전문가, 멀티미디어콘텐츠제작전문가, 시각디자인기사",애니메이터
629,항해학과,"부산광역시_국립한국해양대학교(제1캠퍼스)_항해융합학부(지능항해시스템전공), 부산광역시_국립한국해양대학교(제1캠퍼스)_해양경찰학부(항해전공, 기관전공), 부산광역시_국립한국해양대학교(제1캠퍼스)_해양경찰학부(기관전공), 부산광역시_국립한국해양대학교(제1캠퍼스)_항해융합학부, 부산광역시_국립한국해양대학교(제1캠퍼스)_해양경찰학부(항해전공), 전라남도_국립목포해양대학교(제1캠퍼스)_항해정보시스템학부, 전라남도_국립목포해양대학교(제1캠퍼스)_항해학부","일반 선택: 대수, 미적분 Ⅰ,확률과 통계, 물리학, 화학, 생명과학, 지구과학, 정보등 | 진로 선택: 기하, 미적분Ⅱ, 역학과 에너지, 전자기와 양자, 물질과 에너지, 화학 반응의 세계, 세포와 물질대사, 지구시스템과학, 데이터 과학 등 | 융합 선택: 융합과학 탐구 등","공통과목: 수학, 과학, 기술ㆍ가정 | 일반선택과목: 수학교과 : 수학ⅠㆍⅡ, 미적분, 확률과 통계 | 진로선택과목: 기하, 수학과제 탐구, | 전문교과Ⅰ: 심화수학ⅠㆍⅡ, 고급 수학ⅠㆍⅡ, 고급 물리학, 물리학 실험, 고급 화학, 화학 실험, 고급 지구과학, 지구과학 실험,, 정보과학, 융합과학탐구, 과학과제연구 | 전문교과Ⅱ: 기계 제도, 기초 제도, 선박 구조, 선박 건조, 해양의 이해, 해양 정보 관리","기관사1급, 기관사2급, 기관사3급, 기관사4급, 기관사5급, 기관사6급, 소형선박조종사, 운항사1급, 운항사3급, 운항사4급, 운항사5급, 항해사1급, 항해사2급, 항해사3급, 항해사4급, 항해사5급, 항해사6급",도선사
631,해양공학과,"서울특별시_서울대학교(제1캠퍼스)_조선해양공학과, 부산광역시_국립부경대학교(제1캠퍼스)_해양학전공, 부산광역시_국립부경대학교(제1캠퍼스)_해양생산시스템관리학부, 부산광역시_국립부경대학교(제1캠퍼스)_수해양산업교육과 항해공학전공, 부산광역시_국립부경대학교(제1캠퍼스)_해양공학과, 부산광역시_국립부경대학교(제1캠퍼스)_조선해양시스템공학전공, 부산광역시_국립한국해양대학교(제1캠퍼스)_조선해양시스템공학부, 부산광역시_국립한국해양대학교(제1캠퍼스)_항해융합학부(해사법무보험전공), 부산광역시_국립한국해양대학교(제1캠퍼스)_항해융합학부(해사안전전공), 부산광역시_국립한국해양대학교(제1캠퍼스)_해양공간건축학부, 부산광역시_국립한국해양대학교(제1캠퍼스)_해양공학과, 부산광역시_국립한국해양대학교(제1캠퍼스)_해사인공지능ㆍ보안학부(사이버보안전공), 부산광역시_국립한국해양대학교(제1캠퍼스)_해사인공지능ㆍ보안학부, 부산광역시_국립한국해양대학교(제1캠퍼스)_기관시스템공학부, 부산광역시_국립한국해양대학교(제1캠퍼스)_항해융합학부(해사글로벌전공), 부산광역시_국립한국해양대학교(제1캠퍼스)_항해융합학부(해사경영관리전공), 부산광역시_동명대학교(제1캠퍼스)_해양모빌리티학과, 부산광역시_동명대학교(제1캠퍼스)_자율운항시스템전공, 부산광역시_동명대학교(제1캠퍼스)_조선해양공학과, 부산광역시_동아대학교(제1캠퍼스)_조선해양공학과, 부산광역시_동아대학교(제1캠퍼스)_기계ㆍ산업경영공학부 조선해양플랜트공학과, 부산광역시_동의대학교(제1캠퍼스)_조선해양공학과, 부산광역시_부산대학교(제1캠퍼스)_조선ㆍ해양공학과, 부산광역시_부산대학교(제1캠퍼스)_해양학과, 인천광역시_안양대학교(제2캠퍼스)_해양바이오시스템공학과, 인천광역시_인천대학교(제1캠퍼스)_해양학과, 인천광역시_인하대학교(제1캠퍼스)_해양과학과, 인천광역시_인하대학교(제1캠퍼스)_조선해양공학과, 대전광역시_충남대학교(제1캠퍼스)_선박해양공학과, 대구광역시_경북대학교(제1캠퍼스)_지구시스템과학부 해양학전공, 울산광역시_울산대학교(제1캠퍼스)_조선해양공학전공, 광주광역시_조선대학교(제1캠퍼스)_선박해양공학과, 경기도_한양대학교 ERICA캠퍼스(제1캠퍼스)_해양융합공학과, 강원특별자치도_강원대학교(제2캠퍼스)_환경해양건설공학과, 강원특별자치도_경동대학교(제1캠퍼스)_해양심층수융복합학과, 전북특별자치도_국립군산대학교(제1캠퍼스)_해양산업ㆍ운송과학기술학부, 전북특별자치도_국립군산대학교(제1캠퍼스)_해양경찰학부, 전북특별자치도_국립군산대학교(제1캠퍼스)_기관공학과, 전라남도_국립목포대학교(제1캠퍼스)_조선시스템학과, 전라남도_국립목포대학교(제1캠퍼스)_조선해양공학과(조선해양설계트랙), 전라남도_국립목포대학교(제1캠퍼스)_스마트조선시스템학과, 전라남도_국립목포대학교(제1캠퍼스)_조선해양공학, 전라남도_국립목포대학교(제1캠퍼스)_조선해양공학과(조선해양생산트랙), 전라남도_국립목포대학교(제1캠퍼스)_첨단운송기계시스템학과, 전라남도_국립목포대학교(제1캠퍼스)_조선해양공학과, 전라남도_국립목포해양대학교(제1캠퍼스)_해양컴퓨터공학과, 전라남도_국립목포해양대학교(제1캠퍼스)_해군사관학부, 전라남도_국립목포해양대학교(제1캠퍼스)_기관시스템공학부, 전라남도_국립목포해양대학교(제1캠퍼스)_첨단해양모빌리티학과, 전라남도_국립목포해양대학교(제1캠퍼스)_해양경찰학부, 전라남도_국립목포해양대학교(제1캠퍼스)_기관ㆍ해양경찰학부, 전라남도_국립목포해양대학교(제1캠퍼스)_조선해양공학과, 전라남도_국립목포해양대학교(제1캠퍼스)_해양메카트로닉스학부, 전라남도_국립목포해양대학교(제1캠퍼스)_해상운송학부, 전라남도_전남대학교(제2캠퍼스)_해양기술학부, 전라남도_전남대학교(제2캠퍼스)_기관시스템공학과, 전라남도_전남대학교(제2캠퍼스)_해양토목공학과, 전라남도_전남대학교(제2캠퍼스)_조선해양공학과, 전라남도_초당대학교(제1캠퍼스)_글로벌조선학과, 경상북도_신경주대학교(제1캠퍼스)_조선플랜트학과, 경상남도_경남대학교(제1캠퍼스)_조선해양시스템공학과, 경상남도_경상국립대학교(제2캠퍼스)_미래산업융합학과, 경상남도_경상국립대학교(제2캠퍼스)_조선해양공학과, 경상남도_경상국립대학교(제2캠퍼스)_해양토목공학과, 경상남도_국립창원대학교(제1캠퍼스)_조선해양공학과, 경상남도_국립창원대학교(제1캠퍼스)_스마트오션모빌리티공학과, 경상남도_국립창원대학교(제1캠퍼스)_산업조선해양공학부, 세종특별자치시_홍익대학교 세종캠퍼스(제2캠퍼스)_조선해양공학과","일반 선택: 대수, 미적분 Ⅰ,확률과 통계, 물리학, 화학, 생명과학, 지구과학, 정보등 | 진로 선택: 기하, 미적분Ⅱ, 역학과 에너지, 전자기와 양자, 물질과 에너지, 화학 반응의 세계, 세포와 물질대사, 지구시스템과학, 데이터 과학 등 | 융합 선택: 융합과학 탐구 등","공통과목: 수학, 과학, 기술ㆍ가정 | 일반선택과목: 수학교과 : 수학ⅠㆍⅡ, 미적분, 확률과 통계 | 진로선택과목: 기하, 수학과제 탐구, | 전문교과Ⅰ: 심화수학ⅠㆍⅡ, 고급 수학ⅠㆍⅡ, 고급 물리학, 물리학 실험, 고급 화학, 화학 실험, 고급 지구과학, 지구과학 실험,, 정보과학, 융합과학탐구, 과학과제연구 | 전문교과Ⅱ: 기계 제도, 기초 제도, 선박 구조, 선박 건조, 해양의 이해, 해양 정보 관리","해양공학기사, 해양기술사, 해양생산관리기사, 해양자원개발기사, 해양조사산업기사, 해양환경기사",조선공학기술자
10149,디자인학과,"서울특별시_건국대학교(제1캠퍼스)_리빙디자인학과, 서울특별시_경희대학교(제1캠퍼스)_조리&푸드디자인학과, 서울특별시_고려대학교(제1캠퍼스)_디자인조형학부, 서울특별시_고려사이버대학교(제1캠퍼스)_디자인학부, 서울특별시_국민대학교(제1캠퍼스)_공간디자인학과, 서울특별시_국민대학교(제1캠퍼스)_영상디자인학과, 서울특별시_덕성여자대학교(제1캠퍼스)_실내디자인전공, 서울특별시_덕성여자대학교(제1캠퍼스)_Art & Design대학, 서울특별시_덕성여자대학교(제1캠퍼스)_텍스타일디자인전공, 서울특별시_덕성여자대학교(제1캠퍼스)_텍스타일디자인학과, 서울특별시_동덕여자대학교(제1캠퍼스)_미디어디자인학과, 서울특별시_동덕여자대학교(제1캠퍼스)_디자인학부, 서울특별시_동덕여자대학교(제1캠퍼스)_디자인학부 미디어디자인전공, 서울특별시_명지대학교 인문캠퍼스(제2캠퍼스)_멀티디자인학과, 서울특별시_명지대학교 인문캠퍼스(제2캠퍼스)_융합디자인학과, 서울특별시_명지대학교 인문캠퍼스(제2캠퍼스)_디지털콘텐츠디자인학과, 서울특별시_삼육대학교(제1캠퍼스)_아트앤디자인학과, 서울특별시_서경대학교(제1캠퍼스)_LF_라이프스타일디자인, 서울특별시_서경대학교(제1캠퍼스)_메이크업디자인학과, 서울특별시_서경대학교(제1캠퍼스)_글로벌메이크업디자인학과, 서울특별시_서경대학교(제1캠퍼스)_디자인학부, 서울특별시_서경대학교(제1캠퍼스)_헤어디자인학과, 서울특별시_서경대학교(제1캠퍼스)_생활문화디자인전공, 서울특별시_서경대학교(제1캠퍼스)_헤어ㆍ메이크업 디자인학과, 서울특별시_서울과학기술대학교(제1캠퍼스)_디자인학과, 서울특별시_서울과학기술대학교(제1캠퍼스)_금속공예디자인학과, 서울특별시_서울대학교(제1캠퍼스)_디자인과, 서울특별시_서울디지털대학교(제1캠퍼스)_디자인학과, 서울특별시_서울사이버대학교(제1캠퍼스)_뷰티디자인학과, 서울특별시_서울사이버대학교(제1캠퍼스)_멀티미디어디자인학과, 서울특별시_서울시립대학교(제1캠퍼스)_디자인학과, 서울특별시_서울여자대학교(제1캠퍼스)_첨단미디어디자인전공, 서울특별시_성균관대학교(제1캠퍼스)_디자인학과, 서울특별시_성신여자대학교(제2캠퍼스)_국제학부(뷰티ㆍ패션디자인전공), 서울특별시_성신여자대학교(제1캠퍼스)_디자인과, 서울특별시_성신여자대학교(제1캠퍼스)_서비스디자인공학과, 서울특별시_성신여자대학교(제1캠퍼스)_서비스ㆍ디자인공학과, 서울특별시_세종대학교(제1캠퍼스)_영상디자인융합전공, 서울특별시_연세대학교(제1캠퍼스)_생활디자인학과, 서울특별시_이화여자대학교(제1캠퍼스)_패션디자인전공(섬유ㆍ패션학부), 서울특별시_이화여자대학교(제1캠퍼스)_공간디자인전공, 서울특별시_이화여자대학교(제1캠퍼스)_디자인학부(신), 서울특별시_이화여자대학교(제1캠퍼스)_영상디자인전공, 서울특별시_한국열린사이버대학교(제1캠퍼스)_뷰티건강디자인학과, 서울특별시_한국예술종합학교(제1캠퍼스)_디자인과, 서울특별시_한성대학교(제1캠퍼스)_ICT디자인학부, 서울특별시_한성대학교(제1캠퍼스)_ICT융합디자인학과, 서울특별시_한성대학교(제1캠퍼스)_뷰티디자인학과, 서울특별시_한성대학교(제1캠퍼스)_뷰티디자인매니지먼트학과, 서울특별시_한성대학교(제1캠퍼스)_인테리어디자인학과, 서울특별시_한양사이버대학교(제1캠퍼스)_리빙디자인학과, 서울특별시_한양사이버대학교(제1캠퍼스)_예술문화디자인학과, 서울특별시_홍익대학교(제1캠퍼스)_디자인학부, 서울특별시_홍익대학교(제1캠퍼스)_금속조형디자인과, 부산광역시_국립부경대학교(제1캠퍼스)_공업디자인전공, 부산광역시_동명대학교(제1캠퍼스)_메이크업디자인학과, 부산광역시_동명대학교(제1캠퍼스)_Dept. of Culture and Design Management, 부산광역시_동명대학교(제1캠퍼스)_헤어디자인학과, 부산광역시_동서대학교(제1캠퍼스)_영상디자인학전공, 부산광역시_동서대학교(제1캠퍼스)_디자인학부, 부산광역시_동서대학교(제1캠퍼스)_제품인터랙션디자인전공, 부산광역시_동서대학교(제1캠퍼스)_디지털미디어디자인전공, 부산광역시_동서대학교(제1캠퍼스)_디자인학전공, 부산광역시_동서대학교(제1캠퍼스)_멀티미디어디자인학전공, 부산광역시_동의대학교(제1캠퍼스)_제품디자인공학과, 부산광역시_동의대학교(제1캠퍼스)_디자인공학부, 부산광역시_부산대학교(제1캠퍼스)_디자인학과, 부산광역시_신라대학교(제1캠퍼스)_주얼리디자인학과, 부산광역시_신라대학교(제1캠퍼스)_주얼리디자인전공, 부산광역시_신라대학교(제1캠퍼스)_실내건축디자인전공, 부산광역시_신라대학교(제1캠퍼스)_디자인ㆍ미술학부, 부산광역시_신라대학교(제1캠퍼스)_주얼리디자인학전공, 인천광역시_인천가톨릭대학교(제2캠퍼스)_융합디자인학과, 인천광역시_인천대학교(제1캠퍼스)_디자인학부, 인천광역시_인하대학교(제1캠퍼스)_디자인융합학과, 대전광역시_건양대학교(제2캠퍼스)_의료공간디자인학과, 대전광역시_국립한밭대학교(제1캠퍼스)_융합디자인학과, 대전광역시_국립한밭대학교(제1캠퍼스)_생활디자인학과, 대전광역시_대전대학교(제1캠퍼스)_서예디자인학과, 대전광역시_대전대학교(제1캠퍼스)_뷰티디자인학과, 대전광역시_목원대학교(제1캠퍼스)_도자디자인학과, 대전광역시_배재대학교(제1캠퍼스)_미술디자인학전공, 대전광역시_우송대학교(제1캠퍼스)_테크노미디어융합학부 미디어디자인ㆍ영상전공, 대전광역시_우송대학교(제1캠퍼스)_뷰티디자인경영학과, 대전광역시_충남대학교(제1캠퍼스)_디자인창의학과, 대전광역시_한남대학교(제1캠퍼스)_융합디자인전공, 대전광역시_한남대학교(제1캠퍼스)_디자인학과, 대전광역시_한남대학교(제1캠퍼스)_융합디자인학과, 대구광역시_경북대학교(제1캠퍼스)_디자인학과, 울산광역시_울산과학기술원(제1캠퍼스)_디자인및인간공학부, 울산광역시_울산과학기술원(제1캠퍼스)_디자인학과, 울산광역시_울산대학교(제1캠퍼스)_실내공간디자인학전공, 울산광역시_울산대학교(제1캠퍼스)_디자인학부, 울산광역시_울산대학교(제1캠퍼스)_디지털콘텐츠디자인학전공, 울산광역시_울산대학교(제1캠퍼스)_디자인융합학부, 광주광역시_광주대학교(제1캠퍼스)_인테리어디자인학과, 광주광역시_광주대학교(제1캠퍼스)_융합디자인학부, 광주광역시_전남대학교(제1캠퍼스)_디자인학과, 광주광역시_조선대학교(제1캠퍼스)_라이프스타일디자인학부(실내디자인전공), 광주광역시_조선대학교(제1캠퍼스)_문화콘텐츠학부(가구ㆍ도자디자인전공), 광주광역시_조선대학교(제1캠퍼스)_디자인공학과, 광주광역시_조선대학교(제1캠퍼스)_라이프스타일디자인학부, 경기도_가천대학교(제1캠퍼스)_미술ㆍ디자인학부(조소전공), 경기도_가천대학교(제1캠퍼스)_미술ㆍ디자인학부(회화ㆍ조소), 경기도_가천대학교(제1캠퍼스)_미술ㆍ디자인학부(회화전공), 경기도_가톨릭대학교(제1캠퍼스)_공간디자인ㆍ소비자학과, 경기도_강남대학교(제1캠퍼스)_디자인학과, 경기도_경기대학교(제1캠퍼스)_디자인비즈학부, 경기도_경기대학교(제1캠퍼스)_장신구ㆍ금속디자인전공, 경기도_경동대학교(제4캠퍼스)_디자인학과, 경기도_경동대학교(제4캠퍼스)_건축디자인학과, 경기도_경희대학교(제2캠퍼스)_디자인학부, 경기도_단국대학교(제1캠퍼스)_디자인학부 커뮤니케이션디자인전공, 경기도_단국대학교(제1캠퍼스)_디자인학부, 경기도_동양대학교(제2캠퍼스)_디자인학부, 경기도_명지대학교 자연캠퍼스(제1캠퍼스)_건축학부 공간디자인전공(5년제), 경기도_명지대학교 자연캠퍼스(제1캠퍼스)_디자인학부, 경기도_명지대학교 자연캠퍼스(제1캠퍼스)_영상애니메이션디자인전공, 경기도_명지대학교 자연캠퍼스(제1캠퍼스)_인더스트리얼디자인전공, 경기도_명지대학교 자연캠퍼스(제1캠퍼스)_공간디자인학과, 경기도_성결대학교(제1캠퍼스)_뷰티디자인학과, 경기도_수원대학교(제1캠퍼스)_공예디자인, 경기도_수원대학교(제1캠퍼스)_디자인학부, 경기도_신한대학교(제2캠퍼스)_디자인학부, 경기도_안양대학교(제1캠퍼스)_디지털미디어디자인전공, 경기도_안양대학교(제1캠퍼스)_화장품발명디자인학과, 경기도_안양대학교(제1캠퍼스)_디지털미디어디자인학과, 경기도_안양대학교(제1캠퍼스)_디지털미디어디자인학과(공학), 경기도_안양대학교(제1캠퍼스)_뷰티메디컬디자인학과, 경기도_안양대학교(제1캠퍼스)_화장품발명디자인전공, 경기도_예원예술대학교(제2캠퍼스)_귀금속보석디자인전공, 경기도_예원예술대학교(제2캠퍼스)_융합조형디자인전공, 경기도_예원예술대학교(제2캠퍼스)_뷰티디자인전공, 경기도_예원예술대학교(제2캠퍼스)_금속조형디자인전공, 경기도_용인대학교(제1캠퍼스)_미디어디자인학과, 경기도_을지대학교(제2캠퍼스)_의료홍보디자인학과, 경기도_을지대학교(제2캠퍼스)_여가디자인학과, 경기도_중앙대학교(제2캠퍼스)_디자인학부, 경기도_중앙대학교(제2캠퍼스)_디자인학부(공예전공), 경기도_평택대학교(제1캠퍼스)_미디어디자인전공, 경기도_평택대학교(제1캠퍼스)_미디어디자인학과, 경기도_한경국립대학교(제1캠퍼스)_디자인예술스포츠학부, 경기도_한경국립대학교(제1캠퍼스)_디자인학과, 경기도_한국공학대학교(제1캠퍼스)_디자인공학부, 경기도_한국공학대학교(제1캠퍼스)_디자인공학부(미디어디자인공학전공), 경기도_한국공학대학교(제1캠퍼스)_IT융합디자인공학과, 경기도_한세대학교(제1캠퍼스)_디자인학부, 경기도_한양대학교 ERICA캠퍼스(제1캠퍼스)_디자인계열, 경기도_한양대학교 ERICA캠퍼스(제1캠퍼스)_서피스ㆍ인테리어디자인학과, 경기도_한양대학교 ERICA캠퍼스(제1캠퍼스)_영상디자인학과, 경기도_한양대학교 ERICA캠퍼스(제1캠퍼스)_엔터테인먼트디자인학과, 경기도_한양대학교 ERICA캠퍼스(제1캠퍼스)_테크노프로덕트디자인학과, 경기도_한양대학교 ERICA캠퍼스(제1캠퍼스)_융합디자인학부, 경기도_협성대학교(제1캠퍼스)_생활공간디자인학과, 경기도_협성대학교(제1캠퍼스)_가구디자인학과, 경기도_화성의과학대학교(제1캠퍼스)_뷰티디자인학과, 경기도_화성의과학대학교(제1캠퍼스)_서비스디자인학과, 강원특별자치도_가톨릭관동대학교(제1캠퍼스)_뷰티디자인학과, 강원특별자치도_가톨릭관동대학교(제1캠퍼스)_CG디자인학과, 강원특별자치도_가톨릭관동대학교(제1캠퍼스)_뷰티디자인전공, 강원특별자치도_가톨릭관동대학교(제1캠퍼스)_디자인전공, 강원특별자치도_강원대학교(제1캠퍼스)_디자인학과, 강원특별자치도_강원대학교(제2캠퍼스)_멀티디자인학과, 강원특별자치도_강원대학교(제2캠퍼스)_문화상품디자인학과, 강원특별자치도_강원대학교(제2캠퍼스)_건축디자인학과, 강원특별자치도_강원대학교(제1캠퍼스)_생태조경디자인학과, 강원특별자치도_상지대학교(제1캠퍼스)_생활조형디자인학과, 강원특별자치도_상지대학교(제1캠퍼스)_리빙디자인학과, 강원특별자치도_상지대학교(제1캠퍼스)_뷰티디자인학과, 강원특별자치도_연세대학교 미래캠퍼스(제1캠퍼스)_디자인예술학부, 강원특별자치도_한라대학교(제1캠퍼스)_뷰티디자인학과, 충청북도_건국대학교 글로컬캠퍼스(제1캠퍼스)_영상디자인전공, 충청북도_건국대학교 글로컬캠퍼스(제1캠퍼스)_금속디자인전공, 충청북도_건국대학교 글로컬캠퍼스(제1캠퍼스)_도자디자인전공, 충청북도_건국대학교 글로컬캠퍼스(제1캠퍼스)_디자인학부, 충청북도_건국대학교 글로컬캠퍼스(제1캠퍼스)_실내디자인전공, 충청북도_건국대학교 글로컬캠퍼스(제1캠퍼스)_디자인조형자유전공학부, 충청북도_건국대학교 글로컬캠퍼스(제1캠퍼스)_뷰티디자인전공, 충청북도_국립한국교통대학교(제1캠퍼스)_디자인학부, 충청북도_극동대학교(제1캠퍼스)_디자인학과, 충청북도_서원대학교(제1캠퍼스)_디자인학과, 충청북도_세명대학교(제1캠퍼스)_융합디자인학부, 충청북도_세명대학교(제1캠퍼스)_디자인학부, 충청북도_우석대학교(제2캠퍼스)_건축인테리어디자인학과, 충청북도_유원대학교(제1캠퍼스)_스마트디자인학과, 충청북도_중원대학교(제1캠퍼스)_융합디자인학과, 충청북도_중원대학교(제1캠퍼스)_디자인학과, 충청북도_청주대학교(제1캠퍼스)_디지털미디어디자인학과, 충청북도_충북대학교(제1캠퍼스)_디자인학과, 충청남도_건양대학교(제1캠퍼스)_융합디자인학과, 충청남도_국립공주대학교(제1캠퍼스)_퍼니처디자인전공, 충청남도_국립공주대학교(제2캠퍼스)_디자인컨버전스학과, 충청남도_국립공주대학교(제2캠퍼스)_제품디자인전공, 충청남도_국립공주대학교(제1캠퍼스)_게임디자인학과, 충청남도_국립공주대학교(제1캠퍼스)_가구리빙디자인학과, 충청남도_나사렛대학교(제1캠퍼스)_방송시각영상디자인학부, 충청남도_남서울대학교(제1캠퍼스)_공간조형디자인학과, 충청남도_남서울대학교(제1캠퍼스)_영상예술디자인학과, 충청남도_백석대학교(제1캠퍼스)_디자인영상학부, 충청남도_상명대학교(제2캠퍼스)_디자인학부, 충청남도_상명대학교(제2캠퍼스)_텍스타일디자인전공, 충청남도_상명대학교(제2캠퍼스)_인더스트리얼디자인전공, 충청남도_상명대학교(제2캠퍼스)_스페이스디자인전공, 충청남도_상명대학교(제2캠퍼스)_세라믹디자인전공, 충청남도_상명대학교(제2캠퍼스)_실내디자인전공, 충청남도_선문대학교(제1캠퍼스)_디자인학부, 충청남도_세한대학교(제2캠퍼스)_디자인학과, 충청남도_세한대학교(제2캠퍼스)_AI콘텐츠디자인학과, 충청남도_청운대학교(제1캠퍼스)_공간디자인학과, 충청남도_청운대학교(제1캠퍼스)_디자인학부(무대영상디자인전공), 충청남도_한서대학교(제1캠퍼스)_신체활동디자인학과, 충청남도_한서대학교(제1캠퍼스)_디자인융합학과, 충청남도_한서대학교(제1캠퍼스)_공간디자인학과, 충청남도_호서대학교(제1캠퍼스)_디자인스쿨, 전북특별자치도_예원예술대학교(제1캠퍼스)_뷰티디자인전공, 전북특별자치도_예원예술대학교(제1캠퍼스)_한지공간조형디자인전공, 전북특별자치도_예원예술대학교(제1캠퍼스)_융합조형디자인전공, 전북특별자치도_원광대학교(제1캠퍼스)_뷰티디자인학부, 전북특별자치도_원광대학교(제1캠퍼스)_디자인융합계열, 전북특별자치도_원광대학교(제1캠퍼스)_금속ㆍ주얼리디자인학과, 전북특별자치도_원광대학교(제1캠퍼스)_디자인학부, 전라남도_국립순천대학교(제1캠퍼스)_영상디자인학과, 전라남도_국립순천대학교(제1캠퍼스)_영상디자인학전공, 전라남도_전남대학교(제2캠퍼스)_건축디자인학과, 전라남도_초당대학교(제1캠퍼스)_뷰티디자인학과, 경상북도_경운대학교(제1캠퍼스)_디자인융합학부, 경상북도_경일대학교(제1캠퍼스)_디자인학부, 경상북도_국립경국대학교(제2캠퍼스)_모빌리티디자인공학과, 경상북도_국립금오공과대학교(제1캠퍼스)_디자인공학전공, 경상북도_대구가톨릭대학교(제1캠퍼스)_디자인대학(유형2), 경상북도_대구가톨릭대학교(제1캠퍼스)_뉴미디어&게임디자인과, 경상북도_대구가톨릭대학교(제1캠퍼스)_금속ㆍ주얼리디자인과, 경상북도_대구가톨릭대학교(제1캠퍼스)_디자인대학, 경상북도_대구대학교(제1캠퍼스)_주얼리디자인학과, 경상북도_대구대학교(제1캠퍼스)_융합예술학부(영상애니메이션디자인학전공), 경상북도_대구대학교(제1캠퍼스)_디자인예술계열, 경상북도_대구예술대학교(제1캠퍼스)_건축실내디자인전공, 경상북도_대구예술대학교(제1캠퍼스)_건축기술디자인학과, 경상북도_대구예술대학교(제1캠퍼스)_디지털융합디자인전공, 경상북도_대구한의대학교(제1캠퍼스)_헤어메이크업디자인학과, 경상북도_대구한의대학교(제1캠퍼스)_실내디자인전공, 경상북도_대구한의대학교(제1캠퍼스)_기초교양대학(예체능), 경상북도_동국대학교 WISE캠퍼스(제1캠퍼스)_디자인미술학과, 경상북도_신경주대학교(제1캠퍼스)_게임디자인ㆍ애니메이션학과, 경상북도_신경주대학교(제1캠퍼스)_디자인애니메이션학부, 경상북도_신경주대학교(제1캠퍼스)_디자인게임애니메이션학부, 경상북도_신경주대학교(제1캠퍼스)_3D디자인게임애니메이션학부, 경상북도_신경주대학교(제1캠퍼스)_게임디자인ㆍ애니메이션 학과, 경상북도_신경주대학교(제1캠퍼스)_융ㆍ복합시각예술디자인학부, 경상북도_영남대학교(제1캠퍼스)_생활제품디자인학과, 경상북도_한동대학교(제1캠퍼스)_콘텐츠융합디자인학부, 경상남도_경남대학교(제1캠퍼스)_디자인학과, 경상남도_경남대학교(제1캠퍼스)_토털뷰티디자인학과, 경상남도_경남대학교(제1캠퍼스)_웹툰ㆍ디자인학과, 경상남도_경상국립대학교(제1캠퍼스)_텍스타일디자인학과, 경상남도_영산대학교(제1캠퍼스)_디자인학부, 제주특별자치도_제주대학교(제1캠퍼스)_문화조형디자인전공, 제주특별자치도_제주대학교(제1캠퍼스)_멀티미디어디자인전공, 제주특별자치도_제주대학교(제1캠퍼스)_융합디자인학과, 세종특별자치시_홍익대학교 세종캠퍼스(제2캠퍼스)_디자인ㆍ영상학부 영상ㆍ영화전공, 세종특별자치시_홍익대학교 세종캠퍼스(제2캠퍼스)_디자인ㆍ영상학부 커뮤니케이션디자인전공, 세종특별자치시_홍익대학교 세종캠퍼스(제2캠퍼스)_디자인ㆍ영상학부, 세종특별자치시_홍익대학교 세종캠퍼스(제2캠퍼스)_디자인ㆍ영상학부 애니메이션전공, 세종특별자치시_홍익대학교 세종캠퍼스(제2캠퍼스)_디자인ㆍ영상학부 프로덕트디자인전공, 세종특별자치시_홍익대학교 세종캠퍼스(제2캠퍼스)_디자인ㆍ영상학부 영상ㆍ애니메이션전공, 세종특별자치시_홍익대학교 세종캠퍼스(제2캠퍼스)_게임학부 게임그래픽디자인전공(미술계), 세종특별자치시_홍익대학교 세종캠퍼스(제2캠퍼스)_디자인ㆍ영상학부 디지털미디어디자인전공","일반 선택: 독서와 작문, 문학, 대수, 확률과 통계, 영어Ⅰ, 영어Ⅱ, 영어 독해오작문, 미술, 정보 등 | 진로 선택: 주제 탐구 독서, 문학과 영상, 미술 창작, 미술 감상과 비평, 인간과 심리 등 | 융합 선택: 매체 의사소통, 미디어 영어, 세계 문화와 영어, 여행지리, 사회문제 탐구, 미술과 매체 등","공통과목: 미술, 윤리 | 일반선택과목: 예술교과 : 미술 | 진로선택과목: 미술 창작, 미술 감상과 비평 | 전문교과Ⅰ: 미술 이론, 미술사, 드로잉, 미술 전공 실기 | 전문교과Ⅱ: 디자인 일반, 시각 디자인, 색채 관리","시각디자인기사, 실내건축산업기사, 웹디자인기능사, 제품디자인기사, 컬러리스트기사, 컴퓨터그래픽스운용기능사",시각디자이너
634,해양시스템학과,제주특별자치도_제주대학교(제1캠퍼스)_해양시스템공학과,"일반 선택: 대수, 미적분 Ⅰ,확률과 통계, 물리학, 화학, 생명과학, 지구과학, 정보등 | 진로 선택: 기하, 미적분Ⅱ, 역학과 에너지, 전자기와 양자, 물질과 에너지, 화학 반응의 세계, 세포와 물질대사, 지구시스템과학, 데이터 과학 등 | 융합 선택: 융합과학 탐구 등","공통과목: 수학, 과학, 기술ㆍ가정 | 일반선택과목: 수학교과 : 수학ⅠㆍⅡ, 미적분, 확률과 통계 | 진로선택과목: 기하, 수학과제 탐구, | 전문교과Ⅰ: 심화수학ⅠㆍⅡ, 고급 수학ⅠㆍⅡ, 고급 물리학, 물리학 실험, 고급 화학, 화학 실험, 고급 지구과학, 지구과학 실험,, 정보과학, 융합과학탐구, 과학과제연구 | 전문교과Ⅱ: 기계 제도, 기초 제도, 선박 구조, 선박 건조, 해양의 이해, 해양 정보 관리","해양공학기사, 해양기술사, 해양생산관리기사, 해양자원개발기사, 해양조사산업기사, 해양환경기사",조선공학기술자
10006,가정교육과,"서울특별시_고려대학교(제1캠퍼스)_가정교육과, 서울특별시_동국대학교(제1캠퍼스)_가정교육과, 대전광역시_배재대학교(제1캠퍼스)_가정교육과, 대구광역시_경북대학교(제1캠퍼스)_가정교육과, 광주광역시_전남대학교(제1캠퍼스)_가정교육과, 광주광역시_조선대학교(제1캠퍼스)_가정교육과, 강원특별자치도_가톨릭관동대학교(제1캠퍼스)_가정교육과, 강원특별자치도_강원대학교(제1캠퍼스)_가정교육과, 충청북도_한국교원대학교(제1캠퍼스)_가정교육과, 전북특별자치도_원광대학교(제1캠퍼스)_가정교육과, 전북특별자치도_전주대학교(제1캠퍼스)_가정교육과, 경상북도_동국대학교 WISE캠퍼스(제1캠퍼스)_가정교육과, 경상남도_경남대학교(제1캠퍼스)_가정교육과","일반 선택: 화법과 언어, 독서와 작문, 문학, 대수, 미적분Ⅰ, 확률과 통계, 영어Ⅰ, 영어Ⅱ, 영어 독해와 작문, 세계시민과 지리, 세계사, 사회와 문화, 현대사회와 윤리, 제2외국어 과목 등 | 진로 선택: 주제 탐구 독서, 영어 발표와 토론, 동아시아 역사 기행, 정치, 법과사회, 윤리와 사상, 교육의 이해 등 | 융합 선택: 독서 토론과 글쓰기, 미디어 영어, 역사로 탐구하는 현대 세계, 사회문제 탐구 등","공통과목: 영어, 기술ㆍ가정, 윤리 | 일반선택과목: 기술ㆍ가정교과 : 기술ㆍ가정 | 진로선택과목: 공학일반, 창의경영, 해양 문화와 기술, 가정과학, 지식재산 일반 | 전문교과Ⅰ: 사회과제 연구 | 전문교과Ⅱ: 기초제도, 식품과학, 식품위생","가정복지사, 가정생활교육사, 가족상담사, 의류산업기사, 중등학교2급정교사",가정복지사
8,가족복지과,"서울특별시_숭의여자대학교(제1캠퍼스)_가족복지과, 인천광역시_재능대학교(제1캠퍼스)_AI융복합과, 광주광역시_서영대학교(제1캠퍼스)_자유전공학부, 경기도_경민대학교(제1캠퍼스)_패밀리케어과, 경기도_서정대학교(제1캠퍼스)_휴먼케어서비스학과, 경기도_서정대학교(제1캠퍼스)_휴먼케어서비스과, 경기도_안산대학교(제1캠퍼스)_에이블자립학과, 경기도_안산대학교(제1캠퍼스)_자유전공학부, 충청북도_강동대학교(제1캠퍼스)_스마트복지융합학부, 전라남도_나주대학교(제1캠퍼스)_가족복지상담과, 경상남도_동원과학기술대학교(제1캠퍼스)_에이블자립과","일반 선택: 현대사회와 윤리, 사회와 문화 등 | 진로 선택: 윤리와 사상, 정치, 법과 사회, 경제, 한국지리탐구, 도시의 미래 탐구, 국제 관계의 이해, 생활과학 탐구, 인간과 심리 등 | 융합 선택: 사회문제 탐구, 윤리문제 탐구, 등","공통과목: 사회, 생활ㆍ교양 | 일반선택과목: 사회교과 : 사회ㆍ문화, 생활과 윤리, 윤리와 사상 | 진로선택과목: 사회문제 탐구 | 전문교과Ⅰ: 지역 이해, 세계 문제와 미래 사회, 현대 세계의 변화, 사회 탐구 방법 및 사회과제 연구 | 전문교과Ⅱ: 사무 행정, 인간 발달, 아동 복지, 복지 서비스의 기초, 대인 복지 서비스","간호조무사, 사회복지사, 수화통역사, 직업상담사, 청소년지도사",사회복지사
9,간호과,"서울특별시_삼육보건대학교(제1캠퍼스)_간호학과, 서울특별시_서울여자간호대학교(제1캠퍼스)_간호학과(4년제), 서울특별시_서일대학교(제1캠퍼스)_간호학과, 부산광역시_경남정보대학교(제1캠퍼스)_간호학과(4년제), 부산광역시_대동대학교(제1캠퍼스)_간호학부, 부산광역시_동의과학대학교(제1캠퍼스)_간호학과, 부산광역시_부산과학기술대학교(제1캠퍼스)_간호학과(4년제), 부산광역시_부산보건대학교(제1캠퍼스)_간호학과, 부산광역시_부산여자대학교(제1캠퍼스)_간호학과, 인천광역시_경인여자대학교(제1캠퍼스)_간호학과, 인천광역시_경인여자대학교(제1캠퍼스)_간호학과(4년제), 인천광역시_재능대학교(제1캠퍼스)_간호학과(4년제), 대전광역시_대전과학기술대학교(제1캠퍼스)_간호학과, 대전광역시_대전과학기술대학교(제1캠퍼스)_간호학과(4년제), 대전광역시_대전보건대학교(제1캠퍼스)_간호학과(4년제), 대전광역시_우송정보대학(제1캠퍼스)_간호과, 대전광역시_우송정보대학(제1캠퍼스)_간호학과, 대구광역시_계명문화대학교(제1캠퍼스)_간호학과(4년제), 대구광역시_대구과학대학교(제1캠퍼스)_간호학과, 대구광역시_대구과학대학교(제1캠퍼스)_간호학과(전공심화), 대구광역시_대구보건대학교(제1캠퍼스)_간호학과, 대구광역시_수성대학교(제1캠퍼스)_간호학과(4년제), 대구광역시_영남이공대학교(제1캠퍼스)_간호학과(4년제), 대구광역시_영진전문대학교(제1캠퍼스)_간호학과(4년제), 울산광역시_울산과학대학교(제1캠퍼스)_간호학과(4년제), 울산광역시_울산과학대학교(제1캠퍼스)_간호학과, 울산광역시_춘해보건대학교(제1캠퍼스)_간호학과(4년제), 광주광역시_광주보건대학교(제1캠퍼스)_간호학과, 광주광역시_기독간호대학교(제1캠퍼스)_간호학과, 광주광역시_동강대학교(제1캠퍼스)_간호학과, 광주광역시_서영대학교(제1캠퍼스)_간호학과, 광주광역시_서영대학교(제1캠퍼스)_간호학과(4년제), 광주광역시_조선간호대학교(제1캠퍼스)_간호학과, 경기도_경민대학교(제1캠퍼스)_간호학과, 경기도_경복대학교(제1캠퍼스)_간호학과, 경기도_국제대학교(제1캠퍼스)_간호과, 경기도_국제대학교(제1캠퍼스)_간호학과(4년제), 경기도_동남보건대학교(제1캠퍼스)_간호학과(4년제), 경기도_두원공과대학교(제1캠퍼스)_간호학과(4년제), 경기도_두원공과대학교(제2캠퍼스)_간호학과(파주), 경기도_부천대학교(제1캠퍼스)_간호학과, 경기도_서영대학교(제2캠퍼스)_간호학과(4년제)(파주), 경기도_서정대학교(제1캠퍼스)_간호학과, 경기도_수원과학대학교(제1캠퍼스)_간호학과, 경기도_수원여자대학교(제1캠퍼스)_간호학과(4년제), 경기도_안산대학교(제1캠퍼스)_간호학과, 경기도_여주대학교(제1캠퍼스)_간호학과(4년제), 경기도_용인예술과학대학교(제1캠퍼스)_간호학과, 강원특별자치도_강릉영동대학교(제1캠퍼스)_간호학과(4년제), 강원특별자치도_강릉영동대학교(제1캠퍼스)_간호과, 강원특별자치도_세경대학교(제1캠퍼스)_간호학과(4년제), 강원특별자치도_송곡대학교(제1캠퍼스)_간호학과, 강원특별자치도_송호대학교(제1캠퍼스)_간호과, 강원특별자치도_송호대학교(제1캠퍼스)_간호학과, 강원특별자치도_한림성심대학교(제1캠퍼스)_간호학과, 충청북도_강동대학교(제1캠퍼스)_간호학부, 충청북도_강동대학교(제1캠퍼스)_간호학과, 충청북도_대원대학교(제1캠퍼스)_간호학과, 충청북도_충북보건과학대학교(제1캠퍼스)_간호학과(4년제), 충청북도_충북보건과학대학교(제1캠퍼스)_간호학과, 충청북도_충청대학교(제1캠퍼스)_간호학과, 충청남도_백석문화대학교(제1캠퍼스)_간호학과, 충청남도_신성대학교(제1캠퍼스)_간호학과, 충청남도_신성대학교(제1캠퍼스)_간호학과(4년제), 충청남도_혜전대학교(제1캠퍼스)_간호학과, 전북특별자치도_군산간호대학교(제1캠퍼스)_간호학과(4년제), 전북특별자치도_군장대학교(제1캠퍼스)_간호학과, 전북특별자치도_원광보건대학교(제1캠퍼스)_간호과(4년제), 전북특별자치도_원광보건대학교(제1캠퍼스)_간호학과, 전북특별자치도_전북과학대학교(제1캠퍼스)_간호학과, 전북특별자치도_전주비전대학교(제1캠퍼스)_간호학부, 전라남도_동아보건대학교(제1캠퍼스)_간호학과(4년제), 전라남도_목포과학대학교(제1캠퍼스)_간호학과(4년제), 전라남도_순천제일대학교(제1캠퍼스)_간호학과, 전라남도_전남과학대학교(제1캠퍼스)_간호학과(4년제), 전라남도_청암대학교(제1캠퍼스)_간호학과(4년제), 전라남도_청암대학교(제1캠퍼스)_간호학과, 전라남도_한영대학교(제1캠퍼스)_간호학과(4년제), 경상북도_가톨릭상지대학교(제1캠퍼스)_간호학과, 경상북도_경북과학대학교(제1캠퍼스)_간호학과(4년제), 경상북도_경북보건대학교(제1캠퍼스)_간호학과(4년제), 경상북도_경북전문대학교(제1캠퍼스)_간호학과(4년제), 경상북도_구미대학교(제1캠퍼스)_간호학과, 경상북도_대경대학교(제1캠퍼스)_간호학과, 경상북도_문경대학교(제1캠퍼스)_간호학과(4년제), 경상북도_선린대학교(제1캠퍼스)_간호학과(4년제), 경상북도_선린대학교(제1캠퍼스)_간호학과, 경상북도_선린대학교(제1캠퍼스)_간호과, 경상북도_안동과학대학교(제1캠퍼스)_간호학과, 경상북도_영남외국어대학(제1캠퍼스)_간호학과(4년제), 경상북도_포항대학교(제1캠퍼스)_간호학과, 경상북도_호산대학교(제1캠퍼스)_간호학과(전공심화), 경상북도_호산대학교(제1캠퍼스)_간호학과(4년제), 경상남도_거제대학교(제1캠퍼스)_간호학과, 경상남도_경남도립거창대학(제1캠퍼스)_간호학과, 경상남도_김해대학교(제1캠퍼스)_간호학과, 경상남도_동원과학기술대학교(제1캠퍼스)_간호학과(4년제), 경상남도_마산대학교(제1캠퍼스)_간호학과, 경상남도_진주보건대학교(제1캠퍼스)_간호학부, 경상남도_창원문성대학교(제1캠퍼스)_간호학과, 제주특별자치도_제주관광대학교(제1캠퍼스)_간호학과, 제주특별자치도_제주한라대학교(제1캠퍼스)_간호학과(4년제)","일반 선택: 화학, 생명과학, 사회와 문화, 현대사회와 윤리 등 | 진로 선택: 윤리와 사상, 인문학과 윤리, 물질과 에너지, 화학 반응의 세계, 세포와 물질대사, 생물의 유전, 인공지능기초, 데이터 과학, 보건 등 | 융합 선택: 융합과학 탐구, 생명과학 실험 등","공통과목: 영어, 과학, 윤리 | 일반선택과목: 영어교과 : 영어Ⅰ, 영어Ⅱ, 영어 독해와 작문 | 진로선택과목: 생명과학Ⅱ, 화학Ⅱ, | 전문교과Ⅰ: 고급 화학 및 고급 생명과학, 화학 실험 및 생명과학 실험, 과학과제 연구 | 전문교과Ⅱ: 공중 보건, 인체 구조와 기능, 보건 간호","간호사, 조산사",간호사
12,건강관리과,"서울특별시_한양여자대학교(제1캠퍼스)_스포츠건강관리과, 부산광역시_동의과학대학교(제1캠퍼스)_헬스케어전공, 인천광역시_경인여자대학교(제1캠퍼스)_보건의료관리과, 인천광역시_재능대학교(제1캠퍼스)_건강관리과, 대전광역시_대전과학기술대학교(제1캠퍼스)_스포츠건강관리학과, 대전광역시_대전과학기술대학교(제1캠퍼스)_스포츠건강관리과, 대전광역시_대전보건대학교(제1캠퍼스)_스포츠건강관리과, 대구광역시_대구보건대학교(제1캠퍼스)_반려동물보건관리학과, 울산광역시_춘해보건대학교(제1캠퍼스)_글로벌케어과, 울산광역시_춘해보건대학교(제1캠퍼스)_요가과, 광주광역시_광주보건대학교(제1캠퍼스)_시니어운동처방학과, 경기도_경민대학교(제1캠퍼스)_라이프케어과, 경기도_국제대학교(제1캠퍼스)_스포츠헬스과, 경기도_동원대학교(제1캠퍼스)_건강운동관리학과, 경기도_동원대학교(제1캠퍼스)_건강운동관리과, 경기도_두원공과대학교(제1캠퍼스)_보건건강관리과, 경기도_세계사이버대학(제1캠퍼스)_예체능계열, 경기도_세계사이버대학(제1캠퍼스)_스포츠건강관리학과, 경기도_수원여자대학교(제2캠퍼스)_운동건강관리학과, 경기도_수원여자대학교(제1캠퍼스)_라이프케어과, 경기도_수원여자대학교(제2캠퍼스)_운동건강관리과, 경기도_여주대학교(제1캠퍼스)_건강재활과, 경기도_여주대학교(제1캠퍼스)_건강운동재활과, 경기도_여주대학교(제1캠퍼스)_스포츠건강관리과, 경기도_오산대학교(제1캠퍼스)_건강재활과, 경기도_용인예술과학대학교(제1캠퍼스)_건강재활과, 경기도_용인예술과학대학교(제1캠퍼스)_건강재활학과, 경기도_장안대학교(제1캠퍼스)_생활스포츠학과, 경기도_장안대학교(제1캠퍼스)_생활스포츠과, 강원특별자치도_강릉영동대학교(제1캠퍼스)_국제마인드스포츠과, 강원특별자치도_송곡대학교(제1캠퍼스)_활력무평생교육학과, 충청북도_강동대학교(제1캠퍼스)_스포츠건강관리과, 충청북도_충북도립대학교(제1캠퍼스)_헬스케어과, 전북특별자치도_전주기전대학(제1캠퍼스)_웰니스산업계열, 전북특별자치도_전주기전대학(제1캠퍼스)_알포유뷰티헬스케어경영과(평생학습), 전북특별자치도_전주기전대학(제1캠퍼스)_해양치유과(웰니스), 전북특별자치도_전주기전대학(제1캠퍼스)_알포유뷰티헬스케어경영과(창의융합), 전라남도_나주대학교(제1캠퍼스)_글로벌뷰티경영관리과, 전라남도_목포과학대학교(제1캠퍼스)_운동건강과, 전라남도_청암대학교(제1캠퍼스)_시니어건강관리과, 경상북도_구미대학교(제1캠퍼스)_스포츠건강관리과, 경상북도_대경대학교(제1캠퍼스)_스포츠건강과학과, 경상남도_김해대학교(제1캠퍼스)_휴먼케어학부","일반 선택: 독서와 작문, 문학, 대수, 미적분I, 확률과 통계, 영어 Ⅰ,프, 영어 독해와 작문, 사회와 문화, 현대사회와 윤리, 물리학, 생명과학, 화학, 정보 등 | 진로 선택: 경제, 역학과 에너지, 화학 반응의 세계, 세포와 물질대사, 생물의 유전, 데이터 과학 등 | 융합 선택: 매체 의사소통, 실생활 영어 회화, 실용 통계 등","공통과목: 체육, 윤리 | 일반선택과목: 체육교과 : 체육, 운동과 건강 | 진로선택과목: 스포츠 생활, 체육 탐구 | 전문교과Ⅰ: 스포츠 개론, 체육 지도법, 체육 전공 실기 기초, 체육 전공 실기 심화, 체육 전공 실기 응용 | 전문교과Ⅱ: 인체 구조와 기능, 간호의 기초","건강운동관리사, 생활스포츠지도사, 응급구조사, 의지보조기사, 임상심리사",간병인
11,건강관리학과,"서울특별시_서울기독대학교(제1캠퍼스)_운동건강관리전공, 서울특별시_서울사이버대학교(제1캠퍼스)_통합건강관리학과, 서울특별시_한국체육대학교(제1캠퍼스)_운동건강관리학과, 부산광역시_동아대학교(제1캠퍼스)_건강관리학과, 인천광역시_인천대학교(제1캠퍼스)_운동건강학부, 대전광역시_대전대학교(제1캠퍼스)_건강운동관리학과, 울산광역시_울산대학교(제1캠퍼스)_운동건강관리전공, 경기도_수원대학교(제1캠퍼스)_운동건강관리, 충청남도_유원대학교(제2캠퍼스)_뷰티건강치유학전공, 충청남도_중부대학교(제1캠퍼스)_한방건강관리학과, 제주특별자치도_제주대학교(제1캠퍼스)_건강뷰티향장학과","일반 선택: 독서와 작문, 문학, 대수, 미적분I, 확률과 통계, 영어 Ⅰ,프, 영어 독해와 작문, 사회와 문화, 현대사회와 윤리, 물리학, 생명과학, 화학, 정보 등 | 진로 선택: 경제, 역학과 에너지, 화학 반응의 세계, 세포와 물질대사, 생물의 유전, 데이터 과학 등 | 융합 선택: 매체 의사소통, 실생활 영어 회화, 실용 통계 등","공통과목: 체육, 윤리 | 일반선택과목: 체육교과 : 체육, 운동과 건강 | 진로선택과목: 스포츠 생활, 체육 탐구 | 전문교과Ⅰ: 스포츠개론, 체육지도법, 체육 전공 실기 기초, 체육 전공 실기 심화, 체육 전공 실기 응용 | 전문교과Ⅱ: 인체 구조와 기능, 간호의 기초","건강운동관리사, 노인스포츠지도사, 생활스포츠지도사, 수상구조사, 스포츠경영지도사, 유소년스포츠지도사, 장애인스포츠지도사",레크리에이션지도자
21002,건설공학교육과,"대전광역시_배재대학교(제1캠퍼스)_드론ㆍ철도건설공학과, 대전광역시_충남대학교(제1캠퍼스)_건설공학교육과","일반 선택: 화법과 언어, 독서와 작문, 문학, 대수, 미적분Ⅰ, 확률과 통계, 영어Ⅰ, 영어Ⅱ, 영어 독해와 작문, 물리학, 화학, 생명과학, 지구과학, 기술·가정, 정보, 생태와 환경 등 | 진로 선택: 주제 탐구 독서, 기하, 미적분Ⅱ, 역학과 에너지, 전자기와 양자, 물질과 에너지, 화학 반응의 세계, 세포와 물질대사, 생물의 유전, 지구시스템과학 등 | 융합 선택: 기후변화와 환경생태, 융합과학 탐구 등","공통과목: 수학, 과학 | 일반선택과목: 수학교과 : 수학ⅠㆍⅡ, 미적분, 확률과 통계 | 진로선택과목: 기하, 수학과제 탐구, 물리학Ⅱ, 화학Ⅱ, 생활과 과학, 융합 과학, 공학 일반 | 전문교과Ⅰ: 심화 수학ⅠㆍⅡ, 고급 수학ⅠㆍⅡ, 고급 물리학, 물리학 실험, 고급 화학, 화학 실험, 정보 과학, 융합 과학 탐구, 과학과제 연구 | 전문교과Ⅱ: 토목일반, 토목 도면 해석과 제도, 토목 기초실습, 건축일반, 건축 도면 해석과 제도, 건축 기초실습, 조경","건설안전기사, 건축구조기술사, 건축기계설비기술사, 건축기사, 건축품질시험기술사, 중등학교2급정교사, 측량및지형공간정보기술사, 토목구조기술사, 토목기사, 토목품질시험기술사, 토질및기초기술사",건축공학기술자
16,건설정보과,"대구광역시_영남이공대학교(제1캠퍼스)_건설정보과, 충청남도_충남도립대학교(제1캠퍼스)_건설정보과, 경상북도_안동과학대학교(제1캠퍼스)_건설정보학과, 경상북도_안동과학대학교(제1캠퍼스)_건설정보과","일반 선택: 대수, 확률과 통계, 미적분 Ⅰ, 인공지능 수학, 영어 Ⅰ, 영어Ⅱ, 영어독해와 작문, 물리학, 정보 등 | 진로 선택: 기하, 미적분Ⅱ, 인공지능 수학, 전자기와 양자, 역학과 에너지, 로봇과 공학세계, 인공지능 기초, 데이터 과학 등 | 융합 선택: 실용 통계, 융합과학 탐구, 사회문제 탐구, 창의 공학 설계, 소프트웨어와 생활 등","공통과목: 수학, 사회, 과학, 기술ㆍ가정 | 일반선택과목: 수학교과 : 수학ⅠㆍⅡ, 미적분, 확률과 통계 | 진로선택과목: 실용수학, 기하, 수학과제 탐구, 물리학Ⅱ, 화학Ⅱ, 생활과 과학, 융합과학, 공학 일반, 사회문제 탐구 | 전문교과Ⅰ: 심화수학ⅠㆍⅡ, 고급 수학ⅠㆍⅡ, 고급 물리학, 물리학 실험, 고급 화학, 화학 실험, 정보과학, 융합과학탐구, 과학과제 연구, 생태와 환경, 지역 이해, 사회과제 연구 | 전문교과Ⅱ: 정보처리와 관리, 프로그래밍, 자료구조, 네트워크 프로그래밍, 정보보호 관리","건설안전산업기사, 건설재료시험산업기사, 지적산업기사, 측량및지형공간정보산업기사, 토목산업기사, 폐기물처리산업기사",건설공사품질관리원
17,건축공학과,"서울특별시_건국대학교(제1캠퍼스)_건축공학전공, 서울특별시_광운대학교(제1캠퍼스)_건축공학과, 서울특별시_동국대학교(제1캠퍼스)_건축공학전공, 서울특별시_디지털서울문화예술대학교(제1캠퍼스)_건축공학과, 서울특별시_세종대학교(제1캠퍼스)_건축공학전공, 서울특별시_세종대학교(제1캠퍼스)_건축공학과, 서울특별시_연세대학교(제1캠퍼스)_건축공학과, 서울특별시_이화여자대학교(제1캠퍼스)_건축공학전공, 부산광역시_국립부경대학교(제1캠퍼스)_건축공학과, 부산광역시_동명대학교(제1캠퍼스)_건축공학과, 부산광역시_동서대학교(제1캠퍼스)_건축공학과, 부산광역시_동서대학교(제1캠퍼스)_건축공학전공, 부산광역시_동아대학교(제1캠퍼스)_건축공학과, 부산광역시_동의대학교(제1캠퍼스)_건축공학과, 부산광역시_동의대학교(제1캠퍼스)_건축공학전공, 부산광역시_부산대학교(제1캠퍼스)_건축공학과, 부산광역시_신라대학교(제1캠퍼스)_건축공학전공, 부산광역시_영산대학교(제2캠퍼스)_건축공학과, 인천광역시_인천대학교(제1캠퍼스)_건축공학전공, 인천광역시_인하대학교(제1캠퍼스)_건축공학전공, 인천광역시_청운대학교(제2캠퍼스)_건축공학과, 대전광역시_LH토지주택대학교(제1캠퍼스)_건설기술학, 대전광역시_국립한밭대학교(제1캠퍼스)_건축공학과, 대전광역시_국립한밭대학교(제1캠퍼스)_설비공학과, 대전광역시_대전대학교(제1캠퍼스)_건축공학과, 대전광역시_충남대학교(제1캠퍼스)_건축공학과, 대전광역시_한남대학교(제1캠퍼스)_건축공학전공, 대구광역시_계명대학교(제1캠퍼스)_건축공학과, 울산광역시_울산대학교(제1캠퍼스)_건축공학전공, 광주광역시_송원대학교(제1캠퍼스)_건축공학과, 광주광역시_전남대학교(제1캠퍼스)_건축공학전공, 광주광역시_조선대학교(제1캠퍼스)_건축공학과, 광주광역시_호남대학교(제1캠퍼스)_건축공학전공, 경기도_가천대학교(제1캠퍼스)_건축공학전공, 경기도_경기대학교(제1캠퍼스)_건축공학전공, 경기도_경기대학교(제1캠퍼스)_건축공학과, 경기도_경동대학교(제4캠퍼스)_건축공학과, 경기도_경희대학교(제2캠퍼스)_건축공학과, 경기도_단국대학교(제1캠퍼스)_건축공학과, 경기도_대진대학교(제1캠퍼스)_건축공학과, 경기도_한경국립대학교(제1캠퍼스)_건축공학전공, 경기도_한양대학교 ERICA캠퍼스(제1캠퍼스)_건축공학전공, 경기도_한양대학교 ERICA캠퍼스(제1캠퍼스)_스마트융합공학부 스마트컨스트럭션융합전공, 경기도_협성대학교(제1캠퍼스)_건축공학과, 강원특별자치도_가톨릭관동대학교(제1캠퍼스)_건축공학전공, 강원특별자치도_가톨릭관동대학교(제1캠퍼스)_건축공학과, 강원특별자치도_강원대학교(제2캠퍼스)_건축공학과, 강원특별자치도_강원대학교(제1캠퍼스)_건축공학전공, 강원특별자치도_강원대학교(제1캠퍼스)_건축공학과, 강원특별자치도_강원대학교(제2캠퍼스)_건설방재공학과, 강원특별자치도_강원대학교(제2캠퍼스)_건축공학전공, 충청북도_국립한국교통대학교(제1캠퍼스)_건축공학전공, 충청북도_국립한국교통대학교(제1캠퍼스)_건축공학과, 충청북도_세명대학교(제1캠퍼스)_건축공학과, 충청북도_유원대학교(제1캠퍼스)_건축공학과, 충청북도_청주대학교(제1캠퍼스)_건축공학과, 충청북도_충북대학교(제1캠퍼스)_건축공학과, 충청남도_남서울대학교(제1캠퍼스)_건축공학과, 충청남도_호서대학교(제1캠퍼스)_건축공학전공, 전북특별자치도_원광대학교(제1캠퍼스)_건축공학과, 전북특별자치도_전북대학교(제1캠퍼스)_건축공학과, 전북특별자치도_전주대학교(제1캠퍼스)_건축공학과, 전라남도_국립목포대학교(제1캠퍼스)_건축공학과, 전라남도_국립목포대학교(제1캠퍼스)_건축공학, 경상북도_경북대학교(제3캠퍼스)_건설방재공학과, 경상북도_국립경국대학교(제1캠퍼스)_건축공학과, 경상북도_국립경국대학교(제1캠퍼스)_건축공학전공, 경상북도_국립금오공과대학교(제1캠퍼스)_건축공학전공, 경상북도_대구가톨릭대학교(제1캠퍼스)_건축공학과, 경상북도_대구대학교(제1캠퍼스)_건축공학과, 경상북도_영남대학교(제1캠퍼스)_건축공학전공, 경상남도_경남대학교(제1캠퍼스)_건축공학전공, 경상남도_경상국립대학교(제1캠퍼스)_건축공학전공, 경상남도_경상국립대학교(제1캠퍼스)_건축공학과, 경상남도_국립창원대학교(제1캠퍼스)_건축공학전공, 제주특별자치도_제주대학교(제1캠퍼스)_건축공학과, 제주특별자치도_제주대학교(제1캠퍼스)_건축공학전공, 세종특별자치시_홍익대학교 세종캠퍼스(제2캠퍼스)_건축공학과","일반 선택: 대수, 미적분Ⅰ,확률과 통계, 물리학, 화학, 지구과학, 정보 등 | 진로 선택: 기하, 미적분Ⅱ, 도시의 미래 탐구, 역학과 에너지, 물질과 에너지,화학 반응의 세계, 지구시스템과학, 한국지리탐구 등 | 융합 선택: 융합과학 탐구, 과학의 역사와 문화, 기후변화와 환경생태, 창의공학 설계, 기후변화와 지속가능한 세계 등","공통과목: 수학, 사회, 과학, 기술ㆍ가정 | 일반선택과목: 수학교과 : 수학ⅠㆍⅡ, 미적분, 확률과 통계 | 진로선택과목: 실용수학, 기하, 수학과제 탐구, 사회문제 탐구, 물리학Ⅱ, 화학Ⅱ, 지구과학Ⅱ, 생활과 과학, 융합과학, 공학 일반 | 전문교과Ⅰ: 심화수학ⅠㆍⅡ, 고급 수학ⅠㆍⅡ, 고급 물리학, 물리학 실험, 고급 화학, 화학 실험, 고급 지구과학, 지구과학 실험, 정보과학, 생태와 환경, 과학과제 연구, 지역 이해, 세계 문제와 미래 사회, 사회과제 연구 | 전문교과Ⅱ: 공업 일반, 건축 일반, 건축 도면 해석과 제도, 프로그래밍","건설안전기사, 건설재료시험기사, 건축구조기술사, 건축기계정비기술사, 건축기사, 건축목재시공기능장, 건축사, 건축설비기사, 건축시공기술사, 건축일반시공기능장, 건축전기설비기술사, 도시계획기사, 수질환경기사, 실내건축기사, 지적기사, 철도보선산업기사, 토목기사",건설공사품질관리원
18,건축과,"서울특별시_동양미래대학교(제1캠퍼스)_건축과, 서울특별시_동양미래대학교(제1캠퍼스)_실내건축 큐레이션 마이스터대 과정, 서울특별시_동양미래대학교(제1캠퍼스)_건축학과, 서울특별시_서일대학교(제1캠퍼스)_건축과, 서울특별시_인덕대학교(제1캠퍼스)_실내건축과, 서울특별시_인덕대학교(제1캠퍼스)_건축학과, 부산광역시_경남정보대학교(제1캠퍼스)_건축디자인과, 부산광역시_경남정보대학교(제1캠퍼스)_건축디자인과(2년제), 부산광역시_동의과학대학교(제1캠퍼스)_건축디자인학과, 부산광역시_부산과학기술대학교(제1캠퍼스)_친환경건축과, 부산광역시_부산과학기술대학교(제1캠퍼스)_건축과, 인천광역시_인하공업전문대학(제1캠퍼스)_건축학과, 인천광역시_인하공업전문대학(제1캠퍼스)_실내건축학과, 인천광역시_재능대학교(제1캠퍼스)_실내건축과(2년제), 대전광역시_우송정보대학(제1캠퍼스)_리모델링건축과, 대구광역시_계명문화대학교(제1캠퍼스)_건축인테리어과, 대구광역시_계명문화대학교(제1캠퍼스)_인테리어기술창업과, 대구광역시_계명문화대학교(제1캠퍼스)_건축인테리어학부, 대구광역시_대구공업대학교(제1캠퍼스)_스마트건축과, 대구광역시_대구과학대학교(제1캠퍼스)_건축인테리어과, 대구광역시_대구과학대학교(제1캠퍼스)_건축산업학과, 대구광역시_영남이공대학교(제1캠퍼스)_건축과, 대구광역시_영남이공대학교(제1캠퍼스)_건축학과, 대구광역시_영진전문대학교(제1캠퍼스)_DIY실내장식과, 대구광역시_영진전문대학교(제1캠퍼스)_인테리어디자인과(3년제), 대구광역시_영진전문대학교(제1캠퍼스)_실내장식과, 대구광역시_영진전문대학교(제1캠퍼스)_건축과, 울산광역시_울산과학대학교(제1캠퍼스)_건축인테리어디자인과, 울산광역시_울산과학대학교(제1캠퍼스)_건축학부, 울산광역시_울산과학대학교(제1캠퍼스)_건축과, 광주광역시_동강대학교(제1캠퍼스)_건축학과, 광주광역시_동강대학교(제1캠퍼스)_건축과, 광주광역시_서영대학교(제1캠퍼스)_건축과, 광주광역시_조선이공대학교(제1캠퍼스)_건축과, 광주광역시_한국폴리텍 V 대학 광주캠퍼스(제1캠퍼스)_그린건축과, 경기도_경기과학기술대학교(제1캠퍼스)_건축인테리어과(3년), 경기도_경민대학교(제1캠퍼스)_건축공간디자인학과, 경기도_경민대학교(제1캠퍼스)_스마트리빙인테리어과, 경기도_경민대학교(제1캠퍼스)_건축과, 경기도_경민대학교(제1캠퍼스)_스마트리빙인테리어과(3년제), 경기도_경민대학교(제1캠퍼스)_스마트인테리어과, 경기도_경복대학교(제1캠퍼스)_친환경건축학과(1년제), 경기도_경복대학교(제1캠퍼스)_친환경건축과, 경기도_경복대학교(제1캠퍼스)_건축디자인학과, 경기도_경복대학교(제1캠퍼스)_친환경건축과(3년제), 경기도_계원예술대학교(제1캠퍼스)_건축디자인과, 경기도_대림대학교(제1캠퍼스)_BIM설비유지관리과, 경기도_대림대학교(제1캠퍼스)_건축과, 경기도_대림대학교(제1캠퍼스)_건축ㆍ실내디자인학부, 경기도_대림대학교(제1캠퍼스)_건축학부, 경기도_동서울대학교(제1캠퍼스)_건축과, 경기도_동서울대학교(제1캠퍼스)_건축학과, 경기도_동원대학교(제1캠퍼스)_건축과(3년제), 경기도_동원대학교(제1캠퍼스)_건축인테리어과, 경기도_동원대학교(제1캠퍼스)_실내건축학과, 경기도_동원대학교(제1캠퍼스)_건축학과, 경기도_동원대학교(제1캠퍼스)_실내건축과(3년제), 경기도_두원공과대학교(제1캠퍼스)_건축디자인학과, 경기도_두원공과대학교(제2캠퍼스)_건축인테리어과, 경기도_부천대학교(제1캠퍼스)_건축과, 경기도_서영대학교(제2캠퍼스)_건축디자인과, 경기도_수원과학대학교(제1캠퍼스)_건축학과, 경기도_수원과학대학교(제1캠퍼스)_건축과, 경기도_신구대학교(제1캠퍼스)_건축전공, 경기도_신구대학교(제1캠퍼스)_건축학과, 경기도_신구대학교(제1캠퍼스)_실내건축과, 경기도_신구대학교(제1캠퍼스)_실내건축전공, 경기도_신안산대학교(제1캠퍼스)_건축과, 경기도_신안산대학교(제1캠퍼스)_건축인테리어과, 경기도_신안산대학교(제1캠퍼스)_건축인테리어과(3년제), 경기도_안산대학교(제1캠퍼스)_건축디자인과, 경기도_여주대학교(제1캠퍼스)_건축과, 경기도_연성대학교(제1캠퍼스)_건축학과, 경기도_연성대학교(제1캠퍼스)_실내건축과(3년제), 경기도_연성대학교(제1캠퍼스)_통합건축 ICT 마이스터대 과정, 경기도_연성대학교(제1캠퍼스)_건축과(3년제), 경기도_연성대학교(제1캠퍼스)_실내건축학과, 경기도_용인예술과학대학교(제1캠퍼스)_실내건축디자인과(2년제), 경기도_용인예술과학대학교(제1캠퍼스)_건축에너지과, 경기도_유한대학교(제1캠퍼스)_실내건축학과, 강원특별자치도_강릉영동대학교(제1캠퍼스)_건축인테리어과, 강원특별자치도_강릉영동대학교(제1캠퍼스)_스마트건축과, 강원특별자치도_한림성심대학교(제1캠퍼스)_건축과, 강원특별자치도_한림성심대학교(제1캠퍼스)_건축디자인과, 강원특별자치도_한림성심대학교(제1캠퍼스)_디자인ㆍ건축ㆍ건설도시학부(디자인전공, 건축전공), 충청북도_강동대학교(제1캠퍼스)_건축학과, 충청북도_강동대학교(제1캠퍼스)_건축학과(학사), 충청북도_강동대학교(제1캠퍼스)_건축과, 충청북도_대원대학교(제1캠퍼스)_건축인테리어과, 충청북도_충청대학교(제1캠퍼스)_건축과(3년제), 충청북도_충청대학교(제1캠퍼스)_건축과(2년제), 전북특별자치도_전주기전대학(제1캠퍼스)_인테리어시공기술과, 전북특별자치도_전주비전대학교(제1캠퍼스)_지적토목학과, 전북특별자치도_전주비전대학교(제1캠퍼스)_건축과, 전라남도_나주대학교(제1캠퍼스)_건축정원산업학과, 전라남도_나주대학교(제1캠퍼스)_한옥목조과, 전라남도_순천제일대학교(제1캠퍼스)_건축인테리어과, 전라남도_전남과학대학교(제1캠퍼스)_건축과, 전라남도_전남과학대학교(제1캠퍼스)_스마트건축과, 전라남도_전남과학대학교(제1캠퍼스)_건축학과, 전라남도_전남도립대학교(제1캠퍼스)_한옥건축과, 경상북도_경북전문대학교(제1캠퍼스)_건축인테리어과, 경상북도_선린대학교(제1캠퍼스)_건축리모델링과, 경상북도_호산대학교(제1캠퍼스)_건축과, 경상북도_호산대학교(제1캠퍼스)_스마트건축과, 경상남도_경남도립거창대학(제1캠퍼스)_건축ㆍ인테리어학부, 경상남도_창원문성대학교(제1캠퍼스)_건축학과, 경상남도_창원문성대학교(제1캠퍼스)_건축ㆍ인테리어과, 제주특별자치도_제주관광대학교(제1캠퍼스)_인테리어건축과, 제주특별자치도_제주한라대학교(제1캠퍼스)_건축디자인과, 제주특별자치도_제주한라대학교(제1캠퍼스)_건축디자인학과","일반 선택: 대수, 미적분 Ⅰ,확률과 통계, 물리학, 화학, 세계시민과 지리, 사회와 문화, 세계사 등 | 진로 선택: 기하, 미적분Ⅱ, 도시의 미래 탐구, 역학과 에너지, 물질과 에너지,화학 반응의 세계, 지구시스템과학, 한국지리탐구 등 | 융합 선택: 융합 과학 탐구, 과학의 역사와 문화, 기후변화와 환경생태, 창의공학 설계, 기후변화와 지속가능한 세계 등","공통과목: 수학, 사회, 과학, 기술ㆍ가정 | 일반선택과목: 수학교과 : 수학ⅠㆍⅡ, 미적분, 확률과 통계 | 진로선택과목: 실용수학, 기하, 수학과제 탐구, 사회문제 탐구, 물리학Ⅱ, 화학Ⅱ, 지구과학Ⅱ, 생활과 과학, 융합과학, 공학 일반 | 전문교과Ⅰ: 심화수학ⅠㆍⅡ, 고급 수학ⅠㆍⅡ, 고급 물리학, 물리학 실험, 고급 화학, 화학 실험, 고급 지구과학, 지구과학 실험, 정보과학, 생태와 환경, 과학과제 연구, 지역 이해, 세계 문제와 미래 사회, 사회과제 연구 | 전문교과Ⅱ: 건축 일반, 건축 도면 해석과 제도, 프로그래밍","건설안전산업기사, 건축산업기사, 건축설비산업기사, 실내건축산업기사, 조경산업기사",건설견적원
21003,건축설비과,"서울특별시_서일대학교(제1캠퍼스)_건축공학과, 서울특별시_한국폴리텍 I 대학 서울정수캠퍼스(제1캠퍼스)_지능형에너지설비과, 서울특별시_한국폴리텍 I 대학 서울정수캠퍼스(제1캠퍼스)_그린에너지설비과, 인천광역시_인하공업전문대학(제1캠퍼스)_건설환경공학과, 인천광역시_한국폴리텍 II 대학 인천캠퍼스(제1캠퍼스)_건축설계과, 대전광역시_우송정보대학(제1캠퍼스)_에너지클린룸설비과, 대구광역시_대구공업대학교(제1캠퍼스)_건축설비과, 대구광역시_영남이공대학교(제1캠퍼스)_건설시스템과, 대구광역시_영남이공대학교(제1캠퍼스)_건축공학과, 울산광역시_한국폴리텍 VII 대학 울산캠퍼스(제1캠퍼스)_에너지산업설비과, 광주광역시_동강대학교(제1캠퍼스)_건설환경과, 광주광역시_한국폴리텍 V 대학 광주캠퍼스(제1캠퍼스)_그린에너지설비과, 광주광역시_한국폴리텍 V 대학 광주캠퍼스(제1캠퍼스)_지능형에너지설비과, 경기도_경복대학교(제1캠퍼스)_친환경건축학과, 경기도_대림대학교(제1캠퍼스)_건축설비소방과, 경기도_대림대학교(제1캠퍼스)_건축설비소방공학과(1년), 경기도_대림대학교(제1캠퍼스)_건축공학과, 경기도_두원공과대학교(제1캠퍼스)_건축설비소방과, 경기도_부천대학교(제1캠퍼스)_건축공학과(1년과정), 경기도_수원과학대학교(제1캠퍼스)_건축기계설비과(2년제), 경기도_여주대학교(제1캠퍼스)_건축ㆍ토목과, 경기도_용인예술과학대학교(제1캠퍼스)_건축소방설비과, 경기도_유한대학교(제1캠퍼스)_건축설비공학과, 경기도_유한대학교(제1캠퍼스)_안전소방학과 건축소방설비전공, 경기도_유한대학교(제1캠퍼스)_기계공학과 소방설비안전전공, 경기도_유한대학교(제1캠퍼스)_건축소방설비학과, 충청남도_한국폴리텍 IV 대학 충남캠퍼스(제1캠퍼스)_스마트융합설비과, 충청남도_한국폴리텍 IV 대학 충남캠퍼스(제1캠퍼스)_에너지설비과, 전북특별자치도_전북과학대학교(제1캠퍼스)_건축토목조경계열, 전북특별자치도_전주비전대학교(제1캠퍼스)_건축공학과, 전라남도_나주대학교(제1캠퍼스)_건축조경과, 경상북도_선린대학교(제1캠퍼스)_첨단공학계열, 경상북도_호산대학교(제1캠퍼스)_건설기계과","일반 선택: 대수, 미적분Ⅰ,확률과 통계, 물리학, 화학, 지구과학, 정보 등 | 진로 선택: 기하, 미적분Ⅱ, 도시의 미래 탐구, 역학과 에너지, 물질과 에너지,화학 반응의 세계, 지구시스템과학, 한국지리탐구 등 | 융합 선택: 융합과학 탐구, 과학의 역사와 문화, 기후변화와 환경생태, 창의공학 설계, 기후변화와 지속가능한 세계 등","공통과목: 수학, 사회, 과학, 기술ㆍ가정 | 일반선택과목: 수학교과 : 수학ⅠㆍⅡ, 미적분, 확률과 통계 | 진로선택과목: 실용수학, 기하, 수학과제 탐구, 사회문제 탐구, 물리학Ⅱ, 화학Ⅱ, 지구과학Ⅱ, 생활과 과학, 융합과학, 공학 일반 | 전문교과Ⅰ: 심화수학ⅠㆍⅡ, 고급 수학ⅠㆍⅡ, 고급 물리학, 물리학 실험, 고급 화학, 화학 실험, 고급 지구과학, 지구과학 실험, 정보과학, 생태와 환경, 과학과제 연구, 지역 이해, 세계 문제와 미래 사회, 사회과제 연구 | 전문교과Ⅱ: 공업 일반, 건축 일반, 건축 도면 해석과 제도, 프로그래밍","가스산업기사, 건설안전산업기사, 건축설비산업기사, 공조냉동기계산업기사, 산업안전산업기사, 소방설비산업기사, 실내건축산업기사",건물도장원
24,경영회계정보과,"서울특별시_서일대학교(제1캠퍼스)_회계정보융합학과, 부산광역시_경남정보대학교(제1캠퍼스)_재테크경영계열, 부산광역시_동의과학대학교(제1캠퍼스)_경영회계과, 인천광역시_재능대학교(제1캠퍼스)_경영과 회계정보전공, 인천광역시_재능대학교(제1캠퍼스)_회계정보학과, 대구광역시_계명문화대학교(제1캠퍼스)_회계정보과, 대구광역시_영남이공대학교(제1캠퍼스)_경영ㆍ회계계열, 대구광역시_영남이공대학교(제1캠퍼스)_i-경영회계계열, 대구광역시_영남이공대학교(제1캠퍼스)_경영계열, 대구광역시_영진사이버대학교(제1캠퍼스)_IT메카경영계열, 대구광역시_영진전문대학교(제1캠퍼스)_경영회계융합계열, 대구광역시_영진전문대학교(제1캠퍼스)_경영회계융합계열(미래라이프융합과), 대구광역시_영진전문대학교(제1캠퍼스)_경영회계서비스계열, 경기도_안산대학교(제1캠퍼스)_회계세무학과, 경기도_웅지세무대학교(제1캠퍼스)_회계세무정보계열, 경기도_웅지세무대학교(제1캠퍼스)_회계세무정보과, 경기도_웅지세무대학교(제1캠퍼스)_회계세무정보학부, 경기도_유한대학교(제1캠퍼스)_경영학과 세무회계전공, 경기도_장안대학교(제1캠퍼스)_경영계열, 충청북도_충청대학교(제1캠퍼스)_경영회계과, 충청남도_백석문화대학교(제1캠퍼스)_경영회계학과, 충청남도_백석문화대학교(제1캠퍼스)_경영ㆍ회계학부, 충청남도_백석문화대학교(제1캠퍼스)_경영회계학부, 전북특별자치도_전북과학대학교(제1캠퍼스)_디지털경영세무회계과, 전북특별자치도_전주기전대학(제1캠퍼스)_경영회계정보과, 전라남도_청암대학교(제1캠퍼스)_경영회계과, 경상북도_포항대학교(제1캠퍼스)_경영회계실무과, 경상남도_경남도립남해대학(제1캠퍼스)_금융회계사무과","일반 선택: 화법과 언어, 독서와 작문, 문학, 대수, 미적분I, 확률과 통계, 영어I, 영어II, 영어 독해와 작문, 세계시민과 지리, 세계사, 사회와 문화, 정보, 제2외국어 과목 등 | 진로 선택: 미적분II, 기하, 경제 수학, 영어 발표와 토론, 법과 사회, 경제, 윤리와 사상, 국제 관계의 이해, 인공지능 기초, 데이터 과학 등 | 융합 선택: 실용 통계, 수학과제 탐구, 실생활 영어 회화, 세계 문화와 영어, 사회문제 탐구, 금융과 경제생활, 제2외국어 문화 과목 등","공통과목: 수학, 사회, 기술ㆍ가정, 생활ㆍ교양 | 일반선택과목: 수학교과 : 수학I, Ⅱ, 미적분, 확률과 통계 | 진로선택과목: 실용 수학, 기하, 경제 수학, 수학 과제 탐구, 사회문제 탐구 | 전문교과Ⅰ: 심화 수학I,Ⅱ 고급수학I, Ⅱ, 정보과학, 국제 경제, 사회 탐구 방법 및 사회과제 연구 | 전문교과Ⅱ: 회계 원리, 회계 정보 처리 시스템, 세무 일반, 국제 상무, 금융 일반, 보험 일반, 회계 실무","ERP회계정보관리사, 공인회계사, 물류관리사, 세무사, 유통관리사, 전산세무회계, 전산회계운용사, 증권분석사",손해사정사
26,경찰행정과,"서울특별시_백석예술대학교(제1캠퍼스)_경영행정학부, 서울특별시_백석예술대학교(제1캠퍼스)_경찰경호학부, 부산광역시_경남정보대학교(제1캠퍼스)_경찰경호행정과, 부산광역시_동의과학대학교(제1캠퍼스)_경찰경호행정과, 부산광역시_부산경상대학교(제1캠퍼스)_경찰ㆍ경호행정과, 부산광역시_부산경상대학교(제1캠퍼스)_경찰행정ㆍ경호안전과, 부산광역시_부산경상대학교(제1캠퍼스)_경찰경호탐정과, 부산광역시_부산경상대학교(제1캠퍼스)_경찰ㆍ탐정과, 부산광역시_부산과학기술대학교(제1캠퍼스)_경찰행정과, 대전광역시_대덕대학교(제1캠퍼스)_경찰행정과, 대전광역시_대덕대학교(제1캠퍼스)_경찰행정학과, 대전광역시_대덕대학교(제1캠퍼스)_경찰범죄심리학과, 대전광역시_대전과학기술대학교(제1캠퍼스)_경찰경호학과, 대전광역시_대전과학기술대학교(제1캠퍼스)_경찰경호무도학과, 대전광역시_대전과학기술대학교(제1캠퍼스)_과학수사과, 대전광역시_대전과학기술대학교(제1캠퍼스)_경찰경호과, 대전광역시_대전보건대학교(제1캠퍼스)_과학수사과, 대전광역시_대전보건대학교(제1캠퍼스)_과학수사학과, 대전광역시_대전보건대학교(제1캠퍼스)_경찰과학수사과, 대전광역시_대전보건대학교(제1캠퍼스)_경찰과학수사학과, 대구광역시_계명문화대학교(제1캠퍼스)_경찰행정학과, 대구광역시_계명문화대학교(제1캠퍼스)_경찰행정과, 대구광역시_대구과학대학교(제1캠퍼스)_경찰경호행정과, 대구광역시_대구과학대학교(제1캠퍼스)_경찰행정전공, 대구광역시_수성대학교(제1캠퍼스)_경찰행정과, 광주광역시_동강대학교(제1캠퍼스)_경찰경호탐정과, 광주광역시_서영대학교(제1캠퍼스)_법무경찰행정과, 경기도_김포대학교(제1캠퍼스)_경찰행정학과, 경기도_김포대학교(제1캠퍼스)_경찰경호행정과, 경기도_김포대학교(제1캠퍼스)_경찰행정과, 경기도_동원대학교(제1캠퍼스)_경찰행정과, 경기도_수원과학대학교(제1캠퍼스)_경찰법무행정학과, 경기도_신안산대학교(제1캠퍼스)_경호경찰행정학과, 경기도_안산대학교(제1캠퍼스)_경찰행정학과, 경기도_연성대학교(제1캠퍼스)_경찰경호보안과, 경기도_오산대학교(제1캠퍼스)_경찰행정학과, 경기도_용인예술과학대학교(제1캠퍼스)_경찰행정과, 경기도_용인예술과학대학교(제1캠퍼스)_경찰ㆍ법률과, 강원특별자치도_강릉영동대학교(제1캠퍼스)_사이버경찰과, 강원특별자치도_강원도립대학교(제1캠퍼스)_경찰경호과, 강원특별자치도_세경대학교(제1캠퍼스)_경찰경호과, 강원특별자치도_세경대학교(제1캠퍼스)_경찰경호과(3년제), 강원특별자치도_송곡대학교(제1캠퍼스)_탐정경찰경호학과, 강원특별자치도_송곡대학교(제1캠퍼스)_경찰심리상담학과, 충청북도_강동대학교(제1캠퍼스)_경찰행정과, 충청북도_강동대학교(제1캠퍼스)_경찰경호과, 충청북도_대원대학교(제1캠퍼스)_경찰경호행정과, 충청북도_충북보건과학대학교(제1캠퍼스)_경찰행정과, 충청북도_충북보건과학대학교(제1캠퍼스)_경찰행정과(3년제), 충청북도_충청대학교(제1캠퍼스)_경찰행정과, 충청북도_충청대학교(제1캠퍼스)_경찰행정학과, 충청남도_백석문화대학교(제1캠퍼스)_경찰경호학부, 충청남도_백석문화대학교(제1캠퍼스)_경찰행정학부, 충청남도_충남도립대학교(제1캠퍼스)_경찰행정학과, 전북특별자치도_원광보건대학교(제1캠퍼스)_보건의료행정과, 전북특별자치도_전주기전대학(제1캠퍼스)_경찰경호과, 전라남도_청암대학교(제1캠퍼스)_경찰경호과, 경상북도_경북전문대학교(제1캠퍼스)_경찰경호행정계열, 경상북도_경북전문대학교(제1캠퍼스)_경찰항공보안과, 경상북도_경북전문대학교(제1캠퍼스)_경찰행정보안과, 경상북도_대경대학교(제1캠퍼스)_경찰탐정과, 경상북도_대경대학교(제1캠퍼스)_경찰행정과, 경상북도_대경대학교(제1캠퍼스)_경찰탐정보안과, 경상북도_선린대학교(제1캠퍼스)_경찰행정과, 경상북도_선린대학교(제1캠퍼스)_경찰보안무도과, 경상북도_한국복지사이버대학교(제1캠퍼스)_경찰행정복지학과, 세종특별자치시_한국영상대학교(제1캠퍼스)_경찰범죄심리과, 세종특별자치시_한국영상대학교(제1캠퍼스)_경찰행정과, 세종특별자치시_한국영상대학교(제1캠퍼스)_경찰행정과(3년제)","일반 선택: 화법과 언어, 독서와 작문, 문학, 확률과 통계, 영어 I, 영어프, 영어독해와 작문, 세계시민과 지리, 사회와 문화, 현대사회와 윤리, 정보, 제2외국어 과목, 한문 등 | 진로 선택: 주제 탐구 독서, 영어 발표와 토론, 정치, 법과 사회, 경제, 윤리와 사상, 국제 관계의 이해 등 | 융합 선택: 독서 토론과 글쓰기, 매체 의사소통, 실용 통계, 수학과제 탐구, 사회문제 탐구 등","공통과목: 사회, 생활ㆍ교양 | 일반선택과목: 사회교과 : 한국지리, 세계지리, 세계사, 경제, 정치와 법, 사회ㆍ문화, 생활과 윤리, 윤리와 사상 | 진로선택과목: 사회문제 탐구 | 전문교과Ⅰ: 지역 이해, 세계 문제와 미래 사회, 현대 세계의 변화, 사회 탐구 방법 및 사회과제 연구 | 전문교과Ⅱ: 커뮤니케이션, 정보처리와 관리, 컴퓨터 보안, 정보 보호 관리, 빅데이터 분석","경비지도사, 무도단증(태권도,유도,합기도,검도등), 신변보호사, 행정사",경찰관
28,경호스포츠과,"대구광역시_대구과학대학교(제1캠퍼스)_경호전공, 경기도_국제대학교(제1캠퍼스)_경호보안과(예체능), 경기도_국제대학교(제1캠퍼스)_경호보안학과, 경기도_국제대학교(제1캠퍼스)_경호보안과, 경기도_동서울대학교(제1캠퍼스)_경호스포츠과, 경기도_여주대학교(제1캠퍼스)_스포츠.경호과, 경기도_여주대학교(제1캠퍼스)_스포츠ㆍ경호학과, 전라남도_전남과학대학교(제1캠퍼스)_경호보안과, 전라남도_청암대학교(제1캠퍼스)_경찰경호무도과, 경상북도_대경대학교(제1캠퍼스)_경호스포츠과학학과, 경상북도_대경대학교(제1캠퍼스)_경호스포츠과학학부, 경상북도_대경대학교(제1캠퍼스)_경호보안과","일반 선택: 독서와 작문, 문학, 대수, 미적분I, 확률과 통계, 영어 Ⅰ,프, 영어 독해와 작문, 사회와 문화, 현대사회와 윤리, 물리학, 생명과학, 정보 등 | 진로 선택: 경제, 역학과 에너지, 화학 반응의 세계, 세포와 물질대사, 생물의 유전, 데이터 과학 등 | 융합 선택: 매체 의사소통, 실생활 영어 회화, 실용 통계 등","공통과목: 체육, 윤리 | 일반선택과목: 체육교과 : 체육, 운동과 건강 | 진로선택과목: 스포츠 생활, 체육 탐구 | 전문교과Ⅰ: 스포츠 개론, 체육 지도법, 체육 전공 실기 기초, 체육 전공 실기 심화, 체육 전공 실기 응용 | 전문교과Ⅱ: 인체 구조와 기능, 간호의 기초","경비지도사, 생활스포츠지도사, 수상구조사, 신변보호사",경찰관
29,고고학과,"부산광역시_부산대학교(제1캠퍼스)_고고학과, 대전광역시_충남대학교(제1캠퍼스)_고고학과, 대구광역시_경북대학교(제1캠퍼스)_고고인류학과, 충청남도_한국전통문화대학교(제1캠퍼스)_융합고고학과","일반 선택: 세계시민과 지리, 세계사, 사회와 문화, 한문 등 | 진로 선택: 한국지리 탐구, 동아시아 역사 기행, 정치, 법과 사회, 인문학과 윤리, 한문 고전 일기, 논리와 사고 등 | 융합 선택: 역사로 탐구하는 현대 세계, 사회문제 탐구 등","공통과목: 사회, 역사, 한문, 수학, 영어, 제2외국어 | 일반선택과목: 사회교과 : 사회문화, 세계사, 동아시아사, 한국지리, 윤리와 사상 | 진로선택과목: 사회문제 탐구, 고전 읽기, 고전과 윤리, 여행지리, 현대 세계의 변화 | 전문교과Ⅰ: 사회탐구 방법, 사회과제 연구, 한국 사회의 이해, 비교 문화, 지역 이해 | 전문교과Ⅱ: 문화콘텐츠 산업 일반","문화재수리기술자, 박물관및미술관준학예사, 사서, 사서교사",국사ㆍ세계사교사
30,고분자공학과,"부산광역시_부산대학교(제1캠퍼스)_고분자공학과, 인천광역시_인하대학교(제1캠퍼스)_고분자공학과, 대전광역시_충남대학교(제1캠퍼스)_고분자공학과, 대구광역시_경북대학교(제1캠퍼스)_고분자공학과, 경기도_단국대학교(제1캠퍼스)_고분자공학과, 경상북도_국립금오공과대학교(제1캠퍼스)_고분자공학과","일반 선택: 대수, 미적분 Ⅰ,확률과 통계, 물리학, 화학, 생명과학, 정보 등 | 진로 선택: 기하, 미적분Ⅱ, 역학과 에너지, 전자기와 양자, 물질과 에너지, 화학 반응의 세계, 세포와 물질대사, 로봇과 공학세계 등 | 융합 선택: 융합과학 탐구 등","공통과목: 수학, 과학, 기술ㆍ가정 | 일반선택과목: 수학교과 : 수학Ⅰ, 수학Ⅱ, 미적분, 확률과 통계 | 진로선택과목: 기하, 물리학Ⅱ, 화학Ⅱ, 공학 일반 | 전문교과Ⅰ: 심화수학ⅠㆍⅡ, 고급 수학ⅠㆍⅡ, 고급 물리학, 물리학 실험, 고급 화학, 화학 실험, 정보과학, 과학과제연구 | 전문교과Ⅱ: 공업일반, 공업 화학, 제조 화학, 화학 분석, 석유 화학 제품","고분자제품기술사, 고분자제품제조산업기사, 공업화학기사, 바이오화학제품제조기사, 재료조직평가산업기사, 화공기사, 화학분석기사",고무및플라스틱화학공학기술자
21004,공간연출과,"경기도_계원예술대학교(제1캠퍼스)_공간연출학과, 경기도_계원예술대학교(제1캠퍼스)_공간연출과, 경기도_서울예술대학교(제1캠퍼스)_공연창작학부, 세종특별자치시_한국영상대학교(제1캠퍼스)_공연기획연출학과","일반 선택: 화법과 언어, 문학, 연극 등 | 진로 선택: 문학과 영상, 연극과 몸, 연극과 말, 연기, 무대 미술과 기술, 연극제작 실습, 연극 감상과 비평 등 | 융합 선택: 매체 의사소통, 연극과 삶, 음악과 미디어, 미술과 매체 등","공통과목: 미술, 윤리 | 일반선택과목: 예술교과 : 미술 | 진로선택과목: 미술 창작, 미술 감상과 비평 | 전문교과Ⅰ: 미술 이론, 미술사, 드로잉 미술 전공 실기 | 전문교과Ⅱ: 디자인 일반, 시각디자인, 색체 관리","멀티미디어콘텐츠제작전문가, 무대예술전문인(무대기계,조명,음향), 방송통신산업기사, 컨벤션기획사",감독및연출자
34,공업디자인학과,서울특별시_국민대학교(제1캠퍼스)_공업디자인학과,"일반 선택: 독서와 작문, 문학, 대수, 확률과 통계, 영어Ⅰ, 영어Ⅱ, 영어 독해오작문, 미술, 정보 등 | 진로 선택: 주제 탐구 독서, 문학과 영상, 미술 창작, 미술 감상과 비평, 인간과 심리 등 | 융합 선택: 매체 의사소통, 미디어 영어, 세계 문화와 영어, 여행지리, 사회문제 탐구, 미술과 매체 등","공통과목: 미술, 윤리 | 일반선택과목: 예술교과 : 미술 | 진로선택과목: 미술 창작, 미술 감상과 비평 | 전문교과Ⅰ: 미술 이론, 미술사, 드로잉, 미술 전공 실기 | 전문교과Ⅱ: 디자인 일반, 시각 디자인, 색채 관리","시각디자인기사, 웹디자인기능사, 제품디자인기사, 컴퓨터그래픽스운용기능사",가구디자이너
35,공업화학과,충청북도_충북대학교(제1캠퍼스)_공업화학과,"일반 선택: 대수, 미적분 Ⅰ,확률과 통계, 물리학, 화학, 생명과학, 정보 등 | 진로 선택: 기하, 미적분Ⅱ, 역학과 에너지, 전자기와 양자, 물질과 에너지, 화학 반응의 세계, 세포와 물질대사, 로봇과 공학세계 등 | 융합 선택: 융합과학 탐구 등","공통과목: 과학, 수학, 교양, 영어 | 일반선택과목: 과학교과 : 화학Ⅰ, 생명과학Ⅰ, 물리Ⅰ, 지구과학Ⅰ | 진로선택과목: 화학Ⅱ, 물리Ⅱ, 융합과학, 과학사, 생활과 과학, 기하, 공학 일반, 사회문제 탐구 | 전문교과Ⅰ: 고급 화학, 화학 실험, 과학과제 연구, 융합과학 탐구, 정보과학, 심화수학Ⅰ, 심화수학Ⅱ, 고급 수학Ⅰ, 고급수학Ⅱ | 전문교과Ⅱ: 환경화학기초, 공업화학, 제조화학","고분자제품기술사, 고분자제품제조산업기사, 공업화학기사, 바이오화학제품제조기사, 수질환경기사, 위험물산업기사, 재료조직평가산업기사, 토양환경기사, 폐기물처리기사, 화공기사, 화학분석기사",고무및플라스틱화학공학기술자
37,공연예술과,"서울특별시_국제예술대학교(제1캠퍼스)_공연예술과, 서울특별시_백석예술대학교(제1캠퍼스)_공연예술학부, 서울특별시_정화예술대학교(제2캠퍼스)_공연예술학부, 경기도_경민대학교(제1캠퍼스)_공연예술학과, 경기도_경민대학교(제1캠퍼스)_공연예술과, 경기도_경복대학교(제1캠퍼스)_공연예술학과, 경기도_경복대학교(제1캠퍼스)_공연예술과, 경기도_계원예술대학교(제1캠퍼스)_융합예술과, 경기도_계원예술대학교(제1캠퍼스)_융합예술학과, 경기도_청강문화산업대학교(제1캠퍼스)_공연예술학과, 강원특별자치도_송곡대학교(제1캠퍼스)_공연예술기획학과, 충청북도_강동대학교(제1캠퍼스)_공연예술학부, 전라남도_동아보건대학교(제1캠퍼스)_마술전공, 경상북도_대경대학교(제1캠퍼스)_공연예술학과, 경상북도_호산대학교(제1캠퍼스)_공연예술과, 경상북도_호산대학교(제1캠퍼스)_공연예술학부, 세종특별자치시_한국영상대학교(제1캠퍼스)_공연예술평생교육학과","일반 선택: 화법과 언어, 문학, 연극 등 | 진로 선택: 문학과 영상, 연극과 몸, 연극과 말, 연기, 무대 미술과 기술, 연극제작 실습, 연극 감상과 비평 등 | 융합 선택: 매체 의사소통, 연극과 삶, 음악과 미디어, 미술과 매체 등","공통과목: 미술, 윤리 | 일반선택과목: 예술교과 : 미술 | 진로선택과목: 미술 창작, 미술 감상과 비평 | 전문교과Ⅰ: 미술 이론, 미술사, 드로잉 미술 전공 실기 | 전문교과Ⅱ: 디자인 일반, 시각디자인, 색체 관리","무대예술전문인(무대기계,조명,음향), 방송통신산업기사, 컨벤션기획사",가수
38,공예과,"서울특별시_인덕대학교(제1캠퍼스)_리빙세라믹디자인학과, 서울특별시_한양여자대학교(제1캠퍼스)_세라믹디자인과, 서울특별시_한양여자대학교(제1캠퍼스)_세라믹디자인학과, 부산광역시_부산과학기술대학교(제1캠퍼스)_쥬얼리디자인학과, 부산광역시_부산예술대학교(제1캠퍼스)_생활문화예술과, 대구광역시_대구과학대학교(제1캠퍼스)_3D실용주얼리창업과, 경상남도_동원과학기술대학교(제1캠퍼스)_생활문화예술과","일반 선택: 화법과 언어, 독서와 작문, 문학, 영어 I, 영어Ⅱ, 영어 독해와 작문, 세계사, 미술 등 | 진로 선택: 주제 탐구 독서, 문학과 영상, 미술 창작, 미술 감상과 비평, 인간과 철학, 인간과 심리 등 | 융합 선택: 매체 의사소통, 미디어 영어, 세계 문화와 영어, 여행지리, 미술과 매체 등","공통과목: 미술, 윤리 | 일반선택과목: 예술교과 : 미술 | 진로선택과목: 미술 창작, 미술 감상과 비평 | 전문교과Ⅰ: 미술 이론, 미술사, 드로잉 미술 전공 실기 | 전문교과Ⅱ: 디자인 일반, 시각디자인, 색체 관리","귀금속가공산업기사, 도자기공예기능사, 컬러리스트산업기사",공예원
39,공예디자인학과,"서울특별시_세종사이버대학교(제1캠퍼스)_공예디자인학과, 부산광역시_경성대학교(제1캠퍼스)_공예디자인학과, 대구광역시_계명대학교(제2캠퍼스)_공예디자인과, 강원특별자치도_국립강릉원주대학교(제1캠퍼스)_공예조형디자인학과, 충청북도_청주대학교(제1캠퍼스)_공예디자인학과","일반 선택: 독서와 작문, 문학, 대수, 확률과 통계, 영어Ⅰ, 영어Ⅱ, 영어 독해오작문, 미술, 정보 등 | 진로 선택: 주제 탐구 독서, 문학과 영상, 미술 창작, 미술 감상과 비평, 인간과 심리 등 | 융합 선택: 매체 의사소통, 미디어 영어, 세계 문화와 영어, 여행지리, 사회문제 탐구, 미술과 매체 등","공통과목: 미술, 윤리 | 일반선택과목: 예술교과 : 미술 | 진로선택과목: 미술 창작, 미술 감상과 비평 | 전문교과Ⅰ: 미술 이론, 미술사, 드로잉, 미술 전공 실기 | 전문교과Ⅱ: 디자인 일반, 시각 디자인, 색채 관리","AdobeACE(Adobe제품군그래픽), AdobeACS(Adobe제품군그래픽), AutoCAD자격증, GIA(국제보석감정사), 귀금속가공산업기사, 웹디자인기능사, 제품디자인산업기사, 컴퓨터그래픽스운용기능사, 포장산업기사",산업디자이너
41,공예학과,"서울특별시_동덕여자대학교(제1캠퍼스)_미술학부 디지털공예전공, 서울특별시_동덕여자대학교(제1캠퍼스)_디지털공예과, 서울특별시_서울대학교(제1캠퍼스)_공예과, 서울특별시_서울여자대학교(제1캠퍼스)_공예전공, 서울특별시_서울여자대학교(제1캠퍼스)_공예학과, 서울특별시_성신여자대학교(제1캠퍼스)_공예과, 서울특별시_숙명여자대학교(제1캠퍼스)_공예과, 서울특별시_한국체육대학교(제1캠퍼스)_공연예술학과, 부산광역시_동아대학교(제1캠퍼스)_공예학과, 부산광역시_동아대학교(제1캠퍼스)_미술학과 도자예술전공, 부산광역시_신라대학교(제1캠퍼스)_창조공연예술학부 무용전공, 부산광역시_영산대학교(제2캠퍼스)_동양무예학과, 인천광역시_인천대학교(제1캠퍼스)_공연예술학과, 대전광역시_배재대학교(제1캠퍼스)_공연예술학과, 광주광역시_송원대학교(제1캠퍼스)_공연예술학과, 경기도_한경국립대학교(제2캠퍼스)_귀금속보석공예전공, 경기도_한세대학교(제1캠퍼스)_공연예술학과, 충청남도_단국대학교(제2캠퍼스)_공예전공, 충청남도_한국전통문화대학교(제1캠퍼스)_전통미술공예학과, 전라남도_동신대학교(제1캠퍼스)_공연예술무용학과, 제주특별자치도_제주국제대학교(제1캠퍼스)_공연예술학과","일반 선택: 화법과 언어, 독서와 작문, 문학, 영어 I, 영어Ⅱ, 영어 독해와 작문, 세계사, 미술 등 | 진로 선택: 주제 탐구 독서, 문학과 영상, 미술 창작, 미술 감상과 비평, 인간과 철학, 인간과 심리 등 | 융합 선택: 매체 의사소통, 미디어 영어, 세계 문화와 영어, 여행지리, 미술과 매체 등","공통과목: 미술, 윤리 | 일반선택과목: 예술교과 : 미술 | 진로선택과목: 미술 창작, 미술 감상과 비평 | 전문교과Ⅰ: 미술 이론, 미술사, 드로잉, 미술 전공 실기 | 전문교과Ⅱ: 디자인 일반, 시각 디자인, 색채 관리","가구제작기능사, 귀금속가공기능사, 금속도장기능사, 목공예기능사, 석공예기능사",예체능강사
44,과학교육과,"서울특별시_이화여자대학교(제1캠퍼스)_과학교육과, 부산광역시_부산교육대학교(제1캠퍼스)_과학교육과, 광주광역시_광주교육대학교(제1캠퍼스)_과학교육과(심화전공), 경기도_단국대학교(제1캠퍼스)_과학교육과, 강원특별자치도_강원대학교(제1캠퍼스)_과학교육학부, 충청북도_충북대학교(제1캠퍼스)_과학교육학부, 전북특별자치도_전북대학교(제1캠퍼스)_과학교육학부 화학교육전공, 전북특별자치도_전북대학교(제1캠퍼스)_과학교육학부, 전북특별자치도_전북대학교(제1캠퍼스)_과학교육학부 지구과학교육전공, 전북특별자치도_전북대학교(제1캠퍼스)_과학교육학부 물리교육전공, 전북특별자치도_전북대학교(제1캠퍼스)_과학교육학부 생물교육전공, 전북특별자치도_전주교육대학교(제1캠퍼스)_과학교육과(심화전공), 전북특별자치도_전주대학교(제1캠퍼스)_과학교육과, 경상남도_경남대학교(제1캠퍼스)_과학교육과, 경상남도_진주교육대학교(제1캠퍼스)_과학교육과(심화전공)","일반 선택: 화법과 언어, 독서와 작문, 문학, 대수, 미적분Ⅰ, 확률과 통계, 영어Ⅰ, 영어Ⅱ, 영어 독해와 작문, 물리학, 화학, 생명과학, 지구과학, 기술·가정, 정보, 생태와 환경 등 | 진로 선택: 주제 탐구 독서, 기하, 미적분Ⅱ, 역학과 에너지, 전자기와 양자, 물질과 에너지, 화학 반응의 세계, 세포와 물질대사, 생물의 유전, 지구시스템과학 등 | 융합 선택: 기후변화와 환경생태, 융합과학 탐구 등","공통과목: 영어, 과학, 윤리 | 일반선택과목: 과학교과 : 물리학Ⅰ, 생명과학Ⅰ, 화학Ⅰ, 지구과학Ⅰ | 진로선택과목: 실용수학, 기하, 물리학Ⅱ, 생명과학Ⅱ, 화학Ⅱ, 지구과학Ⅱ, 융합과학, 생활과 과학 | 전문교과Ⅰ: 고급 물리학, 물리학 실험, 고급 생명과학, 생명과학 실험, 고급 화학, 화학 실험, 고급 지구과학, 지구과학 실험, 과학과제 연구, 융합과학 탐구",중등학교2급정교사,과학강사
48,관광통역과,제주특별자치도_제주한라대학교(제1캠퍼스)_외국어통역학과,"일반 선택: 영어I, 영어II, 영어 독해와 작문, 제2외국어, 한문, 세계시민과 지리, 세계사, 사회와 문화 등 | 진로 선택: 영어 발표와 토론, 심화 영어, 심화 영어 독해와 작문, 국제 관계의 이해, 제2외국어 회화, 심화 제2외국어 등 | 융합 선택: 언어생활 탐구, 실생활 영어 회화, 세계 문화와 영어, 여행지리, 제2외국어 문화 등","공통과목: 영어, 사회, 교양 | 일반선택과목: 영어교과 : 영어 회화, 영어Ⅰ, 영어 독해와 작문, 영어Ⅱ | 진로선택과목: 실용 영어, 영어권 문학, 진로 영어, 영미 문학 읽기, 사회문제 탐구, 고전과 윤리, 여행지리 | 전문교과Ⅰ: 심화 영어, 심화 영어 회화, 심화 영어 독해, 심화 영어 작문, 세계 문제와 미래 사회, 국제 관계와 국제기구, 사회과제 연구 | 전문교과Ⅱ: [출처 : 세종특별자치시교육청, 보인다 시리즈 5.0 - 전공ㆍ적성 개발 길라잡이]","관광통역안내사, 국내여행안내사, 국제의료관광코디네이터, 호텔관리사",관광통역안내원
51,광고디자인과,"서울특별시_명지전문대학(제1캠퍼스)_커뮤니케이션디자인학과, 서울특별시_서일대학교(제1캠퍼스)_커뮤니케이션디자인학과, 인천광역시_경인여자대학교(제1캠퍼스)_광고디자인과, 인천광역시_경인여자대학교(제1캠퍼스)_광고디자인학과, 대전광역시_대전과학기술대학교(제1캠퍼스)_광고홍보디자인과, 경기도_계원예술대학교(제1캠퍼스)_광고브랜드디자인과, 경기도_계원예술대학교(제1캠퍼스)_광고브랜드디자인학과, 경기도_동원대학교(제1캠퍼스)_광고편집과(예체능), 경기도_두원공과대학교(제2캠퍼스)_브랜드디자인과, 경기도_안산대학교(제1캠퍼스)_광고디자인학과, 충청북도_충청대학교(제1캠퍼스)_예술학부 방송광고제작전공, 세종특별자치시_한국영상대학교(제1캠퍼스)_광고영상디자인과","일반 선택: 독서와 작문, 문학, 대수, 확률과 통계, 영어Ⅰ, 영어Ⅱ, 영어 독해오작문, 미술, 정보 등 | 진로 선택: 주제 탐구 독서, 문학과 영상, 미술 창작, 미술 감상과 비평, 인간과 심리 등 | 융합 선택: 매체 의사소통, 미디어 영어, 세계 문화와 영어, 여행지리, 사회문제 탐구, 미술과 매체 등","공통과목: 미술, 윤리 | 일반선택과목: 예술교과 : 미술 | 진로선택과목: 미술 창작, 미술 감상과 비평 | 전문교과Ⅰ: 미술 이론, 미술사, 드로잉 미술 전공 실기 | 전문교과Ⅱ: 디자인 일반, 시각디자인, 색체 관리","GTQ(GraphicTechnologyQualification)1ㆍ2급, 광고도장기능사, 멀티미디어콘텐츠제작전문가, 시각디자인산업기사, 웹디자인기능사, 컴퓨터그래픽스운용기능사",광고디자이너
10140,광고디자인학과,"대전광역시_배재대학교(제1캠퍼스)_광고사진영상학과, 충청북도_건국대학교 글로컬캠퍼스(제1캠퍼스)_시각광고디자인전공","일반 선택: 독서와 작문, 문학, 대수, 확률과 통계, 영어Ⅰ, 영어Ⅱ, 영어 독해오작문, 미술, 정보 등 | 진로 선택: 주제 탐구 독서, 문학과 영상, 미술 창작, 미술 감상과 비평, 인간과 심리 등 | 융합 선택: 매체 의사소통, 미디어 영어, 세계 문화와 영어, 여행지리, 사회문제 탐구, 미술과 매체 등","공통과목: 미술, 윤리 | 일반선택과목: 예술교과 : 미술 | 진로선택과목: 미술 창작, 미술 감상과 비평 | 전문교과Ⅰ: 미술 이론, 미술사, 드로잉, 미술 전공 실기 | 전문교과Ⅱ: 디자인 일반, 시각 디자인, 색채 관리","시각디자인산업기사, 웹디자인기능사, 컬러리스트기사, 컴퓨터그래픽스운용기능사",광고디자이너
55,광학공학과,"서울특별시_서울과학기술대학교(제1캠퍼스)_안경광학과, 서울특별시_세종대학교(제1캠퍼스)_광전자공학과, 대전광역시_건양대학교(제2캠퍼스)_안경광학과, 광주광역시_조선대학교(제1캠퍼스)_광기술공학과, 경기도_성균관대학교(제2캠퍼스)_양자정보공학과, 경기도_신한대학교(제2캠퍼스)_안경광학과, 경기도_을지대학교(제2캠퍼스)_안경광학과, 경기도_한양대학교 ERICA캠퍼스(제1캠퍼스)_나노광전자학과, 강원특별자치도_가톨릭관동대학교(제1캠퍼스)_안경광학과, 강원특별자치도_강원대학교(제2캠퍼스)_안경광학과, 강원특별자치도_경동대학교(제3캠퍼스)_안경광학과, 강원특별자치도_한림대학교(제1캠퍼스)_디스플레이전공, 충청북도_극동대학교(제1캠퍼스)_안경광학과, 충청북도_청주대학교(제1캠퍼스)_레이저광정보공학과, 충청북도_청주대학교(제1캠퍼스)_광기술에너지융합전공, 충청남도_국립공주대학교(제2캠퍼스)_광공학과, 충청남도_백석대학교(제1캠퍼스)_안경광학과, 전라남도_동신대학교(제1캠퍼스)_안경광학과, 경상북도_국립금오공과대학교(제1캠퍼스)_광시스템공학과, 경상북도_김천대학교(제1캠퍼스)_안경광학과, 경상북도_대구가톨릭대학교(제1캠퍼스)_안경광학과, 경상남도_가야대학교(제1캠퍼스)_안경광학과","일반 선택: 대수, 확률과 통계, 미적분 Ⅰ, 물리학, 화학, 생명과학, 지구과학, 정보등 | 진로 선택: 기하, 미적분Ⅱ, 인공지능 수학, 역학과 에너지, 전자기와 양자, 물질과 에너지, 화학 반응의 세계, 세포와 물질대사, 생물의 유전, 지구시스템과학, 행성우주과학, 로봇과 공학세계, 생활과학 탐구, 인공지능 기초, 데이터 과학 등 | 융합 선택: 실용 통계, 수학과제 탐구, 융합과학 탐구, 사회문제 탐구, 창의 공학 설계, 소프트웨어와 생활 등","공통과목: 수학, 과학, 기술ㆍ가정 | 일반선택과목: 수학교과 : 수학ⅠㆍⅡ, 미적분, 확률과 통계 | 진로선택과목: 기하, 물리학Ⅱ, 화학Ⅱ, 공학 일반 | 전문교과Ⅰ: 심화수학ⅠㆍⅡ, 고급 수학ⅠㆍⅡ, 고급 물리학, 물리학 실험, 고급 화학, 화학 실험, 생태와 환경, 과학과제연구 | 전문교과Ⅱ: 공업 일반, 냉동 공조 설계, 프로그래밍","광학기기산업기사, 광학기사",반도체공학기술자
10142,교양공학부,"서울특별시_건국대학교(제1캠퍼스)_공과대학자유전공학부, 서울특별시_고려대학교(제1캠퍼스)_공과대학, 서울특별시_고려사이버대학교(제1캠퍼스)_미래학부, 서울특별시_광운대학교(제1캠퍼스)_교양학부(공학계열), 서울특별시_광운대학교(제1캠퍼스)_산학협력단, 서울특별시_동국대학교(제1캠퍼스)_AI융합학부, 서울특별시_상명대학교(제1캠퍼스)_계당교양교육원(공학), 서울특별시_서울과학기술대학교(제1캠퍼스)_자유전공학부(공과대학), 서울특별시_서울과학기술대학교(제1캠퍼스)_자유전공학부(정보통신대학), 서울특별시_서울과학기술대학교(제1캠퍼스)_융합교양학부, 서울특별시_서울과학기술대학교(제1캠퍼스)_자유전공학부(창의융합대학), 서울특별시_서울대학교(제1캠퍼스)_(공과대학)광역, 서울특별시_서울대학교(제1캠퍼스)_첨단융합학부, 서울특별시_성신여자대학교(제1캠퍼스)_AI융합학부, 서울특별시_세종대학교(제1캠퍼스)_IT계열, 서울특별시_세종대학교(제1캠퍼스)_공과계열, 서울특별시_숙명여자대학교(제1캠퍼스)_첨단공학부, 서울특별시_숙명여자대학교(제1캠퍼스)_기초공학부, 서울특별시_숭실대학교(제1캠퍼스)_AI융합학부, 서울특별시_숭실대학교(제1캠퍼스)_융합특성화자유전공학부, 서울특별시_중앙대학교(제1캠퍼스)_창의ICT공과대학, 서울특별시_중앙대학교(제1캠퍼스)_공과대학, 서울특별시_중앙대학교(제1캠퍼스)_융합공학부, 서울특별시_한국방송통신대학교(제1캠퍼스)_첨단공학부, 서울특별시_한국성서대학교(제1캠퍼스)_AI융합학부, 서울특별시_한성대학교(제1캠퍼스)_IT공과대학, 서울특별시_한양대학교(제1캠퍼스)_창의융합교육원(공학), 서울특별시_홍익대학교(제1캠퍼스)_자율전공(공과대), 부산광역시_경성대학교(제1캠퍼스)_글로벌공학부, 부산광역시_국립부경대학교(제1캠퍼스)_공과대학자유전공학부, 부산광역시_동명대학교(제1캠퍼스)_자율융합공학부, 부산광역시_동서대학교(제1캠퍼스)_스마트모빌리티학부, 부산광역시_동의대학교(제1캠퍼스)_AISW기초교양학부, 부산광역시_부산대학교(제1캠퍼스)_첨단융합학부(나노자율전공), 부산광역시_부산대학교(제1캠퍼스)_교양학부(공학계열), 부산광역시_부산대학교(제1캠퍼스)_첨단융합학부(공학자율전공), 부산광역시_신라대학교(제1캠퍼스)_글로벌공과대학, 인천광역시_연세대학교(제2캠퍼스)_과학기술정책전공, 인천광역시_연세대학교(제2캠퍼스)_컴퓨팅계열, 인천광역시_연세대학교(제2캠퍼스)_공학계열, 인천광역시_연세대학교(제2캠퍼스)_융합과학공학부, 인천광역시_인하대학교(제1캠퍼스)_공학융합학부, 대전광역시_국립한밭대학교(제1캠퍼스)_공학건설학부, 대전광역시_배재대학교(제1캠퍼스)_공학계열, 대전광역시_충남대학교(제1캠퍼스)_첨단융합학부, 대전광역시_충남대학교(제1캠퍼스)_공학융합학부, 대전광역시_한국과학기술원(제1캠퍼스)_새내기과정학부(공학계열), 대전광역시_한남대학교(제1캠퍼스)_탈메이지교양ㆍ융합대학(공학계열), 대구광역시_경북대학교(제1캠퍼스)_공과대학 자율학부, 대구광역시_경북대학교(제1캠퍼스)_IT 첨단자율학부, 대구광역시_경북대학교(제1캠퍼스)_공학 첨단자율학부, 대구광역시_경북대학교(제1캠퍼스)_IT대학 자율학부, 대구광역시_경북대학교(제1캠퍼스)_첨단기술융합대학 자율학부1, 울산광역시_울산과학기술원(제1캠퍼스)_새내기학부(이공계열), 광주광역시_광주대학교(제1캠퍼스)_공과대학, 경기도_가톨릭대학교(제1캠퍼스)_자연공학계열, 경기도_가톨릭대학교(제1캠퍼스)_ICT공학계열, 경기도_가톨릭대학교(제1캠퍼스)_자유전공학과(공학), 경기도_강남대학교(제1캠퍼스)_ICT융합공학부, 경기도_경기대학교(제1캠퍼스)_창의공학부, 경기도_단국대학교(제1캠퍼스)_공학계열광역, 경기도_단국대학교(제1캠퍼스)_SW융합학부, 경기도_단국대학교(제1캠퍼스)_공과대학, 경기도_단국대학교(제1캠퍼스)_자유교양대학(공학계열), 경기도_대진대학교(제1캠퍼스)_공학자율학부, 경기도_대진대학교(제1캠퍼스)_AI융합학부, 경기도_명지대학교 자연캠퍼스(제1캠퍼스)_전공자유학부(자연), 경기도_명지대학교 자연캠퍼스(제1캠퍼스)_반도체ㆍICT대학, 경기도_명지대학교 자연캠퍼스(제1캠퍼스)_스마트시스템공과대학, 경기도_명지대학교 자연캠퍼스(제1캠퍼스)_융합공학부, 경기도_성결대학교(제1캠퍼스)_IT공과대학자율전공학부, 경기도_성균관대학교(제2캠퍼스)_공학계열, 경기도_성균관대학교(제2캠퍼스)_공과대학, 경기도_용인대학교(제1캠퍼스)_AI융합학부, 경기도_평택대학교(제1캠퍼스)_ICT융합학부, 경기도_한경국립대학교(제1캠퍼스)_AI융합학부, 경기도_한국공학대학교(제1캠퍼스)_국제미래공학부, 경기도_한국공학대학교(제1캠퍼스)_지식융합학부, 경기도_한국공학대학교(제1캠퍼스)_첨단융합 자율전공, 경기도_한국외국어대학교(제2캠퍼스)_Culture & Technology융합대학[통합모집], 경기도_한국외국어대학교(제2캠퍼스)_공과계열, 경기도_한국항공대학교(제1캠퍼스)_공학계열, 경기도_한국항공대학교(제1캠퍼스)_AI융합대학, 경기도_한국항공대학교(제1캠퍼스)_공과대학, 경기도_한국항공대학교(제1캠퍼스)_자유전공학부(공학계열), 경기도_한신대학교(제1캠퍼스)_AIㆍSW계열, 경기도_한양대학교 ERICA캠퍼스(제1캠퍼스)_ICT융합학부, 경기도_한양대학교 ERICA캠퍼스(제1캠퍼스)_창의융합교육원(공학), 강원특별자치도_강원대학교(제2캠퍼스)_공학대학 무전공학과, 강원특별자치도_연세대학교 미래캠퍼스(제1캠퍼스)_응용과학부, 강원특별자치도_연세대학교 미래캠퍼스(제1캠퍼스)_자율융합계열(공학), 강원특별자치도_한라대학교(제1캠퍼스)_융합교육학부, 강원특별자치도_한라대학교(제1캠퍼스)_ICT융합공학부, 충청북도_건국대학교 글로컬캠퍼스(제1캠퍼스)_ICT융합공학부, 충청북도_극동대학교(제1캠퍼스)_과학기술학부, 충청북도_서원대학교(제1캠퍼스)_융복합대학, 충청북도_충북대학교(제1캠퍼스)_공학자율전공학부, 충청남도_글로벌사이버대학교(제1캠퍼스)_AI융합학부, 충청남도_단국대학교(제2캠퍼스)_자유교양대학(공학계열), 충청남도_상명대학교(제2캠퍼스)_계당교양교육원(공학), 충청남도_선문대학교(제1캠퍼스)_기초공학부, 충청남도_선문대학교(제1캠퍼스)_산학협력교육학부, 충청남도_선문대학교(제1캠퍼스)_공과대학, 충청남도_순천향대학교(제1캠퍼스)_융합창업학부, 충청남도_유원대학교(제2캠퍼스)_블루밍넥스트학부, 충청남도_한국기술교육대학교(제1캠퍼스)_공학, 충청남도_한서대학교(제1캠퍼스)_공학전공자율학과, 전북특별자치도_전북대학교(제1캠퍼스)_국제이공학부, 전북특별자치도_전북대학교(제1캠퍼스)_공학계열 1, 전북특별자치도_전북대학교(제1캠퍼스)_융합기술공학부, 전북특별자치도_전북대학교(제1캠퍼스)_공학계열 2, 전북특별자치도_전북대학교(제1캠퍼스)_교양학부(공학계열), 전북특별자치도_전주대학교(제1캠퍼스)_공학1계열, 전라남도_국립목포대학교(제1캠퍼스)_미래사회공학부, 전라남도_국립순천대학교(제1캠퍼스)_공학분야, 전라남도_전남대학교(제2캠퍼스)_공학계열, 경상북도_국립경국대학교(제1캠퍼스)_창의융합학부(이공계열), 경상북도_국립경국대학교(제2캠퍼스)_공공수요인재대학, 경상북도_대구가톨릭대학교(제1캠퍼스)_공과대학, 경상북도_대구대학교(제1캠퍼스)_ITㆍ공과계열, 경상북도_대구한의대학교(제1캠퍼스)_기초교양대학(공학), 경상북도_동국대학교 WISE캠퍼스(제1캠퍼스)_글로컬혁신공학부, 경상북도_동국대학교 WISE캠퍼스(제1캠퍼스)_창의융합공학부, 경상북도_동양대학교(제1캠퍼스)_철도자율전공학부, 경상북도_포항공과대학교(제1캠퍼스)_단일계열, 경상북도_한동대학교(제1캠퍼스)_AI융합교육원(공학), 경상북도_한동대학교(제1캠퍼스)_창의융합교육원(공학), 경상북도_한동대학교(제1캠퍼스)_ICT창업학부, 경상남도_국립창원대학교(제1캠퍼스)_공학계열자율전공학부, 경상남도_국립창원대학교(제1캠퍼스)_공학융합학부, 경상남도_인제대학교(제1캠퍼스)_공학계열, 경상남도_인제대학교(제1캠퍼스)_컴퓨터ㆍAI계열, 세종특별자치시_고려대학교 세종캠퍼스(제1캠퍼스)_자유공학부, 세종특별자치시_홍익대학교 세종캠퍼스(제2캠퍼스)_과학기술대학 자율전공, 세종특별자치시_홍익대학교 세종캠퍼스(제2캠퍼스)_세종캠퍼스 자율전공","일반 선택: 대수, 확률과 통계, 미적분 Ⅰ, 인공지능 수학, 영어 Ⅰ, 영어Ⅱ, 영어독해와 작문, 물리학, 음악, 미술, 정보 등 | 진로 선택: 기하, 미적분Ⅱ, 인공지능 수학, 전자기와 양자, 역학과 에너지, 로봇과 공학세계, 인공지능 기초, 데이터 과학 등 | 융합 선택: 실용 통계, 미디어 영어, 사회문제 탐구, 창의 공학 설계, 소프트웨어와 생활 등","공통과목: 수학, 사회, 과학, 기술ㆍ가정 | 일반선택과목: 수학교과 : 수학ⅠㆍⅡ, 미적분, 확률과 통계 | 진로선택과목: 실용수학, 기하, 경제수학, 수학과제 탐구, 물리학Ⅱ, 화학Ⅱ, 지구과학Ⅱ, 생활과 과학, 융합과학, 공학 일반, 사회문제 탐구 | 전문교과Ⅰ: 심화수학ⅠㆍⅡ, 고급 수학ⅠㆍⅡ, 고급 물리학, 물리학 실험, 고급 화학, 화학 실험, 고급 지구과학, 지구과학 실험, 정보과학, 융합과학탐구, 과학과제연구, 생태와 환경, 지역 이해, 사회과제 연구 | 전문교과Ⅱ: 공간정보융합서비스, 빅데이터 분석, 인간과 환경, 환경 보전","건축기사, 공업화학기사, 금속기사, 금속재료기사, 메카트로닉스기사, 반도체설계기사, 원자력기사, 일반기계기사, 자동차정비기사, 전기기사, 전자기사, 정보처리기사, 정보통신기사, 토목기사, 항공기사, 화학분석기사",건축공학기술자
56,교양과,"서울특별시_동양미래대학교(제1캠퍼스)_자유전공학과, 서울특별시_명지전문대학(제1캠퍼스)_자유전공학부 자유전공학과, 서울특별시_배화여자대학교(제1캠퍼스)_자유전공학과, 서울특별시_백석예술대학교(제1캠퍼스)_언어문화학부, 서울특별시_백석예술대학교(제1캠퍼스)_글로벌문화콘텐츠학부, 서울특별시_백석예술대학교(제1캠퍼스)_외국어학부, 서울특별시_서일대학교(제1캠퍼스)_자유전공학과, 서울특별시_한양여자대학교(제1캠퍼스)_자유전공학과, 부산광역시_경남정보대학교(제1캠퍼스)_교양과, 부산광역시_동의과학대학교(제1캠퍼스)_K-글로벌학부 K-Culture Contents과, 인천광역시_경인여자대학교(제1캠퍼스)_교양과, 인천광역시_경인여자대학교(제1캠퍼스)_자유전공학과, 인천광역시_경인여자대학교(제1캠퍼스)_글로벌한국학과, 인천광역시_재능대학교(제1캠퍼스)_자유전공학과, 대전광역시_대전과학기술대학교(제1캠퍼스)_교양ㆍ교직과, 대전광역시_대전보건대학교(제1캠퍼스)_교양교육원, 대구광역시_대구과학대학교(제1캠퍼스)_자율전공대학, 대구광역시_대구보건대학교(제1캠퍼스)_융합교양교육원, 대구광역시_수성대학교(제1캠퍼스)_자기주도스쿨, 대구광역시_영남이공대학교(제1캠퍼스)_글로벌교양학과, 광주광역시_서영대학교(제1캠퍼스)_실용한국어과, 경기도_경기과학기술대학교(제1캠퍼스)_기초교양과, 경기도_경민대학교(제1캠퍼스)_인문사회자율전공, 경기도_경민대학교(제1캠퍼스)_자유전공학과, 경기도_국제대학교(제1캠퍼스)_자유전공학과, 경기도_김포대학교(제1캠퍼스)_자유전공학과, 경기도_동원대학교(제1캠퍼스)_자유전공학과, 경기도_두원공과대학교(제2캠퍼스)_자유전공학과(3년제), 경기도_세계사이버대학(제1캠퍼스)_인문사회계열, 경기도_수원여자대학교(제1캠퍼스)_자유전공학과, 경기도_여주대학교(제1캠퍼스)_자유전공과, 경기도_연성대학교(제1캠퍼스)_자유전공학과, 경기도_오산대학교(제1캠퍼스)_기타모집단위, 경기도_오산대학교(제1캠퍼스)_자유전공학과, 경기도_유한대학교(제1캠퍼스)_자유전공학과, 경기도_장안대학교(제1캠퍼스)_교양과, 경기도_장안대학교(제1캠퍼스)_자유전공, 경기도_한국관광대학교(제1캠퍼스)_VISTA(자율전공)학과, 강원특별자치도_세경대학교(제1캠퍼스)_자유전공과, 강원특별자치도_송곡대학교(제1캠퍼스)_한국어비즈니스학과, 충청북도_강동대학교(제1캠퍼스)_평생직업교육학부, 충청북도_강동대학교(제1캠퍼스)_평생직업스마트학부, 충청북도_강동대학교(제1캠퍼스)_평생교육스마트학부, 충청남도_백석문화대학교(제1캠퍼스)_자율학부(인문사회), 충청남도_백석문화대학교(제1캠퍼스)_자율학부(인문사회_산), 충청남도_백석문화대학교(제1캠퍼스)_글로벌외국어학부, 전북특별자치도_백제예술대학교(제1캠퍼스)_교양과, 전북특별자치도_전북과학대학교(제1캠퍼스)_자유전공학과, 전북특별자치도_전북과학대학교(제1캠퍼스)_실용한국어과, 전북특별자치도_전주기전대학(제1캠퍼스)_자율전공과(3년제), 전북특별자치도_전주기전대학(제1캠퍼스)_평생학습계열, 전북특별자치도_전주기전대학(제1캠퍼스)_창의융합계열, 전북특별자치도_한국농수산대학교(제1캠퍼스)_교양학부, 전라남도_목포과학대학교(제1캠퍼스)_UCC자율전공학부, 전라남도_전남도립대학교(제1캠퍼스)_기타모집단위, 전라남도_청암대학교(제1캠퍼스)_자율전공계열, 전라남도_한영대학교(제1캠퍼스)_자율복합선택계열, 경상북도_경북전문대학교(제1캠퍼스)_기타모집단위, 경상북도_안동과학대학교(제1캠퍼스)_기타모집단위, 경상남도_경남도립거창대학(제1캠퍼스)_자율전공(무전공), 경상남도_마산대학교(제1캠퍼스)_글로벌한국어문화과, 세종특별자치시_한국영상대학교(제1캠퍼스)_자율전공학과","일반 선택: 독서와 작문, 문학, 사회와 문화, 현대사회와 윤리 등 | 진로 선택: 주제 탐구 독서, 영미 문학 일기, 윤리와 사상, 인문학과 윤리, 법과 사회, 인간과 철학, 논리와 사고, 인간과 심리 등 | 융합 선택: 매체 의사소통, 언어생활 탐구, 사회문제 탐구, 윤리문제 탐구, 지식 재산 일반, 논술 등","공통과목: 영어, 사회, 생활ㆍ교양 | 일반선택과목: 영어교과 : 영어 회화, 영어Ⅰ, 영어 독해와 작문, 영어Ⅱ | 진로선택과목: 실용 수학, 실용 영어, 영어권 문화, 진로 영어, 사회문제 탐구, 창의경영, 지식 재산 일반 | 전문교과Ⅰ: 정보과학, 지역 이해, 비교 문화, 세계 문제와 미래 사회, 사회 탐구 방법 및 사회과제 연구 | 전문교과Ⅱ: 기업과 경영, 정보처리와 관리, 커뮤니케이션, 정보통신, 빅데이터 분석",논술지도사,논술지도자
10145,교양인문학부,"서울특별시_강서대학교(제1캠퍼스)_기타모집단위, 서울특별시_건국대학교(제1캠퍼스)_기타모집단위, 서울특별시_건국대학교(제1캠퍼스)_문과대학자유전공학부, 서울특별시_경기대학교(제2캠퍼스)_기타모집단위, 서울특별시_경희대학교(제1캠퍼스)_교양과정(서울), 서울특별시_경희사이버대학교(제1캠퍼스)_후마니타스학과, 서울특별시_고려대학교(제1캠퍼스)_자유전공학부, 서울특별시_고려대학교(제1캠퍼스)_기타모집단위, 서울특별시_고려대학교(제1캠퍼스)_글로벌자율학부, 서울특별시_고려사이버대학교(제1캠퍼스)_융합전공, 서울특별시_고려사이버대학교(제1캠퍼스)_교양과, 서울특별시_고려사이버대학교(제1캠퍼스)_인문ㆍ사회ㆍ공학계열, 서울특별시_광운대학교(제1캠퍼스)_교양학부(인문사회계열), 서울특별시_국민대학교(제1캠퍼스)_인문기술융합학부, 서울특별시_국민대학교(제1캠퍼스)_기타모집단위, 서울특별시_덕성여자대학교(제1캠퍼스)_글로벌융합대학, 서울특별시_덕성여자대학교(제1캠퍼스)_자유전공학부, 서울특별시_덕성여자대학교(제1캠퍼스)_차미리사교양대학, 서울특별시_덕성여자대학교(제1캠퍼스)_미래인재대학, 서울특별시_동국대학교(제1캠퍼스)_교양학부, 서울특별시_동덕여자대학교(제1캠퍼스)_기타모집단위, 서울특별시_동덕여자대학교(제1캠퍼스)_인문학부 문예창작전공, 서울특별시_동덕여자대학교(제1캠퍼스)_글로벌지역학부, 서울특별시_동덕여자대학교(제1캠퍼스)_인문학부, 서울특별시_동덕여자대학교(제1캠퍼스)_ARETE교양대학, 서울특별시_명지대학교 인문캠퍼스(제2캠퍼스)_전공자유학부(인문), 서울특별시_명지대학교 인문캠퍼스(제2캠퍼스)_인문학부, 서울특별시_명지대학교 인문캠퍼스(제2캠퍼스)_교양학과, 서울특별시_명지대학교 인문캠퍼스(제2캠퍼스)_인문대학, 서울특별시_명지대학교 인문캠퍼스(제2캠퍼스)_융합전공학부(인문), 서울특별시_명지대학교 인문캠퍼스(제2캠퍼스)_어문학부, 서울특별시_명지대학교 인문캠퍼스(제2캠퍼스)_창의융합인재학부, 서울특별시_사이버한국외국어대학교(제1캠퍼스)_글로벌융합계열, 서울특별시_사이버한국외국어대학교(제1캠퍼스)_아테나 교양학부, 서울특별시_삼육대학교(제1캠퍼스)_기타모집단위, 서울특별시_삼육대학교(제1캠퍼스)_교양학부, 서울특별시_상명대학교(제1캠퍼스)_자유전공(인문사회계열), 서울특별시_상명대학교(제1캠퍼스)_계당교양교육원(인문사회), 서울특별시_상명대학교(제1캠퍼스)_기타모집단위, 서울특별시_서강대학교(제1캠퍼스)_디지털인문학연계전공, 서울특별시_서강대학교(제1캠퍼스)_기타모집단위, 서울특별시_서강대학교(제1캠퍼스)_융합교육원, 서울특별시_서강대학교(제1캠퍼스)_인문학부, 서울특별시_서강대학교(제1캠퍼스)_전인교육원, 서울특별시_서경대학교(제1캠퍼스)_인성교양대학, 서울특별시_서경대학교(제1캠퍼스)_기타모집단위, 서울특별시_서경대학교(제1캠퍼스)_문화콘텐츠학부(인문과학대학), 서울특별시_서경대학교(제1캠퍼스)_자유전공학부, 서울특별시_서울과학기술대학교(제1캠퍼스)_인문사회교양학부, 서울특별시_서울과학기술대학교(제1캠퍼스)_글로벌기초교육학부, 서울특별시_서울과학기술대학교(제1캠퍼스)_기타모집단위, 서울특별시_서울대학교(제1캠퍼스)_자유전공학부, 서울특별시_서울대학교(제1캠퍼스)_인문계열, 서울특별시_서울대학교(제1캠퍼스)_기타모집단위, 서울특별시_서울디지털대학교(제1캠퍼스)_창의인재계열, 서울특별시_서울사이버대학교(제1캠퍼스)_WISDOM교양대학, 서울특별시_서울사이버대학교(제1캠퍼스)_자유전공, 서울특별시_서울시립대학교(제1캠퍼스)_자유전공학부, 서울특별시_서울여자대학교(제1캠퍼스)_기타모집단위, 서울특별시_서울여자대학교(제1캠퍼스)_인문대학, 서울특별시_서울여자대학교(제1캠퍼스)_자유전공학부, 서울특별시_서울여자대학교(제1캠퍼스)_자율전공학부(인문사회계열), 서울특별시_서울여자대학교(제1캠퍼스)_메타버스융합콘텐츠전공, 서울특별시_서울한영대학교(제1캠퍼스)_기타모집단위, 서울특별시_성공회대학교(제1캠퍼스)_기타모집단위, 서울특별시_성공회대학교(제1캠퍼스)_인문융합자율학부, 서울특별시_성공회대학교(제1캠퍼스)_열림교양대학, 서울특별시_성균관대학교(제1캠퍼스)_학부대학, 서울특별시_성균관대학교(제1캠퍼스)_인문과학계열, 서울특별시_성균관대학교(제1캠퍼스)_유학대학, 서울특별시_성균관대학교(제1캠퍼스)_문과대학, 서울특별시_성신여자대학교(제1캠퍼스)_창의융합학부(인문융합예술계열), 서울특별시_성신여자대학교(제1캠퍼스)_창의융합학부, 서울특별시_성신여자대학교(제1캠퍼스)_기타모집단위, 서울특별시_세종대학교(제1캠퍼스)_기타모집단위, 서울특별시_세종대학교(제1캠퍼스)_대양휴머니티칼리지, 서울특별시_세종대학교(제1캠퍼스)_자유전공학부, 서울특별시_세종대학교(제1캠퍼스)_인문사회계열, 서울특별시_숙명여자대학교(제1캠퍼스)_기초교양학부, 서울특별시_숙명여자대학교(제1캠퍼스)_자유전공학부, 서울특별시_숭실대학교(제1캠퍼스)_자유전공학부, 서울특별시_숭실대학교(제1캠퍼스)_교양과정, 서울특별시_숭실사이버대학교(제1캠퍼스)_글로벌창의융합계열, 서울특별시_연세대학교(제1캠퍼스)_언더우드 비교문학과문화전공, 서울특별시_연세대학교(제1캠퍼스)_기타모집단위, 서울특별시_이화여자대학교(제1캠퍼스)_인문과학대학, 서울특별시_이화여자대학교(제1캠퍼스)_호크마교양대학, 서울특별시_이화여자대학교(제1캠퍼스)_기타모집단위, 서울특별시_이화여자대학교(제1캠퍼스)_스크랜튼학부, 서울특별시_중앙대학교(제1캠퍼스)_기타모집단위, 서울특별시_중앙대학교(제1캠퍼스)_인문대학, 서울특별시_총신대학교(제1캠퍼스)_호크마교양교육원, 서울특별시_총신대학교(제1캠퍼스)_기타모집단위, 서울특별시_추계예술대학교(제1캠퍼스)_기타모집단위, 서울특별시_추계예술대학교(제1캠퍼스)_교양학부, 서울특별시_태재대학교(제1캠퍼스)_혁신기초학부, 서울특별시_태재대학교(제1캠퍼스)_인문사회학부, 서울특별시_한국방송통신대학교(제1캠퍼스)_문화교양학과, 서울특별시_한국성서대학교(제1캠퍼스)_기타모집단위, 서울특별시_한국열린사이버대학교(제1캠퍼스)_미래융합계열, 서울특별시_한국예술종합학교(제1캠퍼스)_기타모집단위, 서울특별시_한국외국어대학교(제1캠퍼스)_미네르바대학(서울), 서울특별시_한국외국어대학교(제1캠퍼스)_기타모집단위(서울), 서울특별시_한국외국어대학교(제1캠퍼스)_일본학대학[통합모집], 서울특별시_한국외국어대학교(제1캠퍼스)_중국학대학[통합모집], 서울특별시_한성대학교(제1캠퍼스)_상상력교양대학, 서울특별시_한성대학교(제1캠퍼스)_기타모집단위, 서울특별시_한성대학교(제1캠퍼스)_크리에이티브인문학부, 서울특별시_한양대학교(제1캠퍼스)_창의융합교육원(인문사회), 서울특별시_한양대학교(제1캠퍼스)_기타모집단위, 서울특별시_홍익대학교(제1캠퍼스)_교양과, 서울특별시_홍익대학교(제1캠퍼스)_서울캠퍼스 자율전공, 부산광역시_경성대학교(제1캠퍼스)_기타모집단위, 부산광역시_경성대학교(제1캠퍼스)_인문문화학부, 부산광역시_고신대학교(제1캠퍼스)_기타모집단위, 부산광역시_고신대학교(제1캠퍼스)_학부대학, 부산광역시_국립부경대학교(제1캠퍼스)_글로벌자율전공학부(이학계열), 부산광역시_국립부경대학교(제1캠퍼스)_자유전공학부, 부산광역시_국립부경대학교(제1캠퍼스)_글로벌자율전공학부, 부산광역시_국립한국해양대학교(제1캠퍼스)_기타모집단위, 부산광역시_동명대학교(제1캠퍼스)_학부교양대학, 부산광역시_동서대학교(제1캠퍼스)_민석교양대학, 부산광역시_동서대학교(제1캠퍼스)_캠퍼스아시아학과, 부산광역시_동서대학교(제1캠퍼스)_기타모집단위, 부산광역시_동서대학교(제1캠퍼스)_자유전공학부, 부산광역시_동아대학교(제2캠퍼스)_기타모집단위, 부산광역시_동아대학교(제1캠퍼스)_자유전공학부, 부산광역시_동의대학교(제1캠퍼스)_기초교양학부, 부산광역시_동의대학교(제1캠퍼스)_기타모집단위, 부산광역시_부산가톨릭대학교(제1캠퍼스)_인성교양학부, 부산광역시_부산대학교(제1캠퍼스)_기타모집단위, 부산광역시_부산대학교(제1캠퍼스)_글로벌자유전공학부, 부산광역시_부산대학교(제1캠퍼스)_교양학부(인문사회계열), 부산광역시_부산디지털대학교(제1캠퍼스)_미래융합계열, 부산광역시_부산외국어대학교(제1캠퍼스)_International College, 부산광역시_부산외국어대학교(제1캠퍼스)_파이데이아창의인재학과, 부산광역시_부산외국어대학교(제1캠퍼스)_G2(영ㆍ중)융합학부, 부산광역시_부산외국어대학교(제1캠퍼스)_기타모집단위, 부산광역시_신라대학교(제1캠퍼스)_교양과정부, 부산광역시_영산대학교(제2캠퍼스)_인문문화융합학과, 부산광역시_영산대학교(제2캠퍼스)_기타모집단위, 부산광역시_영산대학교(제2캠퍼스)_자유전공학부, 인천광역시_안양대학교(제2캠퍼스)_아리교양대학, 인천광역시_연세대학교(제2캠퍼스)_글로벌기초교육학부, 인천광역시_연세대학교(제2캠퍼스)_언더우드학부, 인천광역시_연세대학교(제2캠퍼스)_교양과, 인천광역시_연세대학교(제2캠퍼스)_인문계열, 인천광역시_연세대학교(제2캠퍼스)_융합인문사회과학부, 인천광역시_인천대학교(제1캠퍼스)_교양교수부, 인천광역시_인하대학교(제1캠퍼스)_인문학부, 인천광역시_인하대학교(제1캠퍼스)_기타모집단위, 인천광역시_인하대학교(제1캠퍼스)_인문융합학부, 대전광역시_건양사이버대학교(제1캠퍼스)_융합계열, 대전광역시_건양사이버대학교(제1캠퍼스)_교양학부, 대전광역시_국립한밭대학교(제1캠퍼스)_인문교양학부, 대전광역시_국립한밭대학교(제1캠퍼스)_기타모집단위, 대전광역시_대전대학교(제1캠퍼스)_혜화커뮤니티칼리지, 대전광역시_대전대학교(제1캠퍼스)_기타모집단위, 대전광역시_대전대학교(제1캠퍼스)_혜화리버럴아츠칼리지, 대전광역시_목원대학교(제1캠퍼스)_기타모집단위, 대전광역시_목원대학교(제1캠퍼스)_기초교양학부, 대전광역시_배재대학교(제1캠퍼스)_인문사회계열, 대전광역시_배재대학교(제1캠퍼스)_기타모집단위, 대전광역시_우송대학교(제1캠퍼스)_Endicott 자율융합학부, 대전광역시_우송대학교(제1캠퍼스)_기타모집단위, 대전광역시_우송대학교(제1캠퍼스)_자유전공학부, 대전광역시_우송대학교(제1캠퍼스)_우송교양대학, 대전광역시_충남대학교(제1캠퍼스)_인문ㆍ사회과학전공, 대전광역시_충남대학교(제1캠퍼스)_기타모집단위, 대전광역시_충남대학교(제1캠퍼스)_문화와사회융합전공, 대전광역시_한국과학기술원(제1캠퍼스)_디지털인문사회과학부, 대전광역시_한국과학기술원(제1캠퍼스)_새내기과정학부(인문사회계열), 대전광역시_한국과학기술원(제1캠퍼스)_융합인재학부, 대전광역시_한국침례신학대학교(제1캠퍼스)_기타모집단위, 대전광역시_한국침례신학대학교(제1캠퍼스)_인문사회과학부, 대전광역시_한남대학교(제1캠퍼스)_기타모집단위, 대전광역시_한남대학교(제1캠퍼스)_자유전공학부, 대전광역시_한남대학교(제1캠퍼스)_탈메이지교양ㆍ융합대학(인문사회계열), 대구광역시_경북대학교(제1캠퍼스)_인문대학 자율학부, 대구광역시_경북대학교(제1캠퍼스)_기타모집단위, 대구광역시_계명대학교(제1캠퍼스)_기타모집단위, 대구광역시_계명대학교(제1캠퍼스)_인문사회계열, 대구광역시_대구경북과학기술원(제1캠퍼스)_교양학부, 울산광역시_울산과학기술원(제1캠퍼스)_인문학부, 울산광역시_울산대학교(제1캠퍼스)_교양학부, 울산광역시_울산대학교(제1캠퍼스)_기타모집단위, 울산광역시_울산대학교(제1캠퍼스)_글로벌인문학부, 광주광역시_광주과학기술원(제1캠퍼스)_기초교육학부, 광주광역시_광주과학기술원(제1캠퍼스)_인문사회과학부, 광주광역시_광주대학교(제1캠퍼스)_기초교양학부, 광주광역시_광주대학교(제1캠퍼스)_기타모집단위, 광주광역시_광주대학교(제1캠퍼스)_인문사회과학대학, 광주광역시_광주여자대학교(제1캠퍼스)_미래융합학부(마음교육학과), 광주광역시_남부대학교(제1캠퍼스)_교양학부, 광주광역시_송원대학교(제1캠퍼스)_교양학부, 광주광역시_전남대학교(제1캠퍼스)_기타모집단위, 광주광역시_전남대학교(제1캠퍼스)_자율전공학부(4년), 광주광역시_조선대학교(제1캠퍼스)_자유전공학부, 광주광역시_조선대학교(제1캠퍼스)_스포츠산업학과, 광주광역시_호남대학교(제1캠퍼스)_자유전공학부, 광주광역시_호남대학교(제1캠퍼스)_교양학부, 경기도_가천대학교(제1캠퍼스)_국제학부(국제자유전공), 경기도_가천대학교(제1캠퍼스)_AI인문대학, 경기도_가천대학교(제1캠퍼스)_자유전공학부, 경기도_가톨릭대학교(제1캠퍼스)_교양과정, 경기도_가톨릭대학교(제1캠퍼스)_기타모집단위, 경기도_가톨릭대학교(제1캠퍼스)_가톨릭대학교학부대학, 경기도_가톨릭대학교(제1캠퍼스)_자유전공학부, 경기도_가톨릭대학교(제1캠퍼스)_인문사회계열, 경기도_가톨릭대학교(제1캠퍼스)_글로컬문화스토리텔링융복합전공, 경기도_가톨릭대학교(제1캠퍼스)_어문계열, 경기도_가톨릭대학교(제1캠퍼스)_자유전공학과(인문사회), 경기도_가톨릭대학교(제1캠퍼스)_인문계열, 경기도_강남대학교(제1캠퍼스)_자유전공학부, 경기도_강남대학교(제1캠퍼스)_교양학부, 경기도_강남대학교(제1캠퍼스)_교양교수부, 경기도_강남대학교(제1캠퍼스)_글로벌문화콘텐츠대학, 경기도_경기대학교(제1캠퍼스)_글로벌어문학부, 경기도_경기대학교(제1캠퍼스)_인문학부, 경기도_경기대학교(제1캠퍼스)_교양학부, 경기도_경기대학교(제1캠퍼스)_기타모집단위, 경기도_경동대학교(제4캠퍼스)_교양교육학부, 경기도_경희대학교(제2캠퍼스)_교양과정(국제), 경기도_경희대학교(제2캠퍼스)_자유전공학부, 경기도_국제사이버대학교(제1캠퍼스)_미래창조융합계열, 경기도_단국대학교(제1캠퍼스)_인문계열광역, 경기도_단국대학교(제1캠퍼스)_자유교양대학(인문사회계열), 경기도_단국대학교(제1캠퍼스)_프리무스국제대학, 경기도_단국대학교(제1캠퍼스)_글로벌기초교육학부, 경기도_단국대학교(제1캠퍼스)_기타모집단위, 경기도_단국대학교(제1캠퍼스)_영미인문학과, 경기도_대진대학교(제1캠퍼스)_교양학부, 경기도_명지대학교 자연캠퍼스(제1캠퍼스)_교양학과, 경기도_서울신학대학교(제1캠퍼스)_교양교육원, 경기도_서울신학대학교(제1캠퍼스)_기타모집단위, 경기도_성결대학교(제1캠퍼스)_인문대학자율전공학부, 경기도_성결대학교(제1캠퍼스)_파이데이아 학부, 경기도_수원대학교(제1캠퍼스)_기타모집단위, 경기도_수원대학교(제1캠퍼스)_인문학부, 경기도_수원대학교(제1캠퍼스)_자유전공학부, 경기도_신한대학교(제2캠퍼스)_기타모집단위, 경기도_신한대학교(제1캠퍼스)_기타모집단위, 경기도_신한대학교(제1캠퍼스)_리나시타교양대학, 경기도_아신대학교(제1캠퍼스)_글로벌융합리더학부, 경기도_아신대학교(제1캠퍼스)_기타모집단위, 경기도_아주대학교(제1캠퍼스)_기타모집단위, 경기도_안양대학교(제1캠퍼스)_기타모집단위, 경기도_안양대학교(제1캠퍼스)_아리교양대학, 경기도_안양대학교(제1캠퍼스)_인문계열자유전공, 경기도_용인대학교(제1캠퍼스)_기타모집단위, 경기도_을지대학교(제2캠퍼스)_교양학부, 경기도_을지대학교(제2캠퍼스)_스포츠아웃도어학과, 경기도_을지대학교(제3캠퍼스)_스포츠아웃도어학과, 경기도_을지대학교(제3캠퍼스)_자유전공학부, 경기도_중부대학교(제2캠퍼스)_학생성장교양학부(창의), 경기도_중앙대학교(제2캠퍼스)_기타모집단위, 경기도_차의과학대학교(제1캠퍼스)_기타모집단위, 경기도_차의과학대학교(제1캠퍼스)_차오름교양대학, 경기도_칼빈대학교(제1캠퍼스)_교양학부, 경기도_평택대학교(제1캠퍼스)_피어선칼리지(인문사회계열), 경기도_평택대학교(제1캠퍼스)_인문사회계열, 경기도_평택대학교(제1캠퍼스)_글로벌자율전공학부, 경기도_한경국립대학교(제1캠퍼스)_기타모집단위, 경기도_한경국립대학교(제2캠퍼스)_기타모집단위(평택), 경기도_한경국립대학교(제1캠퍼스)_브라이트 칼리지, 경기도_한경국립대학교(제1캠퍼스)_인문융합공공인재학부, 경기도_한국공학대학교(제1캠퍼스)_자유전공학부, 경기도_한국외국어대학교(제2캠퍼스)_인문대학[통합모집], 경기도_한국외국어대학교(제2캠퍼스)_글로벌자유전공학부, 경기도_한국외국어대학교(제2캠퍼스)_기타모집단위(글로벌), 경기도_한국외국어대학교(제2캠퍼스)_인문과학계열, 경기도_한국외국어대학교(제2캠퍼스)_융합인재학부, 경기도_한국외국어대학교(제2캠퍼스)_미네르바대학(글로벌), 경기도_한국항공대학교(제1캠퍼스)_자유전공학부(전계열), 경기도_한국항공대학교(제1캠퍼스)_자유전공학부, 경기도_한국항공대학교(제1캠퍼스)_인문자연학부, 경기도_한세대학교(제1캠퍼스)_교양학부, 경기도_한세대학교(제1캠퍼스)_기타모집단위, 경기도_한세대학교(제1캠퍼스)_자유전공학부, 경기도_한신대학교(제1캠퍼스)_자유전공학부, 경기도_한신대학교(제1캠퍼스)_평화교양대학, 경기도_한신대학교(제1캠퍼스)_신학ㆍ인문융합계열, 경기도_한양대학교 ERICA캠퍼스(제1캠퍼스)_창의융합교육원(인문사회), 경기도_한양대학교 ERICA캠퍼스(제1캠퍼스)_학연산클러스터사업단, 경기도_한양대학교 ERICA캠퍼스(제1캠퍼스)_기타모집단위, 경기도_협성대학교(제1캠퍼스)_웨슬리창의융합대학, 강원특별자치도_가톨릭관동대학교(제1캠퍼스)_교양과, 강원특별자치도_가톨릭관동대학교(제1캠퍼스)_기타모집단위, 강원특별자치도_가톨릭관동대학교(제1캠퍼스)_트리니티자유대학, 강원특별자치도_강원대학교(제1캠퍼스)_기타모집단위, 강원특별자치도_강원대학교(제1캠퍼스)_자유전공학부(학생설계전공 인문사회계열), 강원특별자치도_강원대학교(제2캠퍼스)_기타모집단위, 강원특별자치도_강원대학교(제1캠퍼스)_인문학부, 강원특별자치도_경동대학교(제1캠퍼스)_기타모집단위, 강원특별자치도_경동대학교(제3캠퍼스)_교양교육학부, 강원특별자치도_경동대학교(제3캠퍼스)_기타모집단위, 강원특별자치도_국립강릉원주대학교(제2캠퍼스)_기타모집단위, 강원특별자치도_국립강릉원주대학교(제1캠퍼스)_자유전공학부, 강원특별자치도_국립강릉원주대학교(제1캠퍼스)_기타모집단위, 강원특별자치도_상지대학교(제1캠퍼스)_FIND칼리지학부, 강원특별자치도_상지대학교(제1캠퍼스)_자유전공학부, 강원특별자치도_연세대학교 미래캠퍼스(제1캠퍼스)_한국문화ㆍ경영전공, 강원특별자치도_연세대학교 미래캠퍼스(제1캠퍼스)_인문과학부, 강원특별자치도_연세대학교 미래캠퍼스(제1캠퍼스)_기타모집단위, 강원특별자치도_연세대학교 미래캠퍼스(제1캠퍼스)_글로벌엘리트학부, 강원특별자치도_연세대학교 미래캠퍼스(제1캠퍼스)_교양과, 강원특별자치도_한라대학교(제1캠퍼스)_기타모집단위, 강원특별자치도_한라대학교(제1캠퍼스)_자유전공학부, 강원특별자치도_한림대학교(제1캠퍼스)_인문콘텐츠융합전공, 강원특별자치도_한림대학교(제1캠퍼스)_일송자유교양대학, 강원특별자치도_한림대학교(제1캠퍼스)_인문학부, 강원특별자치도_한림대학교(제1캠퍼스)_기타모집단위, 강원특별자치도_한림대학교(제1캠퍼스)_디지털인문예술전공, 충청북도_건국대학교 글로컬캠퍼스(제1캠퍼스)_기타모집단위, 충청북도_건국대학교 글로컬캠퍼스(제1캠퍼스)_커뮤니케이션문화학부, 충청북도_건국대학교 글로컬캠퍼스(제1캠퍼스)_KU글로컬혁신대학, 충청북도_국립한국교통대학교(제1캠퍼스)_인문자유전공학부, 충청북도_국립한국교통대학교(제1캠퍼스)_기타모집단위, 충청북도_국립한국교통대학교(제1캠퍼스)_자유전공학부(충주/증평), 충청북도_국립한국교통대학교(제1캠퍼스)_글로벌어문학부, 충청북도_국립한국교통대학교(제1캠퍼스)_교양학부, 충청북도_국립한국교통대학교(제1캠퍼스)_창의융합학부, 충청북도_극동대학교(제1캠퍼스)_기타모집단위, 충청북도_극동대학교(제1캠퍼스)_미래교양대학, 충청북도_서원대학교(제1캠퍼스)_휴머니티교양대학, 충청북도_서원대학교(제1캠퍼스)_기타모집단위, 충청북도_세명대학교(제1캠퍼스)_기타모집단위, 충청북도_세명대학교(제1캠퍼스)_글로벌언어문화콘텐츠학부, 충청북도_우석대학교(제2캠퍼스)_교양대학(진천), 충청북도_우석대학교(제2캠퍼스)_자율전공학부(진천), 충청북도_유원대학교(제1캠퍼스)_교양융합학부, 충청북도_청주대학교(제1캠퍼스)_동양어문학전공, 충청북도_청주대학교(제1캠퍼스)_자유전공학부, 충청북도_청주대학교(제1캠퍼스)_교양학부, 충청북도_청주대학교(제1캠퍼스)_인문학부, 충청북도_청주대학교(제1캠퍼스)_기타모집단위, 충청북도_충북대학교(제1캠퍼스)_자율전공학부(인문ㆍ자연), 충청북도_충북대학교(제1캠퍼스)_인문학자율전공학부, 충청남도_건양대학교(제1캠퍼스)_휴머니티칼리지, 충청남도_국립공주대학교(제1캠퍼스)_기타모집단위, 충청남도_금강대학교(제1캠퍼스)_프라마나전공, 충청남도_금강대학교(제1캠퍼스)_프라마나(仁問과학)학부, 충청남도_금강대학교(제1캠퍼스)_로터스칼리지, 충청남도_남서울대학교(제1캠퍼스)_교양과정부, 충청남도_단국대학교(제2캠퍼스)_유럽중남미학부, 충청남도_단국대학교(제2캠퍼스)_기타모집단위, 충청남도_단국대학교(제2캠퍼스)_아시아중동학부, 충청남도_단국대학교(제2캠퍼스)_자유교양대학(인문사회계열), 충청남도_백석대학교(제1캠퍼스)_기타모집단위, 충청남도_상명대학교(제2캠퍼스)_계당교양교육원(인문사회), 충청남도_상명대학교(제2캠퍼스)_스포츠산업학과, 충청남도_상명대학교(제2캠퍼스)_글로벌지역학부, 충청남도_선문대학교(제1캠퍼스)_자유전공학부, 충청남도_선문대학교(제1캠퍼스)_인문사회대학, 충청남도_선문대학교(제1캠퍼스)_교양학부, 충청남도_세한대학교(제2캠퍼스)_자유전공학과, 충청남도_순천향대학교(제1캠퍼스)_글로벌자유전공학과, 충청남도_순천향대학교(제1캠퍼스)_기타모집단위, 충청남도_중부대학교(제1캠퍼스)_기타모집단위, 충청남도_중부대학교(제1캠퍼스)_자율설계전공, 충청남도_중부대학교(제1캠퍼스)_학생성장교양학부, 충청남도_청운대학교(제1캠퍼스)_기타모집단위, 충청남도_한국기술교육대학교(제1캠퍼스)_교양학부, 충청남도_한서대학교(제1캠퍼스)_글로벌언어협력학과, 충청남도_한서대학교(제1캠퍼스)_기타모집단위, 충청남도_호서대학교(제1캠퍼스)_자유전공학부, 충청남도_호서대학교(제2캠퍼스)_기타모집단위, 충청남도_호서대학교(제1캠퍼스)_혁신융합학부, 충청남도_호서대학교(제1캠퍼스)_창의교양학부, 전북특별자치도_국립군산대학교(제1캠퍼스)_기타모집단위, 전북특별자치도_예원예술대학교(제1캠퍼스)_교양학부, 전북특별자치도_우석대학교(제1캠퍼스)_자율전공학부(전주), 전북특별자치도_우석대학교(제1캠퍼스)_기타모집단위, 전북특별자치도_우석대학교(제1캠퍼스)_자율전공대학, 전북특별자치도_원광대학교(제1캠퍼스)_인문융합학부, 전북특별자치도_원광디지털대학교(제1캠퍼스)_웰빙문화복지계열, 전북특별자치도_전북대학교(제1캠퍼스)_인문계열, 전북특별자치도_전북대학교(제1캠퍼스)_교양학부(인문사회계열), 전북특별자치도_전북대학교(제1캠퍼스)_기타모집단위, 전북특별자치도_전주대학교(제1캠퍼스)_인문콘텐츠계열, 전북특별자치도_전주대학교(제1캠퍼스)_평생교육계열, 전북특별자치도_전주대학교(제1캠퍼스)_자유전공학부, 전북특별자치도_전주대학교(제1캠퍼스)_교양학부, 전북특별자치도_전주대학교(제1캠퍼스)_미네르바학부, 전북특별자치도_전주대학교(제1캠퍼스)_기타모집단위, 전북특별자치도_한일장신대학교(제1캠퍼스)_교양교육원, 전북특별자치도_호원대학교(제1캠퍼스)_교양과, 전라남도_국립목포대학교(제1캠퍼스)_인문학부, 전라남도_국립목포대학교(제1캠퍼스)_교양학부, 전라남도_국립목포대학교(제1캠퍼스)_자율전공인문학부, 전라남도_국립목포대학교(제1캠퍼스)_기타모집단위, 전라남도_국립목포해양대학교(제1캠퍼스)_기타모집단위, 전라남도_국립순천대학교(제1캠퍼스)_인문분야, 전라남도_국립순천대학교(제1캠퍼스)_기타모집단위, 전라남도_국립순천대학교(제1캠퍼스)_자유전공학부, 전라남도_동신대학교(제1캠퍼스)_기타모집단위, 전라남도_동신대학교(제1캠퍼스)_자유전공학부, 전라남도_세한대학교(제1캠퍼스)_교양학부, 전라남도_전남대학교(제2캠퍼스)_기타모집단위, 전라남도_초당대학교(제1캠퍼스)_창의융합대학, 전라남도_초당대학교(제1캠퍼스)_글로벌자율전공학부, 전라남도_초당대학교(제1캠퍼스)_UCC자율전공학부, 경상북도_경운대학교(제1캠퍼스)_기타모집단위, 경상북도_경운대학교(제1캠퍼스)_기초교육학부, 경상북도_경운대학교(제1캠퍼스)_교양교육학부, 경상북도_경운대학교(제1캠퍼스)_인덕원, 경상북도_경일대학교(제1캠퍼스)_교양학부, 경상북도_국립경국대학교(제1캠퍼스)_인문사회ㆍIT대학, 경상북도_국립경국대학교(제1캠퍼스)_창의융합학부, 경상북도_국립경국대학교(제1캠퍼스)_자유전공학부, 경상북도_국립경국대학교(제1캠퍼스)_인문ㆍ문화학부, 경상북도_국립경국대학교(제1캠퍼스)_창의융합학부(인문사회계열), 경상북도_국립금오공과대학교(제1캠퍼스)_기타모집단위, 경상북도_국립금오공과대학교(제1캠퍼스)_교양학부, 경상북도_김천대학교(제1캠퍼스)_기초교양학부, 경상북도_대구대학교(제1캠퍼스)_자유전공학부, 경상북도_대구대학교(제1캠퍼스)_기타모집단위, 경상북도_대구사이버대학교(제1캠퍼스)_교양학부, 경상북도_대구한의대학교(제1캠퍼스)_인문계열통합모집단위, 경상북도_대구한의대학교(제1캠퍼스)_기타모집단위, 경상북도_대구한의대학교(제1캠퍼스)_기초교양대학(인문사회), 경상북도_대구한의대학교(제1캠퍼스)_인문계열 성인통합모집단위, 경상북도_대구한의대학교(제1캠퍼스)_자기설계융합학부, 경상북도_대신대학교(제1캠퍼스)_교양학과, 경상북도_동국대학교 WISE캠퍼스(제1캠퍼스)_자유전공학부, 경상북도_동국대학교 WISE캠퍼스(제1캠퍼스)_교양학부(인문사회계열), 경상북도_동국대학교 WISE캠퍼스(제1캠퍼스)_기타모집단위, 경상북도_동국대학교 WISE캠퍼스(제1캠퍼스)_인문학부, 경상북도_동양대학교(제1캠퍼스)_교양학부, 경상북도_신경주대학교(제1캠퍼스)_기타모집단위, 경상북도_영남대학교(제1캠퍼스)_글로벌교양학부, 경상북도_영남대학교(제1캠퍼스)_교양학부, 경상북도_위덕대학교(제1캠퍼스)_기타모집단위, 경상북도_포항공과대학교(제1캠퍼스)_인문사회학부, 경상북도_한동대학교(제1캠퍼스)_창의융합교육원(인문사회), 경상남도_가야대학교(제1캠퍼스)_교양학부, 경상남도_경남대학교(제1캠퍼스)_자유전공학부, 경상남도_경상국립대학교(제1캠퍼스)_교양학부, 경상남도_경상국립대학교(제1캠퍼스)_기타모집단위, 경상남도_국립창원대학교(제1캠퍼스)_인문계열자율전공학부, 경상남도_국립창원대학교(제1캠퍼스)_기타모집단위, 경상남도_영산대학교(제1캠퍼스)_기타모집단위, 경상남도_인제대학교(제1캠퍼스)_자유전공학부, 경상남도_인제대학교(제1캠퍼스)_리버럴아츠교육학부, 경상남도_인제대학교(제1캠퍼스)_기타모집단위, 경상남도_인제대학교(제1캠퍼스)_글로벌자유전공학과, 경상남도_인제대학교(제1캠퍼스)_인문문화융합학부, 경상남도_인제대학교(제1캠퍼스)_인문문화학부, 경상남도_창신대학교(제1캠퍼스)_카리스교양대학, 제주특별자치도_제주국제대학교(제1캠퍼스)_기타모집단위, 제주특별자치도_제주국제대학교(제1캠퍼스)_스포츠산업학과, 세종특별자치시_고려대학교 세종캠퍼스(제1캠퍼스)_기타모집단위, 세종특별자치시_고려대학교 세종캠퍼스(제1캠퍼스)_문화창의학부, 세종특별자치시_홍익대학교 세종캠퍼스(제2캠퍼스)_기타모집단위, 세종특별자치시_홍익대학교 세종캠퍼스(제2캠퍼스)_교양과","일반 선택: 독서와 작문, 문학, 사회와 문화, 현대사회와 윤리 등 | 진로 선택: 주제 탐구 독서, 영미 문학 일기, 윤리와 사상, 인문학과 윤리, 법과 사회, 인간과 철학, 논리와 사고, 인간과 심리 등 | 융합 선택: 매체 의사소통, 언어생활 탐구, 사회문제 탐구, 윤리문제 탐구, 지식 재산 일반, 논술 등","공통과목: 영어, 사회, 생활ㆍ교양 | 일반선택과목: 영어교과 : 영어 회화, 영어Ⅰ, 영어 독해와 작문, 영어Ⅱ | 진로선택과목: 실용 수학, 실용 영어, 영어권 문화, 진로 영어, 사회문제 탐구, 창의경영, 지식 재산 일반 | 전문교과Ⅰ: 정보과학, 지역 이해, 비교 문화, 세계 문제와 미래 사회, 사회 탐구 방법 및 사회과제 연구 | 전문교과Ⅱ: 기업과 경영, 정보처리와 관리, 커뮤니케이션, 정보통신, 빅데이터 분석",논술지도사,논술지도자
57,교육공학과,"서울특별시_건국대학교(제1캠퍼스)_교육공학과, 서울특별시_이화여자대학교(제1캠퍼스)_교육공학과, 서울특별시_한양대학교(제1캠퍼스)_교육공학과, 서울특별시_한양사이버대학교(제1캠퍼스)_교육공학과, 경상북도_국립경국대학교(제1캠퍼스)_교육공학과","일반 선택: 화법과 언어, 독서와 작문, 문학, 대수, 미적분Ⅰ, 확률과 통계, 영어Ⅰ, 영어Ⅱ, 영어 독해와 작문, 세계시민과 지리, 세계사, 사회와 문화, 현대사회와 윤리, 제2외국어 과목 등 | 진로 선택: 주제 탐구 독서, 영어 발표와 토론, 동아시아 역사 기행, 정치, 법과사회, 윤리와 사상, 교육의 이해 등 | 융합 선택: 독서 토론과 글쓰기, 미디어 영어, 역사로 탐구하는 현대 세계, 사회문제 탐구 등","공통과목: 국어, 영어, 기술ㆍ가정 | 일반선택과목: 교양교과 : 심리학, 교육학 | 진로선택과목: 공학 일반 | 전문교과Ⅰ: 영상 제작의 이해, 사진 영상 편집 | 전문교과Ⅱ: 정보통신 교과의 방송 제작 시스템 운영, 응용 프로그래밍 개발, 인쇄ㆍ출판ㆍ공예 교과의 디지털 이미지 재현","사회조사분석사, 중등학교2급정교사",교육학연구원
59,교육학과,"서울특별시_건국대학교(제1캠퍼스)_교직과, 서울특별시_고려대학교(제1캠퍼스)_교육학과, 서울특별시_고려사이버대학교(제1캠퍼스)_인재개발학부, 서울특별시_국민대학교(제1캠퍼스)_교육학과, 서울특별시_덕성여자대학교(제1캠퍼스)_교직학부, 서울특별시_덕성여자대학교(제1캠퍼스)_한국어교육전공, 서울특별시_동국대학교(제1캠퍼스)_교육학과, 서울특별시_상명대학교(제1캠퍼스)_계당교양교육원(예체능), 서울특별시_상명대학교(제1캠퍼스)_교육학과, 서울특별시_서강대학교(제1캠퍼스)_교육문화전공, 서울특별시_서울대학교(제1캠퍼스)_교육학과, 서울특별시_서울대학교(제1캠퍼스)_독어교육과, 서울특별시_서울디지털대학교(제1캠퍼스)_평생교육전공, 서울특별시_서울여자대학교(제1캠퍼스)_교육심리학과, 서울특별시_성균관대학교(제1캠퍼스)_사범대학, 서울특별시_성균관대학교(제1캠퍼스)_교육학과, 서울특별시_성신여자대학교(제1캠퍼스)_교육학과, 서울특별시_세종대학교(제1캠퍼스)_교육학과, 서울특별시_숙명여자대학교(제1캠퍼스)_교육학부, 서울특별시_숭실대학교(제1캠퍼스)_교직과정, 서울특별시_숭실대학교(제1캠퍼스)_평생교육학과, 서울특별시_숭실사이버대학교(제1캠퍼스)_평생교육상담학과, 서울특별시_숭실사이버대학교(제1캠퍼스)_한국어교육학과, 서울특별시_연세대학교(제1캠퍼스)_교육학부, 서울특별시_연세대학교(제1캠퍼스)_교육학전공, 서울특별시_이화여자대학교(제1캠퍼스)_교육학과, 서울특별시_중앙대학교(제1캠퍼스)_교육학과, 서울특별시_총신대학교(제1캠퍼스)_교직과, 서울특별시_한국방송통신대학교(제1캠퍼스)_교육과, 서울특별시_한국방송통신대학교(제1캠퍼스)_교육학과, 서울특별시_한국방송통신대학교(제1캠퍼스)_청소년교육과, 서울특별시_한국외국어대학교(제1캠퍼스)_사범대학, 서울특별시_한국외국어대학교(제1캠퍼스)_프랑스어교육과, 서울특별시_한양대학교(제1캠퍼스)_교육학과, 서울특별시_한양사이버대학교(제1캠퍼스)_플랫폼교육공학과, 서울특별시_홍익대학교(제1캠퍼스)_교육학과, 부산광역시_경성대학교(제1캠퍼스)_교육학과, 부산광역시_고신대학교(제1캠퍼스)_한국어교육학과, 부산광역시_국립부경대학교(제1캠퍼스)_평생교육ㆍ상담학전공, 부산광역시_국립한국해양대학교(제1캠퍼스)_교직과, 부산광역시_동아대학교(제1캠퍼스)_교육학과, 부산광역시_동의대학교(제1캠퍼스)_평생교육ㆍ청소년상담학과, 부산광역시_동의대학교(제1캠퍼스)_교직학부, 부산광역시_부산교육대학교(제1캠퍼스)_교육학과, 부산광역시_부산대학교(제1캠퍼스)_교육학과, 부산광역시_부산외국어대학교(제1캠퍼스)_한국어교육학과, 부산광역시_부산외국어대학교(제1캠퍼스)_한국어교육전공, 부산광역시_신라대학교(제1캠퍼스)_교육학과, 인천광역시_연세대학교(제2캠퍼스)_교육과학계열, 인천광역시_인하대학교(제1캠퍼스)_교육학과, 대전광역시_건양사이버대학교(제1캠퍼스)_온라인평생교육학과, 대전광역시_목원대학교(제1캠퍼스)_교직과, 대전광역시_충남대학교(제1캠퍼스)_교육학과, 대전광역시_한국침례신학대학교(제1캠퍼스)_기독교교육학과, 대전광역시_한국침례신학대학교(제1캠퍼스)_사범학부, 대전광역시_한남대학교(제1캠퍼스)_교육학과, 대구광역시_경북대학교(제1캠퍼스)_교육학과, 대구광역시_경북대학교(제1캠퍼스)_유럽어교육학부 독어교육전공, 대구광역시_경북대학교(제1캠퍼스)_정보ㆍ컴퓨터교육과, 대구광역시_경북대학교(제1캠퍼스)_유럽어교육학부 불어교육전공, 대구광역시_계명대학교(제1캠퍼스)_한국어교육과, 대구광역시_계명대학교(제1캠퍼스)_교육학과, 광주광역시_광신대학교(제1캠퍼스)_한국어교육학과, 광주광역시_광주교육대학교(제1캠퍼스)_교육학과(심화전공), 광주광역시_광주대학교(제1캠퍼스)_청소년상담ㆍ평생교육학과, 광주광역시_광주여자대학교(제1캠퍼스)_글로벌영어교육학과, 광주광역시_광주여자대학교(제1캠퍼스)_한국어교육학과, 광주광역시_광주여자대학교(제1캠퍼스)_교양교직과정부, 광주광역시_전남대학교(제1캠퍼스)_교육학과, 광주광역시_조선대학교(제1캠퍼스)_교육학과, 광주광역시_조선대학교(제1캠퍼스)_독어교육과, 광주광역시_호남대학교(제1캠퍼스)_글로벌한국어교육학과, 경기도_가천대학교(제1캠퍼스)_한국어교육학과, 경기도_가톨릭대학교(제1캠퍼스)_교직과, 경기도_강남대학교(제1캠퍼스)_교육학과, 경기도_경기대학교(제1캠퍼스)_교직학부, 경기도_국제사이버대학교(제1캠퍼스)_평생교육전공, 경기도_국제사이버대학교(제1캠퍼스)_평생교육학과, 경기도_단국대학교(제1캠퍼스)_교직교육과, 경기도_대진대학교(제1캠퍼스)_교직과, 경기도_대진대학교(제1캠퍼스)_휴먼케어평생교육학과, 경기도_성결대학교(제1캠퍼스)_교직부, 경기도_아신대학교(제1캠퍼스)_기독교교육학과, 경기도_중부대학교(제2캠퍼스)_교직과(창의), 경기도_평택대학교(제1캠퍼스)_아동ㆍ청소년교육상담학과, 경기도_한신대학교(제1캠퍼스)_기독교교육학과, 경기도_한양대학교 ERICA캠퍼스(제1캠퍼스)_창의융합교육원(예체능), 강원특별자치도_가톨릭관동대학교(제1캠퍼스)_교직과, 강원특별자치도_강원대학교(제1캠퍼스)_교육학과, 강원특별자치도_국립강릉원주대학교(제1캠퍼스)_교직과정부, 강원특별자치도_상지대학교(제1캠퍼스)_평생교육상담학과, 강원특별자치도_상지대학교(제1캠퍼스)_한국어교육학과, 충청북도_건국대학교 글로컬캠퍼스(제1캠퍼스)_교직과, 충청북도_국립한국교통대학교(제2캠퍼스)_교직부, 충청북도_극동대학교(제1캠퍼스)_인재개발학부, 충청북도_서원대학교(제1캠퍼스)_교육학과, 충청북도_서원대학교(제1캠퍼스)_한국어교육전공, 충청북도_서원대학교(제1캠퍼스)_사범대학, 충청북도_청주대학교(제1캠퍼스)_교직과, 충청북도_충북대학교(제1캠퍼스)_교육학과, 충청북도_한국교원대학교(제1캠퍼스)_교육학과, 충청남도_국립공주대학교(제1캠퍼스)_교육학과, 충청남도_글로벌사이버대학교(제1캠퍼스)_뇌교육학과, 충청남도_선문대학교(제1캠퍼스)_글로벌한국어교육학과, 충청남도_중부대학교(제1캠퍼스)_교직과, 전북특별자치도_국립군산대학교(제1캠퍼스)_교직과, 전북특별자치도_우석대학교(제1캠퍼스)_교육학과, 전북특별자치도_원광대학교(제1캠퍼스)_교육학과, 전북특별자치도_전북대학교(제1캠퍼스)_교육학과, 전북특별자치도_전주대학교(제1캠퍼스)_교육학과, 전라남도_국립목포대학교(제1캠퍼스)_교육학과, 전라남도_국립순천대학교(제1캠퍼스)_교직과, 전라남도_국립순천대학교(제1캠퍼스)_국제한국어교육학과, 전라남도_동신대학교(제1캠퍼스)_아동영어교육학과, 전라남도_세한대학교(제1캠퍼스)_교직과, 경상북도_경일대학교(제1캠퍼스)_평생교육학부, 경상북도_대구가톨릭대학교(제1캠퍼스)_한국어교육전공, 경상북도_대구가톨릭대학교(제1캠퍼스)_교육학과, 경상북도_대구한의대학교(제1캠퍼스)_평생교육융합학과, 경상북도_동국대학교 WISE캠퍼스(제1캠퍼스)_사범교육학부, 경상북도_영남대학교(제1캠퍼스)_교육학과, 경상북도_영남사이버대학교(제1캠퍼스)_평생교육학과, 경상북도_영남신학대학교(제1캠퍼스)_기독교교육학과, 경상남도_경남대학교(제1캠퍼스)_평생교육상담보육학과, 경상남도_경남대학교(제1캠퍼스)_아레테교육부, 경상남도_경남대학교(제1캠퍼스)_교육학과, 경상남도_경남대학교(제1캠퍼스)_의사소통교육부, 경상남도_경상국립대학교(제1캠퍼스)_교육학과, 경상남도_진주교육대학교(제1캠퍼스)_교육학과(심화전공)","일반 선택: 화법과 언어, 독서와 작문, 문학, 대수, 미적분Ⅰ, 확률과 통계, 영어Ⅰ, 영어Ⅱ, 영어 독해와 작문, 세계시민과 지리, 세계사, 사회와 문화, 현대사회와 윤리, 제2외국어 과목 등 | 진로 선택: 주제 탐구 독서, 영어 발표와 토론, 동아시아 역사 기행, 정치, 법과사회, 윤리와 사상, 교육의 이해 등 | 융합 선택: 독서 토론과 글쓰기, 미디어 영어, 역사로 탐구하는 현대 세계, 사회문제 탐구 등","공통과목: 국어, 영어, 사회, 윤리 | 일반선택과목: 사회교과 : 생활과 윤리, 윤리와 사상 | 진로선택과목: 사회문제 탐구, 고전과 윤리 | 전문교과Ⅰ: 현대 세계의 변화, 사회 탐구 방법 또는 사회과제 연구 | 전문교과Ⅱ: 복지 서비스의 기초","논술지도사, 사회조사분석사, 상담심리사, 중등학교2급정교사, 직업상담사, 청소년지도사, 평생교육사",교육학연구원
61,교통공학과,"서울특별시_건국대학교(제1캠퍼스)_스마트운행체공학과, 서울특별시_서울시립대학교(제1캠퍼스)_교통공학과, 부산광역시_영산대학교(제2캠퍼스)_교통공학과, 대전광역시_우송대학교(제1캠퍼스)_철도건설시스템학부 글로벌철도학과, 대전광역시_우송대학교(제1캠퍼스)_철도차량시스템학과, 대전광역시_우송대학교(제1캠퍼스)_철도건설시스템학부 건축공학전공, 대구광역시_계명대학교(제1캠퍼스)_교통공학과, 광주광역시_송원대학교(제1캠퍼스)_철도운전경영학과, 광주광역시_송원대학교(제1캠퍼스)_철도차량시스템학과, 광주광역시_송원대학교(제1캠퍼스)_철도운전시스템학과, 광주광역시_송원대학교(제1캠퍼스)_철도운전ㆍ관제시스템학과, 경기도_국립한국교통대학교(제3캠퍼스)_AI교통응용전공, 경기도_국립한국교통대학교(제3캠퍼스)_철도공학부, 경기도_국립한국교통대학교(제3캠퍼스)_철도차량시스템전공, 경기도_국립한국교통대학교(제3캠퍼스)_철도차량시스템공학과, 경기도_국립한국교통대학교(제3캠퍼스)_철도운전시스템전공, 경기도_동양대학교(제2캠퍼스)_도시철도시스템학과, 경기도_명지대학교 자연캠퍼스(제1캠퍼스)_교통공학과, 경기도_아주대학교(제1캠퍼스)_교통시스템공학과, 경기도_한양대학교 ERICA캠퍼스(제1캠퍼스)_교통물류공학과, 강원특별자치도_한라대학교(제1캠퍼스)_철도운전시스템학과, 충청북도_국립한국교통대학교(제1캠퍼스)_스마트철도교통공학과, 충청북도_국립한국교통대학교(제1캠퍼스)_건설환경도시교통공학부, 전북특별자치도_원광대학교(제1캠퍼스)_철도시스템공학부, 경상북도_경일대학교(제1캠퍼스)_철도학부, 경상북도_경일대학교(제1캠퍼스)_철도운전시스템학부, 경상북도_동양대학교(제1캠퍼스)_철도운전관제학부, 경상북도_동양대학교(제1캠퍼스)_철도운전제어학부, 경상북도_동양대학교(제1캠퍼스)_철도운전관제학과, 경상북도_동양대학교(제1캠퍼스)_철도관제정보학과, 경상북도_동양대학교(제1캠퍼스)_철도차량학과(25), 경상북도_동양대학교(제1캠퍼스)_철도차량시스템학과","일반 선택: 대수, 미적분Ⅰ,확률과 통계, 물리학, 화학, 생명과학, 지구과학, 정보등 | 진로 선택: 기하, 미적분Ⅱ, 도시의 미래 탐구, 역학과 에너지, 물질과 에너지,화학 반응의 세계, 세포와 물질대사, 지구시스템과학, 데이터 과학 등 | 융합 선택: 융합과학 탐구, 과학의 역사와 문화 등","공통과목: 수학, 사회, 과학, 기술ㆍ가정 | 일반선택과목: 수학교과 : 수학ⅠㆍⅡ, 미적분, 확률과 통계 | 진로선택과목: 실용 수학, 기하, 수학과제 탐구, 물리학Ⅱ, 화학Ⅱ, 생활과 과학, 융합과학, 공학 일반, 사회문제 탐구 | 전문교과Ⅰ: 심화수학ⅠㆍⅡ, 고급 수학ⅠㆍⅡ, 고급 물리학, 물리학 실험, 고급 화학, 화학 실험, 정보과학, 융합과학탐구, 과학과제연구, 생태와 환경, 지역이해, 사회과제 연구 | 전문교과Ⅱ: 자동 제어 시스템 운영, 프로그래밍, 빅데이터 분석","감정평가사, 교통기사, 교통기술사, 도시계획기사, 지적기사",교통계획및설계가
10147,국방기술과,"부산광역시_경남정보대학교(제1캠퍼스)_국방산업학과, 대전광역시_대덕대학교(제1캠퍼스)_국방탄약과, 대전광역시_대덕대학교(제1캠퍼스)_K-방위산업과, 대전광역시_대덕대학교(제1캠퍼스)_방공유도무기과, 대전광역시_대덕대학교(제1캠퍼스)_국방물자과, 대전광역시_대덕대학교(제1캠퍼스)_국방군사학과, 대전광역시_대덕대학교(제1캠퍼스)_워게임과, 대전광역시_대전과학기술대학교(제1캠퍼스)_국방과학군사학과, 대구광역시_대구과학대학교(제1캠퍼스)_국방기술행정과, 대구광역시_영남이공대학교(제1캠퍼스)_미래융합기술학부, 대구광역시_영진전문대학교(제1캠퍼스)_국방군사계열, 경기도_동아방송예술대학교(제1캠퍼스)_방송기술학과, 경기도_여주대학교(제1캠퍼스)_국방장비부사관과, 경기도_여주대학교(제1캠퍼스)_국방장비부사관학과, 경기도_여주대학교(제1캠퍼스)_국방장비과, 경기도_여주대학교(제1캠퍼스)_국방스마트장비과, 경기도_여주대학교(제1캠퍼스)_국방스마트장비학과, 경기도_연성대학교(제1캠퍼스)_국방군사학과, 강원특별자치도_강릉영동대학교(제1캠퍼스)_디지털군사학과, 강원특별자치도_송곡대학교(제1캠퍼스)_방위산업기술학과, 충청북도_충북보건과학대학교(제1캠퍼스)_기술부사관과(공간정보전공), 전라남도_전남과학대학교(제1캠퍼스)_e-MU 특수장비과, 경상북도_대경대학교(제1캠퍼스)_국방로봇과, 경상북도_선린대학교(제1캠퍼스)_국방기술의무계열, 경상북도_포항대학교(제1캠퍼스)_국방드론과, 경상북도_포항대학교(제1캠퍼스)_국방기술부사관과, 경상북도_포항대학교(제1캠퍼스)_국방기술부사관계열, 경상남도_창원문성대학교(제1캠퍼스)_국방물자과","일반 선택: 대수, 미적분Ⅰ, 확률과 통계, 물리학, 화학, 생명과학, 정보, 기술·가정 등 | 진로 선택: 기하, 미적분 II, 역학과 에너지, 전자기와 양자, 물질과 에너지, 화학 반응의 세계, 인공지능 기초, 데이터 과학, 로봇과 공학세계 등 | 융합 선택: 창의 공학 설계, 소프트웨어와 생활 등","공통과목: 수학, 과학, 기술ㆍ가정 | 일반선택과목: 수학교과 : 수학ⅠㆍⅡ, 미적분, 확률과 통계 | 진로선택과목: 기하, 물리학Ⅱ, 화학Ⅱ, 공학 일반 | 전문교과Ⅰ: 심화수학ⅠㆍⅡ, 고급 수학ⅠㆍⅡ, 고급 물리학, 물리학 실험, 고급 화학, 화학 실험, 정보과학, 융합과학탐구, 과학과제연구 | 전문교과Ⅱ: 공업 일반, 기계 제도, 기계 일반, 기계 제어 설계","금속재료산업기사, 전기산업기사, 정보통신산업기사, 한국사능력검정시험(3급이상), 항공산업기사",군무원
10038,국방기술학과,"서울특별시_한양사이버대학교(제1캠퍼스)_국방융합기술학과, 경기도_신한대학교(제1캠퍼스)_사이버드론봇군사학과, 충청북도_우석대학교(제2캠퍼스)_국방기술학과, 전북특별자치도_원광대학교(제1캠퍼스)_국방기술학과, 전북특별자치도_호원대학교(제1캠퍼스)_군사과학기술학과, 경상북도_김천대학교(제1캠퍼스)_ICT군사학부(드론봇전공)","일반 선택: 대수, 미적분Ⅰ, 확률과 통계, 물리학, 화학, 생명과학, 정보, 기술·가정 등 | 진로 선택: 기하, 미적분 II, 역학과 에너지, 전자기와 양자, 물질과 에너지, 화학 반응의 세계, 인공지능 기초, 데이터 과학, 로봇과 공학세계 등 | 융합 선택: 창의 공학 설계, 소프트웨어와 생활 등","공통과목: 수학, 과학, 기술ㆍ가정 | 일반선택과목: 수학교과 : 수학ⅠㆍⅡ, 미적분, 확률과 통계 | 진로선택과목: 기하, 물리학Ⅱ, 화학Ⅱ, 공학 일반 | 전문교과Ⅰ: 심화수학ⅠㆍⅡ, 고급 수학ⅠㆍⅡ, 고급 물리학, 물리학 실험, 고급 화학, 화학 실험, 정보 과학, 융합과학탐구, 과학과제연구 | 전문교과Ⅱ: 공업 일반, 기계 제도, 기계 일반, 기계 제어 설계","금속재료기사, 로봇기구개발기사, 전기기사, 전자광학기사, 정보통신기사, 항공기사, 화약류제조기사",국방과학연구원
67,국악학과,"서울특별시_동국대학교(제1캠퍼스)_한국음악과, 서울특별시_서울대학교(제1캠퍼스)_국악과, 서울특별시_이화여자대학교(제1캠퍼스)_한국음악과, 서울특별시_이화여자대학교(제1캠퍼스)_한국음악전공, 서울특별시_추계예술대학교(제1캠퍼스)_국악과, 서울특별시_한양대학교(제1캠퍼스)_국악과, 부산광역시_부산대학교(제1캠퍼스)_한국음악학과, 대전광역시_목원대학교(제1캠퍼스)_국악과, 대구광역시_경북대학교(제1캠퍼스)_국악학과(기악전공, 성악전공,이론작곡전공), 광주광역시_전남대학교(제1캠퍼스)_국악학과, 경기도_단국대학교(제1캠퍼스)_음악학부 국악전공, 경기도_단국대학교(제1캠퍼스)_국악과, 경기도_수원대학교(제1캠퍼스)_국악과, 경기도_용인대학교(제1캠퍼스)_국악과, 경기도_중앙대학교(제2캠퍼스)_전통예술학부, 충청남도_세한대학교(제2캠퍼스)_전통연희학과, 전북특별자치도_우석대학교(제1캠퍼스)_국악과, 전북특별자치도_원광디지털대학교(제1캠퍼스)_전통공연예술학과, 전북특별자치도_전북대학교(제1캠퍼스)_한국음악학과, 경상북도_동국대학교 WISE캠퍼스(제1캠퍼스)_한국음악과, 경상북도_신경주대학교(제1캠퍼스)_전통연희전공, 경상북도_영남대학교(제1캠퍼스)_국악및작곡전공","일반 선택: 화법과 언어, 독서와 작문, 문학, 영어Ⅰ, 영어Ⅱ, 영어 독해와 작문, 사회와 문화, 음악 등 | 진로 선택: 주제 탐구 독서, 심화 영어, 법과 사회, 경제, 윤리와 사상, 음악 연주와 창작, 음악 감상과 비평, 음악 이론, 음악사, 시창·청음, 음악 전공 실기, 합창·합주, 음악 공연 실습 등 | 융합 선택: 매체 의사소통, 미디어 영어, 세계 문화와 영어, 여행지리, 음악과 미디어, 음악과 문화 등","공통과목: 음악, 윤리 | 일반선택과목: 예술교과 : 음악 | 진로선택과목: 음악 연주, 음악 감상과 비평 | 전문교과Ⅰ: 음악이론, 음악사, 시창ㆍ청음, 음악 전공 실기 | 전문교과Ⅱ: 음악 콘텐츠 제작",,가수
68,국어교육과,"서울특별시_경희사이버대학교(제1캠퍼스)_한국어교육전공, 서울특별시_고려대학교(제1캠퍼스)_국어교육과, 서울특별시_동국대학교(제1캠퍼스)_국어교육과, 서울특별시_디지털서울문화예술대학교(제1캠퍼스)_한국어교육학과, 서울특별시_상명대학교(제1캠퍼스)_국어교육과, 서울특별시_서울대학교(제1캠퍼스)_국어교육과, 서울특별시_서울사이버대학교(제1캠퍼스)_한국어교육학과, 서울특별시_이화여자대학교(제1캠퍼스)_국어교육과, 서울특별시_한양대학교(제1캠퍼스)_국어교육과, 서울특별시_홍익대학교(제1캠퍼스)_국어교육과, 부산광역시_부산교육대학교(제1캠퍼스)_국어교육과, 부산광역시_부산대학교(제1캠퍼스)_국어교육과, 부산광역시_신라대학교(제1캠퍼스)_국어교육과, 부산광역시_화신사이버대학교(제1캠퍼스)_한국어교육학과, 인천광역시_인천대학교(제1캠퍼스)_국어교육과, 인천광역시_인하대학교(제1캠퍼스)_국어교육과, 대전광역시_목원대학교(제1캠퍼스)_국어교육과, 대전광역시_충남대학교(제1캠퍼스)_국어교육과, 대전광역시_한남대학교(제1캠퍼스)_국어교육과, 대구광역시_경북대학교(제1캠퍼스)_국어교육과, 대구광역시_계명대학교(제1캠퍼스)_국어교육과, 광주광역시_광주교육대학교(제1캠퍼스)_국어교육과(심화전공), 광주광역시_전남대학교(제1캠퍼스)_국어교육과, 광주광역시_조선대학교(제1캠퍼스)_국어교육과, 경기도_국제사이버대학교(제1캠퍼스)_한국어교육전공, 강원특별자치도_가톨릭관동대학교(제1캠퍼스)_국어교육과, 강원특별자치도_강원대학교(제1캠퍼스)_국어교육과, 충청북도_서원대학교(제1캠퍼스)_국어교육과, 충청북도_청주대학교(제1캠퍼스)_국어교육과, 충청북도_충북대학교(제1캠퍼스)_국어교육과, 충청북도_한국교원대학교(제1캠퍼스)_국어교육과, 충청남도_국립공주대학교(제1캠퍼스)_국어교육과, 전북특별자치도_우석대학교(제1캠퍼스)_국어교육과, 전북특별자치도_원광대학교(제1캠퍼스)_국어교육과, 전북특별자치도_전북대학교(제1캠퍼스)_국어교육과, 전북특별자치도_전주교육대학교(제1캠퍼스)_국어교육과(심화전공), 전북특별자치도_전주대학교(제1캠퍼스)_국어교육과, 전라남도_국립순천대학교(제1캠퍼스)_국어교육과, 경상북도_국립경국대학교(제1캠퍼스)_국어교육과, 경상북도_대구가톨릭대학교(제1캠퍼스)_국어교육과, 경상북도_대구대학교(제1캠퍼스)_국어교육과, 경상북도_영남대학교(제1캠퍼스)_국어교육과, 경상남도_경남대학교(제1캠퍼스)_국어교육과, 경상남도_경상국립대학교(제1캠퍼스)_국어교육과, 경상남도_진주교육대학교(제1캠퍼스)_국어교육과(심화전공), 제주특별자치도_제주대학교(제1캠퍼스)_국어교육과","일반 선택: 화법과 언어, 독서와 작문, 문학, 대수, 미적분Ⅰ, 확률과 통계, 영어Ⅰ, 영어Ⅱ, 영어 독해와 작문, 세계시민과 지리, 세계사, 사회와 문화, 현대사회와 윤리, 제2외국어 과목 등 | 진로 선택: 주제 탐구 독서, 영어 발표와 토론, 심화 영어, 심화 영어 독해와 직문, 동아시아 역사 기행, 정치, 윤리와 사상, 제2외국어 회화 과목, 심화 제2외국어 과목 등 | 융합 선택: 독서 토론과 글쓰기, 언어생활 탐구, 실생활 영어 회화, 미디어 영어, 세계 문화와 영어, 사회문제 탐구, 제2외국어 문화 과목 등","공통과목: 국어, 사회, 윤리 | 일반선택과목: 국어교과 : 화법과 작문, 독서, 언어와 매체, 문학 | 진로선택과목: 실용 국어, 심화 국어, 고전 읽기, 사회문제 탐구, 고전과 윤리 | 전문교과Ⅰ: 현대 세계의 변화, 사회 탐구 방법 또는 사회과제 연구 | 전문교과Ⅱ: 복지 서비스의 기초","사서, 중등학교2급정교사",교육공무원
74,국제문화정보학과,"대전광역시_목원대학교(제1캠퍼스)_국제문화학과, 충청남도_순천향대학교(제1캠퍼스)_국제문화학과","일반 선택: 화법과 언어, 독서와 작문, 확률과 통계, 사회와 문화, 정보 등 | 진로 선택: 주제 탐구 독서, 인공지능 수학, 법과 사회, 인문학과 윤리, 인공지능 기초, 데이터 과학 등 | 융합 선택: 독서 토론 글쓰기, 매체 의사소통, 실용 통계, 사회문제 탐구, 지식 재산 일반 등","공통과목: 영어, 사회, 생활ㆍ교양 | 일반선택과목: 영어교과 : 영어 회화, 영어Ⅰ, 영어 독해와 작문, 영어Ⅱ | 진로선택과목: 여행지리, 사회문제 탐구, 제2외국어Ⅱ 과목 | 전문교과Ⅰ: 국제 정치, 국제 경제, 국제법, 지역 이해, 비교 문화, 세계 문제와 미래 사회, 국제 관계와 국제기구, 현대 세계의 변화, 사회 탐구 방법 및 사회과제 연구 | 전문교과Ⅱ: 커뮤니케이션, 비즈니스 영어","관광통역안내사, 정책분석평가사",국제문화교류전문가
21005,국제지역학과,"서울특별시_경희사이버대학교(제1캠퍼스)_미국문화영어학과, 서울특별시_고려대학교(제1캠퍼스)_글로벌한국융합학부, 서울특별시_광운대학교(제1캠퍼스)_국제지역전공, 서울특별시_국민대학교(제1캠퍼스)_중국학부, 서울특별시_국민대학교(제1캠퍼스)_러시아ㆍ유라시아학과, 서울특별시_국민대학교(제1캠퍼스)_일본학전공, 서울특별시_덕성여자대학교(제1캠퍼스)_한국학전공, 서울특별시_동국대학교(제1캠퍼스)_정치행정학부 북한학 전공, 서울특별시_동덕여자대학교(제1캠퍼스)_글로벌지역학부 유러피언스터디즈전공, 서울특별시_동덕여자대학교(제1캠퍼스)_유러피언스터디즈학과, 서울특별시_명지대학교 인문캠퍼스(제2캠퍼스)_아랍지역학전공, 서울특별시_명지대학교 인문캠퍼스(제2캠퍼스)_아랍지역학과, 서울특별시_삼육대학교(제1캠퍼스)_글로벌한국학과, 서울특별시_서강대학교(제1캠퍼스)_일본문화연계전공, 서울특별시_서강대학교(제1캠퍼스)_국제한국학전공, 서울특별시_서강대학교(제1캠퍼스)_중국문화학과, 서울특별시_서강대학교(제1캠퍼스)_글로벌한국학과, 서울특별시_서강대학교(제1캠퍼스)_일본문화전공, 서울특별시_서강대학교(제1캠퍼스)_영문학부(미국문화전공), 서울특별시_서울디지털대학교(제1캠퍼스)_중국전공, 서울특별시_서울디지털대학교(제1캠퍼스)_일본전공, 서울특별시_숭실대학교(제1캠퍼스)_한국학과, 서울특별시_연세대학교(제1캠퍼스)_언더우드 국제학전공, 서울특별시_이화여자대학교(제1캠퍼스)_글로벌한국학전공, 서울특별시_한국외국어대학교(제1캠퍼스)_프랑스ㆍEU전공, 서울특별시_한양대학교(제1캠퍼스)_글로벌한국학전공, 서울특별시_한양대학교(제1캠퍼스)_글로벌콘텐츠융합학부, 부산광역시_경성대학교(제1캠퍼스)_글로벌한국학전공, 부산광역시_고신대학교(제1캠퍼스)_중국학전공, 부산광역시_국립부경대학교(제1캠퍼스)_국제지역학부, 부산광역시_국립부경대학교(제1캠퍼스)_일본학전공, 부산광역시_국립부경대학교(제1캠퍼스)_국제개발협력학전공, 부산광역시_국립한국해양대학교(제1캠퍼스)_글로벌해양인문학부(동아시아문화전공), 부산광역시_국립한국해양대학교(제1캠퍼스)_동아시아학과, 부산광역시_동명대학교(제1캠퍼스)_동양문화학과, 부산광역시_동아대학교(제2캠퍼스)_중국ㆍ일본학부 중국학전공, 부산광역시_동아대학교(제2캠퍼스)_중국ㆍ일본학부 일본학전공, 부산광역시_동아대학교(제2캠퍼스)_영미학과, 부산광역시_동아대학교(제1캠퍼스)_프랑스문화학과, 부산광역시_부산외국어대학교(제1캠퍼스)_국제문화비즈니스학부, 부산광역시_부산외국어대학교(제1캠퍼스)_국제문화비즈니스학부(G2(미ㆍ중)문화비즈니스전공), 부산광역시_부산외국어대학교(제1캠퍼스)_글로벌문화비즈니스전공, 부산광역시_부산외국어대학교(제1캠퍼스)_중국학부, 부산광역시_부산외국어대학교(제1캠퍼스)_국제문화비즈니스학부(인도지역통상전공), 인천광역시_연세대학교(제2캠퍼스)_아시아학전공, 대전광역시_배재대학교(제1캠퍼스)_러시아ㆍ중앙아시아학전공, 대구광역시_계명대학교(제1캠퍼스)_미국학전공, 대구광역시_계명대학교(제1캠퍼스)_독일유럽학과, 경기도_가천대학교(제1캠퍼스)_한국학전공, 경기도_가천대학교(제1캠퍼스)_국제학부(한국학전공), 경기도_강남대학교(제1캠퍼스)_글로벌문화학부, 경기도_강남대학교(제1캠퍼스)_중국콘텐츠비즈니스학과, 경기도_강남대학교(제1캠퍼스)_국제지역학과, 경기도_경희대학교(제2캠퍼스)_글로벌한국학과, 경기도_경희대학교(제2캠퍼스)_글로벌커뮤니케이션학부, 경기도_경희대학교(제2캠퍼스)_아시아학과, 경기도_단국대학교(제1캠퍼스)_한국학과, 경기도_대진대학교(제1캠퍼스)_중국학전공, 경기도_대진대학교(제1캠퍼스)_국제지역학전공, 경기도_대진대학교(제1캠퍼스)_국제지역학부, 경기도_대진대학교(제1캠퍼스)_미국학전공, 경기도_대진대학교(제1캠퍼스)_한국학과, 경기도_평택대학교(제1캠퍼스)_국제지역학부, 경기도_평택대학교(제1캠퍼스)_미국학전공, 경기도_평택대학교(제1캠퍼스)_일본학전공, 경기도_평택대학교(제1캠퍼스)_중국학전공, 경기도_한국외국어대학교(제2캠퍼스)_중앙아시아학과, 경기도_한국외국어대학교(제2캠퍼스)_한국학과, 경기도_한신대학교(제1캠퍼스)_일본지역학과, 경기도_한신대학교(제1캠퍼스)_국제지역학전공, 경기도_한신대학교(제1캠퍼스)_동아시아통상학, 경기도_한신대학교(제1캠퍼스)_중국어문화콘텐츠학, 경기도_한신대학교(제1캠퍼스)_일본학, 경기도_한신대학교(제1캠퍼스)_영미문화학과, 경기도_한신대학교(제1캠퍼스)_중국지역학과, 경기도_한신대학교(제1캠퍼스)_중국학, 강원특별자치도_가톨릭관동대학교(제1캠퍼스)_중국학전공, 강원특별자치도_강원대학교(제1캠퍼스)_일본학전공, 강원특별자치도_경동대학교(제1캠퍼스)_한국학과, 강원특별자치도_경동대학교(제1캠퍼스)_한국학전공, 강원특별자치도_상지대학교(제1캠퍼스)_중국문화산업학과, 충청북도_건국대학교 글로컬캠퍼스(제1캠퍼스)_국제지역문화학전공, 충청남도_글로벌사이버대학교(제1캠퍼스)_동양학과, 충청남도_남서울대학교(제1캠퍼스)_글로벌한국학과, 충청남도_단국대학교(제2캠퍼스)_중동학과, 충청남도_선문대학교(제1캠퍼스)_글로벌한국학과, 충청남도_순천향대학교(제1캠퍼스)_영미학과, 충청남도_청운대학교(제1캠퍼스)_글로벌학부(중국학전공), 충청남도_청운대학교(제1캠퍼스)_글로벌학부(베트남학전공), 충청남도_한서대학교(제1캠퍼스)_일본전공, 전북특별자치도_원광대학교(제1캠퍼스)_한국문화학과, 전북특별자치도_원광디지털대학교(제1캠퍼스)_동양학과, 전북특별자치도_전북대학교(제1캠퍼스)_지미카터국제학부, 전라남도_국립목포대학교(제1캠퍼스)_글로벌한국학전공, 전라남도_국립목포대학교(제1캠퍼스)_글로벌커뮤니케이션학부, 전라남도_전남대학교(제2캠퍼스)_국제학부(일본학전공), 경상북도_대구가톨릭대학교(제1캠퍼스)_한국학전공, 경상북도_영남대학교(제1캠퍼스)_중국문화정보전공, 경상남도_인제대학교(제1캠퍼스)_한국학부, 세종특별자치시_고려대학교 세종캠퍼스(제1캠퍼스)_독일문화정보학과, 세종특별자치시_고려대학교 세종캠퍼스(제1캠퍼스)_중국학전공, 세종특별자치시_고려대학교 세종캠퍼스(제1캠퍼스)_중국학부, 세종특별자치시_고려대학교 세종캠퍼스(제1캠퍼스)_한국학전공, 세종특별자치시_고려대학교 세종캠퍼스(제1캠퍼스)_독일학전공","일반 선택: 세계시민과 지리, 세계사, 사회와 문화, 제2외국어 과목 등 | 진로 선택: 동아시아 역사 기행, 정치, 법과 사회, 경제, 국제 관계의 이해 등 | 융합 선택: 기후변화와 지속가능한 세계, 세계 문화와 영어 등","공통과목: 사회, 외국어, 교양 | 일반선택과목: 사회교과 : 사회문화, 생활과 윤리, 경제, 정치와 법, 세계지리 | 진로선택과목: 사회문제 탐구, 여행지리, 영어권 문화, 실용영어, 창의경영 | 전문교과Ⅰ: 국제관계와 국제기구, 국제경제, 국제법, 생태와 환경, 사회과제 연구, 세계문제와 미래사회 | 전문교과Ⅱ: [출처 : 세종특별자치시교육청, 보인다 시리즈 5.0 - 전공ㆍ적성 개발 길라잡이]","관광통역안내사, 국내여행안내사, 컨벤션기획사",무역담당자
77,금속공예과,강원특별자치도_강릉영동대학교(제1캠퍼스)_귀금속세공디자인과,"일반 선택: 화법과 언어, 독서와 작문, 문학, 영어 I, 영어Ⅱ, 영어 독해와 작문, 세계사, 미술 등 | 진로 선택: 주제 탐구 독서, 문학과 영상, 미술 창작, 미술 감상과 비평, 인간과 철학, 인간과 심리 등 | 융합 선택: 매체 의사소통, 미디어 영어, 세계 문화와 영어, 여행지리, 미술과 매체 등","공통과목: 미술, 윤리 | 일반선택과목: 예술교과 : 미술 | 진로선택과목: 미술 창작, 미술 감상과 비평 | 전문교과Ⅰ: 미술 이론, 미술사, 드로잉 미술 전공 실기 | 전문교과Ⅱ: 디자인 일반, 시각디자인, 색체 관리","귀금속가공산업기사, 보석가공기능사, 보석감정사",공예원
78,금속공예학과,"서울특별시_국민대학교(제1캠퍼스)_금속공예학과, 충청남도_국립공주대학교(제1캠퍼스)_주얼리ㆍ금속디자인학과, 충청남도_국립공주대학교(제1캠퍼스)_주얼리디자인전공, 전북특별자치도_원광대학교(제1캠퍼스)_귀금속보석공예과, 경상남도_가야대학교(제1캠퍼스)_귀금속주얼리학과","일반 선택: 화법과 언어, 독서와 작문, 문학, 영어 I, 영어Ⅱ, 영어 독해와 작문, 세계사, 미술 등 | 진로 선택: 주제 탐구 독서, 문학과 영상, 미술 창작, 미술 감상과 비평, 인간과 철학, 인간과 심리 등 | 융합 선택: 매체 의사소통, 미디어 영어, 세계 문화와 영어, 여행지리, 미술과 매체 등","공통과목: 미술, 윤리 | 일반선택과목: 예술교과 : 미술 | 진로선택과목: 미술 창작, 미술 감상과 비평 | 전문교과Ⅰ: 미술 이론, 미술사, 드로잉, 미술 전공 실기 | 전문교과Ⅱ: 디자인 일반, 시각 디자인, 색채 관리","귀금속가공산업기사, 금속기사, 보석가공기능사, 보석감정사",가구제품디자이너
79,금속공학과,"부산광역시_국립부경대학교(제1캠퍼스)_금속공학전공, 부산광역시_동의대학교(제1캠퍼스)_금속소재공학전공, 인천광역시_인하대학교(제1캠퍼스)_금속공학전공, 광주광역시_조선대학교(제1캠퍼스)_용접.접합과학공학과, 경기도_아주대학교(제1캠퍼스)_금융공학과, 강원특별자치도_강원대학교(제2캠퍼스)_재료융합공학부 재료금속공학전공, 경상남도_인제대학교(제1캠퍼스)_금형신소재공학과, 세종특별자치시_홍익대학교 세종캠퍼스(제2캠퍼스)_재료공학부 금속공학전공","일반 선택: 대수, 미적분Ⅰ,확률과 통계, 물리학, 화학, 생명과학, 지구과학, 정보 등 | 진로 선택: 기하, 미적분Ⅱ, 역학과 에너지, 전자기와 양자, 물질과 에너지, 화학 반응의 세계, 세포와 물질대사, 로봇과 공학세계 등 | 융합 선택: 융합과학 탐구 등","공통과목: 수학, 과학, 기술ㆍ가정 | 일반선택과목: 수학교과 : 수학ⅠㆍⅡ, 미적분, 확률과 통계 | 진로선택과목: 기하, 물리학Ⅱ, 화학Ⅱ, 공학 일반 | 전문교과Ⅰ: 심화수학ⅠㆍⅡ, 고급 수학ⅠㆍⅡ, 고급 물리학, 물리학 실험, 고급 화학, 화학 실험, 정보 과학, 융합과학탐구, 과학과제연구 | 전문교과Ⅱ: 공업 일반, 기계 제도, 기계 일반, 기계 제어 설계","금속가공기술사, 금속기사, 금속재료기사, 금속재료기술사, 금속제련기술사, 주조기능장, 주조산업기사",금속가공장치조작원
82,금융경영과,"대전광역시_대전보건대학교(제1캠퍼스)_금융보험과, 대구광역시_수성대학교(제1캠퍼스)_융합복지경영학과, 경기도_안산대학교(제1캠퍼스)_금융정보과, 경기도_장안대학교(제1캠퍼스)_IT융합과, 경기도_장안대학교(제1캠퍼스)_금융재테크과, 경상북도_호산대학교(제1캠퍼스)_첨단융합학부","일반 선택: 화법과 언어, 독서와 작문, 문학, 대수, 미적분I, 확률과 통계, 영어I, 영어II, 영어 독해와 작문, 세계시민과 지리, 세계사, 사회와 문화, 정보, 제2외국어 과목 등 | 진로 선택: 미적분II, 기하, 경제 수학, 영어 발표와 토론, 법과 사회, 경제, 윤리와 사상, 국제 관계의 이해, 인공지능 기초, 데이터 과학 등 | 융합 선택: 실용 통계, 수학과제 탐구, 실생활 영어 회화, 세계 문화와 영어, 사회문제 탐구, 금융과 경제생활, 제2외국어 문화 과목 등","공통과목: 수학, 사회, 기술ㆍ가정, 생활ㆍ교양 | 일반선택과목: 수학교과 : 수학I, Ⅱ, 미적분, 확률과 통계 | 진로선택과목: 실용 수학, 기하, 경제 수학, 수학 과제 탐구, 사회문제 탐구 | 전문교과Ⅰ: 심화 수학I, 정보과학, 국제 경제, 국제법, 지역 이해, 세계 문제와 미래 사회, 국제 관계와 국제기구, 사회 탐구 방법 및 사회과제 연구 | 전문교과Ⅱ: 회계 원리, 세무 일반, 금융 일반, 보험 일반, 예산ㆍ자금, 무역 금융 업무","보험계리사, 보험중개사, 손해사정사, 자산관리사(FP), 재무설계사",금융자산운용가(펀드매니저)
85,금형설계과,"부산광역시_한국폴리텍 VII 대학 부산캠퍼스(제1캠퍼스)_금형디자인과, 대구광역시_한국폴리텍 VI 대학 대구캠퍼스(제1캠퍼스)_금형디자인과, 광주광역시_한국폴리텍 V 대학 광주캠퍼스(제1캠퍼스)_금형디자인과, 경기도_경기과학기술대학교(제1캠퍼스)_금형디자인과, 경기도_한국폴리텍 I 대학 성남캠퍼스(제1캠퍼스)_금형디자인과","일반 선택: 대수, 미적분Ⅰ, 확률과 통계, 물리학, 화학, 생명과학, 정보, 기술·가정 등 | 진로 선택: 기하, 미적분 II, 역학과 에너지, 전자기와 양자, 물질과 에너지, 화학 반응의 세계, 인공지능 기초, 데이터 과학, 로봇과 공학세계 등 | 융합 선택: 창의 공학 설계, 소프트웨어와 생활 등","공통과목: 수학, 과학, 기술ㆍ가정 | 일반선택과목: 수학교과 : 수학ⅠㆍⅡ, 미적분, 확률과 통계 | 진로선택과목: 기하, 물리학Ⅱ, 화학Ⅱ, 공학 일반 | 전문교과Ⅰ: 심화수학ⅠㆍⅡ, 고급 수학ⅠㆍⅡ, 고급 물리학, 물리학 실험, 고급 화학, 화학 실험, 정보과학, 융합과학탐구, 과학과제연구 | 전문교과Ⅱ: 공업 일반, 기계 제도, 기계 일반, 기계 제어 설계","건설기계산업기사, 금속재료산업기사, 기계설계산업기사, 사출금형산업기사, 생산자동화산업기사, 정밀측정산업기사, 치공구설계산업기사, 프레스금형산업기사",금속가공장치조작원
21006,기계ㆍ재료공학교육과,대전광역시_충남대학교(제1캠퍼스)_기계ㆍ재료공학교육과,"일반 선택: 화법과 언어, 독서와 작문, 문학, 대수, 미적분Ⅰ, 확률과 통계, 영어Ⅰ, 영어Ⅱ, 영어 독해와 작문, 물리학, 화학, 생명과학, 지구과학, 기술·가정, 정보, 생태와 환경 등 | 진로 선택: 주제 탐구 독서, 기하, 미적분Ⅱ, 역학과 에너지, 전자기와 양자, 물질과 에너지, 화학 반응의 세계, 세포와 물질대사, 생물의 유전, 지구시스템과학 등 | 융합 선택: 기후변화와 환경생태, 융합과학 탐구 등","공통과목: 수학, 과학 | 일반선택과목: 수학교과 : 수학ⅠㆍⅡ, 미적분, 확률과 통계 | 진로선택과목: 기하, 수학과제 탐구, 물리학Ⅱ, 화학Ⅱ, 생활과 과학, 융합 과학, 공학 일반 | 전문교과Ⅰ: 심화 수학ⅠㆍⅡ, 고급 수학ⅠㆍⅡ, 고급 물리학, 물리학 실험, 고급 화학, 화학 실험, 정보 과학, 융합 과학 탐구, 과학과제 연구 | 전문교과Ⅱ: 기계제도, 기계기초공학, 기계일반, 재료일반, 재료시험, 세라믹 재료, 산업 설비","건설기계기사, 건설기계기술사, 건설기계정비기사, 공조냉동기계기술사, 금속가공기술사, 금속기사, 금속재료기술사, 비철야금기술사, 용접기사, 일반기계기사, 자동차검사기사, 자동차검사기사, 자동차정비기사, 중등학교2급정교사, 표면처리기술사",기계및재료관련대기업및중소기업회사원
86,기계공학과,"서울특별시_건국대학교(제1캠퍼스)_기계ㆍ로봇ㆍ자동차공학부, 서울특별시_건국대학교(제1캠퍼스)_기계공학부, 서울특별시_고려대학교(제1캠퍼스)_기계공학부, 서울특별시_국민대학교(제1캠퍼스)_융합기계공학전공, 서울특별시_국민대학교(제1캠퍼스)_기계시스템공학전공, 서울특별시_국민대학교(제1캠퍼스)_기계공학부, 서울특별시_국민대학교(제1캠퍼스)_기계공학전공, 서울특별시_국민대학교(제1캠퍼스)_에너지기계공학전공, 서울특별시_동국대학교(제1캠퍼스)_기계로봇에너지공학과, 서울특별시_서강대학교(제1캠퍼스)_기계공학과, 서울특별시_서울과학기술대학교(제1캠퍼스)_건축기계설비공학과, 서울특별시_서울과학기술대학교(제1캠퍼스)_기계ㆍ자동차공학과, 서울특별시_서울과학기술대학교(제1캠퍼스)_기계시스템디자인공학과, 서울특별시_서울과학기술대학교(제1캠퍼스)_융합기계공학과, 서울특별시_서울대학교(제1캠퍼스)_기계항공공학부(우주항공공학전공), 서울특별시_서울대학교(제1캠퍼스)_기계항공공학부(기계공학전공), 서울특별시_서울대학교(제1캠퍼스)_기계공학부, 서울특별시_서울디지털대학교(제1캠퍼스)_기계로봇공학과, 서울특별시_서울디지털대학교(제1캠퍼스)_기계제어공학전공, 서울특별시_서울사이버대학교(제1캠퍼스)_기계제어공학과, 서울특별시_서울시립대학교(제1캠퍼스)_기계정보공학과, 서울특별시_세종대학교(제1캠퍼스)_기계공학과, 서울특별시_세종대학교(제1캠퍼스)_기계공학전공, 서울특별시_세종사이버대학교(제1캠퍼스)_기계공학과, 서울특별시_숙명여자대학교(제1캠퍼스)_기계시스템학부, 서울특별시_숭실대학교(제1캠퍼스)_기계공학부, 서울특별시_연세대학교(제1캠퍼스)_기계공학전공, 서울특별시_연세대학교(제1캠퍼스)_기계공학부, 서울특별시_이화여자대학교(제1캠퍼스)_휴먼기계바이오공학과, 서울특별시_중앙대학교(제1캠퍼스)_기계공학부, 서울특별시_한성대학교(제1캠퍼스)_기계전자공학부, 서울특별시_한성대학교(제1캠퍼스)_기계시스템공학과, 서울특별시_한양대학교(제1캠퍼스)_기계공학부, 서울특별시_한양사이버대학교(제1캠퍼스)_기계제어공학과, 서울특별시_홍익대학교(제1캠퍼스)_기계ㆍ시스템디자인공학과, 부산광역시_경성대학교(제1캠퍼스)_기계자동차공학과, 부산광역시_경성대학교(제1캠퍼스)_글로벌기계설계공학전공, 부산광역시_국립부경대학교(제1캠퍼스)_기계IT융합시스템공학전공, 부산광역시_국립부경대학교(제1캠퍼스)_기계공학전공, 부산광역시_국립부경대학교(제1캠퍼스)_스마트기계모빌리티전공, 부산광역시_국립부경대학교(제1캠퍼스)_기계공학부, 부산광역시_국립부경대학교(제1캠퍼스)_기계설계공학전공, 부산광역시_국립부경대학교(제1캠퍼스)_에너지수송시스템공학부, 부산광역시_국립부경대학교(제1캠퍼스)_기계시스템공학전공, 부산광역시_국립부경대학교(제1캠퍼스)_기계조선공조공학전공, 부산광역시_국립한국해양대학교(제1캠퍼스)_기계공학부(냉동공조공학전공), 부산광역시_국립한국해양대학교(제1캠퍼스)_기계공학부(기계시스템공학전공), 부산광역시_동명대학교(제1캠퍼스)_기계ㆍ로봇공학부, 부산광역시_동명대학교(제1캠퍼스)_AI자동화설계공학과, 부산광역시_동명대학교(제1캠퍼스)_기계ㆍ로봇공학과, 부산광역시_동명대학교(제1캠퍼스)_기계공학과, 부산광역시_동명대학교(제1캠퍼스)_Dept. of Mechanical and Automotive Engineering, 부산광역시_동서대학교(제1캠퍼스)_기계공학과, 부산광역시_동아대학교(제1캠퍼스)_기계ㆍ산업경영공학부 기계공학과, 부산광역시_동아대학교(제1캠퍼스)_기계공학과, 부산광역시_동아대학교(제1캠퍼스)_조선해양플랜트공학과, 부산광역시_동의대학교(제1캠퍼스)_기계자동차로봇부품공학부, 부산광역시_동의대학교(제1캠퍼스)_기계공학전공, 부산광역시_동의대학교(제1캠퍼스)_기계공학과, 부산광역시_부산대학교(제1캠퍼스)_기계공학부, 부산광역시_신라대학교(제1캠퍼스)_기계설계공학전공, 부산광역시_신라대학교(제1캠퍼스)_융합기계공학과, 부산광역시_신라대학교(제1캠퍼스)_융합기계공학부, 부산광역시_신라대학교(제1캠퍼스)_기계공학과, 부산광역시_신라대학교(제1캠퍼스)_지능형기계공학전공, 부산광역시_영산대학교(제2캠퍼스)_기계설계전공, 부산광역시_영산대학교(제2캠퍼스)_기계설계학과, 부산광역시_영산대학교(제2캠퍼스)_기계ㆍ자동차공학과, 인천광역시_인천대학교(제1캠퍼스)_기계ㆍ로봇공학전공, 인천광역시_인천대학교(제1캠퍼스)_기계공학과, 인천광역시_인하대학교(제1캠퍼스)_기계공학부, 인천광역시_인하대학교(제1캠퍼스)_기계공학과, 대전광역시_국립한밭대학교(제1캠퍼스)_융합기술학과, 대전광역시_국립한밭대학교(제1캠퍼스)_기계공학과, 대전광역시_국립한밭대학교(제1캠퍼스)_스마트제조응용공학과, 대전광역시_국립한밭대학교(제1캠퍼스)_기계소재융합시스템공학과, 대전광역시_충남대학교(제1캠퍼스)_바이오시스템기계공학과, 대전광역시_충남대학교(제1캠퍼스)_기계공학과, 대전광역시_충남대학교(제1캠퍼스)_기계ㆍ금속공학교육과, 대전광역시_충남대학교(제1캠퍼스)_스마트농업시스템기계공학과, 대전광역시_충남대학교(제1캠퍼스)_기계공학부, 대전광역시_충남대학교(제1캠퍼스)_기계공학교육과, 대전광역시_한국과학기술원(제1캠퍼스)_기계공학과, 대전광역시_한남대학교(제1캠퍼스)_기계공학과, 대구광역시_경북대학교(제1캠퍼스)_스마트생물산업기계공학과, 대구광역시_경북대학교(제1캠퍼스)_기계공학부 기계공학전공, 대구광역시_경북대학교(제1캠퍼스)_기계공학부 기계설계학전공, 대구광역시_경북대학교(제1캠퍼스)_융합학부 로봇및스마트시스템공학전공, 대구광역시_경북대학교(제1캠퍼스)_기계공학부, 대구광역시_계명대학교(제1캠퍼스)_기계공학과, 울산광역시_울산과학기술원(제1캠퍼스)_기계항공 및 원자력공학부, 울산광역시_울산과학기술원(제1캠퍼스)_기계공학과, 울산광역시_울산대학교(제1캠퍼스)_기계자동차공학전공, 광주광역시_광주과학기술원(제1캠퍼스)_기계공학부, 광주광역시_광주과학기술원(제1캠퍼스)_기계로봇공학과, 광주광역시_광주과학기술원(제1캠퍼스)_기계로봇공학부, 광주광역시_광주대학교(제1캠퍼스)_기계자동차공학부(계약), 광주광역시_광주대학교(제1캠퍼스)_국방기술학부, 광주광역시_광주대학교(제1캠퍼스)_융합기계공학과, 광주광역시_광주대학교(제1캠퍼스)_기계ㆍ금형공학부, 광주광역시_광주대학교(제1캠퍼스)_기계자동차공학부, 광주광역시_남부대학교(제1캠퍼스)_기계소재공학과, 광주광역시_송원대학교(제1캠퍼스)_기계자동차공학과, 광주광역시_전남대학교(제1캠퍼스)_융합바이오시스템기계공학과, 광주광역시_전남대학교(제1캠퍼스)_기계공학부, 광주광역시_조선대학교(제1캠퍼스)_기계시스템미래자동차공학부(기계시스템공학), 광주광역시_조선대학교(제1캠퍼스)_기계공학과, 경기도_가천대학교(제1캠퍼스)_기계공학부, 경기도_가천대학교(제1캠퍼스)_기계ㆍ스마트ㆍ산업공학부(스마트팩토리전공), 경기도_가천대학교(제1캠퍼스)_기계ㆍ스마트ㆍ산업공학부(기계공학전공), 경기도_가천대학교(제1캠퍼스)_기계공학부(스마트팩토리전공), 경기도_가천대학교(제1캠퍼스)_기계공학과, 경기도_경기대학교(제1캠퍼스)_기계시스템공학과, 경기도_경기대학교(제1캠퍼스)_기계시스템공학부, 경기도_경희대학교(제2캠퍼스)_기계공학과, 경기도_단국대학교(제1캠퍼스)_기계공학과, 경기도_대진대학교(제1캠퍼스)_IT기계공학과, 경기도_명지대학교 자연캠퍼스(제1캠퍼스)_기계공학전공, 경기도_명지대학교 자연캠퍼스(제1캠퍼스)_기계산업경영공학부, 경기도_명지대학교 자연캠퍼스(제1캠퍼스)_기계시스템공학부, 경기도_명지대학교 자연캠퍼스(제1캠퍼스)_기계공학과, 경기도_성균관대학교(제2캠퍼스)_기계공학부, 경기도_수원대학교(제1캠퍼스)_기계공학, 경기도_신한대학교(제2캠퍼스)_기계공학과, 경기도_신한대학교(제2캠퍼스)_기계자동차융합공학과, 경기도_아주대학교(제1캠퍼스)_기계공학과, 경기도_한경국립대학교(제1캠퍼스)_기계공학전공, 경기도_한경국립대학교(제1캠퍼스)_ICT로봇기계공학부, 경기도_한경국립대학교(제1캠퍼스)_기계공학과, 경기도_한국공학대학교(제1캠퍼스)_반도체기계시스템공학과, 경기도_한국공학대학교(제1캠퍼스)_메카트로닉스시스템공학과, 경기도_한국공학대학교(제1캠퍼스)_기계설계공학부(기계설계전공), 경기도_한국공학대학교(제1캠퍼스)_기계공학과, 경기도_한국공학대학교(제1캠퍼스)_스마트기계융합 자율전공, 경기도_한국공학대학교(제1캠퍼스)_기계설계ㆍ시스템공학과, 경기도_한국공학대학교(제1캠퍼스)_기계제조공학과, 경기도_한국공학대학교(제1캠퍼스)_기계설계공학부, 경기도_한국항공대학교(제1캠퍼스)_기계항공공학과, 경기도_한국항공대학교(제1캠퍼스)_기계공학전공, 경기도_한양대학교 ERICA캠퍼스(제1캠퍼스)_기계공학과, 강원특별자치도_강원대학교(제2캠퍼스)_기계공학과, 강원특별자치도_강원대학교(제2캠퍼스)_기계시스템공학부, 강원특별자치도_강원대학교(제1캠퍼스)_바이오시스템기계공학전공, 강원특별자치도_강원대학교(제2캠퍼스)_CAD/CAM전공, 강원특별자치도_강원대학교(제2캠퍼스)_기계설계공학전공, 강원특별자치도_강원대학교(제2캠퍼스)_기계공학전공, 강원특별자치도_강원대학교(제1캠퍼스)_기계메카트로닉스공학과, 강원특별자치도_강원대학교(제1캠퍼스)_기계의용공학과, 강원특별자치도_강원대학교(제1캠퍼스)_기계의용ㆍ메카트로닉스공학과, 강원특별자치도_강원대학교(제1캠퍼스)_기계의용ㆍ메카트로닉스ㆍ재료공학부, 강원특별자치도_강원대학교(제1캠퍼스)_정밀기계공학과, 강원특별자치도_강원대학교(제1캠퍼스)_기계의용ㆍ메카트로닉스공학부, 강원특별자치도_강원대학교(제1캠퍼스)_기계의용공학전공, 강원특별자치도_강원대학교(제1캠퍼스)_농업기계공학전공, 강원특별자치도_강원대학교(제2캠퍼스)_자동화기계전공, 강원특별자치도_국립강릉원주대학교(제2캠퍼스)_기계공학과, 강원특별자치도_한라대학교(제1캠퍼스)_기계자동차공학과, 강원특별자치도_한라대학교(제1캠퍼스)_기계자동차로봇공학부, 충청북도_건국대학교 글로컬캠퍼스(제1캠퍼스)_나노전자기계공학전공, 충청북도_건국대학교 글로컬캠퍼스(제1캠퍼스)_나노전자기계공학과, 충청북도_국립한국교통대학교(제1캠퍼스)_기계자동차항공공학부, 충청북도_국립한국교통대학교(제1캠퍼스)_기계공학전공, 충청북도_국립한국교통대학교(제1캠퍼스)_항공ㆍ기계설계학과, 충청북도_국립한국교통대학교(제1캠퍼스)_기계공학과, 충청북도_우석대학교(제2캠퍼스)_군사기술학과, 충청북도_청주대학교(제1캠퍼스)_에너지융합공학과, 충청북도_청주대학교(제2캠퍼스)_에너지융합공학과, 충청북도_충북대학교(제1캠퍼스)_기계공학부, 충청남도_건양대학교(제1캠퍼스)_기계공학과, 충청남도_건양대학교(제1캠퍼스)_융합기계공학과, 충청남도_건양대학교(제1캠퍼스)_드론기계학과, 충청남도_국립공주대학교(제2캠퍼스)_금형공학과, 충청남도_국립공주대학교(제2캠퍼스)_금형설계공학과, 충청남도_국립공주대학교(제2캠퍼스)_기계시스템공학전공, 충청남도_국립공주대학교(제2캠퍼스)_기계자동차공학부, 충청남도_국립공주대학교(제2캠퍼스)_디지털융합금형공학과, 충청남도_국립공주대학교(제2캠퍼스)_기계공학전공, 충청남도_국립공주대학교(제2캠퍼스)_생산기계공학과, 충청남도_국립공주대학교(제2캠퍼스)_기계설계공학전공, 충청남도_국립공주대학교(제2캠퍼스)_반도체기계공학과, 충청남도_국립공주대학교(제2캠퍼스)_생산기술공학과, 충청남도_선문대학교(제1캠퍼스)_기계ICT융합공학부, 충청남도_선문대학교(제1캠퍼스)_기계공학과, 충청남도_순천향대학교(제1캠퍼스)_기계공학과, 충청남도_순천향대학교(제1캠퍼스)_융합기계학과, 충청남도_한국기술교육대학교(제1캠퍼스)_기전융합공학과, 충청남도_한국기술교육대학교(제1캠퍼스)_기계공학부, 충청남도_호서대학교(제2캠퍼스)_기계ICT공학과, 충청남도_호서대학교(제1캠퍼스)_기계공학과, 충청남도_호서대학교(제1캠퍼스)_기계자동차공학부, 충청남도_호서대학교(제2캠퍼스)_기계반도체공학과, 충청남도_호서대학교(제1캠퍼스)_기계공학부, 전북특별자치도_국립군산대학교(제1캠퍼스)_기계공학부, 전북특별자치도_국립군산대학교(제1캠퍼스)_기계공학부(기계공학전공), 전북특별자치도_국립군산대학교(제1캠퍼스)_기계공학부(기계설계공학전공), 전북특별자치도_우석대학교(제1캠퍼스)_기계자동차공학과, 전북특별자치도_원광대학교(제1캠퍼스)_기계공학부, 전북특별자치도_원광대학교(제1캠퍼스)_기계자동차계열, 전북특별자치도_원광대학교(제1캠퍼스)_기계공학과, 전북특별자치도_전북대학교(제1캠퍼스)_기계설계공학부(기계설계공학전공), 전북특별자치도_전북대학교(제1캠퍼스)_기계시스템공학부, 전북특별자치도_전북대학교(제1캠퍼스)_기계시스템공학부(정밀기계공학전공), 전북특별자치도_전북대학교(제1캠퍼스)_기계설계공학부, 전북특별자치도_전북대학교(제1캠퍼스)_기계공학과, 전북특별자치도_전북대학교(제1캠퍼스)_기계설계공학부(나노바이오기계시스템공학전공), 전북특별자치도_전북대학교(제1캠퍼스)_기계시스템공학부(응용기계공학전공), 전북특별자치도_전주대학교(제1캠퍼스)_기계자동차융합공학부, 전북특별자치도_전주대학교(제1캠퍼스)_기계공학과, 전북특별자치도_전주대학교(제1캠퍼스)_기술융합디자인공학과, 전북특별자치도_전주대학교(제1캠퍼스)_기계자동차공학과, 전북특별자치도_전주대학교(제1캠퍼스)_기계시스템공학과, 전북특별자치도_호원대학교(제1캠퍼스)_국방무기체계학과, 전북특별자치도_호원대학교(제1캠퍼스)_국방기술학부, 전북특별자치도_호원대학교(제1캠퍼스)_기계공학과, 전북특별자치도_호원대학교(제1캠퍼스)_기계자동차공학과, 전라남도_국립목포대학교(제1캠퍼스)_기계공학과, 전라남도_국립목포대학교(제1캠퍼스)_기계ㆍ조선ㆍ첨단재료자율전공학부, 전라남도_국립목포대학교(제1캠퍼스)_기계공학, 전라남도_국립목포대학교(제1캠퍼스)_기계조선해양공학부, 전라남도_국립목포대학교(제1캠퍼스)_기계ㆍ신소재공학과(기계공학심화트랙), 전라남도_국립순천대학교(제1캠퍼스)_융합바이오시스템기계공학과, 전라남도_국립순천대학교(제1캠퍼스)_기계우주항공공학부(기계공학전공), 전라남도_동신대학교(제1캠퍼스)_기계공학과, 전라남도_전남대학교(제2캠퍼스)_기계시스템공학과, 전라남도_전남대학교(제2캠퍼스)_스마트응용설계공학과, 전라남도_전남대학교(제2캠퍼스)_기계설계공학부, 전라남도_전남대학교(제2캠퍼스)_기계IT융합공학과, 전라남도_초당대학교(제1캠퍼스)_글로벌화학기계공학과, 경상북도_경북대학교(제3캠퍼스)_정밀기계공학과, 경상북도_경북대학교(제3캠퍼스)_자동차공학부 지능형자동차전공, 경상북도_경북대학교(제3캠퍼스)_자동차공학부 친환경자동차전공, 경상북도_경운대학교(제1캠퍼스)_기계설계전공, 경상북도_경일대학교(제1캠퍼스)_조기취업형계약학부 글로컬산업기술학과, 경상북도_경일대학교(제1캠퍼스)_기계자동화융합학과, 경상북도_경일대학교(제1캠퍼스)_기계전기융합학부 기계자동차전공, 경상북도_국립경국대학교(제1캠퍼스)_기계로봇공학과, 경상북도_국립경국대학교(제1캠퍼스)_기계자동차공학과, 경상북도_국립경국대학교(제1캠퍼스)_기계공학전공, 경상북도_국립경국대학교(제1캠퍼스)_기계교육과, 경상북도_국립경국대학교(제1캠퍼스)_기계공학과, 경상북도_국립금오공과대학교(제1캠퍼스)_기계공학전공, 경상북도_국립금오공과대학교(제1캠퍼스)_기계공학과, 경상북도_국립금오공과대학교(제1캠퍼스)_기계시스템공학부, 경상북도_국립금오공과대학교(제1캠퍼스)_기계공학부, 경상북도_국립금오공과대학교(제1캠퍼스)_기계융합공학과, 경상북도_국립금오공과대학교(제1캠퍼스)_기계시스템공학과, 경상북도_국립금오공과대학교(제1캠퍼스)_기계시스템공학전공, 경상북도_대구가톨릭대학교(제1캠퍼스)_기계공학전공, 경상북도_대구가톨릭대학교(제1캠퍼스)_기계공학과, 경상북도_대구가톨릭대학교(제1캠퍼스)_기계자동차공학부, 경상북도_대구대학교(제1캠퍼스)_기계융복합공학과, 경상북도_대구대학교(제1캠퍼스)_기계공학부(기계설계공학전공), 경상북도_대구대학교(제1캠퍼스)_기계자동차공학부, 경상북도_대구대학교(제1캠퍼스)_기계자동차공학부(기계공학전공), 경상북도_대구대학교(제1캠퍼스)_기계공학부(기계공학전공), 경상북도_동국대학교 WISE캠퍼스(제1캠퍼스)_기계시스템공학전공, 경상북도_동국대학교 WISE캠퍼스(제1캠퍼스)_기계시스템공학과, 경상북도_동양대학교(제1캠퍼스)_철도기계시스템학과, 경상북도_동양대학교(제1캠퍼스)_스마트기계부품소재학과, 경상북도_동양대학교(제1캠퍼스)_스마트기계공학과, 경상북도_영남대학교(제1캠퍼스)_기계공학부, 경상북도_영남대학교(제1캠퍼스)_첨단기계전공, 경상북도_영남대학교(제1캠퍼스)_기계시스템전공, 경상북도_영남대학교(제1캠퍼스)_기계공학전공, 경상북도_영남대학교(제1캠퍼스)_로봇기계공학과, 경상북도_영남대학교(제1캠퍼스)_기계설계전공, 경상북도_포항공과대학교(제1캠퍼스)_기계공학과, 경상남도_경남대학교(제1캠퍼스)_방산기계공학전공, 경상남도_경남대학교(제1캠퍼스)_스마트기계융합공학전공, 경상남도_경남대학교(제1캠퍼스)_기계공학부, 경상남도_경남대학교(제1캠퍼스)_기계시스템디자인공학전공, 경상남도_경남대학교(제1캠퍼스)_기계융합공학과(중소기업계약학과), 경상남도_경남대학교(제1캠퍼스)_기계로봇모빌리티공학전공, 경상남도_경상국립대학교(제3캠퍼스)_기계융합공학과, 경상남도_경상국립대학교(제2캠퍼스)_에너지기계공학과, 경상남도_경상국립대학교(제2캠퍼스)_기계시스템공학과, 경상남도_경상국립대학교(제2캠퍼스)_실습선, 경상남도_경상국립대학교(제1캠퍼스)_스마트자동화시스템전공, 경상남도_경상국립대학교(제1캠퍼스)_기계공학부, 경상남도_경상국립대학교(제2캠퍼스)_스마트에너지기계공학과, 경상남도_경상국립대학교(제1캠퍼스)_기계소재융합공학부, 경상남도_경상국립대학교(제1캠퍼스)_기계항공공학부 기계공학전공(공대), 경상남도_경상국립대학교(제1캠퍼스)_정밀기계시스템전공, 경상남도_경상국립대학교(제2캠퍼스)_스마트자동화공학과, 경상남도_경상국립대학교(제1캠퍼스)_기계항공정보융합공학부, 경상남도_경상국립대학교(제1캠퍼스)_기계공학전공, 경상남도_국립창원대학교(제1캠퍼스)_기계공학부 기계공학전공, 경상남도_국립창원대학교(제1캠퍼스)_기계공학부 스마트제조융합전공, 경상남도_국립창원대학교(제1캠퍼스)_에너지융합공학과, 경상남도_국립창원대학교(제1캠퍼스)_기계공학부, 경상남도_부산대학교(제2캠퍼스)_바이오산업기계공학과, 제주특별자치도_제주국제대학교(제1캠퍼스)_에너지기계공학부, 제주특별자치도_제주국제대학교(제1캠퍼스)_기계자동차공학과, 제주특별자치도_제주대학교(제1캠퍼스)_기계시스템공학과, 제주특별자치도_제주대학교(제1캠퍼스)_기계공학전공, 세종특별자치시_홍익대학교 세종캠퍼스(제2캠퍼스)_기계정보공학과","일반 선택: 대수, 미적분Ⅰ, 확률과 통계, 물리학, 화학, 생명과학, 정보, 기술·가정 등 | 진로 선택: 기하, 미적분 II, 역학과 에너지, 전자기와 양자, 물질과 에너지, 화학 반응의 세계, 인공지능 기초, 데이터 과학, 로봇과 공학세계 등 | 융합 선택: 창의 공학 설계, 소프트웨어와 생활 등","공통과목: 수학, 과학, 기술ㆍ가정 | 일반선택과목: 수학교과 : 수학ⅠㆍⅡ, 미적분, 확률과 통계 | 진로선택과목: 기하, 물리학Ⅱ, 화학Ⅱ, 공학 일반 | 전문교과Ⅰ: 심화수학ⅠㆍⅡ, 고급 수학ⅠㆍⅡ, 고급 물리학, 물리학 실험, 고급 화학, 화학 실험, 정보 과학, 융합과학탐구, 과학과제연구 | 전문교과Ⅱ: 공업 일반, 기계 제도, 기계 일반, 기계 제어 설계","건설기계기술사, 건설기계설비기사, 건설기계정비기사, 공조냉동기계기사, 기계기술사, 기계설계기사, 농업기계기사, 메카트로닉스기사, 선박기계기술사, 유체기계기술사, 일반기계기사",건설기계공학기술자
87,기계과,"서울특별시_동양미래대학교(제1캠퍼스)_응용기계과, 서울특별시_동양미래대학교(제1캠퍼스)_기계공학과, 서울특별시_동양미래대학교(제1캠퍼스)_기계설계공학과, 서울특별시_명지전문대학(제1캠퍼스)_기계공학과, 서울특별시_서일대학교(제1캠퍼스)_스마트승강기학과, 서울특별시_인덕대학교(제1캠퍼스)_기계자동차학과, 서울특별시_인덕대학교(제1캠퍼스)_기계공학과, 서울특별시_인덕대학교(제1캠퍼스)_3D모델리버스엔지니어링과, 서울특별시_인덕대학교(제1캠퍼스)_융합기계공학과, 서울특별시_인덕대학교(제1캠퍼스)_기계자동차공학과, 서울특별시_한국폴리텍 I 대학 서울정수캠퍼스(제1캠퍼스)_기계설계공학과, 서울특별시_한국폴리텍 I 대학 서울정수캠퍼스(제1캠퍼스)_기계시스템디자인과, 부산광역시_경남정보대학교(제1캠퍼스)_기계설계공학과, 부산광역시_경남정보대학교(제1캠퍼스)_기계과, 부산광역시_경남정보대학교(제1캠퍼스)_기계계열, 부산광역시_동의과학대학교(제1캠퍼스)_디지털융합기계과, 부산광역시_동의과학대학교(제1캠퍼스)_기계공학과, 부산광역시_동의과학대학교(제1캠퍼스)_기계설계공학과, 부산광역시_부산과학기술대학교(제1캠퍼스)_기계과, 부산광역시_부산과학기술대학교(제1캠퍼스)_융합기계계열, 부산광역시_부산과학기술대학교(제1캠퍼스)_기계계열, 부산광역시_부산과학기술대학교(제1캠퍼스)_기계공학계열, 부산광역시_부산과학기술대학교(제1캠퍼스)_GQE과, 부산광역시_부산과학기술대학교(제1캠퍼스)_융합기계공학과, 부산광역시_부산과학기술대학교(제1캠퍼스)_융합기계과, 부산광역시_한국폴리텍 VII 대학 부산캠퍼스(제1캠퍼스)_기계과, 부산광역시_한국폴리텍 VII 대학 부산캠퍼스(제1캠퍼스)_반도체금형과, 부산광역시_한국폴리텍 VII 대학 부산캠퍼스(제1캠퍼스)_기계시스템과, 부산광역시_한국폴리텍 VII 대학 부산캠퍼스(제1캠퍼스)_기계과(기계융합시스템), 인천광역시_인하공업전문대학(제1캠퍼스)_기계설계공학과, 인천광역시_인하공업전문대학(제1캠퍼스)_반도체기계정비학과, 인천광역시_인하공업전문대학(제1캠퍼스)_항공기계공학과, 인천광역시_인하공업전문대학(제1캠퍼스)_기계공학과, 인천광역시_인하공업전문대학(제1캠퍼스)_조선기계공학과, 인천광역시_인하공업전문대학(제1캠퍼스)_스마트기계설계과, 인천광역시_한국폴리텍 II 대학 인천캠퍼스(제1캠퍼스)_지능기계시스템과(ICT기계가공), 인천광역시_한국폴리텍 II 대학 인천캠퍼스(제1캠퍼스)_금형공학과, 인천광역시_한국폴리텍 II 대학 인천캠퍼스(제1캠퍼스)_기계시스템과(ICT기계가공), 인천광역시_한국폴리텍 II 대학 인천캠퍼스(제1캠퍼스)_기계공학과, 인천광역시_한국폴리텍 II 대학 인천캠퍼스(제1캠퍼스)_스마트금형과, 인천광역시_한국폴리텍 II 대학 인천캠퍼스(제1캠퍼스)_지능기계시스템과, 인천광역시_한국폴리텍 II 대학 인천캠퍼스(제1캠퍼스)_기계시스템과, 인천광역시_한국폴리텍 II 대학 인천캠퍼스(제1캠퍼스)_스마트금형과(스마트금형), 대전광역시_대덕대학교(제1캠퍼스)_정밀기계공학과, 대전광역시_대전과학기술대학교(제1캠퍼스)_글로벌산업학과, 대전광역시_우송정보대학(제1캠퍼스)_스마트자동차기계학부, 대전광역시_우송정보대학(제1캠퍼스)_스마트품질경영과, 대전광역시_한국폴리텍 IV 대학 대전캠퍼스(제1캠퍼스)_기계시스템과, 대구광역시_계명문화대학교(제1캠퍼스)_기계과, 대구광역시_대구공업대학교(제1캠퍼스)_기계과, 대구광역시_수성대학교(제1캠퍼스)_드론기계과, 대구광역시_수성대학교(제1캠퍼스)_드론기계과(드론기계융합전공), 대구광역시_영남이공대학교(제1캠퍼스)_스마트융합기계계열, 대구광역시_영남이공대학교(제1캠퍼스)_기계계열, 대구광역시_영남이공대학교(제1캠퍼스)_기계공학과, 대구광역시_영진전문대학교(제1캠퍼스)_정밀기계공학과, 대구광역시_영진전문대학교(제1캠퍼스)_스마트기계과, 대구광역시_영진전문대학교(제1캠퍼스)_스마트금형과, 대구광역시_영진전문대학교(제1캠퍼스)_스마트융합기계과, 대구광역시_영진전문대학교(제1캠퍼스)_기계공학과, 대구광역시_영진전문대학교(제1캠퍼스)_AI융합기계계열, 대구광역시_한국폴리텍 VI 대학 대구캠퍼스(제1캠퍼스)_융합기계과, 대구광역시_한국폴리텍 VI 대학 대구캠퍼스(제1캠퍼스)_스마트제품디자인과, 울산광역시_울산과학대학교(제2캠퍼스)_산업기계공학과, 울산광역시_울산과학대학교(제2캠퍼스)_디지털기계학부, 울산광역시_울산과학대학교(제2캠퍼스)_기계공학부, 울산광역시_울산과학대학교(제2캠퍼스)_생산기계공학과, 울산광역시_울산과학대학교(제2캠퍼스)_기계공학과, 울산광역시_울산과학대학교(제1캠퍼스)_기계전기산업공학과, 울산광역시_한국폴리텍 VII 대학 울산캠퍼스(제1캠퍼스)_기계시스템과, 울산광역시_한국폴리텍 VII 대학 울산캠퍼스(제1캠퍼스)_기계과, 광주광역시_동강대학교(제1캠퍼스)_AI융합기계과, 광주광역시_동강대학교(제1캠퍼스)_AI융합기계공학과, 광주광역시_동강대학교(제1캠퍼스)_스마트팩토리기계생산관리과, 광주광역시_동강대학교(제1캠퍼스)_AI융합기계학과, 광주광역시_조선이공대학교(제1캠퍼스)_스마트제조시스템과, 광주광역시_조선이공대학교(제1캠퍼스)_기계과, 광주광역시_조선이공대학교(제1캠퍼스)_글로벌융합학부(공학), 광주광역시_조선이공대학교(제1캠퍼스)_글로벌융합학부(공학) 글로벌기계융합전공, 광주광역시_한국폴리텍 V 대학 광주캠퍼스(제1캠퍼스)_기계시스템과(기계시스템설계), 광주광역시_한국폴리텍 V 대학 광주캠퍼스(제1캠퍼스)_기계시스템과, 경기도_경기과학기술대학교(제1캠퍼스)_3D융합설계학과, 경기도_경기과학기술대학교(제1캠퍼스)_에너지기계설비과, 경기도_경기과학기술대학교(제1캠퍼스)_정밀기계공학과, 경기도_경기과학기술대학교(제1캠퍼스)_기계나노융합과, 경기도_경기과학기술대학교(제1캠퍼스)_지능기계설계과, 경기도_경기과학기술대학교(제1캠퍼스)_컴퓨터기계융합과, 경기도_경기과학기술대학교(제1캠퍼스)_정밀기계과, 경기도_경기과학기술대학교(제1캠퍼스)_기계자동화과, 경기도_경기과학기술대학교(제1캠퍼스)_미래모빌리티설계과, 경기도_경기과학기술대학교(제1캠퍼스)_기계공학과, 경기도_국제대학교(제1캠퍼스)_기계공학과, 경기도_대림대학교(제1캠퍼스)_기계공학과, 경기도_대림대학교(제1캠퍼스)_기계과(2년제), 경기도_대림대학교(제1캠퍼스)_기계과, 경기도_동서울대학교(제1캠퍼스)_럭셔리워치주얼리학과, 경기도_동서울대학교(제1캠퍼스)_시계주얼리학과, 경기도_동서울대학교(제1캠퍼스)_기계자동차공학과, 경기도_두원공과대학교(제1캠퍼스)_기계공학부, 경기도_두원공과대학교(제1캠퍼스)_기계공학과, 경기도_두원공과대학교(제2캠퍼스)_융합공학과, 경기도_두원공과대학교(제1캠퍼스)_반도체기계설계과, 경기도_두원공과대학교(제1캠퍼스)_3D모델링과, 경기도_서영대학교(제2캠퍼스)_자동차기계과, 경기도_수원과학대학교(제1캠퍼스)_기계공학과, 경기도_수원과학대학교(제1캠퍼스)_스마트로봇기계과, 경기도_수원과학대학교(제1캠퍼스)_기계과, 경기도_신안산대학교(제1캠퍼스)_융합기계설계과, 경기도_신안산대학교(제1캠퍼스)_기계공학전공, 경기도_신안산대학교(제1캠퍼스)_승강기학과, 경기도_신안산대학교(제1캠퍼스)_산업장비운용학과, 경기도_신안산대학교(제1캠퍼스)_스마트기계디자인과, 경기도_오산대학교(제1캠퍼스)_기계공학과, 경기도_오산대학교(제1캠퍼스)_기계과, 경기도_용인예술과학대학교(제1캠퍼스)_자동차기계과, 경기도_용인예술과학대학교(제1캠퍼스)_드론기계과, 경기도_용인예술과학대학교(제1캠퍼스)_항공기계과, 경기도_용인예술과학대학교(제1캠퍼스)_기계과, 경기도_유한대학교(제1캠퍼스)_기계공학과 구조해석설계전공, 경기도_유한대학교(제1캠퍼스)_기계공학과 스마트팩토리융합전공, 경기도_유한대학교(제1캠퍼스)_기계설계학과 기계설계전공, 경기도_유한대학교(제1캠퍼스)_기계시스템공학과, 경기도_유한대학교(제1캠퍼스)_기계공학과 기계시스템전공(3년제), 경기도_유한대학교(제1캠퍼스)_기계공학과, 경기도_유한대학교(제1캠퍼스)_3D프린팅금형학과, 경기도_유한대학교(제1캠퍼스)_기계공학과 실무CAE전공, 경기도_유한대학교(제1캠퍼스)_기계설계학과 스마트팩토리융합전공, 경기도_한국폴리텍 I 대학 성남캠퍼스(제1캠퍼스)_기계시스템과, 경기도_한국폴리텍 I 대학 성남캠퍼스(제1캠퍼스)_기계정비과, 경기도_한국폴리텍 I 대학 성남캠퍼스(제1캠퍼스)_융합기계과, 경기도_한국폴리텍 I 대학 성남캠퍼스(제1캠퍼스)_반도체융합기계과, 강원특별자치도_한국폴리텍 III 대학 원주캠퍼스(제1캠퍼스)_기계시스템과, 충청북도_충북보건과학대학교(제1캠퍼스)_스마트기계가공학과, 충청북도_충북보건과학대학교(제1캠퍼스)_기계과, 충청북도_충북보건과학대학교(제1캠퍼스)_반도체기계과, 충청북도_충청대학교(제1캠퍼스)_항공자동차기계학부, 충청북도_한국폴리텍 IV 대학 청주캠퍼스(제1캠퍼스)_디지털기계시스템과, 충청북도_한국폴리텍 IV 대학 청주캠퍼스(제1캠퍼스)_기계시스템과(기계융합시스템), 충청북도_한국폴리텍 IV 대학 청주캠퍼스(제1캠퍼스)_기계시스템과, 충청북도_한국폴리텍 IV 대학 청주캠퍼스(제1캠퍼스)_디지털기계시스템과(기계융합시스템), 충청남도_한국폴리텍 IV 대학 충남캠퍼스(제1캠퍼스)_기계설비보전과, 충청남도_한국폴리텍 IV 대학 충남캠퍼스(제1캠퍼스)_기계보전과, 전북특별자치도_군장대학교(제1캠퍼스)_융합기계시스템과, 전북특별자치도_군장대학교(제1캠퍼스)_자동차기계계열, 전북특별자치도_군장대학교(제1캠퍼스)_스마트자동차기계계열, 전북특별자치도_군장대학교(제1캠퍼스)_특수용접과, 전북특별자치도_전주기전대학(제1캠퍼스)_글로벌산업기술과(자연과학), 전북특별자치도_전주기전대학(제1캠퍼스)_글로벌산업기술과(전공심화), 전북특별자치도_전주기전대학(제1캠퍼스)_글로벌산업기술과, 전북특별자치도_전주기전대학(제1캠퍼스)_글로벌산업인재과(웰니스), 전북특별자치도_전주기전대학(제1캠퍼스)_글로벌산업인재과, 전북특별자치도_전주기전대학(제1캠퍼스)_글로벌산업기술과(보건산업), 전북특별자치도_전주비전대학교(제1캠퍼스)_기계과, 전북특별자치도_전주비전대학교(제1캠퍼스)_스마트기계과, 전북특별자치도_한국폴리텍 V 대학 전북캠퍼스(제1캠퍼스)_기계시스템과, 전북특별자치도_한국폴리텍 V 대학 전북캠퍼스(제1캠퍼스)_기계시스템과(ICT기계가공), 전북특별자치도_한국폴리텍 V 대학 전북캠퍼스(제1캠퍼스)_기계제강시스템과, 전라남도_목포과학대학교(제1캠퍼스)_글로벌산업학과, 전라남도_순천제일대학교(제1캠퍼스)_K-산업기술학부, 전라남도_전남과학대학교(제1캠퍼스)_특수장비공학과(e-MU), 전라남도_전남과학대학교(제1캠퍼스)_특수장비산업안전공학과, 전라남도_전남과학대학교(제1캠퍼스)_특수장비산업안전과, 전라남도_전남도립대학교(제1캠퍼스)_드론기계학과, 전라남도_한국폴리텍 V 대학 전남캠퍼스(제1캠퍼스)_기계시스템과, 경상북도_구미대학교(제1캠퍼스)_특수건설기계공학과, 경상북도_구미대학교(제1캠퍼스)_특수건설기계공학부, 경상북도_구미대학교(제1캠퍼스)_특수건설기계과, 경상북도_구미대학교(제1캠퍼스)_기계자동차공학부, 경상북도_선린대학교(제1캠퍼스)_플랜트설계과, 경상북도_선린대학교(제1캠퍼스)_제철산업기계과, 경상북도_포항대학교(제1캠퍼스)_기계시스템과, 경상북도_한국폴리텍 VI 대학 구미캠퍼스(제1캠퍼스)_기계시스템과, 경상북도_한국폴리텍 특성화대학 로봇캠퍼스(제1캠퍼스)_로봇기계과, 경상남도_거제대학교(제1캠퍼스)_기계조선공학과, 경상남도_거제대학교(제1캠퍼스)_기계공학과(2년제), 경상남도_거제대학교(제1캠퍼스)_기계공학과, 경상남도_거제대학교(제1캠퍼스)_기계조선공학과(2년제), 경상남도_거제대학교(제1캠퍼스)_에너지설비관리전공, 경상남도_동원과학기술대학교(제1캠퍼스)_냉동공조설비공학과, 경상남도_동원과학기술대학교(제1캠퍼스)_IT융합기계과, 경상남도_동원과학기술대학교(제1캠퍼스)_선박동력기계과, 경상남도_동원과학기술대학교(제1캠퍼스)_스마트기계과, 경상남도_동원과학기술대학교(제1캠퍼스)_냉동공조설비과, 경상남도_동원과학기술대학교(제1캠퍼스)_기계품질관리과, 경상남도_동원과학기술대학교(제1캠퍼스)_융합자동차기계과, 경상남도_동원과학기술대학교(제1캠퍼스)_선박동력기계전공, 경상남도_연암공과대학교(제1캠퍼스)_기계공학과(2년제), 경상남도_연암공과대학교(제1캠퍼스)_스마트기계공학과, 경상남도_연암공과대학교(제1캠퍼스)_기계공학과, 경상남도_창원문성대학교(제1캠퍼스)_첨단항공기계과, 경상남도_창원문성대학교(제1캠퍼스)_지능형기계전공, 경상남도_한국승강기대학교(제1캠퍼스)_미래융합승강기학과, 경상남도_한국승강기대학교(제1캠퍼스)_승강기공학부, 경상남도_한국폴리텍 VII 대학 진주캠퍼스(제1캠퍼스)_기계시스템과(ICT기계가공), 경상남도_한국폴리텍 VII 대학 창원캠퍼스(제1캠퍼스)_기계공학과, 경상남도_한국폴리텍 VII 대학 창원캠퍼스(제1캠퍼스)_스마트제조기계설계과, 경상남도_한국폴리텍 VII 대학 창원캠퍼스(제1캠퍼스)_금형가공시스템과, 경상남도_한국폴리텍 VII 대학 창원캠퍼스(제1캠퍼스)_기계시스템과(ICT기계가공), 경상남도_한국폴리텍 VII 대학 창원캠퍼스(제1캠퍼스)_기계시스템과, 제주특별자치도_제주관광대학교(제1캠퍼스)_지능형콜드체인과","일반 선택: 대수, 미적분Ⅰ, 확률과 통계, 물리학, 화학, 생명과학, 정보, 기술·가정 등 | 진로 선택: 기하, 미적분 II, 역학과 에너지, 전자기와 양자, 물질과 에너지, 화학 반응의 세계, 인공지능 기초, 데이터 과학, 로봇과 공학세계 등 | 융합 선택: 창의 공학 설계, 소프트웨어와 생활 등","공통과목: 수학, 과학, 기술ㆍ가정 | 일반선택과목: 수학교과 : 수학ⅠㆍⅡ, 미적분, 확률과 통계 | 진로선택과목: 기하, 물리학Ⅱ, 화학Ⅱ, 공학 일반 | 전문교과Ⅰ: 심화수학ⅠㆍⅡ, 고급 수학ⅠㆍⅡ, 고급 물리학, 물리학 실험, 고급 화학, 화학 실험, 정보과학, 융합과학탐구, 과학과제연구 | 전문교과Ⅱ: 공업 일반, 기계 제도, 기계 일반, 기계 제어 설계","건설기계정비산업기사, 기계설계산업기사, 기계조립산업기사, 사출금형산업기사, 생산자동화산업기사, 용접산업기사, 자동차정비산업기사, 정밀측정산업기사, 컴퓨터응용가공산업기사, 프레스금형산업기사",금형원
88,기계설계공학과,"대전광역시_충남대학교(제1캠퍼스)_기계설계공학과, 강원특별자치도_강원대학교(제2캠퍼스)_기계설계공학과, 충청남도_한국기술교육대학교(제1캠퍼스)_기계설계공학과, 전북특별자치도_원광대학교(제1캠퍼스)_기계설계공학과, 전라남도_전남대학교(제2캠퍼스)_기계설계공학과, 경상북도_국립경국대학교(제1캠퍼스)_기계설계공학과, 경상북도_국립금오공과대학교(제1캠퍼스)_기계설계공학과","일반 선택: 대수, 미적분Ⅰ, 확률과 통계, 물리학, 화학, 생명과학, 정보, 기술·가정 등 | 진로 선택: 기하, 미적분 II, 역학과 에너지, 전자기와 양자, 물질과 에너지, 화학 반응의 세계, 인공지능 기초, 데이터 과학, 로봇과 공학세계 등 | 융합 선택: 창의 공학 설계, 소프트웨어와 생활 등","공통과목: 수학, 과학, 기술ㆍ가정 | 일반선택과목: 수학교과 : 수학ⅠㆍⅡ, 미적분, 확률과 통계 | 진로선택과목: 기하, 물리학Ⅱ, 화학Ⅱ, 공학 일반 | 전문교과Ⅰ: 심화수학ⅠㆍⅡ, 고급 수학ⅠㆍⅡ, 고급 물리학, 물리학 실험, 고급 화학, 화학 실험, 정보 과학, 융합과학탐구, 과학과제연구 | 전문교과Ⅱ: 공업 일반, 기계 제도, 기계 일반, 기계 제어 설계","건설기계기술사, 건설기계설비기사, 건설기계정비기사, 공조냉동기계기사, 기계기술사, 기계설계기사, 농업기계기사, 메카트로닉스기사, 선박기계기술사, 유체기계기술사, 일반기계기사",건설기계공학기술자
89,기계설계과,"서울특별시_한국폴리텍 I 대학 서울정수캠퍼스(제1캠퍼스)_기계설계과, 대전광역시_대덕대학교(제1캠퍼스)_기계설계과, 광주광역시_조선이공대학교(제1캠퍼스)_기계설계과, 경기도_경기과학기술대학교(제1캠퍼스)_기계설계과, 경기도_두원공과대학교(제1캠퍼스)_기계설계과, 경기도_유한대학교(제1캠퍼스)_기계설계학과 3D프린팅금형전공, 경기도_유한대학교(제1캠퍼스)_기계설계학과","일반 선택: 대수, 미적분Ⅰ, 확률과 통계, 물리학, 화학, 생명과학, 정보, 기술·가정 등 | 진로 선택: 기하, 미적분 II, 역학과 에너지, 전자기와 양자, 물질과 에너지, 화학 반응의 세계, 인공지능 기초, 데이터 과학, 로봇과 공학세계 등 | 융합 선택: 창의 공학 설계, 소프트웨어와 생활 등","공통과목: 수학, 과학, 기술ㆍ가정 | 일반선택과목: 수학교과 : 수학ⅠㆍⅡ, 미적분, 확률과 통계 | 진로선택과목: 기하, 물리학Ⅱ, 화학Ⅱ, 공학 일반 | 전문교과Ⅰ: 심화수학ⅠㆍⅡ, 고급 수학ⅠㆍⅡ, 고급 물리학, 물리학 실험, 고급 화학, 화학 실험, 정보과학, 융합과학탐구, 과학과제연구 | 전문교과Ⅱ: 공업 일반, 기계 제도, 기계 일반, 기계 제어 설계","건설기계산업기사, 공조냉동기계산업기사, 기계설계산업기사, 기계조립산업기사, 생산자동화산업기사, 치공구설계산업기사, 컴퓨터응용가공산업기사",공작기계조작원
93,기독교학과,"서울특별시_서울여자대학교(제1캠퍼스)_기독교학과, 서울특별시_숭실대학교(제1캠퍼스)_기독교학과, 서울특별시_숭실사이버대학교(제1캠퍼스)_기독교상담복지학과, 서울특별시_이화여자대학교(제1캠퍼스)_기독교학과, 대전광역시_한남대학교(제1캠퍼스)_기독교학과, 대구광역시_계명대학교(제1캠퍼스)_기독교학과, 경기도_강남대학교(제1캠퍼스)_기독교학과, 강원특별자치도_가톨릭관동대학교(제1캠퍼스)_기독교학과, 충청남도_호서대학교(제2캠퍼스)_기독교학과","일반 선택: 독서와 작문, 세계시민과 지리, 세계사, 사회와 문화, 현대사회와 윤리, 정보 등 | 진로 선택: 주제 탐구 독서, 영미 문학 읽기, 한국지리 탐구, 동아시아 역사 기행, 법과 사회, 윤리와 사상, 인문학과 윤리, 미술 감상과 비평, 삶과 종교, 인간과 심리 등 | 융합 선택: 세계 문화와 영어, 여행지리, 역사로 탐구하는 현대 세계, 사회문제 탐구, 윤리문제 탐구, 과학의 역사와 문화, 미술과 매체, 지식 재산 일반 등","공통과목: 영어, 사회, 생활ㆍ교양 | 일반선택과목: 영어교과 : 영어 회화, 영어Ⅰ, 영어 독해와 작문, 영어Ⅱ | 진로선택과목: 영어권 문화, 영미 문학 읽기, 사회문제 탐구 | 전문교과Ⅰ: 지역 이해, 비교 문화, 세계 문제와 미래 사회, 사회 탐구 방법 및 사회과제 연구 | 전문교과Ⅱ: 빅데이터 분석","2급정교사자격증(종교), 문화선교사자격증",선교사
32,기술교육과,"대전광역시_충남대학교(제1캠퍼스)_기술교육과, 광주광역시_광주교육대학교(제1캠퍼스)_실과교육과(심화전공), 충청북도_한국교원대학교(제1캠퍼스)_기술교육과, 충청남도_국립공주대학교(제1캠퍼스)_기술ㆍ가정교육과, 전북특별자치도_전주교육대학교(제1캠퍼스)_실과교육과(심화전공), 전라남도_세한대학교(제1캠퍼스)_기술교육과, 경상남도_진주교육대학교(제1캠퍼스)_실과교육과(심화전공)","일반 선택: 화법과 언어, 독서와 작문, 문학, 대수, 미적분Ⅰ, 확률과 통계, 영어Ⅰ, 영어Ⅱ, 영어 독해와 작문, 물리학, 화학, 생명과학, 지구과학, 기술·가정, 정보, 생태와 환경 등 | 진로 선택: 주제 탐구 독서, 기하, 미적분Ⅱ, 역학과 에너지, 전자기와 양자, 물질과 에너지, 화학 반응의 세계, 세포와 물질대사, 생물의 유전, 지구시스템과학 등 | 융합 선택: 기후변화와 환경생태, 융합과학 탐구 등","공통과목: 영어, 기술ㆍ가정, 윤리 | 일반선택과목: 기술ㆍ가정교과 : 기술ㆍ가정 | 진로선택과목: 공학일반, 창의경영, 해양 문화와 기술, 가정과학, 지식재산 일반 | 전문교과Ⅰ: 사회과제 연구 | 전문교과Ⅱ: 기초제도, 식품과학, 식품위생",중등학교2급정교사,공학계열교수
94,기악과,"서울특별시_경희대학교(제1캠퍼스)_기악과, 서울특별시_국민대학교(제1캠퍼스)_피아노전공, 서울특별시_동덕여자대학교(제1캠퍼스)_음악학부 관현악전공, 서울특별시_서울대학교(제1캠퍼스)_기악과(피아노전공), 서울특별시_서울대학교(제1캠퍼스)_기악과(관악전공), 서울특별시_서울대학교(제1캠퍼스)_기악과, 서울특별시_서울대학교(제1캠퍼스)_기악과(현악전공), 서울특별시_성신여자대학교(제1캠퍼스)_기악과, 서울특별시_이화여자대학교(제1캠퍼스)_건반악기과, 서울특별시_추계예술대학교(제1캠퍼스)_국제학부(예술), 서울특별시_한국예술종합학교(제2캠퍼스)_기악과, 부산광역시_동아대학교(제1캠퍼스)_기악학과, 대전광역시_목원대학교(제1캠퍼스)_관현악ㆍ작곡학부 관악전공, 대전광역시_목원대학교(제1캠퍼스)_관현악학부 관악전공, 대전광역시_목원대학교(제1캠퍼스)_관현악ㆍ작곡학부 현악전공, 대전광역시_목원대학교(제1캠퍼스)_실용음악학부 기악전공, 대전광역시_목원대학교(제1캠퍼스)_관현악학부 현악전공, 대전광역시_한국침례신학대학교(제1캠퍼스)_융합실용기악과, 경기도_가천대학교(제1캠퍼스)_음악학부(기악), 경기도_단국대학교(제1캠퍼스)_음악학부 관현악전공, 경기도_단국대학교(제1캠퍼스)_음악학부 피아노전공, 경기도_단국대학교(제1캠퍼스)_기악과, 경기도_명지대학교 자연캠퍼스(제1캠퍼스)_건반음악전공, 경기도_중앙대학교(제2캠퍼스)_음악학부(관현악전공), 경기도_협성대학교(제1캠퍼스)_기악과, 충청남도_나사렛대학교(제1캠퍼스)_예술체육학부(실용음악트랙,피아노트랙,관현악트랙), 충청남도_단국대학교(제2캠퍼스)_뉴뮤직학부 재즈퍼포먼스전공, 경상북도_대구예술대학교(제1캠퍼스)_건반음악전공, 경상북도_대구예술대학교(제1캠퍼스)_공연융합예술학과 음악전공, 경상북도_영남대학교(제1캠퍼스)_기악과, 경상남도_인제대학교(제1캠퍼스)_음악공연예술학과, 제주특별자치도_제주대학교(제1캠퍼스)_피아노전공","일반 선택: 화법과 언어, 독서와 작문, 문학, 영어Ⅰ, 영어Ⅱ, 영어 독해와 작문, 사회와 문화, 음악 등 | 진로 선택: 주제 탐구 독서, 심화 영어, 법과 사회, 경제, 윤리와 사상, 음악 연주와 창작, 음악 감상과 비평, 음악 이론, 음악사, 시창·청음, 음악 전공 실기, 합창·합주, 음악 공연 실습 등 | 융합 선택: 매체 의사소통, 미디어 영어, 세계 문화와 영어, 여행지리, 음악과 미디어, 음악과 문화 등","공통과목: 음악, 윤리 | 일반선택과목: 예술교과 : 음악 | 진로선택과목: 음악 연주, 음악 감상과 비평 | 전문교과Ⅰ: 음악이론, 음악사, 시창ㆍ청음, 음악 전공 실기 | 전문교과Ⅱ: 음악 콘텐츠 제작",피아노조율산업기사,대중가수
127,기타아시아어학과,"서울특별시_사이버한국외국어대학교(제1캠퍼스)_베트남ㆍ인도네시아학부, 서울특별시_서울대학교(제1캠퍼스)_아시아언어문명학부, 서울특별시_중앙대학교(제1캠퍼스)_아시아문화학부(비교민속학전공), 서울특별시_한국외국어대학교(제1캠퍼스)_아랍어과, 서울특별시_한국외국어대학교(제1캠퍼스)_몽골어과, 서울특별시_한국외국어대학교(제1캠퍼스)_태국학과, 서울특별시_한국외국어대학교(제1캠퍼스)_특수외국어(중동지역)계열, 서울특별시_한국외국어대학교(제1캠퍼스)_베트남어과, 서울특별시_한국외국어대학교(제1캠퍼스)_말레이인도네시아어과, 서울특별시_한국외국어대학교(제1캠퍼스)_튀르키예ㆍ아제르바이잔학과, 서울특별시_한국외국어대학교(제1캠퍼스)_태국어과, 서울특별시_한국외국어대학교(제1캠퍼스)_페르시아어ㆍ이란학과, 서울특별시_한국외국어대학교(제1캠퍼스)_인도어과, 서울특별시_한국외국어대학교(제1캠퍼스)_특수외국어(인도ㆍ아세안지역)계열, 부산광역시_부산외국어대학교(제1캠퍼스)_태국어과, 부산광역시_부산외국어대학교(제1캠퍼스)_중동학부(터키어전공), 부산광역시_부산외국어대학교(제1캠퍼스)_미얀마어전공, 부산광역시_부산외국어대학교(제1캠퍼스)_미얀마어과, 부산광역시_부산외국어대학교(제1캠퍼스)_인도네시아ㆍ말레이시아학과, 부산광역시_부산외국어대학교(제1캠퍼스)_아랍학과, 부산광역시_부산외국어대학교(제1캠퍼스)_인도네시아ㆍ말레이시아전공, 부산광역시_부산외국어대학교(제1캠퍼스)_인도학과, 부산광역시_부산외국어대학교(제1캠퍼스)_인도학부(인도지역통상전공), 부산광역시_부산외국어대학교(제1캠퍼스)_아세안학부(미얀마어전공), 부산광역시_부산외국어대학교(제1캠퍼스)_베트남어전공, 부산광역시_부산외국어대학교(제1캠퍼스)_아세안학부(베트남어전공), 부산광역시_부산외국어대학교(제1캠퍼스)_아랍전공, 부산광역시_부산외국어대학교(제1캠퍼스)_러시아ㆍ터키중앙아시아학부(터키ㆍ중앙아시아어전공), 부산광역시_부산외국어대학교(제1캠퍼스)_인도학부(인도언어문화전공), 부산광역시_부산외국어대학교(제1캠퍼스)_아세안학부(태국어전공), 부산광역시_부산외국어대학교(제1캠퍼스)_터키ㆍ중앙아시아어과, 부산광역시_부산외국어대학교(제1캠퍼스)_아세안학부(인도네시아ㆍ말레이시아전공), 부산광역시_부산외국어대학교(제1캠퍼스)_터키어전공, 부산광역시_부산외국어대학교(제1캠퍼스)_베트남어과, 부산광역시_부산외국어대학교(제1캠퍼스)_인도지역통상학과, 부산광역시_부산외국어대학교(제1캠퍼스)_중동학부(아랍전공), 부산광역시_부산외국어대학교(제1캠퍼스)_태국어전공, 부산광역시_부산외국어대학교(제1캠퍼스)_동남아창의융합학부, 부산광역시_부산외국어대학교(제1캠퍼스)_아세안학부(인도어전공), 부산광역시_부산외국어대학교(제1캠퍼스)_인도어전공, 인천광역시_인하대학교(제1캠퍼스)_동양어문학부, 광주광역시_조선대학교(제1캠퍼스)_아시아언어문화학부(아랍어전공), 광주광역시_조선대학교(제1캠퍼스)_아랍어과, 광주광역시_조선대학교(제1캠퍼스)_아시아언어문화학부, 경기도_가천대학교(제1캠퍼스)_동양어문학과, 경기도_한국외국어대학교(제2캠퍼스)_아랍어통번역학과, 경기도_한국외국어대학교(제2캠퍼스)_말레이ㆍ인도네시아어통번역학과, 경기도_한국외국어대학교(제2캠퍼스)_인도학과, 경기도_한국외국어대학교(제2캠퍼스)_태국어통번역학과, 충청남도_단국대학교(제2캠퍼스)_아시아중동학부 몽골학전공, 충청남도_단국대학교(제2캠퍼스)_아시아중동학부 중동학전공, 충청남도_단국대학교(제2캠퍼스)_아시아중동학부 베트남학전공, 충청남도_단국대학교(제2캠퍼스)_몽골학과, 충청남도_청운대학교(제1캠퍼스)_글로벌커뮤니케이션학과(베트남비즈니스전공), 경상남도_영산대학교(제1캠퍼스)_한ㆍ베트남통역전공, 경상남도_영산대학교(제1캠퍼스)_아세안비즈니스학과","일반 선택: 화법과 언어, 독서와 작문, 문학, 세계시민과 지리, 세계사, 사회와 문화, 제2외국어, 한문 등 | 진로 선택: 문학과 영상, 인문학과 윤리, 동아시아 역사 기행, 국제 관계의 이해, 제2외국어 회화, 심화 제2외국어 등 | 융합 선택: 언어생활 탐구, 여행지리, 역사로 탐구하는 현대 세계, 사회문제 탐구, 제2외국어 문화, 언어생활과 한자 등","공통과목: 제2외국어, 사회, 국어 | 일반선택과목: 외국어교과 : 베트남어, 아랍어, 태국어, 말레이ㆍ인도네시아어, 몽골어 | 진로선택과목: 아랍어Ⅱ, 베트남어Ⅱ 등 아시아어 및 문학ㆍ문화, 고전 읽기, 한문Ⅱ, 고전과 윤리, 사회문제 탐구, 여행지리 | 전문교과Ⅰ: 전공기초 아시아어, 아시아어 회화, 아이사어 독해와 작문, 아시아 문화 | 전문교과Ⅱ: [출처 : 세종특별자치시교육청, 보인다 시리즈 5.0 - 전공ㆍ적성 개발 길라잡이]","관광통역안내사, 국내여행안내사",교수
389,기타유럽어학과,"서울특별시_건국대학교(제1캠퍼스)_EU문화정보학전공, 서울특별시_서강대학교(제1캠퍼스)_유럽문화학과, 서울특별시_성공회대학교(제1캠퍼스)_인문융합콘텐츠학부, 서울특별시_중앙대학교(제1캠퍼스)_유럽문화학부, 서울특별시_한국외국어대학교(제1캠퍼스)_특수외국어(유럽지역)계열, 서울특별시_한국외국어대학교(제1캠퍼스)_포르투갈(브라질)어과, 서울특별시_한국외국어대학교(제1캠퍼스)_네덜란드어과, 서울특별시_한국외국어대학교(제1캠퍼스)_포르투갈어과, 서울특별시_한국외국어대학교(제1캠퍼스)_터키ㆍ아제르바이잔어과, 서울특별시_한국외국어대학교(제1캠퍼스)_스칸디나비아어과, 서울특별시_한국외국어대학교(제1캠퍼스)_이탈리아어과, 부산광역시_부산외국어대학교(제1캠퍼스)_이탈리아어과, 부산광역시_부산외국어대학교(제1캠퍼스)_유럽학부(이탈리아언어문화전공), 부산광역시_부산외국어대학교(제1캠퍼스)_포르투갈(브라질)어과, 부산광역시_부산외국어대학교(제1캠퍼스)_유럽학부(이탈리아어전공), 부산광역시_부산외국어대학교(제1캠퍼스)_이탈리아어전공, 부산광역시_부산외국어대학교(제1캠퍼스)_중남미학부(포르투갈어전공), 부산광역시_부산외국어대학교(제1캠퍼스)_유럽학부(포르투갈(브라질)어전공), 부산광역시_부산외국어대학교(제1캠퍼스)_포르투갈(브라질)어전공, 광주광역시_조선대학교(제1캠퍼스)_유럽언어문화학부, 경기도_가천대학교(제1캠퍼스)_유럽어문학과, 경기도_한국외국어대학교(제2캠퍼스)_폴란드학과, 경기도_한국외국어대학교(제2캠퍼스)_우크라이나어과, 경기도_한국외국어대학교(제2캠퍼스)_체코슬로바키아어과, 경기도_한국외국어대학교(제2캠퍼스)_세르비아ㆍ크로아티아어과, 경기도_한국외국어대학교(제2캠퍼스)_우크라이나학과, 경기도_한국외국어대학교(제2캠퍼스)_헝가리학과, 경기도_한국외국어대학교(제2캠퍼스)_이탈리아어통번역학과, 경기도_한국외국어대학교(제2캠퍼스)_루마니아학과, 경기도_한국외국어대학교(제2캠퍼스)_헝가리어과, 경기도_한국외국어대학교(제2캠퍼스)_루마니아어과, 경기도_한국외국어대학교(제2캠퍼스)_체코ㆍ슬로바키아학과, 경기도_한국외국어대학교(제2캠퍼스)_그리스ㆍ불가리아학과, 경기도_한국외국어대학교(제2캠퍼스)_국가전략언어계열, 경기도_한국외국어대학교(제2캠퍼스)_아프리카학부, 경기도_한국외국어대학교(제2캠퍼스)_세르비아ㆍ크로아티아학과, 경기도_한국외국어대학교(제2캠퍼스)_폴란드어과, 충청남도_단국대학교(제2캠퍼스)_유럽중남미학부 포르투갈브라질학전공, 전북특별자치도_원광대학교(제1캠퍼스)_유럽문화학부, 경상북도_국립경국대학교(제1캠퍼스)_유럽문화 ㆍ 관광학과, 경상북도_대구대학교(제1캠퍼스)_유럽문화학과, 경상북도_영남대학교(제1캠퍼스)_유럽언어문화학부","일반 선택: 화법과 언어, 독서와 작문, 문학, 세계시민과 지리, 세계사, 사회와 문화, 제2외국어 등 | 진로 선택: 문학과 영상, 인문학과 윤리, 국제 관계의 이해, 제2외국어 회화, 심화 제2외국어 등 | 융합 선택: 언어생활 탐구, 여행지리, 역사로 탐구하는 현대 세계, 사회문제 탐구, 제2외국어 문화 등","공통과목: 제2외국어, 사회, 예술, 국어 | 일반선택과목: 외국어교과 : 프랑스어, 독일어, 영어 회화, 영어 | 진로선택과목: 프랑스어Ⅱ, 독일어Ⅱ, 심화 국어, 고전 읽기, 고전과 윤리, 사회문제 탐구, 여행지리, 음악ㆍ미술감상 비평 | 전문교과Ⅰ: 전공기초 프랑스어, 프랑스어 회화, 프랑스어권 문화, 국제 관계와 국제기구, 국제 경제, 국제 정치, 지역 이해. 사회과제 연구 | 전문교과Ⅱ: 서양 조리","관광통역안내사, 국내여행안내사",번역가
96,나노공학과,"서울특별시_한양대학교(제1캠퍼스)_유기나노공학과, 부산광역시_국립부경대학교(제1캠퍼스)_나노융합반도체공학부, 인천광역시_연세대학교(제2캠퍼스)_나노과학공학전공, 경기도_성균관대학교(제2캠퍼스)_나노공학과, 경기도_한국공학대학교(제1캠퍼스)_나노반도체공학과, 경기도_한국공학대학교(제1캠퍼스)_반도체공학부(나노반도체공학전공), 경상남도_부산대학교(제2캠퍼스)_나노메카트로닉스공학과","일반 선택: 대수, 미적분Ⅰ,확률과 통계, 물리학, 화학, 생명과학, 정보 등 | 진로 선택: 기하, 미적분Ⅱ, 역학과 에너지, 전자기와 양자, 물질과 에너지, 화학 반응의 세계, 세포와 물질대사,생물의 유전 등 | 융합 선택: 융합과학 탐구 등","공통과목: 수학, 과학, 기술ㆍ가정 | 일반선택과목: 수학교과 : 수학ⅠㆍⅡ, 미적분, 확률과 통계 | 진로선택과목: 실용수학, 기하, 수학과제 탐구, 물리학Ⅱ, 화학Ⅱ, 생명과학Ⅱ, 생활과 과학, 융합과학, 공학 일반 | 전문교과Ⅰ: 심화수학ⅠㆍⅡ, 고급 수학ⅠㆍⅡ, 고급 물리학, 물리학 실험, 고급 화학, 화학 실험, 고급 생명과학, 생명과학 실험,정보과학, 생태와 환경, 과학과제 연구 | 전문교과Ⅱ: 공업 일반, 화학 분석, 프로그래밍, 자료 구조","금속재료기사, 금속재료산업기사, 화공기사",나노공학기술자
10049,냉동공조공학과,"부산광역시_국립부경대학교(제1캠퍼스)_냉동공조공학전공, 부산광역시_동명대학교(제1캠퍼스)_냉동공조공학과, 전라남도_전남대학교(제2캠퍼스)_냉동공조공학과","일반 선택: 대수, 확률과 통계, 미적분 Ⅰ, 인공지능 수학, 세계시민과 지리, 사회와 문화, 정보 등 | 진로 선택: 기하, 미적분Ⅱ, 도시의 미래 탐구, 경제, 로봇과 공학세계, 인공지능 기초, 데이터 과학 등 | 융합 선택: 실용 통계, 사회문제 탐구, 금융과 경제생활, 윤리문제 탐구, 창의공학 설계, 소프트웨어와 생활 등","공통과목: 수학, 사회, 과학, 기술ㆍ가정 | 일반선택과목: 수학교과 : 수학ⅠㆍⅡ, 미적분, 확률과 통계 | 진로선택과목: 실용수학, 기하, 경제수학, 수학과제 탐구, 물리학Ⅱ, 화학Ⅱ, 생명과학Ⅱ, 지구과학Ⅱ, 생활과 과학, 융합과학, 공학 일반, 사회문제 탐구 | 전문교과Ⅰ: 심화수학ⅠㆍⅡ, 고급 수학ⅠㆍⅡ, 고급 물리학, 물리학 실험, 고급 화학, 화학 실험, 고급 생명과학, 생명과학 실험, 고급 지구과학, 지구과학 실험, 정보과학, 융합과학탐구, 과학과제연구, 생태와 환경, 지역 이해, 사회과제 연구 | 전문교과Ⅱ: 환경 화학 기초, 인간과 환경, 환경 생태 관리, 수질 관리, 대기 관리, 폐기물 관리","공조냉동기계기사, 배관산업기사, 에너지관리기사, 일반기계기사, 플랜트배관기능사",건축설비기술자
102,노인보건복지과,"서울특별시_백석예술대학교(제1캠퍼스)_보건복지학부, 서울특별시_삼육보건대학교(제1캠퍼스)_노인복지과, 대전광역시_대전과학기술대학교(제1캠퍼스)_보건복지상담과, 대전광역시_대전보건대학교(제1캠퍼스)_노인보건복지과, 대구광역시_수성대학교(제1캠퍼스)_보건복지경영과, 대구광역시_영진사이버대학교(제1캠퍼스)_노인복지학과, 경기도_김포대학교(제1캠퍼스)_보건복지과, 경기도_세계사이버대학(제1캠퍼스)_노인복지학과, 경상북도_가톨릭상지대학교(제1캠퍼스)_노인건강지도과, 경상북도_경북보건대학교(제1캠퍼스)_보건복지과, 경상북도_성운대학교(제1캠퍼스)_노인재활복지학과, 경상북도_한국복지사이버대학교(제1캠퍼스)_노인복지학과","일반 선택: 현대사회와 윤리, 사회와 문화 등 | 진로 선택: 윤리와 사상, 정치, 법과 사회, 경제, 한국지리탐구, 도시의 미래 탐구, 국제 관계의 이해, 생활과학 탐구, 인간과 심리 등 | 융합 선택: 사회문제 탐구, 윤리문제 탐구, 등","공통과목: 사회, 생활ㆍ교양 | 일반선택과목: 사회교과 : 사회ㆍ문화, 생활과 윤리, 윤리와 사상 | 진로선택과목: 사회문제 탐구 | 전문교과Ⅰ: 지역 이해, 세계 문제와 미래 사회, 현대 세계의 변화, 사회 탐구 방법 및 사회과제 연구 | 전문교과Ⅱ: 사무 행정, 인간 발달, 아동 복지, 복지 서비스의 기초, 대인 복지 서비스","노인체육지도자, 레크리에이션지도자, 사회복지사, 정신보건사회복지사",사회복지사
104,농공학과,"서울특별시_서울대학교(제1캠퍼스)_스마트시스템과학과, 서울특별시_서울여자대학교(제1캠퍼스)_스마트농업공학전공, 서울특별시_한국방송통신대학교(제1캠퍼스)_농학과, 경기도_경희대학교(제2캠퍼스)_스마트팜과학과, 경기도_한경국립대학교(제1캠퍼스)_지역자원시스템공학과, 강원특별자치도_강원대학교(제1캠퍼스)_스마트팜농산업학과, 강원특별자치도_상지대학교(제1캠퍼스)_스마트팜학과, 충청남도_남서울대학교(제1캠퍼스)_스마트팜학과, 전북특별자치도_전북대학교(제1캠퍼스)_스마트팜학과, 전북특별자치도_전북대학교(제1캠퍼스)_농업시스템학과, 경상북도_경일대학교(제1캠퍼스)_스마트농업학과, 경상남도_경상국립대학교(제1캠퍼스)_농학과","일반 선택: 대수, 미적분Ⅰ, 확률과 통계, 물리학, 화학, 생명과학, 정보 | 진로 선택: 미적분Ⅱ, 인공지능 수학, 한국지리 탐구, 물질과 에너지, 화학 반응의 세계, 세포와 물질대사, 생물의 유전, 지구시스템과학, 생활과학 탐구 | 융합 선택: 실용 통계, 기후변화와 환경생태","공통과목: 과학, 윤리, 교양, 수학 | 일반선택과목: 과학교과 : 화학Ⅰ, 생명과학Ⅰ | 진로선택과목: 생명과학Ⅱ, 융합과학, 생활과 과학, 화학Ⅱ, 농업생명과학, 사회문제 탐구 | 전문교과Ⅰ: 고급 생명과학, 생명과학 실험, 과학과제연구, 융합과학 탐구, 생태와 환경, 정보과학, 사회탐구 방법 | 전문교과Ⅱ: 생명공학 기술, 인간과 환경","농어업토목기술사, 농업기계기사, 유기농업기사, 종자기사",건설기계공학기술자
106,농수산과,"부산광역시_부산경상대학교(제1캠퍼스)_스마트팜도시농업과, 부산광역시_부산과학기술대학교(제1캠퍼스)_스마트도시농업복지학과, 부산광역시_부산과학기술대학교(제1캠퍼스)_스마트팜치유산업과, 부산광역시_부산과학기술대학교(제1캠퍼스)_스마트도시농업복지과, 경기도_경민대학교(제1캠퍼스)_스마트팜과, 경기도_농협대학교(제1캠퍼스)_협동조합경영과(2년제), 강원특별자치도_강릉영동대학교(제1캠퍼스)_승마산업학과(2년제), 강원특별자치도_강릉영동대학교(제1캠퍼스)_승마산업학과, 강원특별자치도_강릉영동대학교(제1캠퍼스)_승마산업전공, 강원특별자치도_강릉영동대학교(제1캠퍼스)_산림해양융합계열, 강원특별자치도_강원도립대학교(제1캠퍼스)_스마트해양양식과, 강원특별자치도_세경대학교(제1캠퍼스)_스마트팜과, 강원특별자치도_송곡대학교(제1캠퍼스)_스마트팜과, 강원특별자치도_송곡대학교(제1캠퍼스)_스마트팜학과, 강원특별자치도_송호대학교(제1캠퍼스)_스마트팜융합학부, 강원특별자치도_송호대학교(제1캠퍼스)_스마트농업경영과, 충청북도_충북도립대학교(제1캠퍼스)_스마트팜전공, 충청남도_연암대학교(제1캠퍼스)_스마트축산학과, 충청남도_연암대학교(제1캠퍼스)_스마트축산계열, 충청남도_연암대학교(제1캠퍼스)_스마트축산전문기술석사과정, 충청남도_충남도립대학교(제1캠퍼스)_스마트팜학과, 충청남도_혜전대학교(제1캠퍼스)_농축산식품융합과, 충청남도_혜전대학교(제1캠퍼스)_스마트팜식품융합과, 전북특별자치도_전주기전대학(제1캠퍼스)_치유농업과(전공심화), 전북특별자치도_전주기전대학(제1캠퍼스)_치유농업과, 전북특별자치도_전주기전대학(제1캠퍼스)_말산업스포츠재활과(자연과학), 전북특별자치도_전주기전대학(제1캠퍼스)_치유농업과(웰니스), 전북특별자치도_한국농수산대학교(제1캠퍼스)_채소전공, 전북특별자치도_한국농수산대학교(제1캠퍼스)_농수산융합학부, 전북특별자치도_한국농수산대학교(제1캠퍼스)_한우학과, 전북특별자치도_한국농수산대학교(제1캠퍼스)_과수학과, 전북특별자치도_한국농수산대학교(제1캠퍼스)_수산생물양식전공, 전북특별자치도_한국농수산대학교(제1캠퍼스)_말산업전공, 전북특별자치도_한국농수산대학교(제1캠퍼스)_산림학과, 전북특별자치도_한국농수산대학교(제1캠퍼스)_특용작물학과, 전북특별자치도_한국농수산대학교(제1캠퍼스)_어류양식학과, 전북특별자치도_한국농수산대학교(제1캠퍼스)_어류양식전공, 전북특별자치도_한국농수산대학교(제1캠퍼스)_과수전공, 전북특별자치도_한국농수산대학교(제1캠퍼스)_축산학부, 전북특별자치도_한국농수산대학교(제1캠퍼스)_버섯학과, 전북특별자치도_한국농수산대학교(제1캠퍼스)_특용작물전공, 전북특별자치도_한국농수산대학교(제1캠퍼스)_버섯전공, 전북특별자치도_한국농수산대학교(제1캠퍼스)_양돈학과, 전북특별자치도_한국농수산대학교(제1캠퍼스)_말산업반려동물전공, 전북특별자치도_한국농수산대학교(제1캠퍼스)_채소학과, 전북특별자치도_한국농수산대학교(제1캠퍼스)_수산양식전공, 전북특별자치도_한국농수산대학교(제1캠퍼스)_양돈전공, 전북특별자치도_한국농수산대학교(제1캠퍼스)_산림전공, 전북특별자치도_한국농수산대학교(제1캠퍼스)_농수산비즈니스전공, 전북특별자치도_한국농수산대학교(제1캠퍼스)_낙농학과, 전북특별자치도_한국농수산대학교(제1캠퍼스)_중소가축전공, 전북특별자치도_한국농수산대학교(제1캠퍼스)_낙농전공, 전북특별자치도_한국농수산대학교(제1캠퍼스)_한우전공, 전북특별자치도_한국농수산대학교(제1캠퍼스)_수산양식학과, 전북특별자치도_한국농수산대학교(제1캠퍼스)_수산생물양식학과, 전북특별자치도_한국농수산대학교(제1캠퍼스)_산업곤충전공, 전북특별자치도_한국농수산대학교(제1캠퍼스)_대가축전공, 전북특별자치도_한국농수산대학교(제1캠퍼스)_식량작물학과, 전북특별자치도_한국농수산대학교(제1캠퍼스)_식량작물전공, 전북특별자치도_한국농수산대학교(제1캠퍼스)_가금전공, 전북특별자치도_한국농수산대학교(제1캠퍼스)_작물ㆍ산림학부, 전북특별자치도_한국농수산대학교(제1캠퍼스)_가금학과, 전북특별자치도_한국폴리텍 V 대학 전북캠퍼스(제1캠퍼스)_농생명바이오시스템과, 전라남도_나주대학교(제1캠퍼스)_스마트팜에너지과, 전라남도_나주대학교(제1캠퍼스)_곤충산업과, 전라남도_동아보건대학교(제1캠퍼스)_스마트식량자원전공, 전라남도_전남과학대학교(제1캠퍼스)_저탄소스마트농업학과, 전라남도_전남도립대학교(제1캠퍼스)_웰니스6차산업학과, 경상북도_경북과학대학교(제1캠퍼스)_스마트팜전공, 경상북도_경북과학대학교(제1캠퍼스)_첨단농산업계열, 경상북도_경북보건대학교(제1캠퍼스)_스마트팜과, 경상북도_대경대학교(제1캠퍼스)_동물사육복지학과, 경상북도_대경대학교(제1캠퍼스)_동물사육복지과, 경상북도_성운대학교(제1캠퍼스)_AI말산업학부, 경상북도_성운대학교(제1캠퍼스)_스마트평생교육학부 창농융합전공, 경상북도_한국복지사이버대학교(제1캠퍼스)_동식물복지학과, 경상북도_한국복지사이버대학교(제1캠퍼스)_식물치유복지학과, 경상남도_경남도립거창대학(제1캠퍼스)_스마트귀농귀촌학부, 제주특별자치도_제주한라대학교(제1캠퍼스)_마산업자원학과, 제주특별자치도_제주한라대학교(제1캠퍼스)_마사학과","일반 선택: 대수, 미적분Ⅰ, 확률과 통계, 물리학, 화학, 생명과학, 정보 | 진로 선택: 미적분Ⅱ, 인공지능 수학, 한국지리 탐구, 물질과 에너지, 화학 반응의 세계, 세포와 물질대사, 생물의 유전, 지구시스템과학, 생활과학 탐구 | 융합 선택: 실용 통계, 기후변화와 환경생태","공통과목: 과학, 수학, 사회, 생활ㆍ교양 | 일반선택과목: 과학교과 : 생명과학Ⅰ, 화학Ⅰ, 물리Ⅰ, 지구과학Ⅰ | 진로선택과목: 생명과학Ⅱ, 융합과학, 생활과 과학, 화학Ⅱ, 공학일반, 창의경영, 지식 재산 일반, 농업생명과학, 사회문제 탐구 | 전문교과Ⅰ: 고급 생명과학, 생명과학 실험, 물리화학 실험, 융합과학 탐구, 과학 과제 연구, 생태와 환경, 정보과학 | 전문교과Ⅱ: 임산 가공, 제조화학, 생명공학 기술, 산림 자원","수산양식기사, 수산제조기사, 어업생산관리기사",수산물검사원
108,농업교육과,전라남도_국립순천대학교(제1캠퍼스)_농업교육과,"일반 선택: 화법과 언어, 독서와 작문, 문학, 대수, 미적분Ⅰ, 확률과 통계, 영어Ⅰ, 영어Ⅱ, 영어 독해와 작문, 물리학, 화학, 생명과학, 지구과학, 기술·가정, 정보, 생태와 환경 등 | 진로 선택: 주제 탐구 독서, 기하, 미적분Ⅱ, 역학과 에너지, 전자기와 양자, 물질과 에너지, 화학 반응의 세계, 세포와 물질대사, 생물의 유전, 지구시스템과학 등 | 융합 선택: 기후변화와 환경생태, 융합과학 탐구 등","공통과목: 수학, 사회, 과학 | 일반선택과목: 수학교과 : 수학Ⅰ, 수학Ⅱ, 미적분, 확률과 통계 | 진로선택과목: 생명과학Ⅱ, 화학Ⅱ, 융합과학, 농업생명과학, 생활과 과학 | 전문교과Ⅰ: 고급생명과학, 생명과학 실험, 물리화학 실험, 융합과학 탐구, 정보과학, 과학과제 연구, 한국사회의 이해 | 전문교과Ⅱ: 생명공학 기술, 동물 자원, 농업 경영, 농산물 유통 관리, 농업 기초 기술, 농산 식품 가공",중등학교2급정교사,농업계열교사
111,대기과학과,"서울특별시_연세대학교(제1캠퍼스)_대기과학과, 대구광역시_경북대학교(제1캠퍼스)_지구시스템과학부 천문대기과학전공, 충청남도_국립공주대학교(제1캠퍼스)_대기과학과","일반 선택: 대수, 미적분Ⅰ,확률과 통계, 물리학, 화학, 지구과학 등 | 진로 선택: 기하, 미적분Ⅱ, 역학과 메너지, 전자기와 양자, 지구시스템과학, 행성우주과학, 물질과 에너지, 화학 반응의 세계 등 | 융합 선택: 수학과제 탐구, 기후변화와 환경생태, 융합과학 탐구 등","공통과목: 과학, 수학, 교양, 영어 | 일반선택과목: 과학교과 : 지구과학Ⅰ, 물리Ⅰ, 화학Ⅰ, 생명과학Ⅰ | 진로선택과목: 지구과학Ⅱ, 융합과학, 생활과 과학, 과학사, 기하, 공학 일반, 수학과제 탐구 | 전문교과Ⅰ: 고급 지구과학, 지구과학 실험, 과학과제 연구, 융합과학 탐구, 정보과학, 생태와 환경 | 전문교과Ⅱ: 환경화학 기초, 환경측정 관리","기상기사, 대기환경기사",기상연구원
114,댄스스포츠과,충청북도_충청대학교(제1캠퍼스)_실용댄스학과,"일반 선택: 독서와 작문, 문학, 대수, 미적분I, 확률과 통계, 영어 I,프, 영어 독해와 작문, 사회와 문화, 현대사회와 윤리, 물리학, 생명과학, 정보 등 | 진로 선택: 경제, 역학과 메너지, 화학 반응의 세계, 세포와 물질대사, 생물의 유전, 데이터 과학 등 | 융합 선택: 매체 의사소통, 실생활 영어 회화, 실용 통계 등","공통과목: 체육, 윤리 | 일반선택과목: 체육교과 : 체육, 운동과 건강 | 진로선택과목: 스포츠 생활, 체육 탐구 | 전문교과Ⅰ: 스포츠 개론, 체육 지도법, 체육 전공 실기 기초, 체육 전공 실기 심화, 체육 전공 실기 응용 | 전문교과Ⅱ: 인체 구조와 기능, 간호의 기초",생활스포츠지도사,무용가
13,도시건설과,"서울특별시_인덕대학교(제1캠퍼스)_스마트건설방재학과, 대전광역시_대전과학기술대학교(제1캠퍼스)_도시건설과, 경기도_경민대학교(제1캠퍼스)_도시공간건축과, 경기도_경민대학교(제1캠퍼스)_스마트시티안전융합 전문기술석사과정, 충청남도_신성대학교(제1캠퍼스)_도시건설과, 전라남도_순천제일대학교(제1캠퍼스)_스마트건설계열, 경상남도_김해대학교(제1캠퍼스)_지역산업학부","일반 선택: 대수, 미적분Ⅰ, 확률과 통계, 물리학, 화학, 지구과학, 정보 등 | 진로 선택: 기하, 미적분Ⅱ, 도시의 미래 탐구, 역학과 에너지, 물질과 에너지, 화학 반응의 세계, 지구시스템과학, 데이터 과학, 전자기와 양자 등 | 융합 선택: 융합과학 탐구, 과학의 역사와 문화 등","공통과목: 수학, 사회, 과학, 기술ㆍ가정 | 일반선택과목: 수학교과 : 수학ⅠㆍⅡ, 미적분, 확률과 통계 | 진로선택과목: 실용수학, 기하, 경제수학, 수학과제 탐구, 물리학Ⅱ, 화학Ⅱ, 지구과학Ⅱ, 생활과 과학, 융합과학, 공학 일반, 사회문제 탐구 | 전문교과Ⅰ: 심화수학ⅠㆍⅡ, 고급 수학ⅠㆍⅡ, 고급 물리학, 물리학 실험, 고급 화학, 화학 실험, 고급 지구과학, 지구과학 실험, 정보과학, 융합과학탐구, 과학과제 연구, 생태와 환경, 지역 이해, 사회과제 연구 | 전문교과Ⅱ: 공간 정보 구축, 공간 정보 융합 서비스, 빅테이터 분석, 인간과 환경, 환경보전","건설안전산업기사, 건설재료시험산업기사, 지적산업기사, 측량및지형ㆍ공간정보산업기사, 콘크리트산업기사, 토목산업기사",건설공사품질관리원
118,도시공학과,"서울특별시_서경대학교(제1캠퍼스)_도시공학과, 서울특별시_서울시립대학교(제1캠퍼스)_도시공학과, 서울특별시_서울시립대학교(제1캠퍼스)_융합전공학부 도시공학-도시부동산기획경영학 전공, 서울특별시_서울시립대학교(제1캠퍼스)_융합전공학부 도시공학-국제도시개발학 전공, 서울특별시_연세대학교(제1캠퍼스)_도시공학과, 서울특별시_한양대학교(제1캠퍼스)_도시공학과, 서울특별시_한양사이버대학교(제1캠퍼스)_디지털건축도시공학과, 서울특별시_홍익대학교(제1캠퍼스)_건설ㆍ도시공학부 도시공학전공, 서울특별시_홍익대학교(제1캠퍼스)_도시공학과, 부산광역시_경성대학교(제1캠퍼스)_도시공학과, 부산광역시_동아대학교(제1캠퍼스)_도시공학과, 부산광역시_동아대학교(제1캠퍼스)_도시계획공학과, 부산광역시_동의대학교(제1캠퍼스)_도시공학전공, 부산광역시_동의대학교(제1캠퍼스)_도시공학과, 부산광역시_부산대학교(제1캠퍼스)_도시공학과, 부산광역시_영산대학교(제2캠퍼스)_드론교통공학과, 인천광역시_안양대학교(제2캠퍼스)_스마트시티공학전공, 인천광역시_안양대학교(제2캠퍼스)_스마트시티공학과, 인천광역시_인천대학교(제1캠퍼스)_도시설계전공, 인천광역시_인천대학교(제1캠퍼스)_도시환경공학부, 인천광역시_인천대학교(제1캠퍼스)_도시공학과, 인천광역시_인천대학교(제1캠퍼스)_도시건설공학과, 대전광역시_국립한밭대학교(제1캠퍼스)_도시공학과, 대전광역시_목원대학교(제1캠퍼스)_도시공학과, 대전광역시_목원대학교(제1캠퍼스)_도시ㆍ환경ㆍ화학공학과, 울산광역시_울산과학기술원(제1캠퍼스)_지구환경도시건설공학과, 울산광역시_울산과학기술원(제1캠퍼스)_도시환경공학부, 경기도_가천대학교(제1캠퍼스)_스마트시티융합학과, 경기도_가천대학교(제1캠퍼스)_스마트시티학과, 경기도_경기대학교(제1캠퍼스)_도시ㆍ교통공학과, 경기도_경기대학교(제1캠퍼스)_도시ㆍ교통공학전공, 경기도_경기대학교(제1캠퍼스)_스마트시티공학부, 경기도_대진대학교(제1캠퍼스)_도시부동산공학과, 경기도_대진대학교(제1캠퍼스)_도시공간조형전공, 경기도_대진대학교(제1캠퍼스)_스마트건설ㆍ환경공학부, 경기도_대진대학교(제1캠퍼스)_스마트시티전공, 경기도_성결대학교(제1캠퍼스)_도시디자인정보공학과, 경기도_수원대학교(제1캠퍼스)_도시부동산학, 경기도_안양대학교(제1캠퍼스)_도시정보공학과, 경기도_안양대학교(제1캠퍼스)_도시정보공학전공, 경기도_협성대학교(제1캠퍼스)_도시공학과, 충청북도_국립한국교통대학교(제1캠퍼스)_도시ㆍ교통공학전공, 충청북도_충북대학교(제1캠퍼스)_도시공학과, 충청남도_국립공주대학교(제2캠퍼스)_도시ㆍ교통공학과, 충청남도_국립공주대학교(제2캠퍼스)_도시융합시스템공학과, 충청남도_상명대학교(제2캠퍼스)_그린스마트시티학과, 전북특별자치도_원광대학교(제1캠퍼스)_도시공학부, 전북특별자치도_원광대학교(제1캠퍼스)_도시공학과, 전북특별자치도_전북대학교(제1캠퍼스)_도시공학과, 전라남도_국립목포대학교(제1캠퍼스)_도시계획및조경학부, 전라남도_국립목포대학교(제1캠퍼스)_도시계획및지역개발학, 경상북도_대구대학교(제1캠퍼스)_도시ㆍ조경학부(도시계획공학전공), 경상북도_영남대학교(제1캠퍼스)_도시공학과, 경상남도_경상국립대학교(제1캠퍼스)_도시공학과, 경상남도_인제대학교(제1캠퍼스)_스마트물류학과, 경상남도_창신대학교(제1캠퍼스)_디지털도시건설학과, 세종특별자치시_고려대학교 세종캠퍼스(제1캠퍼스)_스마트도시학부","일반 선택: 대수, 미적분Ⅰ, 확률과 통계, 물리학, 화학, 지구과학, 정보 등 | 진로 선택: 기하, 미적분Ⅱ, 도시의 미래 탐구, 역학과 에너지, 물질과 에너지, 화학 반응의 세계, 지구시스템과학, 데이터 과학, 전자기와 양자 등 | 융합 선택: 융합과학 탐구, 과학의 역사와 문화 등","공통과목:  | 공통과목: 수학, 사회, 과학, 기술ㆍ가정 | 일반선택과목: 수학교과 : 수학ⅠㆍⅡ, 미적분, 확률과 통계 | 진로선택과목: 실용수학, 기하, 경제수학, 수학과제 탐구, 물리학Ⅱ, 화학Ⅱ, 지구과학Ⅱ, 생활과 과학, 융합과학, 공학 일반, 사회문제 탐구 | 전문교과Ⅰ: 심화수학ⅠㆍⅡ, 고급 수학ⅠㆍⅡ, 고급 물리학, 물리학 실험, 고급 화학, 화학 실험, 고급 지구과학, 지구과학 실험, 정보과학, 융합과학탐구, 과학과제연구, 생태와 환경, 지역 이해, 사회과제 연구 | 전문교과Ⅱ: 공간 정보,구축, 공간 정보 융합 서비스, 빅데이터 분석, 인간과 환경, 환경 보전","감정평가사, 건설안전기사, 건설안전기술사, 건축기사, 건축기술사, 교통기사, 교통기술사, 도시계획기사, 도시계획기술사, 토목기사",공학계열교수
120,도자기공예과,"부산광역시_부산과학기술대학교(제1캠퍼스)_생활도예과, 부산광역시_부산과학기술대학교(제1캠퍼스)_생활도예학과, 전라남도_전남도립대학교(제1캠퍼스)_도예차문화과","일반 선택: 화법과 언어, 독서와 작문, 문학, 영어 I, 영어Ⅱ, 영어 독해와 작문, 세계사, 미술 등 | 진로 선택: 주제 탐구 독서, 문학과 영상, 미술 창작, 미술 감상과 비평, 인간과 철학, 인간과 심리 등 | 융합 선택: 매체 의사소통, 미디어 영어, 세계 문화와 영어, 여행지리, 미술과 매체 등","공통과목: 미술, 윤리 | 일반선택과목: 예술교과 : 미술 | 진로선택과목: 미술 창작, 미술 감상과 비평 | 전문교과Ⅰ: 미술 이론, 미술사, 드로잉 미술 전공 실기 | 전문교과Ⅱ: 디자인 일반, 시각디자인, 색체 관리","도자기공예기사, 디자인실기교사, 미술치료사, 석고제형기사, 세라믹산업기사, 아동미술지도사, 제품디자인산업기사, 초ㆍ중등특별활동교사, 컬러리스트, 컴퓨터그래픽기능사",공예원
121,도자기공예학과,"서울특별시_국민대학교(제1캠퍼스)_도자공예학과, 서울특별시_서울과학기술대학교(제1캠퍼스)_도예학과, 서울특별시_이화여자대학교(제1캠퍼스)_도자예술전공(신), 서울특별시_홍익대학교(제1캠퍼스)_도예ㆍ유리과, 경기도_경희대학교(제2캠퍼스)_도예학과, 경기도_단국대학교(제1캠퍼스)_도예과, 경기도_용인대학교(제1캠퍼스)_태권도경기지도학과, 충청남도_국립공주대학교(제1캠퍼스)_도자문화융합디자인학과","일반 선택: 화법과 언어, 독서와 작문, 문학, 영어 I, 영어Ⅱ, 영어 독해와 작문, 세계사, 미술 등 | 진로 선택: 주제 탐구 독서, 문학과 영상, 미술 창작, 미술 감상과 비평, 인간과 철학, 인간과 심리 등 | 융합 선택: 매체 의사소통, 미디어 영어, 세계 문화와 영어, 여행지리, 미술과 매체 등","공통과목: 미술, 윤리 | 일반선택과목: 예술교과 : 미술 | 진로선택과목: 미술 창작, 미술 감상과 비평 | 전문교과Ⅰ: 미술 이론, 미술사, 드로잉, 미술 전공 실기 | 전문교과Ⅱ: 디자인 일반, 시각 디자인, 색채 관리",도자공예기능사,공예원
122,독어독문학과,"서울특별시_고려대학교(제1캠퍼스)_독어독문학과, 서울특별시_덕성여자대학교(제1캠퍼스)_독어독문학전공, 서울특별시_덕성여자대학교(제1캠퍼스)_독어독문학과, 서울특별시_동덕여자대학교(제1캠퍼스)_독일어과, 서울특별시_서울대학교(제1캠퍼스)_독어독문학과, 서울특별시_서울여자대학교(제1캠퍼스)_독어독문학과, 서울특별시_성균관대학교(제1캠퍼스)_독어독문학과, 서울특별시_성신여자대학교(제1캠퍼스)_독어독문학과, 서울특별시_성신여자대학교(제1캠퍼스)_독일어문ㆍ문화학과, 서울특별시_숙명여자대학교(제1캠퍼스)_독일언어ㆍ문화학과, 서울특별시_숭실대학교(제1캠퍼스)_독어독문학과, 서울특별시_연세대학교(제1캠퍼스)_독어독문학과, 서울특별시_이화여자대학교(제1캠퍼스)_독어독문학전공, 서울특별시_이화여자대학교(제1캠퍼스)_독어독문학과, 서울특별시_중앙대학교(제1캠퍼스)_유럽문화학부(독일어문학전공), 서울특별시_한국외국어대학교(제1캠퍼스)_독일어과, 서울특별시_한양대학교(제1캠퍼스)_독어독문학과, 서울특별시_홍익대학교(제1캠퍼스)_독어독문학과, 부산광역시_동아대학교(제1캠퍼스)_독어독문학과, 부산광역시_부산대학교(제1캠퍼스)_독어독문학과, 부산광역시_부산외국어대학교(제1캠퍼스)_독일어과, 부산광역시_부산외국어대학교(제1캠퍼스)_독일어전공, 부산광역시_부산외국어대학교(제1캠퍼스)_유럽학부(독일언어문화전공), 인천광역시_인천대학교(제1캠퍼스)_독어독문학과, 인천광역시_인하대학교(제1캠퍼스)_독일언어문화전공, 대전광역시_충남대학교(제1캠퍼스)_독어독문학과, 대전광역시_한남대학교(제1캠퍼스)_독일어문학과, 대구광역시_경북대학교(제1캠퍼스)_독어독문학과, 광주광역시_조선대학교(제1캠퍼스)_유럽언어문화학부(독일어문화학전공), 광주광역시_조선대학교(제1캠퍼스)_독일어문화학과, 경기도_경기대학교(제1캠퍼스)_독어독문전공, 경기도_한신대학교(제1캠퍼스)_독어독문화학전공, 경기도_한신대학교(제1캠퍼스)_독어독문학전공, 경기도_한신대학교(제1캠퍼스)_독일어문화학과, 경기도_한신대학교(제1캠퍼스)_독일어문화학, 경기도_한신대학교(제1캠퍼스)_독어독문학과, 경기도_한신대학교(제1캠퍼스)_독어독문화학과, 강원특별자치도_강원대학교(제1캠퍼스)_독어독문학과, 강원특별자치도_강원대학교(제1캠퍼스)_독어독문학전공, 강원특별자치도_국립강릉원주대학교(제1캠퍼스)_독어독문학과, 충청북도_충북대학교(제1캠퍼스)_독일언어문화학과, 충청북도_충북대학교(제1캠퍼스)_독어독문학과, 충청남도_국립공주대학교(제1캠퍼스)_독어독문학과, 충청남도_단국대학교(제2캠퍼스)_독일어과, 전북특별자치도_전북대학교(제1캠퍼스)_독어독문학과, 전라남도_국립목포대학교(제1캠퍼스)_독일언어문화학과, 경상북도_영남대학교(제1캠퍼스)_독일언어문화전공, 경상남도_경상국립대학교(제1캠퍼스)_독어독문학과, 경상남도_국립창원대학교(제1캠퍼스)_독어독문학과","일반 선택: 화법과 언어, 독서와 작문, 문학, 세계시민과 지리, 세계사, 사회와 문화, 제2외국어 등 | 진로 선택: 문학과 영상, 인문학과 윤리, 국제 관계의 이해, 제2외국어 회화, 심화 제2외국어 등 | 융합 선택: 언어생활 탐구, 여행지리, 역사로 탐구하는 현대 세계, 사회문제 탐구, 제2외국어 문화 등","공통과목: 제2외국어, 사회, 예술, 국어 | 일반선택과목: 외국어교과 : 독일어, 프랑스어, 영어 회화, 영어 | 진로선택과목: 독일어Ⅱ, 심화 국어, 고전 읽기, 고전과 윤리, 사회문제 탐구, 여행지리, 음악ㆍ미술감상 비평 | 전문교과Ⅰ: 전공기초 독일어, 독일어 회화, 독일어권 문화, 국제 관계와 국제 기구, 국제 경제, 국제 정치, 지역 이해, 사회과제 연구 | 전문교과Ⅱ: [출처 : 세종특별자치시교육청, 보인다 시리즈 5.0 - 전공ㆍ적성 개발 길라잡이]","관광통역안내사, 독일어능력시험(Flex독일어,ZD등), 외국어번역행정사, 호텔경영사, 호텔관리사",무역담당자
123,독일어교육과,"서울특별시_한국외국어대학교(제1캠퍼스)_외국어교육학부(독일어교육전공), 서울특별시_한국외국어대학교(제1캠퍼스)_독일어교육과, 부산광역시_부산대학교(제1캠퍼스)_독어교육과, 충청북도_한국교원대학교(제1캠퍼스)_독어교육과, 전북특별자치도_전북대학교(제1캠퍼스)_독어교육과","일반 선택: 화법과 언어, 독서와 작문, 문학, 대수, 미적분Ⅰ, 확률과 통계, 영어Ⅰ, 영어Ⅱ, 영어 독해와 작문, 세계시민과 지리, 세계사, 사회와 문화, 현대사회와 윤리, 제2외국어 과목 등 | 진로 선택: 주제 탐구 독서, 영어 발표와 토론, 심화 영어, 심화 영어 독해와 직문, 동아시아 역사 기행, 정치, 윤리와 사상, 제2외국어 회화 과목, 심화 제2외국어 과목 등 | 융합 선택: 독서 토론과 글쓰기, 언어생활 탐구, 실생활 영어 회화, 미디어 영어, 세계 문화와 영어, 사회문제 탐구, 제2외국어 문화 과목 등","공통과목: 제2외국어, 사회, 예술 | 일반선택과목: 외국어교과 : 독일어, 프랑스어, 영어 회화, 영어 | 진로선택과목: 독일어Ⅱ, 사회문제 탐구, 여행지리, 음악ㆍ미술감상 비평 | 전문교과Ⅰ: 전공 기초 독일어, 독일어 회화, 독일어권 문화, 국제 관계와 국제기구, 국제 경제, 국제 정치, 지역 이해, 사회과제 연구",중등학교2급정교사,무역담당자
124,독일학과,"서울특별시_서강대학교(제1캠퍼스)_독일문화전공, 서울특별시_서울여자대학교(제1캠퍼스)_독일문화콘텐츠전공, 광주광역시_전남대학교(제1캠퍼스)_독일언어문학과, 충청남도_단국대학교(제2캠퍼스)_유럽중남미학부 독일학전공, 충청남도_상명대학교(제2캠퍼스)_독일어권지역학전공, 충청남도_상명대학교(제2캠퍼스)_독일어문학과, 전북특별자치도_전북대학교(제1캠퍼스)_독일학과, 제주특별자치도_제주대학교(제1캠퍼스)_독일학과, 세종특별자치시_고려대학교 세종캠퍼스(제1캠퍼스)_독일문화학과","일반 선택: 세계시민과 지리, 세계사, 사회와 문화, 제2외국어 과목 등 | 진로 선택: 동아시아 역사 기행, 정치, 법과 사회, 경제, 국제 관계의 이해 등 | 융합 선택: 기후변화와 지속가능한 세계, 세계 문화와 영어 등","공통과목: 영어, 사회, 생활ㆍ교양 | 일반선택과목: 영어교과 : 영어 회화, 영어Ⅰ, 영어 독해와 작문, 영어Ⅱ | 진로선택과목: 여행지리, 사회문제 탐구, 제2외국어Ⅱ 과목 | 전문교과Ⅰ: 국제 정치, 국제 경제, 국제법, 지역 이해, 비교 문화, 세계 문제와 미래 사회, 국제 관계와 국제기구, 현대 세계의 변화, 사회 탐구 방법 및 사회과제 연구 | 전문교과Ⅱ: 커뮤니케이션, 비즈니스 영어","FLEX독일어, 관광통역안내사, 국내여행안내사, 번역능력인정시험(TCT)독어-한국어",국제무역사무원
126,동물자원학과,"서울특별시_건국대학교(제1캠퍼스)_동물자원과학과, 서울특별시_건국대학교(제1캠퍼스)_동물자원전공, 서울특별시_디지털서울문화예술대학교(제1캠퍼스)_반려동물학과, 서울특별시_삼육대학교(제1캠퍼스)_동물자원과학과, 서울특별시_서울디지털대학교(제1캠퍼스)_반려동물전공, 부산광역시_동명대학교(제1캠퍼스)_펫푸드전공, 부산광역시_동명대학교(제1캠퍼스)_애견미용ㆍ행동교정학과, 부산광역시_동명대학교(제1캠퍼스)_반려동물보건학과, 부산광역시_신라대학교(제1캠퍼스)_반려동물학과, 부산광역시_영산대학교(제2캠퍼스)_반려동물복지전공, 대전광역시_건양사이버대학교(제1캠퍼스)_반려동물관리학과, 대전광역시_우송대학교(제1캠퍼스)_동물의료관리학과, 대전광역시_충남대학교(제1캠퍼스)_동물자원과학부, 광주광역시_광주여자대학교(제1캠퍼스)_반려동물보건학과, 광주광역시_전남대학교(제1캠퍼스)_동물자원학부, 경기도_중부대학교(제2캠퍼스)_반려동물보건학과, 경기도_칼빈대학교(제1캠퍼스)_애완동물학과, 경기도_한경국립대학교(제1캠퍼스)_동물생명융합학부, 강원특별자치도_가톨릭관동대학교(제1캠퍼스)_반려동물학전공, 강원특별자치도_강원대학교(제1캠퍼스)_동물응용과학과, 강원특별자치도_강원대학교(제1캠퍼스)_생물자원과학부, 강원특별자치도_강원대학교(제1캠퍼스)_동물자원과학과, 강원특별자치도_강원대학교(제1캠퍼스)_동물자원과학전공, 강원특별자치도_강원대학교(제1캠퍼스)_동물산업융합학과, 강원특별자치도_상지대학교(제1캠퍼스)_동물자원학과, 충청북도_청주대학교(제1캠퍼스)_동물보건복지학과, 충청남도_국립공주대학교(제3캠퍼스)_동물자원학과, 충청남도_단국대학교(제2캠퍼스)_동물자원학과, 충청남도_세한대학교(제2캠퍼스)_반려동물관리학과, 충청남도_중부대학교(제1캠퍼스)_반려동물사육학전공, 충청남도_중부대학교(제1캠퍼스)_애완동물자원학과, 충청남도_중부대학교(제1캠퍼스)_동물보건학과, 충청남도_중부대학교(제1캠퍼스)_동물사육학전공, 충청남도_중부대학교(제1캠퍼스)_반려동물행동복지학전공, 충청남도_호서대학교(제1캠퍼스)_동물보건복지학과, 전북특별자치도_원광대학교(제1캠퍼스)_동물보건학과, 전북특별자치도_전북대학교(제1캠퍼스)_동물자원과학과, 전북특별자치도_전주대학교(제1캠퍼스)_반려동식물학과, 전라남도_국립순천대학교(제1캠퍼스)_동물자원과학전공, 전라남도_국립순천대학교(제1캠퍼스)_동물자원과학과, 전라남도_동신대학교(제1캠퍼스)_반려동물학과, 경상북도_대구가톨릭대학교(제1캠퍼스)_반려동물보건학과, 경상북도_대구대학교(제1캠퍼스)_동물자원학과, 경상북도_대구한의대학교(제1캠퍼스)_반려동물보건학과, 경상남도_경상국립대학교(제1캠퍼스)_동물소재공학과, 경상남도_부산대학교(제2캠퍼스)_동물생명자원과학과, 경상남도_인제대학교(제1캠퍼스)_반려동물보건학과","일반 선택: 대수, 미적분Ⅰ, 확률과 통계, 화학, 생명과학, 지구과학, 정보 등 | 진로 선택: 미적분Ⅱ, 인공지능 수학, 물질과 에너지, 화학 반응의 세계, 세포와 물질대사, 생물의 유전, 생활과학 탐구 등 | 융합 선택: 실용 통계, 기후변화와 환경생태 등","공통과목: 과학, 교양, 사회, 수학 | 일반선택과목: 과학교과 : 생명과학Ⅰ, 화학Ⅰ | 진로선택과목: 생명과학Ⅱ, 융합과학, 생활과 과학, 화학Ⅱ, 농업생명과학, 고전과 윤리 | 전문교과Ⅰ: 고급 생명과학, 생명과학 실험, 물리화학 실험, 융합과학 탐구, 정보과학, 과학과제 연구 | 전문교과Ⅱ: 생명공학 기술, 동물 지원, 반려동물 관리, 실험동물과 기타 가축, 종축, 사료생산","가축인공수정사, 생물분류기사(동물), 인공수정사및수정란이식사, 자연생태복원기사, 축산기사, 축산기술사",낙농및사육관련종사자
471,디지털미디어과,"서울특별시_서일대학교(제1캠퍼스)_커뮤니케이션디자인학과(3년제), 서울특별시_한국폴리텍 I 대학 서울강서캠퍼스(제1캠퍼스)_디지털콘텐츠과, 부산광역시_부산경상대학교(제1캠퍼스)_디지털 크리에이터과, 부산광역시_부산경상대학교(제1캠퍼스)_디지털문화콘텐츠과, 부산광역시_부산과학기술대학교(제1캠퍼스)_영상그래픽전공, 부산광역시_부산과학기술대학교(제1캠퍼스)_컴퓨터ㆍ디지털미디어과, 인천광역시_경인여자대학교(제1캠퍼스)_방송크리에이터학과, 인천광역시_재능대학교(제1캠퍼스)_디지털융합학과 디지털강사양성전공, 대전광역시_한국폴리텍 IV 대학 대전캠퍼스(제1캠퍼스)_디지털콘텐츠과, 경기도_계원예술대학교(제1캠퍼스)_아트앤플레이군, 경기도_국제대학교(제1캠퍼스)_e-크리에이터전공(컴퓨터융합학부), 경기도_김포대학교(제1캠퍼스)_유튜브융합과, 경기도_동서울대학교(제1캠퍼스)_디지털헬스케어과, 경기도_동서울대학교(제1캠퍼스)_콘텐츠크리에이터과, 경기도_신구대학교(제1캠퍼스)_미디어콘텐츠과(3년제), 경기도_신구대학교(제1캠퍼스)_미디어콘텐츠학과, 경기도_청강문화산업대학교(제1캠퍼스)_혁신전공, 경기도_청강문화산업대학교(제1캠퍼스)_자율전공, 경기도_청강문화산업대학교(제1캠퍼스)_웹툰웹소설콘텐츠학과, 경기도_청강문화산업대학교(제1캠퍼스)_스마트미디어전공, 강원특별자치도_송호대학교(제1캠퍼스)_디지털헬스케어융합과, 강원특별자치도_한국폴리텍 III 대학 춘천캠퍼스(제1캠퍼스)_미디어콘텐츠과, 강원특별자치도_한림성심대학교(제1캠퍼스)_디지털콘텐츠학과, 강원특별자치도_한림성심대학교(제1캠퍼스)_디지털미디어콘텐츠과, 강원특별자치도_한림성심대학교(제1캠퍼스)_디지털콘텐츠과, 강원특별자치도_한림성심대학교(제1캠퍼스)_디지털문화콘텐츠과, 충청남도_백석문화대학교(제1캠퍼스)_자율학부(예체능), 제주특별자치도_제주한라대학교(제1캠퍼스)_디지털콘텐츠과, 세종특별자치시_한국영상대학교(제1캠퍼스)_만화웹툰콘텐츠과, 세종특별자치시_한국영상대학교(제1캠퍼스)_만화웹툰콘텐츠학과, 세종특별자치시_한국영상대학교(제1캠퍼스)_웹툰웹소설자율전공","일반 선택: 문학, 독서와 작문, 화법과 언어, 사회와 문화, 정보 등 | 진로 선택: 정치, 법과 사회, 경제, 윤리와 사상, 인간과 심리 등 | 융합 선택: 소프트웨어와 생활, 사회문제 탐구, 윤리문제 탐구 등","공통과목: 국어, 사회, 생활ㆍ교양 | 일반선택과목: 국어교과 : 화법과 작문, 독서, 언어와 매체, 문학 | 진로선택과목: 실용 국어, 심화 국어, 고전 읽기, 사회문제 탐구 | 전문교과Ⅰ: 지역 이해, 세계 문제와 미래 사회, 현대 세계의 변화, 사회 탐구 방법 및 사회과제 연구 | 전문교과Ⅱ: 커뮤니케이션, 미디어 콘텐츠 일반, 문화 콘텐츠 산업 일반, 영상 제작 기초, 방송 일반, 빅데이터 분석","사무자동화산업기사, 워드프로세서, 정보처리산업기사, 정보통신산업기사, 컴퓨터활용능력",개인미디어콘텐츠제작자(크리에이터)
132,러시아어문학과,"서울특별시_고려대학교(제1캠퍼스)_노어노문학과, 서울특별시_서울대학교(제1캠퍼스)_노어노문학과, 서울특별시_성균관대학교(제1캠퍼스)_러시아어문학과, 서울특별시_연세대학교(제1캠퍼스)_노어노문학과, 서울특별시_중앙대학교(제1캠퍼스)_유럽문화학부(러시아어문학전공), 서울특별시_한국외국어대학교(제1캠퍼스)_노어과, 부산광역시_부산대학교(제1캠퍼스)_노어노문학과, 부산광역시_부산외국어대학교(제1캠퍼스)_러시아ㆍ터키중앙아시아학부(러시아언어통상전공), 부산광역시_부산외국어대학교(제1캠퍼스)_러시아어전공, 대전광역시_대전대학교(제1캠퍼스)_러시아언어문화전공, 대구광역시_경북대학교(제1캠퍼스)_노어노문학과, 대구광역시_계명대학교(제1캠퍼스)_러시아중앙아시아학과, 광주광역시_조선대학교(제1캠퍼스)_러시아어과, 광주광역시_조선대학교(제1캠퍼스)_유럽언어문화학부(러시아어전공), 경기도_경기대학교(제1캠퍼스)_러시아어문전공, 경기도_경희대학교(제2캠퍼스)_러시아어학과, 경기도_수원대학교(제1캠퍼스)_러시아어문학, 경기도_안양대학교(제1캠퍼스)_러시아언어문화학과, 경기도_안양대학교(제1캠퍼스)_러시아언어문화전공, 경기도_안양대학교(제1캠퍼스)_러시아어과, 경기도_중앙대학교(제2캠퍼스)_노어학과, 충청북도_청주대학교(제1캠퍼스)_러시아어문학전공, 충청북도_충북대학교(제1캠퍼스)_러시아언어문화학과, 충청남도_단국대학교(제2캠퍼스)_러시아어과, 충청남도_단국대학교(제2캠퍼스)_유럽중남미학부 러시아학전공, 충청남도_상명대학교(제2캠퍼스)_글로벌지역학부 러시아ㆍ중앙아시아지역학전공, 충청남도_상명대학교(제2캠퍼스)_러시아어권지역학전공, 충청남도_선문대학교(제1캠퍼스)_외국어자율전공학부 러시아어전공, 충청남도_선문대학교(제1캠퍼스)_외국어학부 러시아중앙아시아전공, 충청남도_선문대학교(제1캠퍼스)_외국어학부 러시아어전공, 경상북도_대구가톨릭대학교(제1캠퍼스)_러시아중앙아시아학과, 경상북도_대구가톨릭대학교(제1캠퍼스)_러시아어과, 경상남도_경남대학교(제1캠퍼스)_액티브시니어학과","일반 선택: 화법과 언어, 독서와 작문, 문학, 세계시민과 지리, 세계사, 사회와 문화, 제2외국어 등 | 진로 선택: 문학과 영상, 인문학과 윤리, 국제 관계의 이해, 제2외국어 회화, 심화 제2외국어 등 | 융합 선택: 언어생활 탐구, 여행지리, 역사로 탐구하는 현대 세계, 사회문제 탐구, 제2외국어 문화 등","공통과목: 제2외국어, 사회, 예술, 국어 | 일반선택과목: 외국어교과 : 러시아어, 영어 회화, 영어 | 진로선택과목: 실용 국어, 심화 국어, 고전 읽기, 고전과 윤리, 사회문제 탐구, 여행지리, 음악감상 비평, 미술감상 비평 | 전문교과Ⅰ: 전공기초 러시아어, 러시아어 회화, 러시아 문학, 러시아어 독해와 작문, 국제 관계와 국제기구, 국제 경제, 국제 정치, 지역 이해, 사회과제 연구 | 전문교과Ⅱ: 서양 조리","관광통역안내사, 러시아어능력시험(Flex러시아어,TORFL등), 외국어번역행정사, 호텔경영사, 호텔관리사",무역담당자
134,러시아학과,"부산광역시_부산외국어대학교(제1캠퍼스)_러시아학과, 대전광역시_배재대학교(제1캠퍼스)_러시아학과, 경기도_한국외국어대학교(제2캠퍼스)_러시아학과, 강원특별자치도_한림대학교(제1캠퍼스)_러시아학과, 경상남도_경상국립대학교(제1캠퍼스)_러시아학과","일반 선택: 세계시민과 지리, 세계사, 사회와 문화, 제2외국어 과목 등 | 진로 선택: 동아시아 역사 기행, 정치, 법과 사회, 경제, 국제 관계의 이해 등 | 융합 선택: 기후변화와 지속가능한 세계, 세계 문화와 영어 등","공통과목: 영어, 사회, 생활ㆍ교양 | 일반선택과목: 영어교과 : 영어 회화, 영어Ⅰ, 영어 독해와 작문, 영어Ⅱ | 진로선택과목: 여행지리, 사회문제 탐구, 제2외국어Ⅱ 과목 | 전문교과Ⅰ: 국제 정치, 국제 경제, 국제법, 지역 이해, 비교 문화, 세계 문제와 미래 사회, 국제 관계와 국제기구, 현대 세계의 변화, 사회 탐구 방법 및 사회과제 연구 | 전문교과Ⅱ: 커뮤니케이션, 비즈니스 영어","관광통역안내사, 국내여행안내사, 러시아어자격증(TORFL), 번역능력인정시험(TCT)노어-한국어",국제무역사무원
135,레저스포츠과,"서울특별시_서일대학교(제1캠퍼스)_레저스포츠학과(레저산업전공), 서울특별시_서일대학교(제1캠퍼스)_레저스포츠학과, 서울특별시_서일대학교(제1캠퍼스)_레저스포츠학과(스포츠헬스케어전공), 부산광역시_부산경상대학교(제1캠퍼스)_스포츠레저과(예체능계열), 부산광역시_부산경상대학교(제1캠퍼스)_스포츠계열, 대전광역시_대덕대학교(제1캠퍼스)_레저스포츠과, 대전광역시_대덕대학교(제1캠퍼스)_레저스포츠학과, 대전광역시_대덕대학교(제1캠퍼스)_레저산업학과, 대전광역시_우송정보대학(제1캠퍼스)_e-스포츠과, 대구광역시_계명문화대학교(제1캠퍼스)_골프ㆍ피트니스과, 대구광역시_대구공업대학교(제1캠퍼스)_골프레저과, 대구광역시_대구공업대학교(제1캠퍼스)_레저스포츠계열, 대구광역시_대구과학대학교(제1캠퍼스)_레저스포츠과, 대구광역시_수성대학교(제1캠퍼스)_LiFE융합학부(시니어골프전공), 대구광역시_수성대학교(제1캠퍼스)_스포츠레저과, 울산광역시_울산과학대학교(제1캠퍼스)_골프산업과, 광주광역시_조선이공대학교(제1캠퍼스)_e스포츠과, 광주광역시_조선이공대학교(제1캠퍼스)_e스포츠산업과, 광주광역시_조선이공대학교(제1캠퍼스)_레저스포츠산업과, 경기도_경민대학교(제1캠퍼스)_레포츠과, 경기도_경민대학교(제1캠퍼스)_레포츠학과, 경기도_국제대학교(제1캠퍼스)_e스포츠학과, 경기도_국제대학교(제1캠퍼스)_e스포츠과, 경기도_국제대학교(제1캠퍼스)_레저스포츠과, 경기도_김포대학교(제1캠퍼스)_레저스포츠학과, 경기도_김포대학교(제1캠퍼스)_레저스포츠과, 경기도_동서울대학교(제1캠퍼스)_레저스포츠학과, 경기도_동원대학교(제1캠퍼스)_레저스포츠과, 경기도_신구대학교(제1캠퍼스)_e-스포츠과, 경기도_신구대학교(제1캠퍼스)_e-스포츠과(3년제), 경기도_안산대학교(제1캠퍼스)_레저스포츠케어과, 경기도_여주대학교(제1캠퍼스)_e스포츠과, 경기도_여주대학교(제1캠퍼스)_골프산업과, 경기도_오산대학교(제1캠퍼스)_e스포츠과, 경기도_오산대학교(제1캠퍼스)_e스포츠학과, 경기도_장안대학교(제1캠퍼스)_생활스포츠(족구)과, 경기도_한국관광대학교(제1캠퍼스)_e스포츠과, 강원특별자치도_강릉영동대학교(제1캠퍼스)_레저스포츠전공, 강원특별자치도_강원도립대학교(제1캠퍼스)_레저스포츠복지과, 강원특별자치도_강원도립대학교(제1캠퍼스)_레저스포츠과, 강원특별자치도_송곡대학교(제1캠퍼스)_승마레저경영학과, 강원특별자치도_송곡대학교(제1캠퍼스)_레저스포츠과, 강원특별자치도_송곡대학교(제1캠퍼스)_레저스포츠학과, 강원특별자치도_송호대학교(제1캠퍼스)_레저스포츠전공, 강원특별자치도_송호대학교(제1캠퍼스)_스키스노보드전공, 강원특별자치도_한국골프과학기술대학교(제1캠퍼스)_골프코스경영과, 강원특별자치도_한국골프과학기술대학교(제1캠퍼스)_골프레저스포츠과, 강원특별자치도_한국골프과학기술대학교(제1캠퍼스)_골프경기지도과, 강원특별자치도_한국골프과학기술대학교(제1캠퍼스)_골프AI산업과, 강원특별자치도_한국골프과학기술대학교(제1캠퍼스)_골프학과, 강원특별자치도_한림성심대학교(제1캠퍼스)_레저스포츠과, 강원특별자치도_한림성심대학교(제1캠퍼스)_스포츠레저과, 충청북도_강동대학교(제1캠퍼스)_레저스포츠과, 충청남도_백석문화대학교(제1캠퍼스)_스포츠레저학부, 충청남도_신성대학교(제1캠퍼스)_골프지도과, 충청남도_신성대학교(제1캠퍼스)_스포츠레저과, 충청남도_신성대학교(제1캠퍼스)_골프피트니스과, 전라남도_전남과학대학교(제1캠퍼스)_e스포츠융합계열, 전라남도_전남과학대학교(제1캠퍼스)_e스포츠과, 전라남도_전남과학대학교(제1캠퍼스)_e-스포츠과, 경상북도_구미대학교(제1캠퍼스)_파크골프지도과, 경상북도_선린대학교(제1캠퍼스)_골프지도과, 경상북도_안동과학대학교(제1캠퍼스)_스포츠레저과, 경상남도_마산대학교(제1캠퍼스)_레저스포츠과, 경상남도_창원문성대학교(제1캠퍼스)_재활레저스포츠과, 제주특별자치도_제주관광대학교(제1캠퍼스)_관광레저스포츠계열, 제주특별자치도_제주한라대학교(제1캠퍼스)_레저스포츠학과, 제주특별자치도_제주한라대학교(제1캠퍼스)_관광레저스포츠과, 제주특별자치도_제주한라대학교(제1캠퍼스)_레저스포츠과","일반 선택: 독서와 작문, 문학, 대수, 미적분I, 확률과 통계, 영어 Ⅰ,프, 영어 독해와 작문, 사회와 문화, 현대사회와 윤리, 물리학, 생명과학, 정보 등 | 진로 선택: 경제, 역학과 에너지, 화학 반응의 세계, 세포와 물질대사, 생물의 유전, 데이터 과학 등 | 융합 선택: 매체 의사소통, 실생활 영어 회화, 실용 통계 등","공통과목: 체육, 윤리 | 일반선택과목: 체육교과 : 체육, 운동과 건강 | 진로선택과목: 스포츠 생활, 체육 탐구 | 전문교과Ⅰ: 스포츠 개론, 체육 지도법, 체육 전공 실기 기초, 체육 전공 실기 심화, 체육 전공 실기 응용 | 전문교과Ⅱ: 인체 구조와 기능, 간호의 기초","생활스포츠지도사, 응급구조사",스포츠강사
10020,레저스포츠학과,"서울특별시_서울과학기술대학교(제1캠퍼스)_헬스피트니스학과, 서울특별시_성신여자대학교(제1캠퍼스)_스포츠레저학과, 서울특별시_연세대학교(제1캠퍼스)_스포츠레저학과, 서울특별시_한국체육대학교(제1캠퍼스)_레저스포츠산업학과, 서울특별시_한국체육대학교(제1캠퍼스)_레저스포츠학과, 부산광역시_동명대학교(제1캠퍼스)_스포츠레저학부, 부산광역시_동명대학교(제1캠퍼스)_레저ㆍ승마학과, 부산광역시_동서대학교(제1캠퍼스)_레저스포츠전공, 부산광역시_동서대학교(제1캠퍼스)_스포츠레저학과, 부산광역시_동의대학교(제1캠퍼스)_레저스포츠학과, 부산광역시_동의대학교(제1캠퍼스)_레저스포츠학전공, 대전광역시_배재대학교(제1캠퍼스)_레저스포츠학과, 광주광역시_광주대학교(제1캠퍼스)_스포츠레저학과, 광주광역시_남부대학교(제1캠퍼스)_스포츠레저학과, 광주광역시_호남대학교(제1캠퍼스)_스포츠레저학과, 경기도_국제사이버대학교(제1캠퍼스)_K-e스포츠학과, 경기도_국제사이버대학교(제1캠퍼스)_레저스포츠학과, 경기도_동양대학교(제2캠퍼스)_e스포츠학과, 경기도_명지대학교 자연캠퍼스(제1캠퍼스)_스포츠ㆍ예술대학, 경기도_명지대학교 자연캠퍼스(제1캠퍼스)_바둑학과, 경기도_수원대학교(제1캠퍼스)_레저스포츠, 경기도_아주대학교(제1캠퍼스)_스포츠레저학과, 경기도_용인대학교(제1캠퍼스)_스포츠레저학과, 경기도_용인대학교(제1캠퍼스)_골프학과, 경기도_용인대학교(제1캠퍼스)_골프학부, 경기도_한경국립대학교(제1캠퍼스)_융합레포츠전공, 경기도_한경국립대학교(제1캠퍼스)_레저스포츠매니지먼트, 경기도_협성대학교(제1캠퍼스)_에이블아트ㆍ스포츠학과, 경기도_화성의과학대학교(제1캠퍼스)_스포츠레저학과, 강원특별자치도_가톨릭관동대학교(제1캠퍼스)_해양치유레저학과, 강원특별자치도_가톨릭관동대학교(제1캠퍼스)_스포츠레저학부, 강원특별자치도_가톨릭관동대학교(제1캠퍼스)_스포츠레저학과, 강원특별자치도_가톨릭관동대학교(제1캠퍼스)_스포츠레저학전공, 강원특별자치도_강원대학교(제2캠퍼스)_휴먼스포츠학과, 강원특별자치도_강원대학교(제2캠퍼스)_휴먼스포츠학부, 강원특별자치도_강원대학교(제2캠퍼스)_레저스포츠학과, 강원특별자치도_경동대학교(제1캠퍼스)_레저&리조트학과, 충청북도_서원대학교(제1캠퍼스)_레저스포츠학부, 충청북도_중원대학교(제1캠퍼스)_골프과학과, 충청북도_중원대학교(제1캠퍼스)_운동레저학부, 충청북도_청주대학교(제1캠퍼스)_레저스포츠전공, 충청남도_단국대학교(제2캠퍼스)_국제스포츠학부 골프전공, 충청남도_상명대학교(제2캠퍼스)_스포츠융합자유전공학부, 충청남도_유원대학교(제2캠퍼스)_미래라이프융합학부, 충청남도_유원대학교(제2캠퍼스)_골프학전공, 충청남도_중부대학교(제1캠퍼스)_골프학전공, 충청남도_중부대학교(제1캠퍼스)_레저스포츠학전공, 충청남도_한서대학교(제1캠퍼스)_레저해양스포츠학과, 충청남도_호서대학교(제1캠퍼스)_골프전공, 전북특별자치도_예원예술대학교(제1캠퍼스)_스포츠융합학과, 전라남도_국립목포대학교(제1캠퍼스)_레저스포츠지도학과, 경상북도_경북대학교(제3캠퍼스)_레저스포츠학과, 경상북도_국립경국대학교(제1캠퍼스)_스포츠레저학전공, 경상북도_대구대학교(제1캠퍼스)_스포츠레저학과, 경상북도_위덕대학교(제1캠퍼스)_레저스포츠전공, 경상남도_경상국립대학교(제1캠퍼스)_휴먼헬스케어학과, 경상남도_영산대학교(제1캠퍼스)_레저스포츠관광전공, 경상남도_영산대학교(제1캠퍼스)_레저스포츠관광학과, 경상남도_인제대학교(제1캠퍼스)_스포츠헬스케어학과, 제주특별자치도_제주국제대학교(제1캠퍼스)_레저스포츠학과","일반 선택: 독서와 작문, 문학, 대수, 미적분I, 확률과 통계, 영어 Ⅰ,프, 영어 독해와 작문, 사회와 문화, 현대사회와 윤리, 물리학, 생명과학, 정보 등 | 진로 선택: 경제, 역학과 에너지, 화학 반응의 세계, 세포와 물질대사, 생물의 유전, 데이터 과학 등 | 융합 선택: 매체 의사소통, 실생활 영어 회화, 실용 통계 등","공통과목: 체육, 윤리 | 일반선택과목: 체육교과 : 체육, 운동과 건강 | 진로선택과목: 스포츠 생활, 체육 탐구 | 전문교과Ⅰ: 스포츠개론, 체육지도법, 체육 전공 실기 기초, 체육 전공 실기 심화, 체육 전공 실기 응용 | 전문교과Ⅱ: 인체 구조와 기능, 간호의 기초","생활건강관리사, 생활체육지도사, 응급구조사",생활스포츠지도자
140,레크리에이션과,"인천광역시_경인여자대학교(제1캠퍼스)_방송크리에이터과, 대구광역시_계명문화대학교(제1캠퍼스)_뷰티크리에이터학부, 대구광역시_수성대학교(제1캠퍼스)_메타버스크리에이터과(3년제), 대구광역시_수성대학교(제1캠퍼스)_메타버스크리에이터과, 경기도_김포대학교(제1캠퍼스)_유튜브크리에이터과, 경기도_동아방송예술대학교(제1캠퍼스)_광고크리에이티브과, 경기도_동원대학교(제1캠퍼스)_유튜브크리에이터과, 경기도_부천대학교(제1캠퍼스)_뷰티크리에이터과, 전라남도_목포과학대학교(제1캠퍼스)_유튜브크리에이터학과, 경상북도_문경대학교(제1캠퍼스)_로컬크리에이터과","일반 선택: 독서와 작문, 문학, 대수, 미적분 Ⅰ, 확률과 통계, 영어 I,Ⅱ, 영어 독해와 작문, 세계시민과 지리, 사회와 문화, 현대사회와 윤리, 정보 등 | 진로 선택: 경제, 법과 사회, 윤리와 사상, 국제 관계의 이해, 인공지능 기초, 데이터 과학 등 | 융합 선택: 독서 토론과 글쓰기, 실용 통계, 실생활 영어 회화, 사회문제 탐구, 금융과 경제생활 등","공통과목: 체육, 윤리 | 일반선택과목: 체육교과 : 체육, 운동과 건강 | 진로선택과목: 스포츠 생활, 체육 탐구 | 전문교과Ⅰ: 스포츠 개론, 체육 지도법, 체육 전공 실기 기초, 체육 전공 실기 심화, 체육 전공 실기 응용 | 전문교과Ⅱ: 인체 구조와 기능, 간호의 기초",생활스포츠지도사,개그맨
10116,로봇공학과,"서울특별시_광운대학교(제1캠퍼스)_로봇학부 AI로봇전공, 서울특별시_광운대학교(제1캠퍼스)_지능형로봇학과, 서울특별시_광운대학교(제1캠퍼스)_로봇학부, 서울특별시_서울디지털대학교(제1캠퍼스)_드론로봇전공, 서울특별시_서울디지털대학교(제1캠퍼스)_드론전공, 서울특별시_서울사이버대학교(제1캠퍼스)_드론ㆍ로봇융합학과, 서울특별시_세종대학교(제1캠퍼스)_AI로봇학과, 서울특별시_세종사이버대학교(제1캠퍼스)_드론로봇융합학과, 부산광역시_경성대학교(제1캠퍼스)_글로벌IT공학전공, 부산광역시_국립부경대학교(제1캠퍼스)_지능형로봇융합전공, 부산광역시_동명대학교(제1캠퍼스)_로봇공학과, 부산광역시_동의대학교(제1캠퍼스)_로봇공학과, 부산광역시_영산대학교(제2캠퍼스)_로봇공학과, 부산광역시_화신사이버대학교(제1캠퍼스)_드론학과, 대전광역시_목원대학교(제1캠퍼스)_지능로봇공학과, 대전광역시_목원대학교(제1캠퍼스)_로봇학과, 대전광역시_배재대학교(제1캠퍼스)_드론로봇공학과, 대구광역시_경북대학교(제1캠퍼스)_로봇공학과, 대구광역시_계명대학교(제1캠퍼스)_로봇공학과, 광주광역시_호남대학교(제1캠퍼스)_로봇드론공학과, 경기도_명지대학교 자연캠퍼스(제1캠퍼스)_로봇공학전공, 경기도_한경국립대학교(제1캠퍼스)_ICT로봇공학전공, 경기도_한국공학대학교(제1캠퍼스)_로봇메카트로닉스공학과, 경기도_한양대학교 ERICA캠퍼스(제1캠퍼스)_로봇공학과, 경기도_한양대학교 ERICA캠퍼스(제1캠퍼스)_지능형로봇학과, 경기도_한양대학교 ERICA캠퍼스(제1캠퍼스)_스마트융합공학부 로봇융합전공, 강원특별자치도_상지대학교(제1캠퍼스)_인공지능융합공학부 지능형로봇전공, 강원특별자치도_상지대학교(제1캠퍼스)_로봇공학과, 충청북도_국립한국교통대학교(제1캠퍼스)_AI로봇공학과, 충청북도_충북대학교(제1캠퍼스)_지능로봇공학과, 충청남도_상명대학교(제2캠퍼스)_지능형로봇학과, 충청남도_유원대학교(제2캠퍼스)_드론로봇응용학과, 충청남도_호서대학교(제3캠퍼스)_로봇공학과, 충청남도_호서대학교(제1캠퍼스)_지능로봇학과, 경상북도_국립경국대학교(제1캠퍼스)_로봇공학전공, 경상북도_국립경국대학교(제1캠퍼스)_로봇공학과, 경상북도_대구가톨릭대학교(제1캠퍼스)_로봇공학과, 경상북도_대구가톨릭대학교(제1캠퍼스)_로봇시스템공학전공, 경상북도_영남대학교(제1캠퍼스)_로봇공학과","일반 선택: 대수, 확률과 통계, 미적분 Ⅰ, 인공지능 수학, 세계시민과 지리, 사회와 문화, 정보 등 | 진로 선택: 기하, 미적분Ⅱ, 도시의 미래 탐구, 경제, 로봇과 공학세계, 인공지능 기초, 데이터 과학 등 | 융합 선택: 실용 통계, 사회문제 탐구, 금융과 경제생활, 윤리문제 탐구, 창의공학 설계, 소프트웨어와 생활 등","공통과목: 수학, 과학, 기술ㆍ가정 | 일반선택과목: 수학교과 : 수학ⅠㆍⅡ, 미적분, 확률과 통계 | 진로선택과목: 기하, 수학과제 탐구, 물리학Ⅱ, 화학Ⅱ, 생명과학Ⅱ, 생활과 과학, 융합과학, 공학 일반 | 전문교과Ⅰ: 심화수학ⅠㆍⅡ, 고급 수학ⅠㆍⅡ, 고급 물리학, 물리학 실험, 고급 생명과학, 생명과학 실험, 정보과학, 융합과학탐구, 과학과제연구, 사회과제 연구 | 전문교과Ⅱ: 공업일반, 로봇 기구 개발, 로봇 지능 개발, 프로그래밍","동력기계정비기능사, 로봇기구개발기사, 로봇하드웨어개발기사, 메카트로닉스기사, 산업계측제어기술사, 일반기계기사, 전기기사, 전자기사, 정보처리기사, 정보통신기사",기계공학기술자
144,만화애니메이션학과,"서울특별시_경기대학교(제2캠퍼스)_애니메이션영상학과, 서울특별시_경기대학교(제2캠퍼스)_애니메이션학과, 서울특별시_명지대학교 인문캠퍼스(제2캠퍼스)_만화애니콘텐츠학과, 서울특별시_상명대학교(제1캠퍼스)_SW융합학부 애니메이션전공, 서울특별시_세종대학교(제1캠퍼스)_만화애니메이션학과, 서울특별시_세종사이버대학교(제1캠퍼스)_만화애니메이션학과, 서울특별시_한국예술종합학교(제1캠퍼스)_애니메이션과, 부산광역시_경성대학교(제1캠퍼스)_애니메이션학전공, 부산광역시_동명대학교(제1캠퍼스)_웹툰ㆍ애니메이션학과, 부산광역시_동서대학교(제1캠퍼스)_애니메이션&비주얼이펙트전공, 부산광역시_동서대학교(제1캠퍼스)_영상애니메이션학과, 부산광역시_동서대학교(제1캠퍼스)_Animation학과, 부산광역시_동서대학교(제1캠퍼스)_웹툰학과, 부산광역시_부산외국어대학교(제1캠퍼스)_글로벌웹툰콘텐츠전공, 부산광역시_신라대학교(제1캠퍼스)_웹툰학과, 대전광역시_대전대학교(제1캠퍼스)_영상애니메이션학과, 대전광역시_대전대학교(제1캠퍼스)_웹툰애니메이션학과, 대전광역시_목원대학교(제1캠퍼스)_국제예술ㆍ한국어학부 디지털만화애니메이션전공, 대전광역시_목원대학교(제1캠퍼스)_애니메이션학과, 대전광역시_목원대학교(제1캠퍼스)_웹툰학과, 대전광역시_목원대학교(제1캠퍼스)_만화ㆍ애니메이션과, 대전광역시_목원대학교(제1캠퍼스)_웹툰전공, 대전광역시_배재대학교(제1캠퍼스)_아트앤웹툰전공, 대전광역시_배재대학교(제1캠퍼스)_아트앤웹툰학부, 대전광역시_배재대학교(제1캠퍼스)_아트앤웹툰학과, 대구광역시_계명대학교(제2캠퍼스)_웹툰과, 대구광역시_계명대학교(제2캠퍼스)_영상애니메이션과, 광주광역시_조선대학교(제1캠퍼스)_만화ㆍ애니메이션학과, 광주광역시_호남대학교(제1캠퍼스)_만화애니메이션학과, 경기도_대진대학교(제1캠퍼스)_미술만화게임학부, 경기도_동양대학교(제2캠퍼스)_웹툰애니메이션학과, 경기도_예원예술대학교(제2캠퍼스)_만화게임영상학과, 경기도_예원예술대학교(제2캠퍼스)_애니메이션&웹툰전공, 경기도_예원예술대학교(제2캠퍼스)_만화게임영상전공, 경기도_중부대학교(제2캠퍼스)_만화애니메이션학전공, 경기도_중앙대학교(제2캠퍼스)_글로벌예술학부(게임콘텐츠ㆍ애니메이션전공), 강원특별자치도_상지대학교(제1캠퍼스)_만화애니메이션학과, 충청북도_극동대학교(제1캠퍼스)_만화ㆍ애니메이션학과, 충청북도_세명대학교(제1캠퍼스)_영화웹툰애니메이션학과, 충청북도_중원대학교(제1캠퍼스)_만화애니메이션학과, 충청북도_청주대학교(제1캠퍼스)_만화애니메이션학과, 충청북도_청주대학교(제1캠퍼스)_만화애니메이션전공, 충청남도_국립공주대학교(제1캠퍼스)_애니메이션전공, 충청남도_국립공주대학교(제1캠퍼스)_카툰코믹스전공, 충청남도_국립공주대학교(제1캠퍼스)_만화애니메이션학부, 충청남도_상명대학교(제2캠퍼스)_예술학부 디지털만화영상전공, 충청남도_상명대학교(제2캠퍼스)_만화ㆍ애니메이션학과, 충청남도_세한대학교(제2캠퍼스)_웹툰애니메이션학과, 충청남도_세한대학교(제2캠퍼스)_만화애니메이션학과, 충청남도_순천향대학교(제1캠퍼스)_디지털애니메이션학과, 충청남도_순천향대학교(제1캠퍼스)_영화애니메이션학과, 충청남도_한서대학교(제1캠퍼스)_영상애니메이션학과, 충청남도_호서대학교(제1캠퍼스)_애니메이션학과, 전북특별자치도_예원예술대학교(제1캠퍼스)_애니메이션&웹툰전공, 전북특별자치도_예원예술대학교(제1캠퍼스)_애니메이션전공, 전북특별자치도_예원예술대학교(제1캠퍼스)_애니메이션학과, 전라남도_국립순천대학교(제1캠퍼스)_만화애니메이션학과, 전라남도_국립순천대학교(제1캠퍼스)_만화애니메이션학전공, 경상북도_경일대학교(제1캠퍼스)_만화애니메이션학부, 경상북도_대구대학교(제1캠퍼스)_웹툰영상애니메이션학부, 경상북도_대구대학교(제1캠퍼스)_웹툰영상애니메이션학부(웹툰전공), 경상북도_대구대학교(제1캠퍼스)_웹툰영상애니메이션학부(영상애니메이션전공), 경상북도_대구예술대학교(제1캠퍼스)_영상/만화애니메이션전공, 경상북도_대구예술대학교(제1캠퍼스)_게임ㆍ웹툰전공, 경상북도_대구예술대학교(제1캠퍼스)_애니웹툰학부, 경상북도_대구한의대학교(제1캠퍼스)_스마트영상애니메이션전공, 경상남도_영산대학교(제1캠퍼스)_만화애니메이션전공, 경상남도_영산대학교(제1캠퍼스)_웹툰영화학과, 경상남도_영산대학교(제1캠퍼스)_만화애니메이션학과, 경상남도_영산대학교(제1캠퍼스)_웹툰학과, 경상남도_인제대학교(제1캠퍼스)_웹툰영상학과, 세종특별자치시_홍익대학교 세종캠퍼스(제2캠퍼스)_영상ㆍ애니메이션학부","일반 선택: 화법과 언어, 문학, 독서와 작문, 영어 독해와 작문, 세계시민과 지리, 세계사, 사회와 문화, 현대사회와 윤리, 음악, 미술, 연극, 정보, 제2외국어 등 | 진로 선택: 주제 탐구 독서, 문학과 영상, 영미 문학 읽기, 영어 발표와 토론, 동아시아 역사 기행, 정치, 법과 사회, 윤리와 사상, 인문학과 윤리, 미술 감상과 비평, 음악 감상과 비평 등 | 융합 선택: 독서 토론과 글쓰기, 메체 의사소통, 미디어 영어, 세계 문화와 영어, 사회문제 탐구, 음악과 미디어, 미술과 매체, 지식 재산 일반, 소프트웨어와 생활 등","공통과목: 미술, 윤리 | 일반선택과목: 예술교과 : 미술 | 진로선택과목: 미술 창작, 미술 감상과 비평 | 전문교과Ⅰ: 미술 이론, 미술사, 드로잉, 미술 전공 실기 | 전문교과Ⅱ: 디자인 일반, 시각 디자인, 색채 관리","게임그래픽전문가, 멀티미디어콘텐츠전문가, 시각디자인기사, 웹디자인기능사, 컬러리스트기사",만화가
10120,말특수동물학과,"충청남도_국립공주대학교(제3캠퍼스)_특수동물학과, 경상북도_경북대학교(제3캠퍼스)_말/특수동물학과","일반 선택: 대수, 미적분Ⅰ, 확률과 통계, 화학, 생명과학, 지구과학, 정보 등 | 진로 선택: 미적분Ⅱ, 인공지능 수학, 물질과 에너지, 화학 반응의 세계, 세포와 물질대사, 생물의 유전, 생활과학 탐구 등 | 융합 선택: 실용 통계, 기후변화와 환경생태 등","공통과목: 영어, 수학, 과학, 윤리 | 일반선택과목: 영어교과 : 영어Ⅰ, 영어Ⅱ, 영어 독해와 작문 | 진로선택과목: 생명과학Ⅱ, 화학Ⅱ | 전문교과Ⅰ: 고급 화학 및 고급 생명과학, 화학실험 및 생명과학 실험, 과학과제 연구 | 전문교과Ⅱ: 수의 보조, 애완동물 미용","생물분류기사(동물), 인공수정사, 축산기사, 축산물등급사",동물간호사
150,메이크업아티스트과,"서울특별시_명지전문대학(제1캠퍼스)_뷰티매니지먼트과, 서울특별시_명지전문대학(제1캠퍼스)_뷰티매니지먼트과 방송스타일디렉터전공, 서울특별시_명지전문대학(제1캠퍼스)_헤어ㆍ메이크업과, 서울특별시_인덕대학교(제1캠퍼스)_방송뷰티학과(스타일리스트전공), 서울특별시_인덕대학교(제1캠퍼스)_방송헤어미용예술학과, 서울특별시_인덕대학교(제1캠퍼스)_방송뷰티메이크업과, 서울특별시_인덕대학교(제1캠퍼스)_방송헤어미용디자인학과, 서울특별시_인덕대학교(제1캠퍼스)_방송메이크업학과, 서울특별시_인덕대학교(제1캠퍼스)_방송뷰티학과(메이크업헤어전공), 서울특별시_정화예술대학교(제1캠퍼스)_뷰티패션전공, 서울특별시_정화예술대학교(제1캠퍼스)_뷰티ㆍ패션전공, 서울특별시_정화예술대학교(제1캠퍼스)_메이크업전공, 부산광역시_경남정보대학교(제1캠퍼스)_K뷰티스타일리스트과, 부산광역시_부산경상대학교(제1캠퍼스)_뷰티스타일과, 부산광역시_부산보건대학교(제1캠퍼스)_메이크업아트전공, 부산광역시_부산예술대학교(제1캠퍼스)_뷰티토탈디자인과, 인천광역시_재능대학교(제1캠퍼스)_뷰티스타일리스트과, 대전광역시_대전과학기술대학교(제1캠퍼스)_뷰티디자인계열, 대전광역시_대전과학기술대학교(제1캠퍼스)_뷰티디자인학과, 대전광역시_대전과학기술대학교(제1캠퍼스)_메이크업ㆍ네일디자인전공, 대전광역시_우송정보대학(제1캠퍼스)_뷰티디자인학부, 대구광역시_계명문화대학교(제1캠퍼스)_네일아트디자인과, 대구광역시_대구과학대학교(제1캠퍼스)_방송뷰티헤어학과, 대구광역시_대구과학대학교(제1캠퍼스)_방송메이크업네일피부전공, 대구광역시_대구과학대학교(제1캠퍼스)_뷰티디자인과, 대구광역시_대구과학대학교(제1캠퍼스)_뷰티헤어학과, 대구광역시_수성대학교(제1캠퍼스)_뷰티스타일리스트과, 광주광역시_조선이공대학교(제1캠퍼스)_뷰티아트과, 경기도_국제대학교(제1캠퍼스)_방송미디어메이크업과, 경기도_김포대학교(제1캠퍼스)_뷰티아트과(아트전공), 경기도_동서울대학교(제1캠퍼스)_메이크업네일전공, 경기도_동원대학교(제1캠퍼스)_뷰티디자인과, 경기도_부천대학교(제1캠퍼스)_뷰티비즈니스과, 경기도_부천대학교(제1캠퍼스)_뷰티케어과 뷰티디자인전공, 경기도_서정대학교(제1캠퍼스)_뷰티아트과, 경기도_수원과학대학교(제1캠퍼스)_뷰티코디네이션과 메이크업네일전공, 경기도_신구대학교(제1캠퍼스)_뷰티케어과, 경기도_신안산대학교(제1캠퍼스)_메이크업전공, 경기도_신안산대학교(제1캠퍼스)_뷰티디자인과, 경기도_연성대학교(제1캠퍼스)_뷰티스타일리스트과 메이크업전공, 경기도_연성대학교(제1캠퍼스)_뷰티스타일리스트학과, 경기도_오산대학교(제1캠퍼스)_뷰티코스메틱계열(메이크업ㆍ네일전공), 경기도_오산대학교(제1캠퍼스)_뷰티코스메틱계열, 경기도_용인예술과학대학교(제1캠퍼스)_뷰티케어과, 경기도_유한대학교(제1캠퍼스)_의료뷰티학과 피부메이크업전공, 경기도_장안대학교(제1캠퍼스)_뷰티케어과, 충청남도_백석문화대학교(제1캠퍼스)_토탈뷰티학과(뷰티디자인과), 전북특별자치도_전북과학대학교(제1캠퍼스)_뷰티앤디자인과, 전북특별자치도_전주기전대학(제1캠퍼스)_뷰티디자인과, 전라남도_전남도립대학교(제1캠퍼스)_뷰티아트과, 경상북도_경북보건대학교(제1캠퍼스)_뷰티디자인학과, 경상북도_경북보건대학교(제1캠퍼스)_뷰티디자인과, 경상북도_구미대학교(제1캠퍼스)_헤어메이크업네일아트과, 경상북도_대경대학교(제1캠퍼스)_분장예술과, 경상북도_선린대학교(제1캠퍼스)_뷰티디자인과, 경상북도_호산대학교(제1캠퍼스)_뷰티디자인학과, 경상북도_호산대학교(제1캠퍼스)_뷰티디자인과, 경상남도_진주보건대학교(제1캠퍼스)_뷰티디자인학과, 제주특별자치도_제주관광대학교(제1캠퍼스)_뷰티디자인학과, 제주특별자치도_제주한라대학교(제1캠퍼스)_뷰티아트과, 세종특별자치시_한국영상대학교(제1캠퍼스)_방송헤어분장과","일반 선택: 독서와 작문, 문학, 대수, 확률과 통계, 영어Ⅰ, 영어Ⅱ, 영어 독해오작문, 미술, 정보 등 | 진로 선택: 주제 탐구 독서, 문학과 영상, 미술 창작, 미술 감상과 비평, 인간과 심리 등 | 융합 선택: 매체 의사소통, 미디어 영어, 세계 문화와 영어, 여행지리, 사회문제 탐구, 미술과 매체 등","공통과목: 미술, 윤리 | 일반선택과목: 예술교과 : 미술 | 진로선택과목: 미술 창작, 미술 감상과 비평 | 전문교과Ⅰ: 미술 이론, 미술사, 드로잉 미술 전공 실기 | 전문교과Ⅱ: 디자인 일반, 시각디자인, 색체 관리","미용사(네일,메이크업,일반,피부)",개인미디어콘텐츠제작자(크리에이터)
151,메카트로닉스공학과,"서울특별시_삼육대학교(제1캠퍼스)_컴퓨터ㆍ메카트로닉스공학부, 서울특별시_한국방송통신대학교(제1캠퍼스)_첨단공학부  메카트로닉스전공, 부산광역시_경성대학교(제1캠퍼스)_메카트로닉스공학과, 부산광역시_동서대학교(제1캠퍼스)_메카트로닉스 융합공학부, 인천광역시_인천대학교(제1캠퍼스)_메카트로닉스공학과, 인천광역시_인천대학교(제1캠퍼스)_메카트로닉스공학전공, 인천광역시_인하대학교(제1캠퍼스)_메카트로닉스공학과, 대전광역시_충남대학교(제1캠퍼스)_메카트로닉스공학과, 경기도_한국공학대학교(제1캠퍼스)_메카트로닉스공학부, 강원특별자치도_강원대학교(제2캠퍼스)_메카트로닉스공학과, 강원특별자치도_강원대학교(제1캠퍼스)_메카트로닉스전공, 강원특별자치도_강원대학교(제1캠퍼스)_메카트로닉스공학과, 강원특별자치도_강원대학교(제1캠퍼스)_메카트로닉스공학전공, 충청북도_건국대학교 글로컬캠퍼스(제1캠퍼스)_메카트로닉스공학과, 충청남도_순천향대학교(제1캠퍼스)_의용메카트로닉스공학과, 충청남도_순천향대학교(제1캠퍼스)_메카트로닉스공학과, 충청남도_한국기술교육대학교(제1캠퍼스)_메카트로닉스공학부, 충청남도_한서대학교(제1캠퍼스)_AI로보틱스학과, 충청남도_한서대학교(제1캠퍼스)_AI모빌리티학과, 전라남도_전남대학교(제2캠퍼스)_메카트로닉스공학과, 경상북도_대구대학교(제1캠퍼스)_메카트로닉스공학과, 경상남도_경상국립대학교(제1캠퍼스)_메카트로닉스공학부, 경상남도_경상국립대학교(제1캠퍼스)_메카트로닉스공학전공, 경상남도_국립창원대학교(제1캠퍼스)_메카융합공학과(야), 경상남도_부산대학교(제2캠퍼스)_광메카트로닉스공학과, 제주특별자치도_제주대학교(제1캠퍼스)_메카트로닉스공학전공","일반 선택: 대수, 확률과 통계, 미적분 Ⅰ, 인공지능 수학, 세계시민과 지리, 사회와 문화, 정보 등 | 진로 선택: 기하, 미적분Ⅱ, 도시의 미래 탐구, 경제, 로봇과 공학세계, 인공지능 기초, 데이터 과학 등 | 융합 선택: 실용 통계, 사회문제 탐구, 금융과 경제생활, 윤리문제 탐구, 창의공학 설계, 소프트웨어와 생활 등","공통과목: 수학, 과학, 기술ㆍ가정 | 일반선택과목: 수학교과 : 수학ⅠㆍⅡ, 미적분, 확률과 통계 | 진로선택과목: 기하, 물리학Ⅱ, 화학Ⅱ, 공학 일반 | 전문교과Ⅰ: 심화수학ⅠㆍⅡ, 고급 수학ⅠㆍⅡ, 고급 물리학, 물리학 실험, 고급 화학, 화학 실험, 정보과학, 융합과학탐구, 과학과제연구 | 전문교과Ⅱ: 공업일반, 기계 제도, 기계 일반, 기계 제어 설계, 전자 회로, 산업용 전자 기기 소프트웨어 개발","동력기계정비기능사, 로봇기구개발기사, 로봇하드웨어개발기사, 메카트로닉스기사, 산업계측제어기술사, 일반기계기사, 전기기사, 전자기사",기계공학기술자
152,메카트로닉스과,"서울특별시_인덕대학교(제1캠퍼스)_메카트로닉스공학과, 서울특별시_한국폴리텍 I 대학 서울정수캠퍼스(제1캠퍼스)_메카트로닉스과, 부산광역시_한국폴리텍 VII 대학 부산캠퍼스(제1캠퍼스)_메카트로닉스과, 인천광역시_인하공업전문대학(제1캠퍼스)_메카트로닉스공학과, 인천광역시_인하공업전문대학(제1캠퍼스)_메카트로닉스과, 인천광역시_한국폴리텍 II 대학 인천캠퍼스(제1캠퍼스)_메카트로닉스과, 인천광역시_한국폴리텍 II 대학 인천캠퍼스(제1캠퍼스)_메카트로닉스공학과, 대구광역시_영진사이버대학교(제1캠퍼스)_메카트로닉스학과, 대구광역시_한국폴리텍 VI 대학 영남융합기술캠퍼스(제1캠퍼스)_메카트로닉스과, 광주광역시_조선이공대학교(제1캠퍼스)_메카트로닉스과, 경기도_경기과학기술대학교(제1캠퍼스)_메카트로닉스공학과, 경기도_경기과학기술대학교(제1캠퍼스)_메카트로닉스과, 경기도_경복대학교(제1캠퍼스)_지능로봇과, 경기도_대림대학교(제1캠퍼스)_메카트로닉스과, 경기도_대림대학교(제1캠퍼스)_메카트로닉스공학과, 경기도_대림대학교(제1캠퍼스)_메카트로닉스시스템과, 경기도_대림대학교(제1캠퍼스)_메카트로닉스과(3년제), 경기도_대림대학교(제1캠퍼스)_메카트로닉스ㆍ자동화학부, 경기도_두원공과대학교(제2캠퍼스)_메카트로닉스공학과, 경기도_여주대학교(제1캠퍼스)_지능로봇과, 경기도_유한대학교(제1캠퍼스)_메카트로닉스공학과, 강원특별자치도_강릉영동대학교(제1캠퍼스)_AI메타버스과, 충청북도_한국폴리텍 IV 대학 청주캠퍼스(제1캠퍼스)_메카트로닉스과, 충청남도_한국폴리텍 IV 대학 아산캠퍼스(제1캠퍼스)_메카트로닉스과, 경상북도_한국폴리텍 특성화대학 로봇캠퍼스(제1캠퍼스)_로봇IT과, 경상남도_동원과학기술대학교(제1캠퍼스)_메카트로닉스전공, 경상남도_동원과학기술대학교(제1캠퍼스)_항공메카트로닉스, 경상남도_동원과학기술대학교(제1캠퍼스)_메카트로닉스과, 경상남도_창원문성대학교(제1캠퍼스)_메카트로닉스전공, 경상남도_한국폴리텍 VII 대학 창원캠퍼스(제1캠퍼스)_메카트로닉스공학과, 경상남도_한국폴리텍 VII 대학 창원캠퍼스(제1캠퍼스)_메카트로닉스과, 경상남도_한국폴리텍 특성화대학 항공캠퍼스(제1캠퍼스)_항공메카트로닉스과, 제주특별자치도_제주관광대학교(제1캠퍼스)_메카트로닉스과","일반 선택: 대수, 확률과 통계, 미적분 Ⅰ, 인공지능 수학, 세계시민과 지리, 사회와 문화, 정보 등 | 진로 선택: 기하, 미적분Ⅱ, 도시의 미래 탐구, 경제, 로봇과 공학세계, 인공지능 기초, 데이터 과학 등 | 융합 선택: 실용 통계, 사회문제 탐구, 금융과 경제생활, 윤리문제 탐구, 창의공학 설계, 소프트웨어와 생활 등","공통과목: 수학, 과학, 기술ㆍ가정 | 일반선택과목: 수학교과 : 수학ⅠㆍⅡ, 미적분, 확률과 통계 | 진로선택과목: 기하, 물리학Ⅱ, 화학Ⅱ, 공학 일반 | 전문교과Ⅰ: 심화수학ⅠㆍⅡ, 고급 수학ⅠㆍⅡ, 고급 물리학, 물리학 실험, 고급 화학, 화학 실험, 정보과학, 융합과학탐구, 과학과제연구 | 전문교과Ⅱ: 공업 일반, 기계 제도, 기계 일반, 기계 제어 설계, 전자 회로, 산업용 전자 기기 소프트웨어 개발","기계산업기사, 생산자동화산업기사, 전기산업기사, 전자산업기사",공작기계조작원
153,모델과,"대전광역시_대덕대학교(제1캠퍼스)_모델과, 대구광역시_영남이공대학교(제1캠퍼스)_더모델즈과, 경기도_국제대학교(제1캠퍼스)_모델전공(모델연기학부), 경기도_국제대학교(제1캠퍼스)_모델전공(공연예술학과), 경기도_국제대학교(제1캠퍼스)_모델전공(모델연기학과), 경기도_국제대학교(제1캠퍼스)_모델과, 전북특별자치도_전주기전대학(제1캠퍼스)_모델엔지니어링과, 경상북도_대경대학교(제1캠퍼스)_모델학과, 경상북도_대경대학교(제1캠퍼스)_모델과","일반 선택: 독서와 작문, 문학, 대수, 확률과 통계, 영어Ⅰ, 영어Ⅱ, 영어 독해오작문, 미술, 정보 등 | 진로 선택: 주제 탐구 독서, 문학과 영상, 미술 창작, 미술 감상과 비평, 인간과 심리 등 | 융합 선택: 매체 의사소통, 미디어 영어, 세계 문화와 영어, 여행지리, 사회문제 탐구, 미술과 매체 등","공통과목: 미술, 윤리 | 일반선택과목: 예술교과 : 미술 | 진로선택과목: 미술 창작, 미술 감상과 비평 | 전문교과Ⅰ: 미술 이론, 미술사, 드로잉 미술 전공 실기 | 전문교과Ⅱ: 디자인 일반, 시각디자인, 색체 관리",,"모델(패션,광고,잡지)연기자"
10118,모바일시스템공학과,경기도_단국대학교(제1캠퍼스)_모바일시스템공학과,"일반 선택: 대수, 확률과 통계, 미적분 Ⅰ, 인공지능 수학, 영어Ⅰ, 영어Ⅱ, 영어독해와 작문, 물리학, 정보 등 | 진로 선택: 기하, 미적분Ⅱ, 인공지능 수학, 전자기와 양자, 역학과 에너지, 로봇과 공학세계, 인공지능 기초, 데이터 과학 등 | 융합 선택: 실용 통계, 수학과제 탐구, 창의 공학 설계, 소프트웨어와 생활 등","공통과목: 수학, 과학, 기술ㆍ가정 | 일반선택과목: 수학교과 : 수학Ⅰ, 수학Ⅱ, 미적분, 확률과 통계 | 진로선택과목: 실용 수학, 기하, 수학과제 탐구, 물리학Ⅱ, 생활과 과학, 융합과학, 공학 일반 | 전문교과Ⅰ: 심화수학ⅠㆍⅡ, 고급 수학ⅠㆍⅡ, 고급 물리학, 물리학 실험, 정보과학, 융합과학탐구, 과학과제연구, 지역 이해,, 사회탐구 방법, 사회과제 연구 | 전문교과Ⅱ: 프로그래밍, 자료구조, 빅데이터 분석, 사물 인터넷 서비스 기획","3D프린터개발산업기사, e-TestProfessional, IEQ(인터넷윤리자격), PCMaster(정비사), RFID기술자격검정, SQL, SW테스트전문가(CSTS), 네트워크관리사, 데이터분석, 데이터아키텍처, 디지털정보활용능력(DIAT), 디지털포렌식전문가, 리눅스마스터, 소프트웨어자산관리사(C-SAM), 전자계산기기사, 정보기술자격(ITQ)시험, 정보기술프로젝트관리전문가(IT-PMP), 정보시스템감리사, 정보처리기사, 정보통신기사, 컴퓨터활용능력",IT컨설턴트
155,목조형가구학과,서울특별시_홍익대학교(제1캠퍼스)_목조형가구학과,"일반 선택: 화법과 언어, 독서와 작문, 문학, 영어 Ⅰ, 영어Ⅱ, 영어 독해와 작문, 세계사, 미술 등 | 진로 선택: 주제 탐구 독서, 문학과 영상, 미술 창작, 미술 감상과 비평, 인간과 철학, 인간과 심리 등 | 융합 선택: 매체 의사소통, 미디어 영어, 세계 문화와 영어, 여행지리, 미술과 매체 등","공통과목: 미술, 윤리 | 일반선택과목: 예술교과 : 미술 | 진로선택과목: 미술 창작, 미술 감상과 비평 | 전문교과Ⅰ: 미술 이론, 미술사, 드로잉, 미술 전공 실기 | 전문교과Ⅱ: 디자인 일반, 시각 디자인, 색채 관리","가구제작기능사, 건축목공기능사, 시각디자인기사, 제품디자인기사",가구디자이너
10152,무도과,"경기도_국제대학교(제1캠퍼스)_무도전공(스포츠학부), 경기도_김포대학교(제1캠퍼스)_무도경호과, 경기도_신안산대학교(제1캠퍼스)_경호무도학과, 전라남도_청암대학교(제1캠퍼스)_무도보안과","일반 선택: 독서와 작문, 문학, 대수, 미적분I, 확률과 통계, 영어 Ⅰ,프, 영어 독해와 작문, 사회와 문화, 현대사회와 윤리, 물리학, 생명과학, 정보 등 | 진로 선택: 경제, 역학과 에너지, 화학 반응의 세계, 세포와 물질대사, 생물의 유전, 데이터 과학 등 | 융합 선택: 매체 의사소통, 실생활 영어 회화, 실용 통계 등","공통과목: 체육, 윤리 | 일반선택과목: 체육교과 : 체육, 운동과 건강 | 진로선택과목: 스포츠 생활, 체육 탐구 | 전문교과Ⅰ: 스포츠 개론, 체육 지도법, 체육 전공 실기 기초, 체육 전공 실기 심화, 체육 전공 실기 응용 | 전문교과Ⅱ: 인체 구조와 기능, 간호의 기초","경비지도사, 무도단증(태권도,유도,검도등), 생활스포츠지도사",경찰관
158,무도학과,"서울특별시_한국체육대학교(제1캠퍼스)_태권도학과, 부산광역시_고신대학교(제1캠퍼스)_태권도학과, 부산광역시_동명대학교(제1캠퍼스)_K-sports태권도학과, 부산광역시_동아대학교(제1캠퍼스)_태권도학과, 부산광역시_동의대학교(제1캠퍼스)_태권도학과, 부산광역시_동의대학교(제1캠퍼스)_태권도학전공, 부산광역시_영산대학교(제2캠퍼스)_태권도학과, 대구광역시_계명대학교(제1캠퍼스)_태권도학과, 광주광역시_광주여자대학교(제1캠퍼스)_무도경호학과, 광주광역시_조선대학교(제1캠퍼스)_태권도학과, 광주광역시_호남대학교(제1캠퍼스)_태권도학과, 경기도_경희대학교(제2캠퍼스)_태권도학과, 경기도_신한대학교(제2캠퍼스)_품새전공, 경기도_신한대학교(제2캠퍼스)_겨루기전공, 경기도_용인대학교(제1캠퍼스)_무도스포츠학과, 경기도_용인대학교(제1캠퍼스)_태권도학과, 경기도_용인대학교(제1캠퍼스)_동양무예학과, 경기도_용인대학교(제1캠퍼스)_무도계열전공학부, 경기도_용인대학교(제1캠퍼스)_무도학과, 경기도_화성의과학대학교(제1캠퍼스)_스포츠과학부 태권도학과, 강원특별자치도_상지대학교(제1캠퍼스)_체육학부 태권도학전공, 강원특별자치도_상지대학교(제1캠퍼스)_체육학부 합기도학전공, 충청북도_유원대학교(제1캠퍼스)_검도전공, 충청북도_유원대학교(제1캠퍼스)_태권도학전공, 충청남도_나사렛대학교(제1캠퍼스)_태권도학과, 충청남도_단국대학교(제2캠퍼스)_국제스포츠학부 태권도전공, 충청남도_백석대학교(제1캠퍼스)_스포츠과학부 태권도전공, 충청남도_선문대학교(제1캠퍼스)_무도경호학과, 충청남도_선문대학교(제1캠퍼스)_무도학부, 전북특별자치도_우석대학교(제1캠퍼스)_태권도학과, 전북특별자치도_원광디지털대학교(제1캠퍼스)_태권도스포츠재활학과, 전북특별자치도_전주대학교(제1캠퍼스)_태권도학과, 전라남도_동신대학교(제1캠퍼스)_태권도학과, 전라남도_세한대학교(제1캠퍼스)_태권도학과, 전라남도_초당대학교(제1캠퍼스)_검도학과, 경상북도_경일대학교(제1캠퍼스)_태권도학과, 경상북도_신경주대학교(제1캠퍼스)_태권도학과","일반 선택: 독서와 작문, 문학, 대수, 미적분I, 확률과 통계, 영어 Ⅰ,프, 영어 독해와 작문, 사회와 문화, 현대사회와 윤리, 물리학, 생명과학, 정보 등 | 진로 선택: 경제, 역학과 에너지, 화학 반응의 세계, 세포와 물질대사, 생물의 유전, 데이터 과학 등 | 융합 선택: 매체 의사소통, 실생활 영어 회화, 실용 통계 등","공통과목: 체육, 윤리 | 일반선택과목: 체육교과 : 체육, 운동과 건강 | 진로선택과목: 스포츠 생활, 체육 탐구 | 전문교과Ⅰ: 스포츠개론, 체육지도법, 체육 전공 실기 기초, 체육 전공 실기 심화, 체육 전공 실기 응용 | 전문교과Ⅱ: 인체 구조와 기능, 간호의 기초","경비지도사, 무도단증(태권도,유도,검도등), 생활체육지도사, 수상인명구조원, 스포츠마사지사",경찰관
160,무용과,"서울특별시_백석예술대학교(제1캠퍼스)_실용댄스학부, 서울특별시_정화예술대학교(제2캠퍼스)_실용댄스전공, 부산광역시_부산여자대학교(제1캠퍼스)_아동예술무용과(3년제), 부산광역시_부산예술대학교(제1캠퍼스)_실용무용과, 부산광역시_부산예술대학교(제1캠퍼스)_프로덕션학부 모던댄스과, 경기도_국제대학교(제1캠퍼스)_실용댄스전공(엔터테인먼트학부), 경기도_김포대학교(제1캠퍼스)_글로벌실용무용학과, 경기도_김포대학교(제1캠퍼스)_글로벌실용무용과, 경기도_서울예술대학교(제1캠퍼스)_무용전공, 경기도_신안산대학교(제1캠퍼스)_실용무용과, 경기도_오산대학교(제1캠퍼스)_실용댄스과, 경기도_장안대학교(제1캠퍼스)_실용ㆍ스트릿댄스과, 강원특별자치도_송곡대학교(제1캠퍼스)_무용교육학과, 강원특별자치도_송곡대학교(제1캠퍼스)_실용무용예술학과, 강원특별자치도_송곡대학교(제1캠퍼스)_[외국인전담학과]무용교육학과, 강원특별자치도_송곡대학교(제1캠퍼스)_[외국인전담학과]실용무용예술학과, 충청북도_강동대학교(제1캠퍼스)_k-pop댄스과, 충청북도_강동대학교(제1캠퍼스)_실용무용과, 충청북도_충청대학교(제1캠퍼스)_실용예술학부 실용댄스과, 충청북도_충청대학교(제1캠퍼스)_K-culture과, 충청북도_충청대학교(제1캠퍼스)_실용댄스과, 전북특별자치도_백제예술대학교(제1캠퍼스)_실용댄스과, 경상북도_대경대학교(제1캠퍼스)_K-실용댄스과, 경상북도_대경대학교(제1캠퍼스)_실용댄스과, 세종특별자치시_한국영상대학교(제1캠퍼스)_공연미디어콘텐츠계열","일반 선택: 독서와 작문, 문학, 대수, 미적분I, 확률과 통계, 영어 I,프, 영어 독해와 작문, 사회와 문화, 현대사회와 윤리, 물리학, 생명과학, 정보 등 | 진로 선택: 경제, 역학과 메너지, 화학 반응의 세계, 세포와 물질대사, 생물의 유전, 데이터 과학 등 | 융합 선택: 매체 의사소통, 실생활 영어 회화, 실용 통계 등","공통과목: 체육, 윤리 | 일반선택과목: 체육교과 : 체육, 운동과 건강 | 진로선택과목: 스포츠 생활, 체육 탐구 | 전문교과Ⅰ: 스포츠 개론, 체육 지도법, 체육 전공 실기 기초, 체육 전공 실기 심화, 체육 전공 실기 응용 | 전문교과Ⅱ: 인체 구조와 기능, 간호의 기초",,대중무용수(백댄서)
162,무용학과,"서울특별시_경희대학교(제1캠퍼스)_무용학부(발레), 서울특별시_경희대학교(제1캠퍼스)_무용학부(한국무용), 서울특별시_경희대학교(제1캠퍼스)_무용학부(현대무용), 서울특별시_경희대학교(제1캠퍼스)_무용학부, 서울특별시_국민대학교(제1캠퍼스)_무용전공, 서울특별시_동덕여자대학교(제1캠퍼스)_무용과, 서울특별시_동덕여자대학교(제1캠퍼스)_공연예술학부 무용전공, 서울특별시_디지털서울문화예술대학교(제1캠퍼스)_실용무용학과, 서울특별시_상명대학교(제1캠퍼스)_스포츠무용학부 무용예술전공, 서울특별시_서경대학교(제1캠퍼스)_무용예술학부, 서울특별시_서경대학교(제1캠퍼스)_무용예술학과, 서울특별시_서경대학교(제1캠퍼스)_실용무용전공, 서울특별시_서경대학교(제1캠퍼스)_한국무용전공, 서울특별시_서울기독대학교(제1캠퍼스)_무용전공, 서울특별시_서울기독대학교(제1캠퍼스)_무용학과, 서울특별시_서울사이버대학교(제1캠퍼스)_요가명상학과, 서울특별시_성균관대학교(제1캠퍼스)_무용학과, 서울특별시_성신여자대학교(제2캠퍼스)_무용예술학과, 서울특별시_세종대학교(제1캠퍼스)_무용과, 서울특별시_숙명여자대학교(제1캠퍼스)_무용과, 서울특별시_이화여자대학교(제1캠퍼스)_무용과, 서울특별시_한국예술종합학교(제2캠퍼스)_이론과(무용이론), 서울특별시_한국예술종합학교(제1캠퍼스)_무용과, 서울특별시_한국예술종합학교(제2캠퍼스)_창작과, 서울특별시_한국예술종합학교(제2캠퍼스)_실기과, 서울특별시_한국체육대학교(제1캠퍼스)_생활무용학과, 서울특별시_한성대학교(제1캠퍼스)_현대무용전공, 서울특별시_한성대학교(제1캠퍼스)_한국무용전공, 서울특별시_한성대학교(제1캠퍼스)_무용학과, 서울특별시_한성대학교(제1캠퍼스)_발레전공, 서울특별시_한양대학교(제1캠퍼스)_무용학과, 부산광역시_경성대학교(제1캠퍼스)_무용학과, 부산광역시_부산대학교(제1캠퍼스)_무용학과, 대전광역시_충남대학교(제1캠퍼스)_무용학과, 대구광역시_계명대학교(제1캠퍼스)_무용학과, 광주광역시_조선대학교(제1캠퍼스)_공연예술무용과, 경기도_단국대학교(제1캠퍼스)_무용과, 경기도_수원대학교(제1캠퍼스)_무용, 경기도_용인대학교(제1캠퍼스)_무용과, 경기도_용인대학교(제1캠퍼스)_무용학과, 경기도_중앙대학교(제2캠퍼스)_공연영상창작학부(무용전공), 경기도_한양대학교 ERICA캠퍼스(제1캠퍼스)_무용예술학과, 강원특별자치도_강원대학교(제1캠퍼스)_무용학과, 충청남도_국립공주대학교(제1캠퍼스)_무용학과, 전북특별자치도_원광디지털대학교(제1캠퍼스)_요가명상학과, 전북특별자치도_전북대학교(제1캠퍼스)_무용학과, 경상북도_대구가톨릭대학교(제1캠퍼스)_무용학과, 경상북도_대구예술대학교(제1캠퍼스)_공연융합예술학과 무용전공, 경상북도_대구예술대학교(제1캠퍼스)_공연융합예술전공, 경상북도_대구예술대학교(제1캠퍼스)_실용무용전공, 경상북도_영남대학교(제1캠퍼스)_무용학전공, 경상남도_경상국립대학교(제1캠퍼스)_민속무용학과, 경상남도_경상국립대학교(제1캠퍼스)_민속예술무용학과, 경상남도_국립창원대학교(제1캠퍼스)_무용학과","일반 선택: 독서와 작문, 문학, 대수, 미적분I, 확률과 통계, 영어 I,프, 영어 독해와 작문, 사회와 문화, 현대사회와 윤리, 물리학, 생명과학, 정보 등 | 진로 선택: 경제, 역학과 메너지, 화학 반응의 세계, 세포와 물질대사, 생물의 유전, 데이터 과학 등 | 융합 선택: 매체 의사소통, 실생활 영어 회화, 실용 통계 등","공통과목: 체육, 윤리 | 일반선택과목: 체육교과 : 체육, 운동과 건강 | 진로선택과목: 스포츠 생활, 체육 탐구 | 전문교과Ⅰ: 스포츠개론, 체육지도법, 체육 전공 실기 기초, 체육 전공 실기 심화, 체육 전공 실기 응용 | 전문교과Ⅱ: 인체 구조와 기능, 간호의 기초",,대중무용수(백업댄서)
21007,무인항공드론과,"서울특별시_명지전문대학(제1캠퍼스)_드론정보공학과, 서울특별시_명지전문대학(제1캠퍼스)_드론정보공학과(2년제), 서울특별시_명지전문대학(제1캠퍼스)_드론공학과, 부산광역시_부산과학기술대학교(제1캠퍼스)_로봇&드론제작과, 부산광역시_부산과학기술대학교(제1캠퍼스)_드론공간정보과, 인천광역시_재능대학교(제2캠퍼스)_드론영상과, 인천광역시_재능대학교(제1캠퍼스)_디지털융합학과 드론전공, 인천광역시_재능대학교(제2캠퍼스)_AI학부 드론영상전공, 대전광역시_대덕대학교(제1캠퍼스)_드론로봇과, 대구광역시_계명문화대학교(제1캠퍼스)_드론미디어과, 대구광역시_영진전문대학교(제1캠퍼스)_무인항공드론과, 광주광역시_동강대학교(제1캠퍼스)_AI드론과, 광주광역시_동강대학교(제1캠퍼스)_AI융합드론과, 경기도_경기과학기술대학교(제1캠퍼스)_미래모빌리티과, 경기도_국제대학교(제1캠퍼스)_드론과, 경기도_동서울대학교(제1캠퍼스)_스마트드론과, 경기도_두원공과대학교(제1캠퍼스)_드론공학과, 경기도_여주대학교(제1캠퍼스)_드론ㆍUAV운용과, 경기도_여주대학교(제1캠퍼스)_무인드론부사관과, 경기도_여주대학교(제1캠퍼스)_무인항공드론과, 경기도_오산대학교(제1캠퍼스)_전투드론과, 강원특별자치도_강릉영동대학교(제1캠퍼스)_재난안전드론전공, 강원특별자치도_강원도립대학교(제1캠퍼스)_ICT드론과, 강원특별자치도_강원도립대학교(제1캠퍼스)_드론융합과, 강원특별자치도_세경대학교(제1캠퍼스)_정보기술ㆍ드론과, 충청남도_신성대학교(제1캠퍼스)_드론모빌리티과, 전북특별자치도_전주비전대학교(제1캠퍼스)_드론융합학과, 전라남도_전남도립대학교(제1캠퍼스)_인공지능드론학과, 전라남도_청암대학교(제1캠퍼스)_ICT드론과, 경상북도_가톨릭상지대학교(제1캠퍼스)_드론운용정비과, 경상북도_가톨릭상지대학교(제1캠퍼스)_드론항공국방과, 경상북도_가톨릭상지대학교(제1캠퍼스)_드론항공과, 경상북도_대경대학교(제1캠퍼스)_신산업창조학부 드론전공, 경상북도_포항대학교(제1캠퍼스)_국방드론항공과, 경상남도_동원과학기술대학교(제1캠퍼스)_무인항공기계과, 경상남도_마산대학교(제1캠퍼스)_스마트무인항공과","일반 선택: 대수, 미적분Ⅰ, 확률과 통계, 물리학, 화학, 생명과학, 정보, 기술·가정 등 | 진로 선택: 기하, 미적분 II, 수학과제 탐구, 인공지능 수학, 역학과 에너지, 전자기와 양자, 물질과 에너지, 화학 반응의 세계, 인공지능 기초, 데이터 과학, 로봇과 공학세계 등 | 융합 선택: 창의 공학 설계, 소프트웨어와 생활 등","공통과목: 수학, 영어, 과학, 교양 | 일반선택과목: 수학ㆍ사회교과 : 수학Ⅰ, 수학Ⅱ, 미적분, 확률과 통계, 정치와 법 | 진로선택과목: 물리학Ⅱ, 융합과학, 수학탐구 과제, 기하, 사회문제 탐구, 공학일반, 실용영어, 진로영어, 고전과 윤리, 여행지리 | 전문교과Ⅰ: 고급물리학, 물리학 실험, 과학과제 연구, 심화수학Ⅰ, 심화수학Ⅱ, 고급수학Ⅰ, 고급수학Ⅱ, 심화영어Ⅰ,Ⅱ, 심화영어회화Ⅰ,Ⅱ, | 전문교과Ⅱ: 항공기 일반, 항공기 실무 기초",초경량비행장치조종자,드론전문가
21008,무인항공학과,"강원특별자치도_가톨릭관동대학교(제1캠퍼스)_무인항공학과, 충청북도_청주대학교(제1캠퍼스)_무인항공기학과, 충청남도_한서대학교(제2캠퍼스)_무인항공기학과, 경상북도_경운대학교(제1캠퍼스)_무인기공학과","일반 선택: 대수, 미적분Ⅰ, 확률과 통계, 물리학, 화학, 생명과학, 정보, 기술·가정 등 | 진로 선택: 기하, 미적분 II, 수학과제 탐구, 인공지능 수학, 역학과 에너지, 전자기와 양자, 물질과 에너지, 화학 반응의 세계, 인공지능 기초, 데이터 과학, 로봇과 공학세계 등 | 융합 선택: 창의 공학 설계, 소프트웨어와 생활 등","공통과목: 수학, 과학, 기술ㆍ가정 | 일반선택과목: 수학교과 : 수학ⅠㆍⅡ, 미적분, 확률과 통계 | 진로선택과목: 실용 수학, 기하, 수학과제 탐구, 물리학Ⅱ, 화학Ⅱ, 지구과학Ⅱ, 생활과 과학, 융합과학, 공학 일반, 농업 생명과학 | 전문교과Ⅰ: 심화수학ⅠㆍⅡ, 고급 수학ⅠㆍⅡ, 고급 물리학, 물리학 실험, 고급 화학, 화학 실험, 고급 지구과학, 지구과학 실험, 정보과학, 융합과학탐구, 과학과제연구, 생태와 환경, 지역 이해, 사회과제 연구 | 전문교과Ⅱ: 소형 무인기 정비, 프로그래밍, 빅데이터 분석",초경량비행장치조종자,드론전문가
163,문예창작과,"서울특별시_명지전문대학(제1캠퍼스)_문예창작과, 서울특별시_명지전문대학(제1캠퍼스)_문예창작학과, 서울특별시_한양여자대학교(제1캠퍼스)_문예창작과(3), 서울특별시_한양여자대학교(제1캠퍼스)_문예창작과, 서울특별시_한양여자대학교(제1캠퍼스)_문예창작학과, 부산광역시_경남정보대학교(제2캠퍼스)_디지털문예창작과, 경기도_두원공과대학교(제2캠퍼스)_미디어문예창작학부, 경기도_두원공과대학교(제2캠퍼스)_문화예술창작과, 경기도_두원공과대학교(제2캠퍼스)_방송작가전공(3년제), 경기도_서울예술대학교(제1캠퍼스)_문예창작전공, 경기도_서울예술대학교(제1캠퍼스)_극작전공, 경기도_유한대학교(제1캠퍼스)_방송미디어학과 방송문예창작전공, 경기도_유한대학교(제1캠퍼스)_방송예술학과 방송문예창작전공, 경기도_장안대학교(제1캠퍼스)_미디어스토리텔링과(인문), 경기도_청강문화산업대학교(제1캠퍼스)_웹소설창작전공, 세종특별자치시_한국영상대학교(제1캠퍼스)_웹소설전공, 세종특별자치시_한국영상대학교(제1캠퍼스)_웹소설과, 세종특별자치시_한국영상대학교(제1캠퍼스)_미디어창작과","일반 선택: 독서와 작문, 문학 등 | 진로 선택: 주체 탐구 독서, 문학과 영상, 문예 창작의 이해, 문장론, 문학 감상과 비평, 시 창작, 소설 창작, 극 창작 등 | 융합 선택: 독서 토론과 글쓰기, 문학과 매체 등","공통과목: 국어, 사회, 예술 | 일반선택과목: 국어교과 : 문학, 언어와 매체, 독서, 화법과 작문 | 진로선택과목: 고전 읽기, 실용 국어, 심화 국어, 사회문제 탐구, 고전과 윤리, 음악ㆍ미술 감상 비평 | 전문교과Ⅰ: 현대/고전문학 감상, 문예창작입문, 문학개론, 문학과 매체, 시/소설/극 창작 | 전문교과Ⅱ: 미디어콘텐츠 일반, 커뮤니케이션, 마케팅과 광고, 영상제작 기초","논술지도사, 독서지도사, 문예창작사",광고및홍보전문가
164,문예창작학과,"서울특별시_경희사이버대학교(제1캠퍼스)_미디어문예창작학과, 서울특별시_명지대학교 인문캠퍼스(제2캠퍼스)_문예창작학과, 서울특별시_서울과학기술대학교(제1캠퍼스)_문예창작학과, 서울특별시_서울디지털대학교(제1캠퍼스)_문예창작학과, 서울특별시_세종사이버대학교(제1캠퍼스)_문예창작학과, 서울특별시_숭실사이버대학교(제1캠퍼스)_방송문예창작학과, 서울특별시_한국예술종합학교(제1캠퍼스)_극작과, 부산광역시_동아대학교(제1캠퍼스)_문예창작학과, 부산광역시_동의대학교(제1캠퍼스)_문예창작학과, 부산광역시_신라대학교(제1캠퍼스)_미디어문예창작학과, 대구광역시_계명대학교(제1캠퍼스)_문예창작학과, 광주광역시_조선대학교(제1캠퍼스)_문예창작학과, 경기도_경기대학교(제1캠퍼스)_문예창작학과, 경기도_중앙대학교(제2캠퍼스)_문예창작학과, 경기도_한경국립대학교(제1캠퍼스)_미디어문예창작학과, 경기도_한신대학교(제1캠퍼스)_문예창작학과, 경기도_협성대학교(제1캠퍼스)_문예창작학과, 충청북도_우석대학교(제2캠퍼스)_문예창작학과, 충청남도_한서대학교(제1캠퍼스)_미디어문예창작학과, 전북특별자치도_원광대학교(제1캠퍼스)_문예창작학과, 전라남도_국립순천대학교(제1캠퍼스)_문예창작학과, 세종특별자치시_고려대학교 세종캠퍼스(제1캠퍼스)_미디어문예창작학과","일반 선택: 독서와 작문, 문학 등 | 진로 선택: 주체 탐구 독서, 문학과 영상, 문예 창작의 이해, 문장론, 문학 감상과 비평, 시 창작, 소설 창작, 극 창작 등 | 융합 선택: 독서 토론과 글쓰기, 문학과 매체 등","공통과목: 국어, 사회, 예술 | 일반선택과목: 국어교과 : 문학, 언어와 매체, 독서, 화법과 작문 | 진로선택과목: 고전 읽기, 실용 국어, 심화 국어, 사회문제 탐구, 고전과 윤리, 음악ㆍ미술 감상 비평 | 전문교과Ⅰ: 현대ㆍ고전 문학 감상, 문예 창작 입문, 문학 개론, 문학과 매체, 시ㆍ소설ㆍ극 창작 | 전문교과Ⅱ: 미디어콘텐츠 일반, 커뮤니케이션, 마케팅과 광고, 영상 제작 기초","국어능력인증시험, 사서, 한국어교육능력검정시험",광고ㆍ홍보전문가
165,문헌정보과,"서울특별시_명지전문대학(제1캠퍼스)_문헌정보과, 서울특별시_숭의여자대학교(제1캠퍼스)_문헌정보과, 서울특별시_숭의여자대학교(제1캠퍼스)_문헌정보학과, 부산광역시_부산여자대학교(제1캠퍼스)_문헌정보과, 대전광역시_대전과학기술대학교(제1캠퍼스)_문헌정보과, 경기도_대림대학교(제1캠퍼스)_도서관미디어정보과, 경기도_대림대학교(제1캠퍼스)_문헌정보학과, 경기도_대림대학교(제1캠퍼스)_도서관정보과, 경기도_대림대학교(제1캠퍼스)_아동문헌정보과, 경기도_대림대학교(제1캠퍼스)_문헌정보과, 경기도_동원대학교(제1캠퍼스)_문헌정보데이터관리과, 충청북도_대원대학교(제1캠퍼스)_문헌정보과, 경상남도_창원문성대학교(제1캠퍼스)_문헌정보과(;교육서비스)(3년제)","일반 선택: 화법과 언어, 독서와 작문, 확률과 통계, 사회와 문화, 정보 등 | 진로 선택: 주제 탐구 독서, 인공지능 수학, 법과 사회, 인문학과 윤리, 인공지능 기초, 데이터 과학 등 | 융합 선택: 독서 토론 글쓰기, 매체 의사소통, 실용 통계, 사회문제 탐구, 지식 재산 일반 등","공통과목: 국어, 수학, 생활ㆍ교양, 영어 | 일반선택과목: 국어교과 : 언어와 매체, 독서, 문학, 화법과 작문 | 진로선택과목: 실용 국어, 심화 국어, 고전 읽기, 사회문제 탐구, 기하, 수학과제 탐구 | 전문교과Ⅰ: 사회탐구 방법, 사회과제 연구, 문학과 매체, 정보과학 | 전문교과Ⅱ: 정보처리와 관리","보육교사, 어린이독서지도사, 준사서",기록물관리사
166,문헌정보학과,"서울특별시_덕성여자대학교(제1캠퍼스)_문헌정보학전공, 서울특별시_덕성여자대학교(제1캠퍼스)_문헌정보학과, 서울특별시_동덕여자대학교(제1캠퍼스)_사회과학부 문헌정보학전공, 서울특별시_동덕여자대학교(제1캠퍼스)_문헌정보학과, 서울특별시_명지대학교 인문캠퍼스(제2캠퍼스)_문헌정보학과, 서울특별시_명지대학교 인문캠퍼스(제2캠퍼스)_문헌정보학전공, 서울특별시_상명대학교(제1캠퍼스)_인문콘텐츠학부 문헌정보학과, 서울특별시_상명대학교(제1캠퍼스)_인문콘텐츠학부 문헌정보학전공, 서울특별시_서울여자대학교(제1캠퍼스)_문헌정보학과, 서울특별시_성균관대학교(제1캠퍼스)_문헌정보학과, 서울특별시_숙명여자대학교(제1캠퍼스)_문헌정보학과, 서울특별시_연세대학교(제1캠퍼스)_문헌정보학과, 서울특별시_이화여자대학교(제1캠퍼스)_문헌정보학과, 서울특별시_중앙대학교(제1캠퍼스)_문헌정보학과, 서울특별시_한성대학교(제1캠퍼스)_문헌정보전공, 부산광역시_경성대학교(제1캠퍼스)_문헌정보학과, 부산광역시_동의대학교(제1캠퍼스)_문헌정보학과, 부산광역시_부산대학교(제1캠퍼스)_문헌정보학과, 부산광역시_신라대학교(제1캠퍼스)_문헌정보학과, 인천광역시_인천대학교(제1캠퍼스)_문헌정보학과, 대전광역시_충남대학교(제1캠퍼스)_문헌정보학과, 대전광역시_한남대학교(제1캠퍼스)_문헌정보학과, 대구광역시_경북대학교(제1캠퍼스)_문헌정보학과, 대구광역시_계명대학교(제1캠퍼스)_문헌정보학과, 광주광역시_광주대학교(제1캠퍼스)_문헌정보학과, 광주광역시_전남대학교(제1캠퍼스)_문헌정보학과, 경기도_경기대학교(제1캠퍼스)_문헌정보학과, 경기도_대진대학교(제1캠퍼스)_문헌정보학과, 경기도_중부대학교(제2캠퍼스)_문헌정보학전공(창의), 충청북도_건국대학교 글로컬캠퍼스(제1캠퍼스)_문헌정보학과, 충청북도_청주대학교(제1캠퍼스)_문헌정보학과, 충청남도_국립공주대학교(제1캠퍼스)_문헌정보교육과, 충청남도_나사렛대학교(제1캠퍼스)_수어통역문헌정보학과, 충청남도_중부대학교(제1캠퍼스)_문헌정보학전공, 전북특별자치도_전북대학교(제1캠퍼스)_문헌정보학과, 전북특별자치도_전주대학교(제1캠퍼스)_문헌정보학과, 경상북도_경일대학교(제1캠퍼스)_복지서비스학부 아동문헌정보전공, 경상북도_대구가톨릭대학교(제1캠퍼스)_문헌정보학과, 경상북도_대구가톨릭대학교(제1캠퍼스)_도서관학과, 경상북도_대구대학교(제1캠퍼스)_문헌정보학과","일반 선택: 화법과 언어, 독서와 작문, 확률과 통계, 사회와 문화, 정보 등 | 진로 선택: 주제 탐구 독서, 인공지능 수학, 법과 사회, 인문학과 윤리, 인공지능 기초, 데이터 과학 등 | 융합 선택: 독서 토론 글쓰기, 매체 의사소통, 실용 통계, 사회문제 탐구, 지식 재산 일반 등","공통과목: 국어, 수학, 생활ㆍ교양, 영어 | 일반선택과목: 국어교과 : 언어와 매체, 독서, 문학, 화법과 작문 | 진로선택과목: 실용 국어, 심화 국어, 고전 읽기, 사회문제 탐구, 기하, 수학과제 탐구 | 전문교과Ⅰ: 사회탐구 방법, 사회과제 연구, 문학과 매체, 정보과학 | 전문교과Ⅱ: 정보처리와 관리","데이터베이스시스템관련자격증(OCA,OCP,OCM), 사서, 사서교사, 인터넷정보관리사, 컴퓨터활용능력자격",문화재보존가
167,문화관광과,"대전광역시_대전과학기술대학교(제1캠퍼스)_미래문화콘텐츠과, 대전광역시_대전과학기술대학교(제1캠퍼스)_미래문화생활과, 울산광역시_춘해보건대학교(제1캠퍼스)_웰니스문화관광과, 강원특별자치도_세경대학교(제1캠퍼스)_스마트문화관광과, 전라남도_청암대학교(제1캠퍼스)_호텔문화관광과, 전라남도_청암대학교(제1캠퍼스)_웰니스문화관광&푸드과, 전라남도_청암대학교(제1캠퍼스)_웰니스문화관광과","일반 선택: 화법과 언어, 독서와 작문, 문학, 대수, 미적분I, 확률과 통계, 영어I, 영어II, 영어 독해와 작문, 세계시민과 지리, 세계사, 사회와 문화, 정보, 제2외국어 과목 등 | 진로 선택: 미적분II, 기하, 경제 수학, 영어 발표와 토론, 법과 사회, 경제, 윤리와 사상, 국제 관계의 이해, 인공지능 기초, 데이터 과학 등 | 융합 선택: 실용 통계, 수학과제 탐구, 실생활 영어 회화, 세계 문화와 영어, 사회문제 탐구, 금융과 경제생활, 제2외국어 문화 과목 등","공통과목: 사회, 생활ㆍ교양 | 일반선택과목: 사회교과 : 한국지리, 세계지리, 사회ㆍ문화, 생활과 윤리 | 진로선택과목: 실용 수학, 여행지리, 사회문제 탐구 | 전문교과Ⅰ: 정보과학, 생태와 환경, 지역 이해, 비교 문화, 세계 문제와 미래 사회, 사회 탐구 방법 및 사회과제 연구 | 전문교과Ⅱ: 커뮤니케이션, 비즈니스 영어, 마케팅과 광고, 빅데이터 분석","관광통역안내사, 국내여행안내사, 문화유산교육전문가, 컨벤션기획사2급, 호텔경영사, 호텔관리사, 호텔서비스사",선박및열차객실승무원
424,문화인류학과,"서울특별시_광운대학교(제1캠퍼스)_문화교류전공, 서울특별시_덕성여자대학교(제1캠퍼스)_문화인류학과, 서울특별시_덕성여자대학교(제1캠퍼스)_문화인류학전공, 서울특별시_동국대학교(제1캠퍼스)_문화유산학과, 서울특별시_서울대학교(제1캠퍼스)_인류학과, 서울특별시_서울여자대학교(제1캠퍼스)_박물관학전공, 서울특별시_성신여자대학교(제2캠퍼스)_문화예술경영학과, 서울특별시_연세대학교(제1캠퍼스)_한국문화ㆍ통상전공, 서울특별시_연세대학교(제1캠퍼스)_문화인류학과, 부산광역시_경성대학교(제1캠퍼스)_문화기획학전공, 부산광역시_부산대학교(제1캠퍼스)_언어정보학과, 인천광역시_인하대학교(제1캠퍼스)_영미유럽인문융합학부, 광주광역시_전남대학교(제1캠퍼스)_문화인류고고학과, 광주광역시_전남대학교(제1캠퍼스)_인류학과, 경기도_용인대학교(제1캠퍼스)_문화유산학과, 경기도_한양대학교 ERICA캠퍼스(제1캠퍼스)_문화인류학과, 강원특별자치도_강원대학교(제1캠퍼스)_문화인류학과, 강원특별자치도_강원대학교(제1캠퍼스)_문화인류학전공, 충청남도_글로벌사이버대학교(제1캠퍼스)_선도문화학과, 전북특별자치도_전북대학교(제1캠퍼스)_고고문화인류학과, 전라남도_국립목포대학교(제1캠퍼스)_국제차문화학과, 전라남도_국립목포대학교(제1캠퍼스)_고고문화인류학과, 전라남도_국립목포대학교(제1캠퍼스)_동아시아문화, 전라남도_동신대학교(제1캠퍼스)_K-남도문화학과, 경상북도_국립경국대학교(제1캠퍼스)_민속학과, 경상북도_국립경국대학교(제1캠퍼스)_문화유산학과, 경상북도_대구사이버대학교(제1캠퍼스)_한국어다문화학과, 경상북도_동국대학교 WISE캠퍼스(제1캠퍼스)_문화예술철학전공, 경상북도_신경주대학교(제1캠퍼스)_문화유산학과, 경상북도_영남대학교(제1캠퍼스)_문화인류학과, 경상남도_국립창원대학교(제1캠퍼스)_문화테크노학과","일반 선택: 독서와 작문, 세계시민과 지리, 세계사, 사회와 문화, 현대사회와 윤리, 정보 등 | 진로 선택: 주제 탐구 독서, 영미 문학 읽기, 한국지리 탐구, 동아시아 역사 기행, 법과 사회, 윤리와 사상, 인문학과 윤리, 미술 감상과 비평, 삶과 종교, 인간과 심리 등 | 융합 선택: 세계 문화와 영어, 여행지리, 역사로 탐구하는 현대 세계, 사회문제 탐구, 윤리문제 탐구, 과학의 역사와 문화, 미술과 매체, 지식 재산 일반 등","공통과목: 사회, 생활ㆍ교양 | 일반선택과목: 사회교과 : 한국지리. 세계지리, 세계사, 동아시아사, 사회ㆍ문화, 생활과 윤리, 윤리와 사상 | 진로선택과목: 여행지리, 사회문제탐구 | 전문교과Ⅰ: 지역 이해, 비교 문화, 세계 문제와 미래 사회, 현대 세계의 변화, 사회 탐구 방법 및 사회과제 연구 | 전문교과Ⅱ: 문화콘텐츠 산업 일반, 빅데이터 분석",박물관및미술관준학예사,감정평가사
169,문화재과,"부산광역시_부산과학기술대학교(제1캠퍼스)_풍수명리복지과, 부산광역시_부산예술대학교(제1캠퍼스)_문화예술과, 대전광역시_대전보건대학교(제1캠퍼스)_문화재과, 대구광역시_계명문화대학교(제1캠퍼스)_문화융합자율전공과, 대구광역시_계명문화대학교(제1캠퍼스)_글로벌한국문화과, 경상북도_한국복지사이버대학교(제1캠퍼스)_독도학과","일반 선택: 문학, 독서와 작문, 사회와 문화, 세계시민과 지리, 세계사, 화학, 정보 등 | 진로 선택: 한국지리 탐구, 동아시아 역사 기행, 법과 사회, 인문학과 윤리, 화학 반응의 세계, 미술 감상과 비평, 한문고전 일기, 삶과 종교 등 | 융합 선택: 수학과 문화, 여행지리, 역사로 탐구하는 현대 세계, 사회문제 탐구, 미술과 매체, 지식 재산 일반, 언어생활과 한자 등","공통과목: 사회, 역사, 한문, 수학, 영어, 제2외국어 | 일반선택과목: 사회교과 : 사회문화, 세계사, 동아시아사, 한국지리, 윤리와 사상 | 진로선택과목: 사회문제 탐구, 고전 읽기, 고전과 윤리, 여행지리, 현대 세계의 변화 | 전문교과Ⅰ: 사회탐구 방법, 사회과제 연구, 한국 사회의 이해, 비교 문화, 지역 이해 | 전문교과Ⅱ: 문화콘텐츠 산업 일반","문화유산교육전문가, 문화재수리기술자, 박물관및미술관준학예사",기록물관리사
10031,문화콘텐츠학과,"서울특별시_건국대학교(제1캠퍼스)_문화콘텐츠학과, 서울특별시_경기대학교(제2캠퍼스)_관광문화콘텐츠학과, 서울특별시_고려대학교(제1캠퍼스)_글로벌엔터테인먼트학부, 서울특별시_광운대학교(제1캠퍼스)_문화콘텐츠개발전공, 서울특별시_디지털서울문화예술대학교(제1캠퍼스)_미래문화예술계열, 서울특별시_명지대학교 인문캠퍼스(제2캠퍼스)_뮤직콘텐츠학과, 서울특별시_명지대학교 인문캠퍼스(제2캠퍼스)_웹툰콘텐츠학과, 서울특별시_상명대학교(제1캠퍼스)_인문콘텐츠학부 한일문화콘텐츠전공, 서울특별시_상명대학교(제1캠퍼스)_SW융합학부 한일문화콘텐츠전공, 서울특별시_상명대학교(제1캠퍼스)_인문콘텐츠학부 한일문화콘텐츠학과, 서울특별시_서경대학교(제1캠퍼스)_문화콘텐츠학과(인문과학대학), 서울특별시_성균관대학교(제1캠퍼스)_컬처앤테크놀로지융합전공, 서울특별시_이화여자대학교(제1캠퍼스)_융합콘텐츠학과, 부산광역시_경성대학교(제1캠퍼스)_문화콘텐츠학전공, 부산광역시_경성대학교(제1캠퍼스)_글로컬문화학부, 부산광역시_동명대학교(제1캠퍼스)_글로벌문화콘텐츠학과, 부산광역시_동서대학교(제1캠퍼스)_실용콘텐츠창작학과, 부산광역시_부산외국어대학교(제1캠퍼스)_영상콘텐츠융합전공, 부산광역시_부산외국어대학교(제1캠퍼스)_글로벌웹툰콘텐츠학과, 부산광역시_부산외국어대학교(제1캠퍼스)_일본어융합학부(한일문화콘텐츠전공), 부산광역시_부산외국어대학교(제1캠퍼스)_영상콘텐츠융합학과, 부산광역시_신라대학교(제1캠퍼스)_K-Culture학과, 부산광역시_신라대학교(제1캠퍼스)_문화콘텐츠학과, 부산광역시_화신사이버대학교(제1캠퍼스)_글로벌교육문화학부, 인천광역시_인천가톨릭대학교(제2캠퍼스)_문화콘텐츠학과, 인천광역시_인천가톨릭대학교(제2캠퍼스)_문화예술콘텐츠학과, 대전광역시_대전대학교(제1캠퍼스)_글로벌문화콘텐츠학전공, 광주광역시_조선대학교(제1캠퍼스)_문화콘텐츠학부, 광주광역시_조선대학교(제1캠퍼스)_문화콘텐츠학부(현대조형미디어전공), 경기도_가톨릭대학교(제1캠퍼스)_문화콘텐츠전공, 경기도_강남대학교(제1캠퍼스)_문화콘텐츠학과, 경기도_강남대학교(제1캠퍼스)_한영문화콘텐츠학과, 경기도_대진대학교(제1캠퍼스)_역사ㆍ문화콘텐츠학과, 경기도_대진대학교(제1캠퍼스)_역사ㆍ문화콘텐츠학부, 경기도_서울신학대학교(제1캠퍼스)_일본어문화콘텐츠학과, 경기도_서울신학대학교(제1캠퍼스)_중국언어문화콘텐츠학과, 경기도_수원대학교(제1캠퍼스)_문화콘텐츠테크놀러지, 경기도_아주대학교(제1캠퍼스)_문화콘텐츠학과, 경기도_용인대학교(제1캠퍼스)_문화콘텐츠학과, 경기도_한신대학교(제1캠퍼스)_한중문화콘텐츠학과, 경기도_한신대학교(제1캠퍼스)_영상문화학전공, 경기도_한양대학교 ERICA캠퍼스(제1캠퍼스)_문화콘텐츠학과, 강원특별자치도_가톨릭관동대학교(제1캠퍼스)_콘텐츠제작전공, 강원특별자치도_가톨릭관동대학교(제1캠퍼스)_콘텐츠제작학과, 강원특별자치도_상지대학교(제1캠퍼스)_문화콘텐츠학과, 충청북도_건국대학교 글로컬캠퍼스(제1캠퍼스)_문화콘텐츠학부, 충청북도_극동대학교(제1캠퍼스)_글로벌문화콘텐츠학과, 충청북도_극동대학교(제1캠퍼스)_K-컬처학부, 충청북도_서원대학교(제1캠퍼스)_웹툰콘텐츠학과, 충청북도_서원대학교(제1캠퍼스)_K-Culture학과, 충청북도_청주대학교(제1캠퍼스)_문화콘텐츠학과, 충청남도_선문대학교(제1캠퍼스)_역사문화콘텐츠학부, 충청남도_선문대학교(제1캠퍼스)_역사문화콘텐츠학과, 충청남도_순천향대학교(제1캠퍼스)_한국문화콘텐츠학과, 전북특별자치도_국립군산대학교(제1캠퍼스)_글로벌융합학부(동북아문화콘텐츠전공), 전북특별자치도_예원예술대학교(제1캠퍼스)_문화예술관광콘텐츠학과, 전북특별자치도_전주대학교(제1캠퍼스)_역사문화콘텐츠학과, 전북특별자치도_전주대학교(제1캠퍼스)_문화콘텐츠학과, 전북특별자치도_전주대학교(제1캠퍼스)_웹툰만화콘텐츠학과, 전북특별자치도_전주대학교(제1캠퍼스)_문화융합콘텐츠학과, 전북특별자치도_호원대학교(제1캠퍼스)_K-콘텐츠제작학과, 전라남도_국립목포대학교(제1캠퍼스)_문화콘텐츠학과, 전라남도_국립목포대학교(제1캠퍼스)_문화콘텐츠학, 전라남도_국립목포대학교(제1캠퍼스)_인문콘텐츠학부, 전라남도_동신대학교(제1캠퍼스)_공연전시기획학과, 전라남도_전남대학교(제2캠퍼스)_문화콘텐츠학부, 경상북도_대구가톨릭대학교(제1캠퍼스)_글로벌문화콘텐츠학과, 경상북도_대구가톨릭대학교(제1캠퍼스)_문화콘텐츠학과, 경상북도_대구대학교(제1캠퍼스)_문화예술학부(문화콘텐츠전공), 경상북도_동국대학교 WISE캠퍼스(제1캠퍼스)_불교문화콘텐츠전공, 경상북도_신경주대학교(제1캠퍼스)_글로벌 K-Culture 학부, 경상북도_위덕대학교(제1캠퍼스)_역사문화콘텐츠학과, 경상남도_경남대학교(제1캠퍼스)_문화콘텐츠학과, 경상남도_인제대학교(제1캠퍼스)_문화콘텐츠학과, 세종특별자치시_고려대학교 세종캠퍼스(제1캠퍼스)_문화콘텐츠전공, 세종특별자치시_고려대학교 세종캠퍼스(제1캠퍼스)_문화유산융합학부","일반 선택: 화법과 언어, 문학, 독서와 작문, 영어 독해와 작문, 세계시민과 지리, 세계사, 사회와 문화, 현대사회와 윤리, 음악, 미술, 연극, 정보, 제2외국어 등 | 진로 선택: 주제 탐구 독서, 문학과 영상, 영미 문학 읽기, 영어 발표와 토론, 동아시아 역사 기행, 정치, 법과 사회, 윤리와 사상, 인문학과 윤리, 미술 감상과 비평, 음악 감상과 비평 등 | 융합 선택: 독서 토론과 글쓰기, 메체 의사소통, 미디어 영어, 세계 문화와 영어, 사회문제 탐구, 음악과 미디어, 미술과 매체, 지식 재산 일반, 소프트웨어와 생활 등","공통과목: 국어, 사회, 생활ㆍ교양 | 일반선택과목: 국어교과 : 화법과 작문, 독서, 언어와 매체, 문학 | 진로선택과목: 실용 국어, 심화 국어, 고전 읽기, 영미 문학 읽기, 여행지리, 사회문제탐구 | 전문교과Ⅰ: 지역 이해, 비교 문화, 세계 문제와 미래 사회, 사회 탐구 방법 및 사회과제 연구 | 전문교과Ⅱ: 마케팅과 광고, 커뮤니케이션, 인간발달, 문화콘텐츠 산업 일반, 빅데이터 분석","게임그래픽전문가, 게임기획전문가, 게임프로그래밍전문가, 멀티미디어콘텐츠제작전문가, 컨벤션기획사",PD
174,물리교육과,"서울특별시_서울대학교(제1캠퍼스)_물리교육과, 부산광역시_부산대학교(제1캠퍼스)_물리교육과, 대구광역시_경북대학교(제1캠퍼스)_물리교육과, 광주광역시_전남대학교(제1캠퍼스)_물리교육과, 광주광역시_조선대학교(제1캠퍼스)_물리교육과, 강원특별자치도_강원대학교(제1캠퍼스)_물리교육전공, 충청북도_충북대학교(제1캠퍼스)_물리교육과, 충청북도_한국교원대학교(제1캠퍼스)_물리교육과, 충청남도_국립공주대학교(제1캠퍼스)_물리교육과, 전라남도_국립순천대학교(제1캠퍼스)_물리교육과, 경상북도_대구대학교(제1캠퍼스)_물리교육과, 경상남도_경상국립대학교(제1캠퍼스)_물리교육과, 제주특별자치도_제주대학교(제1캠퍼스)_물리교육전공","일반 선택: 화법과 언어, 독서와 작문, 문학, 대수, 미적분Ⅰ, 확률과 통계, 영어Ⅰ, 영어Ⅱ, 영어 독해와 작문, 물리학, 화학, 생명과학, 지구과학, 기술·가정, 정보, 생태와 환경 등 | 진로 선택: 주제 탐구 독서, 기하, 미적분Ⅱ, 역학과 에너지, 전자기와 양자, 물질과 에너지, 화학 반응의 세계, 세포와 물질대사, 생물의 유전, 지구시스템과학 등 | 융합 선택: 기후변화와 환경생태, 융합과학 탐구 등","공통과목: 영어, 수학, 과학, 윤리 | 일반선택과목: 과학교과 : 물리학Ⅰ | 진로선택과목: 실용수학, 기하, 물리학Ⅱ, 융합과학 | 전문교과Ⅰ: 심화 수학Ⅰ, 심화 수학Ⅱ, 고급 수학Ⅰ, 고급 수학Ⅱ, 고급 물리학, 물리학 실험, 과학과제 연구",중등학교2급정교사,과학강사
175,물리치료과,"부산광역시_경남정보대학교(제1캠퍼스)_물리치료과, 부산광역시_경남정보대학교(제1캠퍼스)_물리치료학과, 부산광역시_동의과학대학교(제1캠퍼스)_물리치료학과, 부산광역시_동의과학대학교(제1캠퍼스)_물리치료과, 부산광역시_부산보건대학교(제1캠퍼스)_물리치료과, 부산광역시_부산보건대학교(제1캠퍼스)_물리치료학과, 부산광역시_부산보건대학교(제1캠퍼스)_물리치료학과(석사), 대전광역시_대전과학기술대학교(제1캠퍼스)_물리치료과, 대전광역시_대전과학기술대학교(제1캠퍼스)_물리치료학과, 대전광역시_대전보건대학교(제1캠퍼스)_물리치료학과, 대전광역시_대전보건대학교(제1캠퍼스)_물리치료과, 대구광역시_계명문화대학교(제1캠퍼스)_언어치료과, 대구광역시_대구과학대학교(제1캠퍼스)_물리치료과, 대구광역시_대구과학대학교(제1캠퍼스)_물리치료학과, 대구광역시_대구보건대학교(제1캠퍼스)_물리치료학과, 대구광역시_수성대학교(제1캠퍼스)_치료재활과, 대구광역시_영남이공대학교(제1캠퍼스)_물리치료과, 대구광역시_영남이공대학교(제1캠퍼스)_물리치료학과, 울산광역시_울산과학대학교(제1캠퍼스)_물리치료학과, 울산광역시_춘해보건대학교(제1캠퍼스)_물리치료학과, 울산광역시_춘해보건대학교(제1캠퍼스)_물리치료과, 광주광역시_광주보건대학교(제1캠퍼스)_물리치료학과, 광주광역시_동강대학교(제1캠퍼스)_재활보건관리과, 광주광역시_서영대학교(제1캠퍼스)_물리치료학과, 광주광역시_서영대학교(제1캠퍼스)_물리치료과, 광주광역시_조선이공대학교(제1캠퍼스)_운동치료헬스케어학부, 경기도_경복대학교(제1캠퍼스)_물리치료과, 경기도_경복대학교(제1캠퍼스)_물리치료학과, 경기도_동남보건대학교(제1캠퍼스)_물리치료학과, 경기도_동남보건대학교(제1캠퍼스)_물리치료과, 경기도_수원여자대학교(제2캠퍼스)_물리치료학과, 경기도_수원여자대학교(제2캠퍼스)_물리치료과, 경기도_수원여자대학교(제1캠퍼스)_의료재활과, 경기도_신구대학교(제1캠퍼스)_물리치료학과, 경기도_신구대학교(제1캠퍼스)_물리치료과, 경기도_안산대학교(제1캠퍼스)_물리치료학과, 경기도_여주대학교(제1캠퍼스)_물리치료과, 경기도_여주대학교(제1캠퍼스)_물리치료학과, 강원특별자치도_강릉영동대학교(제1캠퍼스)_물리치료학과, 강원특별자치도_강릉영동대학교(제1캠퍼스)_물리치료과, 강원특별자치도_한림성심대학교(제1캠퍼스)_물리치료과, 강원특별자치도_한림성심대학교(제1캠퍼스)_물리치료학과, 충청북도_강동대학교(제1캠퍼스)_물리치료학과, 충청북도_강동대학교(제1캠퍼스)_물리치료학과(학사), 충청북도_강동대학교(제1캠퍼스)_물리치료과, 충청북도_대원대학교(제1캠퍼스)_재활운동과, 충청북도_대원대학교(제1캠퍼스)_물리치료과, 충청북도_충북보건과학대학교(제1캠퍼스)_의료재활학과, 충청북도_충북보건과학대학교(제1캠퍼스)_의료재활과, 충청남도_신성대학교(제1캠퍼스)_물리치료학과, 충청남도_신성대학교(제1캠퍼스)_물리치료과, 전북특별자치도_군장대학교(제1캠퍼스)_물리치료학과, 전북특별자치도_군장대학교(제1캠퍼스)_물리치료과, 전북특별자치도_원광보건대학교(제1캠퍼스)_물리치료학과, 전북특별자치도_원광보건대학교(제1캠퍼스)_물리치료과, 전북특별자치도_전주비전대학교(제1캠퍼스)_물리치료학과, 전라남도_광양보건대학교(제1캠퍼스)_물리치료과, 전라남도_목포과학대학교(제1캠퍼스)_물리치료과, 전라남도_목포과학대학교(제1캠퍼스)_물리치료학과, 전라남도_순천제일대학교(제1캠퍼스)_의료재활과, 전라남도_전남과학대학교(제1캠퍼스)_물리치료학과, 전라남도_전남과학대학교(제1캠퍼스)_물리치료과, 전라남도_전남과학대학교(제1캠퍼스)_대체의학과, 전라남도_청암대학교(제1캠퍼스)_물리치료과, 전라남도_청암대학교(제1캠퍼스)_물리치료학과, 경상북도_경북전문대학교(제1캠퍼스)_물리치료과, 경상북도_경북전문대학교(제1캠퍼스)_물리치료학과, 경상북도_구미대학교(제1캠퍼스)_의료재활학과, 경상북도_구미대학교(제1캠퍼스)_물리치료과, 경상북도_구미대학교(제1캠퍼스)_물리치료학과, 경상북도_구미대학교(제1캠퍼스)_재활운동치료과, 경상북도_선린대학교(제1캠퍼스)_물리치료과, 경상북도_선린대학교(제1캠퍼스)_물리치료학과, 경상북도_안동과학대학교(제1캠퍼스)_물리치료과, 경상북도_안동과학대학교(제1캠퍼스)_물리치료학과, 경상북도_포항대학교(제1캠퍼스)_물리치료과, 경상북도_호산대학교(제1캠퍼스)_물리치료학과, 경상북도_호산대학교(제1캠퍼스)_물리치료과, 경상남도_김해대학교(제1캠퍼스)_물리치료학과, 경상남도_김해대학교(제1캠퍼스)_물리치료과, 경상남도_마산대학교(제1캠퍼스)_물리치료학과, 경상남도_마산대학교(제1캠퍼스)_물리치료과, 경상남도_마산대학교(제1캠퍼스)_재활과, 제주특별자치도_제주한라대학교(제1캠퍼스)_물리치료과","일반 선택: 확률과 통계, 화학, 생명과학, 사회와 문화, 현대사회와 윤리 등 | 진로 선택: 세포와 물질대사, 생물의 유전, 법과 사회, 인공지능기초, 보건 등 | 융합 선택: 생명과학 실험 등","공통과목: 영어, 과학 | 일반선택과목: 영어교과 : 영어Ⅰ, 영어Ⅱ, 영어 독해와 작문 | 진로선택과목: 생명과학Ⅱ, 스포츠 생활, 체육 탐구 | 전문교과Ⅰ: 스포츠 개론, 체조 운동, 개인ㆍ대인 운동 | 전문교과Ⅱ: 인체 구조와 기능, 기초 간호 임상 실무, 보건 간호","물리치료사, 작업치료사",물리치료사
176,물리치료학과,"서울특별시_삼육대학교(제1캠퍼스)_물리치료학과, 부산광역시_경성대학교(제1캠퍼스)_물리치료학과, 부산광역시_동의대학교(제1캠퍼스)_물리치료학과, 부산광역시_부산가톨릭대학교(제1캠퍼스)_물리치료학과, 부산광역시_신라대학교(제1캠퍼스)_물리치료학과, 부산광역시_영산대학교(제2캠퍼스)_물리치료학과, 인천광역시_가천대학교(제2캠퍼스)_물리치료학과, 대전광역시_건양대학교(제2캠퍼스)_물리치료학과, 대전광역시_대전대학교(제1캠퍼스)_물리치료학과, 대전광역시_우송대학교(제1캠퍼스)_물리치료학과, 광주광역시_광주여자대학교(제1캠퍼스)_물리치료학과, 광주광역시_남부대학교(제1캠퍼스)_물리치료학과, 광주광역시_호남대학교(제1캠퍼스)_물리치료학과, 경기도_용인대학교(제1캠퍼스)_물리치료학과, 경기도_을지대학교(제2캠퍼스)_물리치료학과, 강원특별자치도_강원대학교(제2캠퍼스)_물리치료학과, 강원특별자치도_경동대학교(제3캠퍼스)_물리치료학과, 강원특별자치도_상지대학교(제1캠퍼스)_물리치료학과, 강원특별자치도_연세대학교 미래캠퍼스(제1캠퍼스)_물리치료학과, 충청북도_국립한국교통대학교(제2캠퍼스)_물리치료학과, 충청북도_유원대학교(제1캠퍼스)_물리치료학과, 충청북도_청주대학교(제1캠퍼스)_물리치료학과, 충청남도_나사렛대학교(제1캠퍼스)_물리치료학과, 충청남도_남서울대학교(제1캠퍼스)_물리치료학과, 충청남도_단국대학교(제2캠퍼스)_물리치료학과, 충청남도_백석대학교(제1캠퍼스)_물리치료학과, 충청남도_선문대학교(제1캠퍼스)_물리치료학과, 충청남도_중부대학교(제1캠퍼스)_물리치료학과, 충청남도_한서대학교(제1캠퍼스)_물리치료학과, 충청남도_호서대학교(제1캠퍼스)_물리치료학과, 전북특별자치도_우석대학교(제1캠퍼스)_물리치료학과, 전북특별자치도_전주대학교(제1캠퍼스)_물리치료학과, 전북특별자치도_호원대학교(제1캠퍼스)_물리치료학과, 전라남도_동신대학교(제1캠퍼스)_물리치료학과, 전라남도_세한대학교(제1캠퍼스)_물리치료학과, 경상북도_경운대학교(제1캠퍼스)_물리치료학과, 경상북도_김천대학교(제1캠퍼스)_물리치료학과, 경상북도_대구가톨릭대학교(제1캠퍼스)_물리치료학과, 경상북도_대구대학교(제1캠퍼스)_물리치료학과, 경상북도_대구사이버대학교(제1캠퍼스)_행동치료학과, 경상북도_대구한의대학교(제1캠퍼스)_물리치료학과, 경상북도_위덕대학교(제1캠퍼스)_물리치료학과, 경상남도_가야대학교(제1캠퍼스)_물리치료학과, 경상남도_경남대학교(제1캠퍼스)_물리치료학과, 경상남도_인제대학교(제1캠퍼스)_물리치료학과, 경상남도_창신대학교(제1캠퍼스)_물리치료학과","일반 선택: 확률과 통계, 화학, 생명과학, 사회와 문화, 현대사회와 윤리 등 | 진로 선택: 세포와 물질대사, 생물의 유전, 법과 사회, 인공지능기초, 보건 등 | 융합 선택: 생명과학 실험 등","공통과목: 영어, 과학 | 일반선택과목: 영어교과 : 영어Ⅰ, 영어Ⅱ, 영어 독해와 작문 | 진로선택과목: 생명과학Ⅱ, 스포츠 생활, 체육 탐구 | 전문교과Ⅰ: 스포츠 개론, 체조 운동, 개인ㆍ대인 운동, 고급 생명과학, 생명과학 실험, 과학과제 연구 | 전문교과Ⅱ: 인체 구조와 기능, 기초 간호 임상 실무, 보건 간호","물리치료사, 작업치료사",물리치료사
177,물리학과,"서울특별시_건국대학교(제1캠퍼스)_물리학과, 서울특별시_경희대학교(제1캠퍼스)_물리학과, 서울특별시_고려대학교(제1캠퍼스)_물리학과, 서울특별시_동국대학교(제1캠퍼스)_물리학과, 서울특별시_동국대학교(제1캠퍼스)_물리학전공, 서울특별시_서강대학교(제1캠퍼스)_물리학과, 서울특별시_서울대학교(제1캠퍼스)_물리ㆍ천문학부, 서울특별시_서울대학교(제1캠퍼스)_물리ㆍ천문학부(물리학전공), 서울특별시_서울대학교(제1캠퍼스)_물리ㆍ천문학부(천문학전공), 서울특별시_서울시립대학교(제1캠퍼스)_융합전공학부 물리학-나노반도체물리학, 서울특별시_서울시립대학교(제1캠퍼스)_물리학과, 서울특별시_숙명여자대학교(제1캠퍼스)_응용물리전공, 서울특별시_숭실대학교(제1캠퍼스)_물리학과, 서울특별시_연세대학교(제1캠퍼스)_물리학과, 서울특별시_이화여자대학교(제1캠퍼스)_물리학과, 서울특별시_이화여자대학교(제1캠퍼스)_물리학전공, 서울특별시_중앙대학교(제1캠퍼스)_물리학과, 서울특별시_한양대학교(제1캠퍼스)_물리학과, 부산광역시_국립부경대학교(제1캠퍼스)_물리학과, 부산광역시_국립부경대학교(제1캠퍼스)_과학컴퓨팅학과, 부산광역시_부산대학교(제1캠퍼스)_물리학과, 인천광역시_인천대학교(제1캠퍼스)_물리학과, 인천광역시_인하대학교(제1캠퍼스)_물리학과, 대전광역시_충남대학교(제1캠퍼스)_물리학과, 대전광역시_한국과학기술원(제1캠퍼스)_물리학과, 대구광역시_경북대학교(제1캠퍼스)_물리학과, 울산광역시_울산과학기술원(제1캠퍼스)_물리학과, 울산광역시_울산대학교(제1캠퍼스)_물리학전공, 광주광역시_광주과학기술원(제1캠퍼스)_물리ㆍ광과학과, 광주광역시_전남대학교(제1캠퍼스)_물리학과, 광주광역시_조선대학교(제1캠퍼스)_물리학과, 경기도_가천대학교(제1캠퍼스)_물리학과, 경기도_가천대학교(제1캠퍼스)_반도체물리학과, 경기도_가톨릭대학교(제1캠퍼스)_물리학과, 경기도_가톨릭대학교(제1캠퍼스)_물리학전공, 경기도_경희대학교(제2캠퍼스)_응용물리학과, 경기도_명지대학교 자연캠퍼스(제1캠퍼스)_물리학과, 경기도_성균관대학교(제2캠퍼스)_물리학과, 경기도_아주대학교(제1캠퍼스)_물리학과, 경기도_한양대학교 ERICA캠퍼스(제1캠퍼스)_응용물리학과, 경기도_한양대학교 ERICA캠퍼스(제1캠퍼스)_지능정보양자공학전공, 강원특별자치도_강원대학교(제1캠퍼스)_지구물리학전공, 강원특별자치도_강원대학교(제1캠퍼스)_물리학과, 강원특별자치도_강원대학교(제1캠퍼스)_지구물리학과, 강원특별자치도_강원대학교(제1캠퍼스)_지질ㆍ지구물리학부, 강원특별자치도_강원대학교(제1캠퍼스)_반도체물리학과, 강원특별자치도_국립강릉원주대학교(제1캠퍼스)_물리학과, 강원특별자치도_국립강릉원주대학교(제1캠퍼스)_수학물리학부(물리ㆍ에너지전공), 강원특별자치도_연세대학교 미래캠퍼스(제1캠퍼스)_물리학전공, 강원특별자치도_연세대학교 미래캠퍼스(제1캠퍼스)_물리및공학물리학전공, 충청북도_극동대학교(제1캠퍼스)_헬리콥터조종학과, 충청북도_충북대학교(제1캠퍼스)_물리학과, 충청남도_국립공주대학교(제1캠퍼스)_물리학과, 충청남도_국립공주대학교(제1캠퍼스)_데이터정보물리학과, 충청남도_단국대학교(제2캠퍼스)_물리학과, 전북특별자치도_국립군산대학교(제1캠퍼스)_첨단과학기술학부(반도체물리전공), 전북특별자치도_국립군산대학교(제1캠퍼스)_물리학과, 전북특별자치도_전북대학교(제1캠퍼스)_과학학과, 전북특별자치도_전북대학교(제1캠퍼스)_물리학과, 전라남도_국립목포대학교(제1캠퍼스)_물리학과, 전라남도_국립목포대학교(제1캠퍼스)_반도체응용물리학과, 경상북도_국립경국대학교(제1캠퍼스)_물리학과, 경상북도_영남대학교(제1캠퍼스)_물리학과, 경상북도_포항공과대학교(제1캠퍼스)_물리학과, 경상남도_경상국립대학교(제1캠퍼스)_물리전공, 경상남도_경상국립대학교(제1캠퍼스)_물리학과, 경상남도_국립창원대학교(제1캠퍼스)_반도체물리학과, 경상남도_국립창원대학교(제1캠퍼스)_물리학과, 제주특별자치도_제주대학교(제1캠퍼스)_물리학과, 세종특별자치시_고려대학교 세종캠퍼스(제1캠퍼스)_반도체물리전공, 세종특별자치시_고려대학교 세종캠퍼스(제1캠퍼스)_반도체물리학부, 세종특별자치시_고려대학교 세종캠퍼스(제1캠퍼스)_디스플레이ㆍ반도체물리학부","일반 선택: 대수, 미적분Ⅰ,확률과 통계, 물리학, 화학, 지구과학 등 | 진로 선택: 기하, 미적분Ⅱ, 역학과 메너지, 전자기와 양자, 물질과 메너지, 화학반응의 세계 등 | 융합 선택: 수학과제 탐구, 융합과학 탐구 등","공통과목: 과학, 수학, 교양, 정보, 영어 | 일반선택과목: 과학교과 : 물리Ⅰ, 화학Ⅰ, 생명과학Ⅰ, 지구과학Ⅰ | 진로선택과목: 물리학Ⅱ, 융합과학, 과학사, 생활과 과학, 수학과제 탐구, 기하, 경영수학 | 전문교과Ⅰ: 고급물리학, 물리학 실험, 과학과제 연구, 융합과학 탐구, 심화수학Ⅰ, 심화수학Ⅱ, 고급수학Ⅰ, 고급수학Ⅱ, 정보과학 | 전문교과Ⅱ: [출처 : 세종특별자치시교육청, 보인다 시리즈 5.0 - 전공ㆍ적성 개발 길라잡이]","방사선비파괴검사기사, 방사선취급감독자면허, 변리사, 에너지관리기사, 원자력기사",물리학과교수
178,뮤지컬과,"경기도_동아방송예술대학교(제1캠퍼스)_뮤지컬과, 전북특별자치도_군장대학교(제1캠퍼스)_뮤지컬방송연기계열, 전북특별자치도_백제예술대학교(제1캠퍼스)_뮤지컬과","일반 선택: 화법과 언어, 문학, 연극 등 | 진로 선택: 문학과 영상, 연극과 몸, 연극과 말, 연기, 무대 미술과 기술, 연극제작 실습, 연극 감상과 비평 등 | 융합 선택: 매체 의사소통, 연극과 삶, 음악과 미디어, 미술과 매체 등","공통과목: 음악, 윤리 | 일반선택과목: 예술교과 : 음악 | 진로선택과목: 음악 연주, 음악 감상과 비평 | 전문교과Ⅰ: 음악이론, 음악사, 시창ㆍ청음, 음악 전공 실기 | 전문교과Ⅱ: 음악 콘텐츠 제작","무대예술전문인(무대기계,조명,음향)",가수
179,미국학과,"경기도_평택대학교(제1캠퍼스)_미국학과, 경기도_협성대학교(제1캠퍼스)_미주통상ㆍ문화학과","일반 선택: 세계시민과 지리, 세계사, 사회와 문화, 제2외국어 과목 등 | 진로 선택: 동아시아 역사 기행, 정치, 법과 사회, 경제, 국제 관계의 이해 등 | 융합 선택: 기후변화와 지속가능한 세계, 세계 문화와 영어 등","공통과목: 영어, 사회, 생활ㆍ교양 | 일반선택과목: 영어교과 : 영어 회화, 영어Ⅰ, 영어 독해와 작문, 영어Ⅱ | 진로선택과목: 여행지리, 사회문제 탐구, 제2외국어Ⅱ 과목 | 전문교과Ⅰ: 국제 정치, 국제 경제, 국제법, 지역 이해, 비교 문화, 세계 문제와 미래 사회, 국제 관계와 국제기구, 현대 세계의 변화, 사회 탐구 방법 및 사회과제 연구 | 전문교과Ⅱ: 커뮤니케이션, 비즈니스 영어","관광통역안내사, 번역능력인정시험(TCT)영어-한국어, 영어번역능력인정, 외국어, 유치원1급정교사",국제무역사무원
183,미술교육과,"부산광역시_부산교육대학교(제1캠퍼스)_미술교육과, 인천광역시_인하대학교(제1캠퍼스)_미술교육과, 대전광역시_목원대학교(제1캠퍼스)_미술교육과, 대전광역시_한남대학교(제1캠퍼스)_미술교육과, 광주광역시_광주교육대학교(제1캠퍼스)_미술교육과(심화전공), 충청북도_한국교원대학교(제1캠퍼스)_미술교육과, 충청남도_국립공주대학교(제1캠퍼스)_미술교육과, 전북특별자치도_전주교육대학교(제1캠퍼스)_미술교육과(심화전공), 경상남도_경남대학교(제1캠퍼스)_미술교육과, 경상남도_경상국립대학교(제1캠퍼스)_미술교육과, 경상남도_진주교육대학교(제1캠퍼스)_미술교육과(심화전공)","일반 선택: 화법과 언어, 독서와 작문, 문학, 영어Ⅰ, 영어Ⅱ, 영어 독해와 작문, 세계사, 미술 등 | 진로 선택: 주제 탐구 독서, 미술 창작, 미술 감상과 비평, 인간과 심리, 교육의 이해 등 | 융합 선택: 매체 의사소통, 미디어 영어, 세계 문화와 영어, 여행지리, 미술과 매체 등","공통과목: 미술, 윤리 | 일반선택과목: 예술교과 : 미술 | 진로선택과목: 미술 창작, 미술 감상과 비평 | 전문교과Ⅰ: 미술 이론, 미술사, 드로잉, 미술 전공 실기 | 전문교과Ⅱ: 디자인 일반, 시각 디자인, 색체 관리",중등학교2급정교사,교재및교구개발자
184,미술학과,"서울특별시_경희대학교(제1캠퍼스)_미술학부, 서울특별시_국민대학교(제1캠퍼스)_입체미술전공, 서울특별시_덕성여자대학교(제1캠퍼스)_미술사학과, 서울특별시_동국대학교(제1캠퍼스)_미술학부, 서울특별시_동국대학교(제1캠퍼스)_불교미술전공, 서울특별시_동덕여자대학교(제1캠퍼스)_미술학부, 서울특별시_명지대학교 인문캠퍼스(제2캠퍼스)_미술사학과, 서울특별시_명지대학교 인문캠퍼스(제2캠퍼스)_미용예술학과, 서울특별시_서경대학교(제1캠퍼스)_미용예술학과, 서울특별시_서울대학교(제1캠퍼스)_미학과, 서울특별시_성균관대학교(제1캠퍼스)_미술학과, 서울특별시_추계예술대학교(제1캠퍼스)_미술창작학부, 서울특별시_한국예술종합학교(제1캠퍼스)_미술이론과, 서울특별시_홍익대학교(제1캠퍼스)_미술대학 자율전공, 부산광역시_경성대학교(제1캠퍼스)_미술학과, 부산광역시_동아대학교(제1캠퍼스)_미술학과, 부산광역시_동아대학교(제1캠퍼스)_미술학과 현대미술전공, 부산광역시_동의대학교(제1캠퍼스)_미술학과, 부산광역시_부산대학교(제1캠퍼스)_미술학과, 부산광역시_신라대학교(제1캠퍼스)_미술학과, 부산광역시_신라대학교(제1캠퍼스)_현대미술학전공, 대전광역시_목원대학교(제1캠퍼스)_미술학부, 대구광역시_경북대학교(제1캠퍼스)_미술학과(한국화전공, 서양화전공, 조소전공, 조형예술이론전공), 울산광역시_울산대학교(제1캠퍼스)_예술학부(미술계열트랙), 울산광역시_울산대학교(제1캠퍼스)_미술학부, 광주광역시_송원대학교(제1캠퍼스)_미용예술학과, 광주광역시_전남대학교(제1캠퍼스)_미술학과, 광주광역시_호남대학교(제1캠퍼스)_미술학과, 경기도_경기대학교(제1캠퍼스)_FineArts학부, 경기도_경기대학교(제1캠퍼스)_서예ㆍ문자예술학과, 경기도_경기대학교(제1캠퍼스)_서양화ㆍ미술경영학과, 경기도_중앙대학교(제2캠퍼스)_미술학부, 강원특별자치도_강원대학교(제1캠퍼스)_미술학과, 강원특별자치도_국립강릉원주대학교(제1캠퍼스)_미술학과, 충청북도_서원대학교(제1캠퍼스)_미술학과, 충청북도_충북대학교(제1캠퍼스)_미술과, 충청남도_단국대학교(제2캠퍼스)_미술학부, 전북특별자치도_국립군산대학교(제1캠퍼스)_미술학과, 전북특별자치도_예원예술대학교(제1캠퍼스)_미술조형전공, 전북특별자치도_원광대학교(제1캠퍼스)_미술과, 전북특별자치도_전북대학교(제1캠퍼스)_미술학과, 전북특별자치도_전주대학교(제1캠퍼스)_미래기술융합공학과, 전라남도_국립목포대학교(제1캠퍼스)_미술학과, 경상북도_국립경국대학교(제1캠퍼스)_미술학전공, 경상북도_국립경국대학교(제1캠퍼스)_미술학과, 경상북도_대구대학교(제1캠퍼스)_융합예술학부(현대미술전공), 경상북도_동국대학교 WISE캠퍼스(제1캠퍼스)_미술학과, 경상북도_영남대학교(제1캠퍼스)_미술학부, 경상북도_영남대학교(제1캠퍼스)_트랜스아트과, 경상남도_국립창원대학교(제1캠퍼스)_미술학과, 경상남도_창신대학교(제1캠퍼스)_미용예술학과, 제주특별자치도_제주대학교(제1캠퍼스)_미술학과","일반 선택: 화법과 언어, 독서와 작문, 문학, 영어 Ⅰ, 영어Ⅱ, 영어 독해와 작문, 세계사, 미술 등 | 진로 선택: 주제 탐구 독서, 문학과 영상, 미술 창작, 미술 감상과 비평, 인간과 철학, 인간과 심리 등 | 융합 선택: 매체 의사소통, 미디어 영어, 세계 문화와 영어, 여행지리, 미술과 매체 등","공통과목: 미술, 윤리 | 일반선택과목: 예술교과 : 미술 | 진로선택과목: 미술 창작, 미술 감상과 비평 | 전문교과Ⅰ: 미술 이론, 미술사, 드로잉 미술 전공 실기 | 전문교과Ⅱ: 디자인 일반, 시각디자인, 색체 관리",박물관및미술관준학예사,문화재보존원
186,미용과,"서울특별시_명지전문대학(제1캠퍼스)_뷰티매니지먼트과 헤어디자인전공, 서울특별시_삼육보건대학교(제1캠퍼스)_뷰티융합과(뷰티헤어전공), 서울특별시_정화예술대학교(제1캠퍼스)_뷰티이용전공, 서울특별시_정화예술대학교(제1캠퍼스)_미용전공, 부산광역시_경남정보대학교(제1캠퍼스)_헤어디자인과(P-TECH), 부산광역시_경남정보대학교(제1캠퍼스)_헤어디자인과, 부산광역시_경남정보대학교(제1캠퍼스)_미용학과, 부산광역시_대동대학교(제1캠퍼스)_뷰티헤어디자인과, 부산광역시_대동대학교(제1캠퍼스)_헤어디자인과, 부산광역시_대동대학교(제1캠퍼스)_토탈미용과, 부산광역시_동의과학대학교(제1캠퍼스)_스마트뷰티케어과, 부산광역시_동의과학대학교(제1캠퍼스)_헤어디자인과, 부산광역시_동의과학대학교(제1캠퍼스)_헤어뷰티과, 부산광역시_부산과학기술대학교(제1캠퍼스)_헤어&펫뷰티과, 부산광역시_부산과학기술대학교(제1캠퍼스)_미용과, 부산광역시_부산과학기술대학교(제1캠퍼스)_펫&헤어뷰티과, 부산광역시_부산보건대학교(제1캠퍼스)_미용계열(3년제), 부산광역시_부산보건대학교(제1캠퍼스)_미용계열, 부산광역시_부산여자대학교(제1캠퍼스)_미용과, 인천광역시_경인여자대학교(제1캠퍼스)_I Belle 헤어뷰티학과, 인천광역시_경인여자대학교(제1캠퍼스)_I Belle 헤어뷰티과, 인천광역시_경인여자대학교(제1캠퍼스)_헤어뷰티학과, 대전광역시_대전과학기술대학교(제1캠퍼스)_헤어디자인전공, 대구광역시_계명문화대학교(제1캠퍼스)_헤어디자인과, 대구광역시_계명문화대학교(제1캠퍼스)_헤어디자인학과, 대구광역시_대구공업대학교(제1캠퍼스)_헤어디자인과, 대구광역시_대구과학대학교(제1캠퍼스)_헤어디자인과, 대구광역시_영남이공대학교(제1캠퍼스)_뷰티스쿨 박승철헤어전공, 대구광역시_영남이공대학교(제1캠퍼스)_박승철헤어과, 광주광역시_동강대학교(제1캠퍼스)_뷰티미용과, 광주광역시_서영대학교(제1캠퍼스)_뷰티미용과, 광주광역시_서영대학교(제1캠퍼스)_뷰티미용학과, 경기도_경복대학교(제1캠퍼스)_준오헤어디자인과, 경기도_경복대학교(제1캠퍼스)_의료미용학과(1년제), 경기도_경복대학교(제1캠퍼스)_의료미용과, 경기도_국제대학교(제1캠퍼스)_헤어디자인과, 경기도_김포대학교(제1캠퍼스)_보그헤어과, 경기도_김포대학교(제1캠퍼스)_뷰티아트과(헤어전공), 경기도_동서울대학교(제1캠퍼스)_헤어디자인전공, 경기도_동원대학교(제1캠퍼스)_의료미용과, 경기도_동원대학교(제1캠퍼스)_헤어뷰티과, 경기도_부천대학교(제1캠퍼스)_뷰티케어과 헤어디자인전공, 경기도_수원여자대학교(제1캠퍼스)_미용예술과 헤어미용전공, 경기도_수원여자대학교(제1캠퍼스)_미용예술과 메이크업미용전공, 경기도_신구대학교(제1캠퍼스)_헤어디자인전공, 경기도_신안산대학교(제1캠퍼스)_헤어디자인전공, 경기도_안산대학교(제1캠퍼스)_의료미용과, 경기도_여주대학교(제1캠퍼스)_의료약손미용과, 경기도_연성대학교(제1캠퍼스)_뷰티스타일리스트과 헤어디자인전공, 경기도_오산대학교(제1캠퍼스)_준오헤어시그니처과, 경기도_오산대학교(제1캠퍼스)_뷰티코스메틱계열(헤어전공), 경기도_유한대학교(제1캠퍼스)_의료뷰티학과, 강원특별자치도_강릉영동대학교(제1캠퍼스)_미용예술과, 강원특별자치도_강릉영동대학교(제1캠퍼스)_뷰티미용과, 강원특별자치도_송곡대학교(제1캠퍼스)_K-뷰티보건학과, 충청북도_강동대학교(제1캠퍼스)_뷰티미용과, 충청북도_강동대학교(제1캠퍼스)_헤어뷰티케어과, 충청북도_충청대학교(제1캠퍼스)_미용예술과, 충청북도_충청대학교(제1캠퍼스)_의료미용과, 충청북도_충청대학교(제1캠퍼스)_의료미용학과(1년제), 충청남도_신성대학교(제1캠퍼스)_뷰티헤어디자인과, 충청남도_신성대학교(제1캠퍼스)_준오헤어디자인과, 전북특별자치도_원광보건대학교(제1캠퍼스)_미용피부테라피과, 전북특별자치도_원광보건대학교(제1캠퍼스)_미용피부관리과, 전북특별자치도_전주비전대학교(제1캠퍼스)_미용건강과, 전북특별자치도_전주비전대학교(제1캠퍼스)_미용건강학과, 전라남도_목포과학대학교(제1캠퍼스)_뷰티미용과(예체능), 전라남도_순천제일대학교(제1캠퍼스)_토탈뷰티미용과, 전라남도_전남과학대학교(제1캠퍼스)_뷰티미용과, 전라남도_전남과학대학교(제1캠퍼스)_뷰티미용학과, 전라남도_청암대학교(제1캠퍼스)_뷰티미용과, 경상북도_구미대학교(제1캠퍼스)_의료미용학과, 경상북도_구미대학교(제1캠퍼스)_헤어뷰티디자인과, 경상북도_호산대학교(제1캠퍼스)_뷰티스마트케어과, 경상남도_동원과학기술대학교(제1캠퍼스)_헤어디자인과, 경상남도_창원문성대학교(제1캠퍼스)_미용예술과","일반 선택: 독서와 작문, 문학, 대수, 확률과 통계, 영어Ⅰ, 영어Ⅱ, 영어 독해오작문, 미술, 정보 등 | 진로 선택: 주제 탐구 독서, 문학과 영상, 미술 창작, 미술 감상과 비평, 인간과 심리 등 | 융합 선택: 매체 의사소통, 미디어 영어, 세계 문화와 영어, 여행지리, 사회문제 탐구, 미술과 매체 등","공통과목: 미술, 윤리 | 일반선택과목: 예술교과 : 미술 | 진로선택과목: 미술 창작, 미술 감상과 비평 | 전문교과Ⅰ: 미술 이론, 미술사, 드로잉 미술 전공 실기 | 전문교과Ⅱ: 디자인 일반, 시각디자인, 색체 관리","미용사(일반), 미용사(피부)",메이크업아티스트
10153,반도체과,"서울특별시_동양미래대학교(제1캠퍼스)_반도체전자과, 서울특별시_동양미래대학교(제1캠퍼스)_반도체전자공학과, 부산광역시_경남정보대학교(제1캠퍼스)_반도체과, 부산광역시_동의과학대학교(제1캠퍼스)_반도체과, 부산광역시_한국폴리텍 VII 대학 부산캠퍼스(제1캠퍼스)_반도체시스템과, 인천광역시_한국폴리텍 II 대학 인천캠퍼스(제1캠퍼스)_반도체전자과, 인천광역시_한국폴리텍 II 대학 인천캠퍼스(제1캠퍼스)_반도체공정과, 인천광역시_한국폴리텍 II 대학 인천캠퍼스(제1캠퍼스)_반도체시스템과, 대전광역시_대덕대학교(제1캠퍼스)_반도체과, 대전광역시_한국폴리텍 IV 대학 대전캠퍼스(제1캠퍼스)_반도체장비제어과, 대전광역시_한국폴리텍 IV 대학 대전캠퍼스(제1캠퍼스)_반도체융합기계과, 대구광역시_대구과학대학교(제1캠퍼스)_반도체전자과, 대구광역시_대구과학대학교(제1캠퍼스)_반도체전공, 대구광역시_영남이공대학교(제1캠퍼스)_ICT반도체전자계열, 대구광역시_영진전문대학교(제1캠퍼스)_반도체전자계열, 대구광역시_한국폴리텍 VI 대학 대구캠퍼스(제1캠퍼스)_그린반도체시스템과, 울산광역시_울산과학대학교(제2캠퍼스)_반도체공학과, 광주광역시_조선이공대학교(제1캠퍼스)_반도체과, 경기도_국제대학교(제1캠퍼스)_반도체제조운용학과, 경기도_국제대학교(제1캠퍼스)_반도체자동화설비학과, 경기도_국제대학교(제1캠퍼스)_반도체설비자동화과, 경기도_대림대학교(제1캠퍼스)_반도체과, 경기도_대림대학교(제1캠퍼스)_반도체학과, 경기도_두원공과대학교(제2캠퍼스)_반도체디스플레이과, 경기도_두원공과대학교(제1캠퍼스)_반도체과, 경기도_두원공과대학교(제1캠퍼스)_스마트반도체학과, 경기도_두원공과대학교(제1캠퍼스)_반도체과(2년제), 경기도_수원과학대학교(제1캠퍼스)_반도체시스템과, 경기도_여주대학교(제1캠퍼스)_반도체시스템과, 경기도_오산대학교(제1캠퍼스)_AI반도체과, 경기도_오산대학교(제1캠퍼스)_반도체장비과, 경기도_오산대학교(제1캠퍼스)_AI반도체계열, 경기도_용인예술과학대학교(제1캠퍼스)_반도체클러스터과, 경기도_용인예술과학대학교(제1캠퍼스)_반도체과, 경기도_한국폴리텍 I 대학 성남캠퍼스(제1캠퍼스)_반도체소재응용과, 경기도_한국폴리텍 I 대학 성남캠퍼스(제1캠퍼스)_그린반도체설계과, 경기도_한국폴리텍 I 대학 성남캠퍼스(제1캠퍼스)_반도체공정과, 경기도_한국폴리텍 특성화대학 반도체융합캠퍼스(제1캠퍼스)_반도체공정장비과, 경기도_한국폴리텍 특성화대학 반도체융합캠퍼스(제1캠퍼스)_반도체융합SW과, 경기도_한국폴리텍 특성화대학 반도체융합캠퍼스(제1캠퍼스)_반도체전기시스템과, 경기도_한국폴리텍 특성화대학 반도체융합캠퍼스(제1캠퍼스)_반도체테스트과, 경기도_한국폴리텍 특성화대학 반도체융합캠퍼스(제1캠퍼스)_반도체전기과, 경기도_한국폴리텍 특성화대학 반도체융합캠퍼스(제1캠퍼스)_반도체설계과, 경기도_한국폴리텍 특성화대학 반도체융합캠퍼스(제1캠퍼스)_반도체장비설계과, 경기도_한국폴리텍 특성화대학 반도체융합캠퍼스(제1캠퍼스)_반도체장비개발과, 충청북도_충북도립대학교(제1캠퍼스)_반도체전자전공, 충청북도_충북도립대학교(제1캠퍼스)_반도체전자과, 충청북도_충청대학교(제1캠퍼스)_반도체전자과, 충청북도_한국폴리텍 IV 대학 청주캠퍼스(제1캠퍼스)_반도체공정과, 충청북도_한국폴리텍 IV 대학 청주캠퍼스(제1캠퍼스)_반도체시스템과, 충청북도_한국폴리텍 IV 대학 청주캠퍼스(제1캠퍼스)_반도체시스템과(ICT융합전자), 충청남도_한국폴리텍 IV 대학 아산캠퍼스(제1캠퍼스)_반도체응용설계과, 충청남도_한국폴리텍 IV 대학 아산캠퍼스(제1캠퍼스)_반도체기계과, 충청남도_한국폴리텍 IV 대학 아산캠퍼스(제1캠퍼스)_반도체장비과, 충청남도_한국폴리텍 IV 대학 아산캠퍼스(제1캠퍼스)_반도체패키징공학과, 충청남도_한국폴리텍 IV 대학 아산캠퍼스(제1캠퍼스)_반도체디스플레이과, 경상북도_구미대학교(제1캠퍼스)_반도체전자통신공학부","일반 선택: 대수, 미적분Ⅰ,확률과 통계, 물리학, 화학, 생명과학, 정보 등 | 진로 선택: 기하, 미적분Ⅱ, 역학과 에너지, 전자기와 양자, 물질과 에너지, 화학 반응의 세계, 세포와 물질대사,생물의 유전 등 | 융합 선택: 융합과학 탐구 등","공통과목: 수학, 영어, 과학, 기술ㆍ가정 | 일반선택과목: 수학교과 : 수학ⅠㆍⅡ, 미적분, 확률과 통계 | 진로선택과목: 기하, 수학 과제 탐구, 영어권 문화, 물리학Ⅱ, 화학Ⅱ, 공학일반 | 전문교과Ⅰ: 심화수학ⅠㆍⅡ, 고급 수학ⅠㆍⅡ, 고급 물리학, 물리학 실험, 고급 화학, 화학 실험, 정보과학, 융합과학탐구, 과학과제연구 | 전문교과Ⅱ: 공업 일반, 반도체 개발, 프로그래밍, 자료구조","SMT산업기사, 반도체설계산업기사, 반도체장비유지보수기능사, 산업안전산업기사, 전자회로설계산업기사",로봇공학자
195,반도체학과,"서울특별시_고려대학교(제1캠퍼스)_반도체공학과, 서울특별시_동국대학교(제1캠퍼스)_물리반도체과학부, 서울특별시_동국대학교(제1캠퍼스)_시스템반도체학부, 서울특별시_동국대학교(제1캠퍼스)_반도체과학전공, 서울특별시_서울과학기술대학교(제1캠퍼스)_지능형반도체공학과, 서울특별시_서울시립대학교(제1캠퍼스)_첨단융합학부 지능형반도체전공, 서울특별시_숭실대학교(제1캠퍼스)_차세대반도체학과, 서울특별시_연세대학교(제1캠퍼스)_지능형반도체전공, 서울특별시_이화여자대학교(제1캠퍼스)_지능형반도체공학전공, 서울특별시_한양대학교(제1캠퍼스)_반도체공학과, 서울특별시_한양사이버대학교(제1캠퍼스)_반도체공학과, 부산광역시_국립부경대학교(제1캠퍼스)_차세대반도체공학전공, 부산광역시_국립부경대학교(제1캠퍼스)_디스플레이반도체공학전공, 부산광역시_동아대학교(제1캠퍼스)_반도체학과, 인천광역시_인천대학교(제1캠퍼스)_반도체융합전공, 대전광역시_국립한밭대학교(제1캠퍼스)_반도체시스템공학과, 대전광역시_대전대학교(제1캠퍼스)_반도체공학과, 대전광역시_충남대학교(제1캠퍼스)_반도체융합학과, 대구광역시_대구경북과학기술원(제1캠퍼스)_반도체공학과, 울산광역시_울산과학기술원(제1캠퍼스)_반도체공학과, 울산광역시_울산대학교(제1캠퍼스)_나노반도체공학전공, 광주광역시_광주과학기술원(제1캠퍼스)_반도체공학과, 광주광역시_조선대학교(제1캠퍼스)_반도체화학과, 경기도_가천대학교(제1캠퍼스)_반도체설계학과, 경기도_가천대학교(제1캠퍼스)_반도체대학, 경기도_가천대학교(제1캠퍼스)_반도체공학부(반도체ㆍ디스플레이전공), 경기도_가천대학교(제1캠퍼스)_시스템반도체학과, 경기도_가천대학교(제1캠퍼스)_반도체ㆍ디스플레이학과, 경기도_가천대학교(제1캠퍼스)_반도체공학부(반도체설계전공), 경기도_단국대학교(제1캠퍼스)_융합반도체공학과, 경기도_대진대학교(제1캠퍼스)_반도체융합공학과, 경기도_명지대학교 자연캠퍼스(제1캠퍼스)_반도체공학부, 경기도_삼성전자공과대학교(제1캠퍼스)_반도체공학과, 경기도_성균관대학교(제2캠퍼스)_반도체융합공학과, 경기도_수원대학교(제1캠퍼스)_반도체공학과, 경기도_아주대학교(제1캠퍼스)_지능형반도체공학과, 경기도_평택대학교(제1캠퍼스)_반도체디스플레이장비운영학과, 경기도_평택대학교(제1캠퍼스)_반도체엔지니어링학과, 경기도_평택대학교(제1캠퍼스)_지능형반도체학과, 경기도_한경국립대학교(제2캠퍼스)_AI반도체융합학부, 경기도_한경국립대학교(제2캠퍼스)_AI반도체융합전공, 경기도_한국공학대학교(제1캠퍼스)_반도체공학부(반도체시스템전공), 경기도_한국공학대학교(제1캠퍼스)_반도체공학부, 경기도_한국공학대학교(제1캠퍼스)_IT반도체융합 자율전공, 경기도_한양대학교 ERICA캠퍼스(제1캠퍼스)_반도체ㆍ디스플레이공학전공, 강원특별자치도_상지대학교(제1캠퍼스)_반도체ㆍ에너지공학과, 강원특별자치도_연세대학교 미래캠퍼스(제1캠퍼스)_AI반도체학전공, 강원특별자치도_연세대학교 미래캠퍼스(제1캠퍼스)_AI반도체학부, 강원특별자치도_한림대학교(제1캠퍼스)_반도체전공, 강원특별자치도_한림대학교(제1캠퍼스)_반도체ㆍ디스플레이스쿨, 충청북도_극동대학교(제1캠퍼스)_반도체협약학과, 충청북도_극동대학교(제1캠퍼스)_반도체장비공학과, 충청북도_중원대학교(제1캠퍼스)_반도체융합학과, 충청북도_중원대학교(제1캠퍼스)_반도체공학과, 충청북도_청주대학교(제1캠퍼스)_반도체공학과, 충청북도_충북대학교(제1캠퍼스)_반도체공학부, 충청남도_건양대학교(제1캠퍼스)_반도체공학과, 충청남도_선문대학교(제1캠퍼스)_디스플레이반도체공학과, 충청남도_선문대학교(제1캠퍼스)_반도체소재공학과, 충청남도_유원대학교(제2캠퍼스)_반도체디스플레이전공, 충청남도_유원대학교(제2캠퍼스)_반도체디스플레이학과, 충청남도_호서대학교(제1캠퍼스)_반도체공학과, 전북특별자치도_원광대학교(제1캠퍼스)_반도체ㆍ디스플레이학부, 전북특별자치도_전북대학교(제1캠퍼스)_반도체과학기술학과, 전라남도_국립목포대학교(제1캠퍼스)_반도체공학과, 경상북도_경운대학교(제1캠퍼스)_반도체학과, 경상북도_국립금오공과대학교(제1캠퍼스)_반도체시스템전공, 경상북도_영남대학교(제1캠퍼스)_차세대반도체학과, 경상북도_포항공과대학교(제1캠퍼스)_반도체공학과, 경상남도_경상국립대학교(제1캠퍼스)_반도체공학과, 세종특별자치시_고려대학교 세종캠퍼스(제1캠퍼스)_지능형반도체공학과","일반 선택: 대수, 미적분Ⅰ,확률과 통계, 물리학, 화학, 생명과학, 정보 등 | 진로 선택: 기하, 미적분Ⅱ, 역학과 에너지, 전자기와 양자, 물질과 에너지, 화학 반응의 세계, 세포와 물질대사,생물의 유전 등 | 융합 선택: 융합과학 탐구 등","공통과목: 수학, 영어, 과학, 기술ㆍ가정 | 일반선택과목: 수학교과 : 수학ⅠㆍⅡ, 미적분, 확률과 통계 | 진로선택과목: 기하, 수학과제 탐구, 영어권 문화, 물리학Ⅱ, 화학Ⅱ, 공학 일반 | 전문교과Ⅰ: 심화수학ⅠㆍⅡ, 고급 수학ⅠㆍⅡ, 고급 물리학, 물리학 실험, 고급 화학, 화학 실험, 정보과학, 융합과학탐구, 과학과제연구 | 전문교과Ⅱ: 공업 일반, 반도체 개발, 프로그래밍, 자료구조","반도체설계기사, 세라믹기술사, 전기기사, 전자기사",로봇공학자
196,방사선과,"부산광역시_동의과학대학교(제1캠퍼스)_방사선학과, 부산광역시_동의과학대학교(제1캠퍼스)_방사선과, 대전광역시_대전보건대학교(제1캠퍼스)_방사선학과, 대전광역시_대전보건대학교(제1캠퍼스)_방사선의과학대학-특수의료장비진단ㆍ치료향상, 대전광역시_대전보건대학교(제1캠퍼스)_방사선과, 대구광역시_대구보건대학교(제1캠퍼스)_방사선학과, 대구광역시_수성대학교(제1캠퍼스)_방사선과, 울산광역시_춘해보건대학교(제1캠퍼스)_방사선과, 울산광역시_춘해보건대학교(제1캠퍼스)_방사선학과, 광주광역시_광주보건대학교(제1캠퍼스)_방사선학과, 광주광역시_동강대학교(제1캠퍼스)_방사선학과, 광주광역시_동강대학교(제1캠퍼스)_방사선과, 경기도_동남보건대학교(제1캠퍼스)_방사선과, 경기도_동남보건대학교(제1캠퍼스)_방사선학과, 경기도_신구대학교(제1캠퍼스)_방사선과, 경기도_신구대학교(제1캠퍼스)_방사선학과, 경기도_안산대학교(제1캠퍼스)_방사선과, 경기도_안산대학교(제1캠퍼스)_방사선학과, 강원특별자치도_송호대학교(제1캠퍼스)_방사선학과, 강원특별자치도_송호대학교(제1캠퍼스)_방사선과, 강원특별자치도_한림성심대학교(제1캠퍼스)_방사선과, 강원특별자치도_한림성심대학교(제1캠퍼스)_방사선학과, 충청북도_대원대학교(제1캠퍼스)_방사선과, 충청북도_대원대학교(제1캠퍼스)_방사선학과, 충청북도_충북보건과학대학교(제1캠퍼스)_방사선학과, 충청북도_충북보건과학대학교(제1캠퍼스)_방사선과, 충청남도_백석문화대학교(제1캠퍼스)_방사선과, 전북특별자치도_원광보건대학교(제1캠퍼스)_방사선과, 전북특별자치도_원광보건대학교(제1캠퍼스)_방사선학과, 전북특별자치도_전주비전대학교(제1캠퍼스)_방사선과, 전라남도_광양보건대학교(제1캠퍼스)_방사선과, 전라남도_목포과학대학교(제1캠퍼스)_방사선과, 경상북도_선린대학교(제1캠퍼스)_방사선학과, 경상북도_선린대학교(제1캠퍼스)_방사선과, 경상북도_호산대학교(제1캠퍼스)_방사선과, 경상남도_마산대학교(제1캠퍼스)_방사선학과, 경상남도_마산대학교(제1캠퍼스)_방사선과, 제주특별자치도_제주한라대학교(제1캠퍼스)_방사선과","일반 선택: 확률과 통계, 화학, 생명과학, 현대사회와 윤리 등 | 진로 선택: 물질과 에너지, 화학 반응의 세계, 세포와 물질대사, 생물의 유전,법과 사회, 보건 등 | 융합 선택: 화학 실험, 생명과학 실험 등","공통과목: 영어, 과학 | 일반선택과목: 영어교과 : 영어Ⅰ, 영어Ⅱ, 영어 독해와 작문 | 진로선택과목: 화학Ⅱ, 생명과학Ⅱ | 전문교과Ⅰ: 고급화학 및 고급 생명과학, 화학실험 및 생명과학실험, 과학과제 연구 | 전문교과Ⅱ: 인체 구조와 기능, 기초 간호 임상 실무, 보건 간호","방사선사면허, 방사선취급감독자면허",방사선사
10012,방사선학과,"서울특별시_고려대학교(제1캠퍼스)_방사선학과, 부산광역시_동서대학교(제1캠퍼스)_방사선학과, 부산광역시_동의대학교(제1캠퍼스)_방사선학과, 부산광역시_부산가톨릭대학교(제1캠퍼스)_방사선학과, 인천광역시_가천대학교(제2캠퍼스)_방사선학과, 대전광역시_건양대학교(제2캠퍼스)_방사선학과, 광주광역시_남부대학교(제1캠퍼스)_방사선학과, 경기도_신한대학교(제2캠퍼스)_방사선학과, 경기도_을지대학교(제2캠퍼스)_방사선학과, 강원특별자치도_강원대학교(제2캠퍼스)_방사선학과, 강원특별자치도_연세대학교 미래캠퍼스(제1캠퍼스)_방사선학과, 충청북도_극동대학교(제1캠퍼스)_방사선학과, 충청북도_청주대학교(제1캠퍼스)_방사선학과, 충청남도_한서대학교(제1캠퍼스)_방사선학과, 전북특별자치도_전주대학교(제1캠퍼스)_방사선학과, 전라남도_동신대학교(제1캠퍼스)_방사선학과, 경상북도_김천대학교(제1캠퍼스)_방사선학과, 경상북도_대구가톨릭대학교(제1캠퍼스)_방사선학과, 경상북도_신경주대학교(제1캠퍼스)_방사선학과, 경상남도_가야대학교(제1캠퍼스)_방사선학과, 경상남도_인제대학교(제1캠퍼스)_방사선화학과, 경상남도_인제대학교(제1캠퍼스)_방사선학과","일반 선택: 확률과 통계, 화학, 생명과학, 현대사회와 윤리 등 | 진로 선택: 물질과 에너지, 화학 반응의 세계, 세포와 물질대사, 생물의 유전,법과 사회, 보건 등 | 융합 선택: 화학 실험, 생명과학 실험 등","공통과목: 영어, 과학 | 일반선택과목: 영어교과 : 영어Ⅰ, 영어Ⅱ, 영어 독해와 작문 | 진로선택과목: 화학Ⅱ, 생명과학Ⅱ | 전문교과Ⅰ: 고급화학 및 고급 생명과학, 화학실험 및 생명과학실험, 과학과제 연구 | 전문교과Ⅱ: 인체 구조와 기능, 기초 간호 임상 실무, 보건 간호","방사선사면허, 방사선취급감독자면허",방사선관련연구원
354,방송연예과,"서울특별시_인덕대학교(제1캠퍼스)_방송연예과, 대구광역시_대구과학대학교(제1캠퍼스)_방송예술대학","일반 선택: 화법과 언어, 문학, 연극 등 | 진로 선택: 문학과 영상, 연극과 몸, 연극과 말, 연기, 무대 미술과 기술, 연극제작 실습, 연극 감상과 비평 등 | 융합 선택: 매체 의사소통, 연극과 삶, 음악과 미디어, 미술과 매체 등","공통과목: 음악, 윤리 | 일반선택과목: 예술교과 : 음악 | 진로선택과목: 음악 연주, 음악 감상과 비평 | 전문교과Ⅰ: 음악이론, 음악사, 시창ㆍ청음, 음악 전공 실기 | 전문교과Ⅱ: 음악 콘텐츠 제작","멀티미디어콘텐츠제작전문가, 무대예술전문인(무대기계,조명,음향), 방송통신산업기사, 영사산업기사",가수
199,방송영상과,"서울특별시_백석예술대학교(제1캠퍼스)_영상학부, 서울특별시_정화예술대학교(제2캠퍼스)_방송ㆍ영상학부, 부산광역시_경남정보대학교(제2캠퍼스)_방송영상학과, 부산광역시_부산경상대학교(제1캠퍼스)_방송영상연예과, 부산광역시_부산경상대학교(제1캠퍼스)_방송연예영상계열, 부산광역시_부산과학기술대학교(제1캠퍼스)_버추얼테크니션과, 인천광역시_경인여자대학교(제1캠퍼스)_영상방송학과, 인천광역시_경인여자대학교(제1캠퍼스)_영상방송과, 대구광역시_대구과학대학교(제1캠퍼스)_방송영상제작과, 경기도_대림대학교(제1캠퍼스)_방송음향영상과, 경기도_대림대학교(제1캠퍼스)_방송음향영상학부, 경기도_대림대학교(제1캠퍼스)_방송음향영상학과, 경기도_동아방송예술대학교(제1캠퍼스)_방송기술계열(예체능), 경기도_동아방송예술대학교(제1캠퍼스)_방송기술계열 방송음향기술 전공, 경기도_동원대학교(제1캠퍼스)_유튜브방송과, 경기도_두원공과대학교(제2캠퍼스)_방송영상학부 영상편집전공, 경기도_두원공과대학교(제2캠퍼스)_방송영상제작전공(3년제), 경기도_두원공과대학교(제2캠퍼스)_방송영상학부, 경기도_두원공과대학교(제2캠퍼스)_방송영상과, 경기도_두원공과대학교(제2캠퍼스)_방송영상학부 영상제작전공, 경기도_서울예술대학교(제1캠퍼스)_방송영상전공, 경기도_유한대학교(제1캠퍼스)_ICT융합과 유비쿼터스영상보안전공, 경기도_유한대학교(제1캠퍼스)_방송미디어학과 방송영상전공, 경기도_한국폴리텍 특성화대학 반도체융합캠퍼스(제1캠퍼스)_영상그래픽과, 강원특별자치도_강릉영동대학교(제1캠퍼스)_디지털영상광고과, 충청북도_강동대학교(제1캠퍼스)_방송영상과, 충청남도_백석문화대학교(제1캠퍼스)_방송광고영상학부, 충청남도_한국폴리텍 IV 대학 아산캠퍼스(제1캠퍼스)_방송영상과, 전북특별자치도_전주비전대학교(제1캠퍼스)_방송영상디자인과, 경상북도_대경대학교(제1캠퍼스)_방송영상과, 제주특별자치도_제주한라대학교(제1캠퍼스)_방송영상과, 제주특별자치도_제주한라대학교(제1캠퍼스)_방송영상학과, 세종특별자치시_한국영상대학교(제1캠퍼스)_방송영상스피치과, 세종특별자치시_한국영상대학교(제1캠퍼스)_영상연출학과, 세종특별자치시_한국영상대학교(제1캠퍼스)_영상자율전공학과, 세종특별자치시_한국영상대학교(제1캠퍼스)_영상촬영조명과","일반 선택: 문학, 독서와 작문, 화법과 언어, 사회와 문화, 정보 등 | 진로 선택: 정치, 법과 사회, 경제, 윤리와 사상, 인간과 심리 등 | 융합 선택: 소프트웨어와 생활, 사회문제 탐구, 윤리문제 탐구 등","공통과목: 국어, 사회, 생활ㆍ교양 | 일반선택과목: 국어교과 : 화법과 작문, 독서, 언어와 매체, 문학 | 진로선택과목: 실용 국어, 심화 국어, 고전 읽기, 사회문제 탐구 | 전문교과Ⅰ: 지역 이해, 세계 문제와 미래 사회, 현대 세계의 변화, 사회 탐구 방법 및 사회과제 연구 | 전문교과Ⅱ: 커뮤니케이션, 미디어 콘텐츠 일반, 문화 콘텐츠 산업 일반, 영상 제작 기초, 방송 일반, 빅데이터 분석","무대예술전문인(무대기계,조명,음향), 컴퓨터그래픽스운용기능사",개인미디어콘텐츠제작자(크리에이터)
21011,방송영상미디어과,"서울특별시_인덕대학교(제1캠퍼스)_방송영상미디어학과, 서울특별시_정화예술대학교(제2캠퍼스)_영상미디어학부, 부산광역시_경남정보대학교(제2캠퍼스)_미디어영상과, 부산광역시_부산과학기술대학교(제1캠퍼스)_1인미디어디지털아트과, 부산광역시_부산과학기술대학교(제1캠퍼스)_1인미디어학과, 부산광역시_부산예술대학교(제1캠퍼스)_미디어아트테크놀로지과, 인천광역시_재능대학교(제1캠퍼스)_사진영상미디어과, 인천광역시_한국폴리텍 II 대학 인천캠퍼스(제1캠퍼스)_방송미디어과, 인천광역시_한국폴리텍 II 대학 인천캠퍼스(제1캠퍼스)_디지털방송과, 대구광역시_영진전문대학교(제1캠퍼스)_방송영상미디어과, 대구광역시_영진전문대학교(제1캠퍼스)_아트미디어계열(아트미디어자율학과), 대구광역시_영진전문대학교(제1캠퍼스)_아트미디어계열(방송영상미디어과)(3년제), 경기도_경민대학교(제1캠퍼스)_미디어영상과, 경기도_대경대학교(제2캠퍼스)_미디어영상과, 경기도_대림대학교(제1캠퍼스)_영상디자인전공(방송음향영상학부), 경기도_대림대학교(제1캠퍼스)_영상디자인과(방송음향영상학부), 경기도_동아방송예술대학교(제1캠퍼스)_방송기술과(예체능), 경기도_두원공과대학교(제2캠퍼스)_방송영상미디어계열, 경기도_두원공과대학교(제2캠퍼스)_미디어문예창작과, 경기도_서울예술대학교(제1캠퍼스)_미디어창작학부, 경기도_신구대학교(제1캠퍼스)_사진영상미디어학과, 경기도_신구대학교(제1캠퍼스)_사진영상미디어과(3년제), 경기도_여주대학교(제1캠퍼스)_방송영상미디어과, 경기도_유한대학교(제1캠퍼스)_방송미디어학과 광고미디어전공, 충청북도_강동대학교(제1캠퍼스)_방송영상미디어계열, 충청남도_백석문화대학교(제1캠퍼스)_스마트미디어영상학부, 충청남도_백석문화대학교(제1캠퍼스)_미디어영상학부, 충청남도_한국폴리텍 IV 대학 아산캠퍼스(제1캠퍼스)_방송미디어과, 세종특별자치시_한국영상대학교(제1캠퍼스)_영화영상학과(학사), 세종특별자치시_한국영상대학교(제1캠퍼스)_공연미디어계열, 세종특별자치시_한국영상대학교(제1캠퍼스)_미디어창작과(3년제), 세종특별자치시_한국영상대학교(제1캠퍼스)_방송영상미디어과(3년제), 세종특별자치시_한국영상대학교(제1캠퍼스)_영상연출학과(학사), 세종특별자치시_한국영상대학교(제1캠퍼스)_방송미디어과, 세종특별자치시_한국영상대학교(제1캠퍼스)_미디어보이스과, 세종특별자치시_한국영상대학교(제1캠퍼스)_방송영상미디어학과, 세종특별자치시_한국영상대학교(제1캠퍼스)_방송미디어과(3년제), 세종특별자치시_한국영상대학교(제1캠퍼스)_미디어보이스학과","일반 선택: 독서와 작문, 정보 등 | 진로 선택: 문학과 영상, 인공지능 기초, 데이터 과학 등 | 융합 선택: 매체 의사소통, 소프트웨어와 생활 등","공통과목: 미술, 윤리 | 일반선택과목: 예술교과 : 미술 | 진로선택과목: 미술 창작, 미술 감상과 비평 | 전문교과Ⅰ: 미술 이론, 미술사, 드로잉 미술 전공 실기 | 전문교과Ⅱ: 디자인 일반, 시각디자인, 색체 관리","멀티미디어콘텐츠제작전문가, 무대예술전문인(무대기계,조명,음향), 방송통신산업기사, 컴퓨터그래픽스운용기능사",개인미디어콘텐츠제작자(크리에이터)
200,방송제작과,"경기도_동아방송예술대학교(제1캠퍼스)_방송극작과, 경기도_동아방송예술대학교(제1캠퍼스)_방송콘텐츠제작학과, 경기도_동아방송예술대학교(제1캠퍼스)_방송기술계열 방송제작기술 전공, 경기도_동아방송예술대학교(제1캠퍼스)_방송기술과 방송제작기술 전공, 경기도_동아방송예술대학교(제1캠퍼스)_방송콘텐츠제작과, 경기도_동아방송예술대학교(제1캠퍼스)_방송기술과 방송시스템 전공, 경기도_동아방송예술대학교(제1캠퍼스)_방송보도제작과, 경기도_동아방송예술대학교(제1캠퍼스)_방송기술계열 방송시스템 전공, 경기도_용인예술과학대학교(제1캠퍼스)_방송영화제작예술학과, 경기도_용인예술과학대학교(제1캠퍼스)_방송영화제작과, 경기도_용인예술과학대학교(제1캠퍼스)_방송영화제작학과, 경기도_용인예술과학대학교(제1캠퍼스)_자율전공과, 충청북도_충청대학교(제1캠퍼스)_방송광고제작과, 충청북도_충청대학교(제1캠퍼스)_자율전공과, 충청북도_충청대학교(제1캠퍼스)_방송광고제작과(예체능), 세종특별자치시_한국영상대학교(제1캠퍼스)_영상촬영조명학과(학사), 세종특별자치시_한국영상대학교(제1캠퍼스)_영상촬영조명학과","일반 선택: 문학, 독서와 작문, 화법과 언어, 사회와 문화, 정보 등 | 진로 선택: 정치, 법과 사회, 경제, 윤리와 사상, 인간과 심리 등 | 융합 선택: 소프트웨어와 생활, 사회문제 탐구, 윤리문제 탐구 등","공통과목: 국어, 사회, 생활ㆍ교양 | 일반선택과목: 국어교과 : 화법과 작문, 독서, 언어와 매체, 문학 | 진로선택과목: 실용 국어, 심화 국어, 고전 읽기, 사회문제 탐구 | 전문교과Ⅰ: 지역 이해, 세계 문제와 미래 사회, 현대 세계의 변화, 사회 탐구 방법 및 사회과제 연구 | 전문교과Ⅱ: 커뮤니케이션, 미디어 콘텐츠 일반, 문화 콘텐츠 산업 일반, 영상 제작 기초, 방송 일반, 빅데이터 분석","무대예술전문인(무대기계,조명,음향), 방송통신산업기사, 영사산업기사",개인미디어콘텐츠제작자(크리에이터)
202,법률과,"서울특별시_서일대학교(제1캠퍼스)_부동산법률학과, 서울특별시_서일대학교(제1캠퍼스)_자산법률학과(3년제), 서울특별시_서일대학교(제1캠퍼스)_자산법률학과, 부산광역시_부산경상대학교(제1캠퍼스)_디지털 공공서비스과, 대구광역시_수성대학교(제1캠퍼스)_법률회계과, 경기도_용인예술과학대학교(제1캠퍼스)_법률실무과, 경기도_용인예술과학대학교(제1캠퍼스)_법무경찰과, 경기도_장안대학교(제1캠퍼스)_경찰법률서비스과","일반 선택: 화법과 언어, 독서와 작문, 문학, 확률과 통계, 영어 I,영어프, 영어 독해와 작문, 세계시민과 지리, 사회와 문화, 현대사회와 윤리, 정보, 제2외국어 과목, 한문 등 | 진로 선택: 주제 탐구 독서, 영어 발표와 토론, 정치, 법과 사회, 경제, 윤리와 사상, 국제 관계의 이해 등 | 융합 선택: 독서 토론과 글쓰기, 매체 의사소통, 실용 통계, 수학과제 탐구, 사회문제 탐구, 기후변화와 지속가능한 세계 등","공통과목: 사회, 생활ㆍ교양 | 일반선택과목: 사회교과 : 세계사, 정치와 법, 사회ㆍ문화, 생활과 윤리, 윤리와 사상 | 진로선택과목: 사회문제 탐구 | 전문교과Ⅰ: 지역 이해, 세계 문제와 미래 사회, 현대 세계의 변화, 사회 탐구 방법 및 사회과제 연구 | 전문교과Ⅱ: 인간 발달, 커뮤니케이션, 빅데이터 분석","감정평가사, 공인노무사, 공인중개사, 관세사, 법무사, 세무사",감정평가사
210,보건관리학과,"서울특별시_경희사이버대학교(제1캠퍼스)_한방건강관리학과, 서울특별시_경희사이버대학교(제1캠퍼스)_보건의료관리학과, 서울특별시_고려사이버대학교(제1캠퍼스)_보건의료학부, 서울특별시_동덕여자대학교(제1캠퍼스)_자연과학부 보건관리학전공, 서울특별시_동덕여자대학교(제1캠퍼스)_보건관리학과, 서울특별시_삼육대학교(제1캠퍼스)_보건관리학과, 서울특별시_이화여자대학교(제1캠퍼스)_보건관리학과, 서울특별시_이화여자대학교(제1캠퍼스)_융합보건학과, 대전광역시_대전대학교(제1캠퍼스)_보건의료경영학과, 대구광역시_계명대학교(제1캠퍼스)_공중보건학과, 광주광역시_광주대학교(제1캠퍼스)_보건복지대학, 광주광역시_송원대학교(제1캠퍼스)_보건안전관리학과, 광주광역시_호남대학교(제1캠퍼스)_보건과학대학, 경기도_경동대학교(제4캠퍼스)_공공복지정보관리학과, 경기도_대진대학교(제1캠퍼스)_보건경영학과, 경기도_협성대학교(제1캠퍼스)_보건관리학과, 강원특별자치도_경동대학교(제3캠퍼스)_보건관리학과, 강원특별자치도_경동대학교(제3캠퍼스)_보건관리학과(자연과학), 강원특별자치도_상지대학교(제1캠퍼스)_보건계열, 강원특별자치도_연세대학교 미래캠퍼스(제1캠퍼스)_AI보건정보관리학과, 강원특별자치도_연세대학교 미래캠퍼스(제1캠퍼스)_의료시스템공학전공, 강원특별자치도_연세대학교 미래캠퍼스(제1캠퍼스)_보건의료정보관리학전공, 충청북도_세명대학교(제1캠퍼스)_동물보건학과, 충청북도_세명대학교(제1캠퍼스)_보건안전학과, 충청북도_세명대학교(제1캠퍼스)_보건안전공학과, 충청북도_중원대학교(제1캠퍼스)_보건복지학과, 전북특별자치도_우석대학교(제1캠퍼스)_보건의료관리학과, 전북특별자치도_전주대학교(제1캠퍼스)_보건관리학과, 경상북도_대구가톨릭대학교(제1캠퍼스)_보건안전학과, 경상북도_대구가톨릭대학교(제1캠퍼스)_보건의료경영학과, 경상북도_대구한의대학교(제1캠퍼스)_보건학부, 경상북도_대구한의대학교(제1캠퍼스)_안전보건전공, 경상북도_대구한의대학교(제1캠퍼스)_재활의료공학과, 경상북도_대구한의대학교(제1캠퍼스)_보건안전전공, 경상북도_대구한의대학교(제1캠퍼스)_보건관리전공, 경상북도_동국대학교 WISE캠퍼스(제1캠퍼스)_안전보건전공, 경상북도_위덕대학교(제1캠퍼스)_보건관리학과, 경상남도_영산대학교(제1캠퍼스)_헬스케어학과, 경상남도_인제대학교(제1캠퍼스)_보건관리학과, 경상남도_인제대학교(제1캠퍼스)_보건안전공학과, 경상남도_창신대학교(제1캠퍼스)_보건안전학과","일반 선택: 화법과 언어, 독서와 작문, 문학, 확률과 통계, 영어 Ⅰ,영어프, 영어 독해와 작문, 세계시민과 지리, 사회와 문화, 현대사회와 윤리, 생명과학, 정보, 제2외국어 과목, 한문 등 | 진로 선택: 주제 탐구 독서, 영어 발표와 토론, 정치, 법과 사회, 경제, 윤리와 사상, 국제 관계의 이해, 생물의 유전 등 | 융합 선택: 독서 토론과 글쓰기, 실용 통계, 수학과제 탐구, 사회문제 탐구, 기후변화와 지속가능한 세계, 융합과학 탐구, 보건 등","공통과목: 영어, 수학, 과학, 정보 | 일반선택과목: 영어교과 : 영어Ⅰ, 영어Ⅱ, 영어 독해와 작문 | 진로선택과목: 화학Ⅱ, 생명과학Ⅱ. 지식 재산 일반 | 전문교과Ⅰ: 정보과학, 과학 과제 연구 | 전문교과Ⅱ: 정보 보호 관리, 정보 처리와 관리, 공중 보건, 인체 구조와 기능, 기초 간호 임상 실무, 보건간호","건강운동관리사, 보건교육사, 생활체육지도사, 수상인명구조원, 스포츠마사지사, 위생사, 의무기록사",대학교수
213,보건행정과,"서울특별시_배화여자대학교(제1캠퍼스)_보건의료행정과, 서울특별시_삼육보건대학교(제1캠퍼스)_글로벌융합과, 서울특별시_숭의여자대학교(제1캠퍼스)_보건행정과, 서울특별시_한양여자대학교(제1캠퍼스)_보건행정학과, 서울특별시_한양여자대학교(제1캠퍼스)_보건행정과, 부산광역시_경남정보대학교(제1캠퍼스)_보건의료행정학과, 부산광역시_경남정보대학교(제1캠퍼스)_보건의료행정과, 부산광역시_동의과학대학교(제1캠퍼스)_보건행정과(3년제), 부산광역시_동의과학대학교(제1캠퍼스)_보건행정과, 부산광역시_동의과학대학교(제1캠퍼스)_보건행정학과, 부산광역시_부산과학기술대학교(제1캠퍼스)_보건의료행정과, 부산광역시_부산과학기술대학교(제1캠퍼스)_안전보건학과, 부산광역시_부산과학기술대학교(제1캠퍼스)_보건의료행정학과, 부산광역시_부산여자대학교(제1캠퍼스)_보건행정과, 인천광역시_경인여자대학교(제1캠퍼스)_보건의료행정학과, 인천광역시_경인여자대학교(제1캠퍼스)_보건의료행정과, 인천광역시_재능대학교(제1캠퍼스)_환경보건과, 인천광역시_재능대학교(제1캠퍼스)_보건의료행정과, 대전광역시_대덕대학교(제1캠퍼스)_보건의료행정과, 대전광역시_대전과학기술대학교(제1캠퍼스)_보건의료행정학과, 대전광역시_대전보건대학교(제1캠퍼스)_보건의료행정학과, 대전광역시_대전보건대학교(제1캠퍼스)_환경안전보건학과, 대전광역시_대전보건대학교(제1캠퍼스)_보건의료행정과, 대전광역시_대전보건대학교(제1캠퍼스)_환경안전보건과, 대전광역시_대전보건대학교(제1캠퍼스)_환경보건과, 대전광역시_우송정보대학(제1캠퍼스)_보건의료행정과, 대구광역시_계명문화대학교(제1캠퍼스)_보건행정학과, 대구광역시_계명문화대학교(제1캠퍼스)_보건학부(3년제), 대구광역시_계명문화대학교(제1캠퍼스)_보건행정과, 대구광역시_대구보건대학교(제1캠퍼스)_환경보건학과, 대구광역시_대구보건대학교(제1캠퍼스)_바이오헬스융합학과, 대구광역시_대구보건대학교(제1캠퍼스)_보건행정학과, 대구광역시_수성대학교(제1캠퍼스)_보건행정과, 대구광역시_영남이공대학교(제1캠퍼스)_보건의료행정과, 대구광역시_영남이공대학교(제1캠퍼스)_보건의료행정학과, 울산광역시_춘해보건대학교(제1캠퍼스)_보건행정과, 광주광역시_광주보건대학교(제1캠퍼스)_보건행정학과, 광주광역시_서영대학교(제1캠퍼스)_보건행정과(3년제), 광주광역시_조선이공대학교(제1캠퍼스)_보건의료행정과, 경기도_경기과학기술대학교(제1캠퍼스)_보건의료행정학과, 경기도_경민대학교(제1캠퍼스)_보건의료행정과, 경기도_경민대학교(제1캠퍼스)_보건의료행정학과, 경기도_경복대학교(제1캠퍼스)_안전보건과, 경기도_국제대학교(제1캠퍼스)_보건의료행정학과, 경기도_국제대학교(제1캠퍼스)_보건의료행정과, 경기도_김포대학교(제1캠퍼스)_보건행정학과, 경기도_김포대학교(제1캠퍼스)_보건행정과(3년제), 경기도_대림대학교(제1캠퍼스)_보건의료기기과, 경기도_대림대학교(제1캠퍼스)_보건안전과, 경기도_대림대학교(제1캠퍼스)_보건의료공학과, 경기도_대림대학교(제1캠퍼스)_보건의료행정과, 경기도_대림대학교(제1캠퍼스)_보건안전학과, 경기도_동남보건대학교(제1캠퍼스)_보건보육상담과, 경기도_동서울대학교(제1캠퍼스)_보건의료행정과, 경기도_동원대학교(제1캠퍼스)_보건의료행정학과, 경기도_동원대학교(제1캠퍼스)_보건의료행정과, 경기도_두원공과대학교(제1캠퍼스)_보건복지행정과, 경기도_두원공과대학교(제1캠퍼스)_보건의료행정과, 경기도_부천대학교(제1캠퍼스)_보건의료행정과, 경기도_부천대학교(제1캠퍼스)_보건의료행정학과, 경기도_서영대학교(제2캠퍼스)_보건의료행정과, 경기도_수원과학대학교(제1캠퍼스)_보건의료행정학과, 경기도_수원여자대학교(제1캠퍼스)_보건행정과, 경기도_신구대학교(제1캠퍼스)_보건의료행정과, 경기도_여주대학교(제1캠퍼스)_보건의료행정과, 경기도_연성대학교(제1캠퍼스)_보건의료행정학과, 경기도_연성대학교(제1캠퍼스)_보건의료행정과(자연계), 경기도_용인예술과학대학교(제1캠퍼스)_보건의료행정과, 경기도_유한대학교(제1캠퍼스)_보건의료행정학과, 경기도_장안대학교(제1캠퍼스)_환경보건과(3년제), 강원특별자치도_송호대학교(제1캠퍼스)_보건행정과, 충청북도_강동대학교(제1캠퍼스)_보건의료공학과, 충청북도_강동대학교(제1캠퍼스)_보건의료행정과, 충청북도_대원대학교(제1캠퍼스)_보건의료행정과, 충청북도_충북도립대학교(제1캠퍼스)_환경보건학과, 충청북도_충북보건과학대학교(제1캠퍼스)_보건행정과(3년제), 충청북도_충북보건과학대학교(제1캠퍼스)_보건학과, 충청북도_충북보건과학대학교(제1캠퍼스)_의료보건학과, 충청북도_충청대학교(제1캠퍼스)_보건행정과, 충청남도_백석문화대학교(제1캠퍼스)_보건의료행정과, 충청남도_신성대학교(제1캠퍼스)_보건행정과(3년제), 충청남도_충남도립대학교(제1캠퍼스)_환경보건과, 충청남도_충남도립대학교(제1캠퍼스)_환경보건학과, 전북특별자치도_원광보건대학교(제1캠퍼스)_보건의료행정학과, 전북특별자치도_전주기전대학(제1캠퍼스)_동물보건과(자연과학), 전북특별자치도_전주기전대학(제1캠퍼스)_보건산업계열, 전북특별자치도_전주기전대학(제1캠퍼스)_보건산업계열(자연과학), 전북특별자치도_전주기전대학(제1캠퍼스)_보건행정과(3년제), 전북특별자치도_전주비전대학교(제1캠퍼스)_보건행정학과, 전라남도_목포과학대학교(제1캠퍼스)_보건행정과(3년제), 전라남도_순천제일대학교(제1캠퍼스)_보건행정과, 전라남도_전남도립대학교(제1캠퍼스)_보건의료과(3년), 전라남도_청암대학교(제1캠퍼스)_보건의료행정과, 경상북도_경북과학대학교(제1캠퍼스)_보건행정과, 경상북도_경북전문대학교(제1캠퍼스)_보건행정과, 경상북도_구미대학교(제1캠퍼스)_보건의료행정과, 경상북도_선린대학교(제1캠퍼스)_보건행정과, 경상북도_안동과학대학교(제1캠퍼스)_산업보건관리과, 경상북도_영남외국어대학(제1캠퍼스)_보건복지행정과, 경상북도_포항대학교(제1캠퍼스)_보건행정과(2년제), 경상남도_동원과학기술대학교(제1캠퍼스)_보건의료관리과, 경상남도_동원과학기술대학교(제1캠퍼스)_보건의료행정과, 경상남도_동원과학기술대학교(제1캠퍼스)_보건행정과, 경상남도_마산대학교(제1캠퍼스)_보건행정과, 경상남도_마산대학교(제1캠퍼스)_보건행정과(3년제), 경상남도_진주보건대학교(제1캠퍼스)_보건행정학과, 경상남도_진주보건대학교(제1캠퍼스)_보건행정과(3년제), 경상남도_창원문성대학교(제1캠퍼스)_보건행정과, 제주특별자치도_제주한라대학교(제1캠퍼스)_보건학과, 제주특별자치도_제주한라대학교(제1캠퍼스)_보건행정과(3년제)","일반 선택: 화법과 언어, 독서와 작문, 문학, 확률과 통계, 영어 Ⅰ,영어프, 영어 독해와 작문, 세계시민과 지리, 사회와 문화, 현대사회와 윤리, 생명과학, 정보, 제2외국어 과목, 한문 등 | 진로 선택: 주제 탐구 독서, 영어 발표와 토론, 정치, 법과 사회, 경제, 윤리와 사상, 국제 관계의 이해, 생물의 유전 등 | 융합 선택: 독서 토론과 글쓰기, 실용 통계, 수학과제 탐구, 사회문제 탐구, 기후변화와 지속가능한 세계, 융합과학 탐구, 보건 등","공통과목: 영어, 수학, 과학, 정보 | 일반선택과목: 영어교과 : 영어Ⅰ, 영어Ⅱ, 영어 독해와 작문 | 진로선택과목: 화학Ⅱ, 생명과학Ⅱ, 지식 재산 일반 | 전문교과Ⅰ: 정보, 과학, 과학과제 연구 | 전문교과Ⅱ: 정보 보호 관리, 정보 처리와 관리, 공중 보건, 인체 구조와 기능, 기초 간호 임상 실무, 보건 간호","건강보험사, 병원행정사, 보건교육사, 의무기록사",병원코디네이터
215,보건환경과,"인천광역시_경인여자대학교(제1캠퍼스)_보건환경과(자연과학계열), 인천광역시_경인여자대학교(제1캠퍼스)_보건환경학과, 경기도_동남보건대학교(제1캠퍼스)_바이오환경보건과, 경기도_장안대학교(제1캠퍼스)_바이오보건환경과(3년제), 강원특별자치도_세경대학교(제1캠퍼스)_건설환경과, 강원특별자치도_한림성심대학교(제1캠퍼스)_보건환경과, 강원특별자치도_한림성심대학교(제1캠퍼스)_산업보건환경과, 전북특별자치도_전주비전대학교(제1캠퍼스)_보건의료경영과","일반 선택: 화법과 언어, 독서와 작문, 문학, 확률과 통계, 영어 Ⅰ,영어프, 영어 독해와 작문, 세계시민과 지리, 사회와 문화, 현대사회와 윤리, 생명과학, 정보, 제2외국어 과목, 한문 등 | 진로 선택: 주제 탐구 독서, 영어 발표와 토론, 정치, 법과 사회, 경제, 윤리와 사상, 국제 관계의 이해, 생물의 유전 등 | 융합 선택: 독서 토론과 글쓰기, 실용 통계, 수학과제 탐구, 사회문제 탐구, 기후변화와 지속가능한 세계, 융합과학 탐구, 보건 등","공통과목: 영어, 수학, 과학, 정보 | 일반선택과목: 영어교과 : 영어Ⅰ, 영어Ⅱ, 영어 독해와 작문 | 진로선택과목: 화학Ⅱ, 생명과학Ⅱ, 지식 재산 일반 | 전문교과Ⅰ: 정보, 과학, 과학과제 연구 | 전문교과Ⅱ: 정보 보호 관리, 정보 처리와 관리, 공중 보건, 인체 구조와 기능, 기초 간호 임상 실무, 보건 간호","대기환경산업기사, 산업위생관리산업기사, 소음진동산업기사, 수질환경산업기사, 위생사, 폐기물처리산업기사",위생사
216,보석감정과,,"일반 선택: 화법과 언어, 독서와 작문, 문학, 영어 I, 영어Ⅱ, 영어 독해와 작문, 세계사, 미술 등 | 진로 선택: 주제 탐구 독서, 문학과 영상, 미술 창작, 미술 감상과 비평, 인간과 철학, 인간과 심리 등 | 융합 선택: 매체 의사소통, 미디어 영어, 세계 문화와 영어, 여행지리, 미술과 매체 등","공통과목: 미술, 윤리 | 일반선택과목: 예술교과 : 미술 | 진로선택과목: 미술 창작, 미술 감상과 비평 | 전문교과Ⅰ: 미술 이론, 미술사, 드로잉 미술 전공 실기 | 전문교과Ⅱ: 디자인 일반, 시각디자인, 색체 관리","귀금속가공산업기사, 보석가공산업기사, 보석감정사, 보석마케팅, 주얼리마스터, 주얼리캐드기사, 컬러리스트산업기사",귀금속및보석세공원
223,북한학과,세종특별자치시_고려대학교 세종캠퍼스(제1캠퍼스)_북한학과,"일반 선택: 세계시민과 지리, 세계사, 사회와 문화, 제2외국어 과목 등 | 진로 선택: 동아시아 역사 기행, 정치, 법과 사회, 경제, 국제 관계의 이해 등 | 융합 선택: 기후변화와 지속가능한 세계, 세계 문화와 영어 등","공통과목: 사회, 생활ㆍ교양 | 일반선택과목: 사회교과 : 한국지리, 세계지리, 세계사, 동아시아사, 경제, 정치와 법, 사회ㆍ문화, 생활과 윤리 | 진로선택과목: 여행지리, 사회문제 탐구 | 전문교과Ⅰ: 지역 이해, 세계 문제와 미래 사회, 사회 탐구 방법 및 사회과제 연구 | 전문교과Ⅱ: 커뮤니케이션 분석, 복지 서비스의 기초",,북한및통일문제전문가
224,불교학과,서울특별시_동국대학교(제1캠퍼스)_불교학과,"일반 선택: 독서와 작문, 세계시민과 지리, 세계사, 사회와 문화, 현대사회와 윤리, 정보 등 | 진로 선택: 주제 탐구 독서, 영미 문학 읽기, 한국지리 탐구, 동아시아 역사 기행, 법과 사회, 윤리와 사상, 인문학과 윤리, 미술 감상과 비평, 삶과 종교, 인간과 심리 등 | 융합 선택: 세계 문화와 영어, 여행지리, 역사로 탐구하는 현대 세계, 사회문제 탐구, 윤리문제 탐구, 과학의 역사와 문화, 미술과 매체, 지식 재산 일반 등","공통과목: 영어, 사회, 생활ㆍ교양 | 일반선택과목: 영어교과 : 영어 회화, 영어Ⅰ, 영어 독해와 작문, 영어Ⅱ | 진로선택과목: 영어권 문화, 영미 문학 읽기, 사회문제 탐구 | 전문교과Ⅰ: 지역 이해, 비교 문화, 세계 문제와 미래 사회, 사회 탐구 방법 및 사회과제 연구 | 전문교과Ⅱ: 빅데이터 분석",2급정교사자격증(종교),성직자
225,불어교육과,"서울특별시_서울대학교(제1캠퍼스)_불어교육과, 서울특별시_한국외국어대학교(제1캠퍼스)_외국어교육학부(프랑스어교육전공), 부산광역시_부산대학교(제1캠퍼스)_불어교육과, 충청북도_한국교원대학교(제1캠퍼스)_불어교육과","일반 선택: 화법과 언어, 독서와 작문, 문학, 대수, 미적분Ⅰ, 확률과 통계, 영어Ⅰ, 영어Ⅱ, 영어 독해와 작문, 세계시민과 지리, 세계사, 사회와 문화, 현대사회와 윤리, 제2외국어 과목 등 | 진로 선택: 주제 탐구 독서, 영어 발표와 토론, 심화 영어, 심화 영어 독해와 직문, 동아시아 역사 기행, 정치, 윤리와 사상, 제2외국어 회화 과목, 심화 제2외국어 과목 등 | 융합 선택: 독서 토론과 글쓰기, 언어생활 탐구, 실생활 영어 회화, 미디어 영어, 세계 문화와 영어, 사회문제 탐구, 제2외국어 문화 과목 등","공통과목: 제2외국어, 사회, 예술 | 일반선택과목: 외국어교과 : 프랑스어, 독일어, 영어 회화, 영어 | 진로선택과목: 프랑스어Ⅱ, 독일어Ⅱ, 사회문제 탐구, 여행지리, 음악ㆍ미술감상 비평 | 전문교과Ⅰ: 전공 기초 프랑스어, 프랑스어 회화, 프랑스어권 문화, 국제 관계와 국제기구, 국제 경제, 국제 정치, 지역 이해, 사회과제 연구",중등학교2급정교사,관세사
10040,뷰티미용학과,"서울특별시_디지털서울문화예술대학교(제1캠퍼스)_토탈뷰티아트학과, 서울특별시_사이버한국외국어대학교(제1캠퍼스)_K뷰티학부, 서울특별시_서경대학교(제1캠퍼스)_코스메틱&뷰티테라피학과, 서울특별시_서경대학교(제1캠퍼스)_코스메틱뷰티매니지먼트학과, 서울특별시_서경대학교(제1캠퍼스)_글로벌뷰티테라피&코스메틱학과, 서울특별시_서경대학교(제1캠퍼스)_뷰티테라피 & 메이크업학과, 서울특별시_서울디지털대학교(제1캠퍼스)_뷰티미용학과, 서울특별시_숭실사이버대학교(제1캠퍼스)_뷰티미용예술학과, 부산광역시_고신대학교(제1캠퍼스)_뷰티케어전공, 부산광역시_동명대학교(제1캠퍼스)_뷰티케어학과, 부산광역시_동명대학교(제1캠퍼스)_뷰티예술대학, 부산광역시_동의대학교(제1캠퍼스)_K-뷰티학과, 부산광역시_동의대학교(제1캠퍼스)_뷰티비즈니스학전공, 부산광역시_신라대학교(제1캠퍼스)_뷰티케어학과, 부산광역시_신라대학교(제1캠퍼스)_뷰티비즈니스학과, 인천광역시_청운대학교(제2캠퍼스)_미용뷰티융합전공, 대전광역시_건양사이버대학교(제1캠퍼스)_글로벌뷰티학과, 대전광역시_대전대학교(제1캠퍼스)_뷰티건강관리학과, 대전광역시_배재대학교(제1캠퍼스)_뷰티케어학과, 광주광역시_광주대학교(제1캠퍼스)_뷰티미용학과, 광주광역시_광주여자대학교(제1캠퍼스)_미용과학과, 광주광역시_광주여자대학교(제1캠퍼스)_미용과학부, 광주광역시_남부대학교(제1캠퍼스)_향장미용학과, 광주광역시_송원대학교(제1캠퍼스)_뷰티예술학과, 광주광역시_호남대학교(제1캠퍼스)_뷰티미용학과, 경기도_국제사이버대학교(제1캠퍼스)_뷰티비즈니스학과, 경기도_국제사이버대학교(제1캠퍼스)_K-뷰티아트학과, 경기도_신한대학교(제2캠퍼스)_K-뷰티학과, 경기도_신한대학교(제2캠퍼스)_뷰티헬스전공, 경기도_을지대학교(제2캠퍼스)_미용화장품과학과, 경기도_을지대학교(제2캠퍼스)_피부관리학과, 경기도_을지대학교(제2캠퍼스)_뷰티아트전공, 경기도_중부대학교(제2캠퍼스)_뷰티ㆍ패션비즈니스학전공, 경기도_화성의과학대학교(제1캠퍼스)_뷰티아트케어학과, 충청북도_서원대학교(제1캠퍼스)_뷰티학과, 충청북도_세명대학교(제1캠퍼스)_뷰티케어학과, 충청북도_세명대학교(제1캠퍼스)_화장품뷰티학부(뷰티케어학), 충청북도_중원대학교(제1캠퍼스)_뷰티메디컬학과, 충청북도_중원대학교(제1캠퍼스)_뷰티케어학과, 충청남도_건양대학교(제1캠퍼스)_글로벌의료뷰티학과, 충청남도_남서울대학교(제1캠퍼스)_리안헤어뷰티아트학과, 충청남도_남서울대학교(제1캠퍼스)_뷰티향장학과, 충청남도_남서울대학교(제1캠퍼스)_뷰티보건학과, 충청남도_유원대학교(제2캠퍼스)_뷰티케어학과, 충청남도_유원대학교(제2캠퍼스)_미용학전공, 충청남도_중부대학교(제1캠퍼스)_뷰티케어학전공, 충청남도_한서대학교(제1캠퍼스)_피부미용화장품과학과, 전북특별자치도_원광디지털대학교(제1캠퍼스)_한방미용예술학과, 전북특별자치도_호원대학교(제1캠퍼스)_글로벌K-뷰티학과, 전북특별자치도_호원대학교(제1캠퍼스)_미용복지학과, 전북특별자치도_호원대학교(제1캠퍼스)_K-뷰티소재학과, 전라남도_동신대학교(제1캠퍼스)_뷰티미용학과, 경상북도_경일대학교(제1캠퍼스)_뷰티학과, 경상북도_김천대학교(제1캠퍼스)_공연예술학부(뷰티케어전공), 경상북도_대구가톨릭대학교(제1캠퍼스)_뷰티케어전공, 경상북도_대구대학교(제1캠퍼스)_뷰티스타일학과, 경상북도_대구예술대학교(제1캠퍼스)_뷰티아트학과, 경상북도_대구한의대학교(제1캠퍼스)_뷰티케어학과, 경상북도_대구한의대학교(제1캠퍼스)_토탈뷰티전공, 경상북도_대구한의대학교(제1캠퍼스)_글로벌뷰티학과, 경상북도_대신대학교(제1캠퍼스)_문화예술학부 뷰티케어전공, 경상북도_동국대학교 WISE캠퍼스(제1캠퍼스)_뷰티메디컬학과, 경상북도_신경주대학교(제1캠퍼스)_향장아트학과, 경상남도_영산대학교(제1캠퍼스)_미용예술학과, 경상남도_영산대학교(제1캠퍼스)_미용건강관리학과","일반 선택: 독서와 작문, 문학, 대수, 확률과 통계, 영어Ⅰ, 영어Ⅱ, 영어 독해오작문, 미술, 정보 등 | 진로 선택: 주제 탐구 독서, 문학과 영상, 미술 창작, 미술 감상과 비평, 인간과 심리 등 | 융합 선택: 매체 의사소통, 미디어 영어, 세계 문화와 영어, 여행지리, 사회문제 탐구, 미술과 매체 등","공통과목: 미술, 윤리 | 일반선택과목: 예술교과 : 미술 | 진로선택과목: 미술 창작, 미술 감상과 비평 | 전문교과Ⅰ: 미술 이론, 미술사, 드로잉, 미술 전공 실기 | 전문교과Ⅱ: 디자인 일반, 시각 디자인, 색채 관리","미용사(네일), 미용사(메이크업), 미용사(일반), 미용사(피부), 컬러리스트기사, 피부관리사",메이크업아티스트
227,비서행정과,"서울특별시_배화여자대학교(제1캠퍼스)_비서행정과 사무행정전공, 서울특별시_배화여자대학교(제1캠퍼스)_비서사무과, 서울특별시_배화여자대학교(제1캠퍼스)_비서행정과 비서전공, 서울특별시_숭의여자대학교(제1캠퍼스)_비서인재과, 서울특별시_숭의여자대학교(제1캠퍼스)_비서사무행정과, 서울특별시_인덕대학교(제1캠퍼스)_비서학과, 서울특별시_인덕대학교(제1캠퍼스)_스마트경영ㆍ비서학과, 서울특별시_한양여자대학교(제1캠퍼스)_비서인재과, 인천광역시_경인여자대학교(제1캠퍼스)_비서행정과, 경기도_경민대학교(제1캠퍼스)_국제비서과, 경기도_대림대학교(제1캠퍼스)_비서사무행정과, 경기도_대림대학교(제1캠퍼스)_사무행정과, 경기도_대림대학교(제1캠퍼스)_비서ㆍ사무행정학부, 경기도_부천대학교(제1캠퍼스)_비서사무행정과, 경기도_부천대학교(제1캠퍼스)_비서과, 경기도_부천대학교(제1캠퍼스)_비서사무행정학과, 경기도_수원여자대학교(제1캠퍼스)_비서과, 경기도_신구대학교(제1캠퍼스)_스마트사무경영과, 경기도_신안산대학교(제1캠퍼스)_사무비서행정과, 경기도_안산대학교(제1캠퍼스)_비서사무행정과, 경기도_안산대학교(제1캠퍼스)_국제비서사무학과, 경기도_용인예술과학대학교(제1캠퍼스)_비서경영과, 경기도_한국관광대학교(제1캠퍼스)_국제비서사무행정과","일반 선택: 현대사회와 윤리, 세계시민과 지리, 세계사, 사회와 문화, 제 2외국어 과목 등 | 진로 선택: 직무 영어, 한국지리 탐구 등 | 융합 선택: 세계 문화와 영어, 여행지리, 사회문제 탐구 등","공통과목: 사회, 생활ㆍ교양 | 일반선택과목: 사회교과 : 한국지리, 세계지리, 세계사, 경제, 정치와 법, 사회ㆍ문화, 생활과 윤리, 윤리와 사상 | 진로선택과목: 사회문제 탐구 | 전문교과Ⅰ: 국제 정치, 국제 경제, 국제법, 지역 이해, 비교 문화, 세계 문제와 미래 사회, 국제 관계와 국제기구, 현대 세계의 변화, 사회 탐구 방법 및 사회 과제 연구 | 전문교과Ⅱ: 커뮤니케이션, 정보 처리와 관리 정보 보호 관리, 빅데이터 분석","CSLeaders(관리사), MOS(MicrosoftOfficeSpecialist), 문서실무사, 비서, 워드프로세서, 컴퓨터활용능력, 텔레마케팅관리사",관리비서
10119,사이버국방학과,"서울특별시_고려대학교(제1캠퍼스)_사이버국방학과, 서울특별시_세종대학교(제1캠퍼스)_사이버국방학과","일반 선택: 대수, 확률과 통계, 미적분 Ⅰ, 인공지능 수학, 물리학, 정보 등 | 진로 선택: 기하, 미적분Ⅱ, 인공지능 수학, 전자기와 양자, 역학과 에너지, 로봇과 공학세계, 인공지능 기초, 데이터 과학 등 | 융합 선택: 수학과 문화, 실용 통계, 수학과제 탐구, 창의 공학 설계, 소프트웨어와 생활 등","공통과목: 수학, 사회, 과학, 기술ㆍ가정 | 일반선택과목: 수학교과 : 수학Ⅰ, 수학Ⅱ, 미적분, 확률과 통계 | 진로선택과목: 실용 수학, 기하, 수학과제 탐구, 물리학Ⅱ, 화학Ⅱ, 생활과 과학, 융합과학, 공학 일반, 사회문제 탐구 | 전문교과Ⅰ: 심화수학ⅠㆍⅡ, 고급 수학ⅠㆍⅡ, 고급 물리학, 물리학 실험, 고급 화학, 화학 실험, 정보과학, 융합과학탐구, 과학과제연구, 생태와 환경, 지역 이해, 사회과제 연구 | 전문교과Ⅱ: 정보처리와 관리, 프로그래밍, 자료구조, 네트워크 프로그래밍, 정보보호관리","국방사업관리사, 디지털포렌식전문가, 산업보안관리사, 정보보안기사",IT컨설턴트
232,사진과,"경기도_계원예술대학교(제1캠퍼스)_사진예술과, 경기도_서울예술대학교(제1캠퍼스)_사진전공, 경기도_여주대학교(제1캠퍼스)_사진영상과","일반 선택: 미술, 화학 등 | 진로 선택: 미술 창작, 화학 반응의 세계 등 | 융합 선택: 미술과 매체 등","공통과목: 미술, 윤리 | 일반선택과목: 예술교과 : 미술 | 진로선택과목: 미술 창작, 미술 감상과 비평 | 전문교과Ⅰ: 미술 이론, 미술사, 드로잉 미술 전공 실기 | 전문교과Ⅱ: 디자인 일반, 시각디자인, 색체 관리","사진기능사, 사진제판기능사, 항공사진기능사",개인미디어콘텐츠제작자(크리에이터)
234,사진영상학과,"서울특별시_서울여자대학교(제1캠퍼스)_언론영상학부, 서울특별시_한국예술종합학교(제1캠퍼스)_영상이론과, 부산광역시_경성대학교(제1캠퍼스)_사진학과, 광주광역시_광주대학교(제1캠퍼스)_사진영상학과, 광주광역시_광주대학교(제1캠퍼스)_사진영상드론학과, 경기도_중부대학교(제2캠퍼스)_사진영상학전공, 경기도_중앙대학교(제2캠퍼스)_공연영상창작학부(사진전공), 충청남도_상명대학교(제2캠퍼스)_사진영상콘텐츠학과, 충청남도_상명대학교(제2캠퍼스)_예술학부 사진영상미디어전공, 전라남도_국립순천대학교(제1캠퍼스)_사진예술학과, 경상북도_경일대학교(제1캠퍼스)_사진영상학부, 경상북도_대구예술대학교(제1캠퍼스)_사진영상미디어전공, 경상남도_영산대학교(제1캠퍼스)_방송사진예술학과","일반 선택: 화법과 언어, 문학, 독서와 작문, 영어 독해와 작문, 세계시민과 지리, 세계사, 사회와 문화, 현대사회와 윤리, 음악, 미술, 연극, 정보, 제2외국어 등 | 진로 선택: 주제 탐구 독서, 문학과 영상, 영미 문학 읽기, 영어 발표와 토론, 동아시아 역사 기행, 정치, 법과 사회, 윤리와 사상, 인문학과 윤리, 미술 감상과 비평, 음악 감상과 비평 등 | 융합 선택: 독서 토론과 글쓰기, 메체 의사소통, 미디어 영어, 세계 문화와 영어, 사회문제 탐구, 음악과 미디어, 미술과 매체, 지식 재산 일반, 소프트웨어와 생활 등","공통과목: 미술, 윤리 | 일반선택과목: 예술교과 : 미술 | 진로선택과목: 미술 창작, 미술 감상과 비평 | 전문교과Ⅰ: 미술 이론, 미술사, 드로잉, 미술 전공 실기 | 전문교과Ⅱ: 디자인 일반, 시각 디자인, 색채 관리","사진기능사, 숍마스터, 시각디자인기사, 웹디자인기능사, 인쇄사진산업기사, 컴퓨터그래픽스운용기능사, 항공사진산업기사",광고디자이너
236,사학과,"서울특별시_건국대학교(제1캠퍼스)_사학과, 서울특별시_경희대학교(제1캠퍼스)_사학과, 서울특별시_고려대학교(제1캠퍼스)_한국사학과, 서울특별시_고려대학교(제1캠퍼스)_사학과, 서울특별시_국민대학교(제1캠퍼스)_국사학과, 서울특별시_국민대학교(제1캠퍼스)_한국역사학과, 서울특별시_덕성여자대학교(제1캠퍼스)_사학전공, 서울특별시_덕성여자대학교(제1캠퍼스)_미술사학전공, 서울특별시_덕성여자대학교(제1캠퍼스)_사학과, 서울특별시_동국대학교(제1캠퍼스)_사학과, 서울특별시_동덕여자대학교(제1캠퍼스)_국사학전공, 서울특별시_동덕여자대학교(제1캠퍼스)_국사학과, 서울특별시_동덕여자대학교(제1캠퍼스)_인문학부 국사학전공, 서울특별시_명지대학교 인문캠퍼스(제2캠퍼스)_사학과, 서울특별시_명지대학교 인문캠퍼스(제2캠퍼스)_미술사ㆍ역사학전공, 서울특별시_상명대학교(제1캠퍼스)_인문콘텐츠학부 역사콘텐츠전공, 서울특별시_서강대학교(제1캠퍼스)_사학과, 서울특별시_서울대학교(제1캠퍼스)_고고미술사학과, 서울특별시_서울대학교(제1캠퍼스)_서양사학과, 서울특별시_서울대학교(제1캠퍼스)_국사학과, 서울특별시_서울대학교(제1캠퍼스)_동양사학과, 서울특별시_서울시립대학교(제1캠퍼스)_융합전공학부 국사학-도시역사경관학 전공, 서울특별시_서울시립대학교(제1캠퍼스)_국사학과, 서울특별시_서울여자대학교(제1캠퍼스)_사학과, 서울특별시_성균관대학교(제1캠퍼스)_사학과, 서울특별시_성신여자대학교(제1캠퍼스)_사학과, 서울특별시_세종대학교(제1캠퍼스)_역사학과, 서울특별시_세종대학교(제1캠퍼스)_역사학전공, 서울특별시_숙명여자대학교(제1캠퍼스)_역사문화학과, 서울특별시_숭실대학교(제1캠퍼스)_사학과, 서울특별시_연세대학교(제1캠퍼스)_사학과, 서울특별시_이화여자대학교(제1캠퍼스)_사학과, 서울특별시_이화여자대학교(제1캠퍼스)_사학전공, 서울특별시_중앙대학교(제1캠퍼스)_역사학과, 서울특별시_한성대학교(제1캠퍼스)_역사문화학부, 서울특별시_한양대학교(제1캠퍼스)_사학과, 부산광역시_경성대학교(제1캠퍼스)_사학전공, 부산광역시_국립부경대학교(제1캠퍼스)_사학과, 부산광역시_동아대학교(제1캠퍼스)_역사문화학부 사학전공, 부산광역시_동아대학교(제1캠퍼스)_역사문화학부 고고미술사학전공, 부산광역시_동아대학교(제1캠퍼스)_고고미술사학과, 부산광역시_동아대학교(제1캠퍼스)_사학과, 부산광역시_동의대학교(제1캠퍼스)_사학과, 부산광역시_부산대학교(제1캠퍼스)_사학과, 부산광역시_부산외국어대학교(제1캠퍼스)_역사관광ㆍ외교학부(역사관광전공), 인천광역시_인하대학교(제1캠퍼스)_사학과, 대전광역시_대전대학교(제1캠퍼스)_역사문화학과, 대전광역시_대전대학교(제1캠퍼스)_역사문화학전공, 대전광역시_목원대학교(제1캠퍼스)_역사학과, 대전광역시_충남대학교(제1캠퍼스)_국사학과, 대전광역시_충남대학교(제1캠퍼스)_사학과, 대전광역시_한남대학교(제1캠퍼스)_사학전공, 대전광역시_한남대학교(제1캠퍼스)_사학과, 대구광역시_경북대학교(제1캠퍼스)_사학과, 대구광역시_계명대학교(제1캠퍼스)_사학과, 광주광역시_전남대학교(제1캠퍼스)_사학과, 광주광역시_조선대학교(제1캠퍼스)_역사문화학과, 경기도_가톨릭대학교(제1캠퍼스)_국사학과, 경기도_가톨릭대학교(제1캠퍼스)_국사학전공, 경기도_경기대학교(제1캠퍼스)_사학과, 경기도_단국대학교(제1캠퍼스)_사학과, 경기도_수원대학교(제1캠퍼스)_사학, 경기도_신한대학교(제2캠퍼스)_사이버드론봇군사학과, 경기도_아주대학교(제1캠퍼스)_사학과, 경기도_한국외국어대학교(제2캠퍼스)_사학과, 경기도_한신대학교(제1캠퍼스)_국사학과, 경기도_한신대학교(제1캠퍼스)_한국사학과, 경기도_한신대학교(제1캠퍼스)_한국사학, 강원특별자치도_가톨릭관동대학교(제1캠퍼스)_사학과, 강원특별자치도_강원대학교(제1캠퍼스)_사학과, 강원특별자치도_강원대학교(제1캠퍼스)_사학전공, 강원특별자치도_국립강릉원주대학교(제1캠퍼스)_사학과, 강원특별자치도_연세대학교 미래캠퍼스(제1캠퍼스)_역사문화학전공, 강원특별자치도_한림대학교(제1캠퍼스)_사학전공, 충청북도_청주대학교(제1캠퍼스)_역사문화학과, 충청북도_충북대학교(제1캠퍼스)_사학과, 충청북도_충북대학교(제1캠퍼스)_고고미술사학과, 충청남도_국립공주대학교(제1캠퍼스)_사학과, 충청남도_선문대학교(제1캠퍼스)_역사ㆍ영상콘텐츠학부, 충청남도_선문대학교(제1캠퍼스)_사학과, 전북특별자치도_국립군산대학교(제1캠퍼스)_역사학과, 전북특별자치도_원광대학교(제1캠퍼스)_역사문화학부, 전북특별자치도_원광대학교(제1캠퍼스)_역사문화학과, 전북특별자치도_전북대학교(제1캠퍼스)_사학과, 전북특별자치도_전주대학교(제1캠퍼스)_역사콘텐츠학과, 전라남도_국립목포대학교(제1캠퍼스)_사학과, 전라남도_국립목포대학교(제1캠퍼스)_역사콘텐츠, 전라남도_국립순천대학교(제1캠퍼스)_사학과, 전라남도_국립순천대학교(제1캠퍼스)_사학전공, 경상북도_국립경국대학교(제1캠퍼스)_사학전공, 경상북도_국립경국대학교(제1캠퍼스)_사학과, 경상북도_동국대학교 WISE캠퍼스(제1캠퍼스)_고고미술사학과, 경상북도_동국대학교 WISE캠퍼스(제1캠퍼스)_국사학전공, 경상북도_동국대학교 WISE캠퍼스(제1캠퍼스)_고고미술사학전공, 경상북도_동국대학교 WISE캠퍼스(제1캠퍼스)_국사학과, 경상북도_영남대학교(제1캠퍼스)_역사학과, 경상남도_경남대학교(제1캠퍼스)_역사학과, 경상남도_경상국립대학교(제1캠퍼스)_사학과, 경상남도_국립창원대학교(제1캠퍼스)_사학과, 제주특별자치도_제주대학교(제1캠퍼스)_사학과, 세종특별자치시_고려대학교 세종캠퍼스(제1캠퍼스)_고고미술사학전공, 세종특별자치시_고려대학교 세종캠퍼스(제1캠퍼스)_고고미술사학과","일반 선택: 독서와 작문, 세계사, 사회와 문화, 한문 등 | 진로 선택: 동아시아 역사 기행, 정치, 법과 사회, 국제 관계의 이해, 미술 감상과 비평 등 | 융합 선택: 언어생활 탐구, 역사로 탐구하는 현대 세계, 사회문제 탐구, 미술과 매체, 지식 재산 일반, 언어 생활과 한자 등","공통과목: 사회, 역사, 한문, 영어, 제2외국어 | 일반선택과목: 사회교과 : 사회문화, 세계사, 동아시아사, 한국지리, 윤리와 사상 | 진로선택과목: 사회문제 탐구, 고전 읽기, 고전과 윤리, 여행지리, 현대 세계의 변화 | 전문교과Ⅰ: 사회탐구 방법, 사회과제 연구, 한국 사회의 이해, 비교 문화, 지역 이해 | 전문교과Ⅱ: 문화콘텐츠 산업 일반","문화재수리기술자, 박물관및미술관준학예사, 사서, 사서교사",감정평가사
21012,사회교육과,"서울특별시_서울대학교(제1캠퍼스)_사회교육과, 서울특별시_성신여자대학교(제1캠퍼스)_사회교육과, 서울특별시_이화여자대학교(제1캠퍼스)_사회과교육과, 부산광역시_부산교육대학교(제1캠퍼스)_사회교육과, 인천광역시_인하대학교(제1캠퍼스)_사회교육과, 대구광역시_경북대학교(제1캠퍼스)_사회교육학부 일반사회교육전공, 광주광역시_광주교육대학교(제1캠퍼스)_사회과교육과(심화전공), 충청북도_서원대학교(제1캠퍼스)_사회교육과, 충청북도_충북대학교(제1캠퍼스)_사회교육과, 충청남도_공주교육대학교(제1캠퍼스)_사회과교육과(심화과정), 충청남도_국립공주대학교(제1캠퍼스)_경영ㆍ금융교육과, 충청남도_국립공주대학교(제1캠퍼스)_상업정보교육과, 전북특별자치도_전북대학교(제1캠퍼스)_사회과교육학부, 전북특별자치도_전주교육대학교(제1캠퍼스)_사회교육과(심화전공), 전라남도_국립순천대학교(제1캠퍼스)_사회교육과, 경상북도_대구가톨릭대학교(제1캠퍼스)_역사교육전공, 경상북도_대구가톨릭대학교(제1캠퍼스)_지리교육전공, 경상남도_진주교육대학교(제1캠퍼스)_사회과교육과(심화과정), 경상남도_진주교육대학교(제1캠퍼스)_도덕과교육과(심화과정), 제주특별자치도_제주대학교(제1캠퍼스)_사회교육과, 제주특별자치도_제주대학교(제1캠퍼스)_일반사회교육전공, 제주특별자치도_제주대학교(제1캠퍼스)_지리교육전공","일반 선택: 화법과 언어, 독서와 작문, 문학, 대수, 미적분Ⅰ, 확률과 통계, 영어Ⅰ, 영어Ⅱ, 영어 독해와 작문, 세계시민과 지리, 세계사, 사회와 문화, 현대사회와 윤리, 제2외국어 과목 등 | 진로 선택: 주제 탐구 독서, 영어 발표와 토론, 한국지리 탐구, 동아시아 역사기행, 정치, 법과 사회, 경제, 윤리와 사상, 국제 관계의 이해 등 | 융합 선택: 독서 토론과 글쓰기, 미디어 영어, 여행지리, 역사로 탐구하는 현대세계, 사회문제 탐구, 금융과 경제생활, 윤리문제 탐구 등","공통과목: 사회, 생활ㆍ교양 | 일반선택과목: 사회교과 : 한국지리, 세계지리, 세계사, 경제, 정치와 법, 사회ㆍ문화, 생활과 윤리, 윤리와 사상 | 진로선택과목: 사회문제 탐구 | 전문교과Ⅰ: 국제 경제, 국제법, 지역 이해, 한국 사회의 이해, 비교 문화, 세계 문제와 미래 사회, 국제 관계와 국제기구, 현대 세계의 변화, 사회 탐구 방법 및 사회과제 연구 | 전문교과Ⅱ: 커뮤니케이션, 복지 서비스의 기초, 문화 콘텐츠 산업 일반, 빅데이터 분석",중등학교2급정교사,사범계열교수
239,사회복지과,"서울특별시_명지전문대학(제1캠퍼스)_사회복지과, 서울특별시_명지전문대학(제1캠퍼스)_사회복지학과, 서울특별시_명지전문대학(제1캠퍼스)_사회서비스상담복지과, 서울특별시_배화여자대학교(제1캠퍼스)_사회복지과, 서울특별시_백석예술대학교(제1캠퍼스)_사회복지학부, 서울특별시_삼육보건대학교(제1캠퍼스)_사회복지학과, 서울특별시_삼육보건대학교(제1캠퍼스)_사회복지과, 서울특별시_서일대학교(제1캠퍼스)_사회복지학과, 서울특별시_숭의여자대학교(제1캠퍼스)_사회복지학과, 서울특별시_숭의여자대학교(제1캠퍼스)_사회복지과, 서울특별시_인덕대학교(제1캠퍼스)_사회복지학과(2년제), 서울특별시_인덕대학교(제1캠퍼스)_휴먼사회복지학과, 서울특별시_인덕대학교(제1캠퍼스)_사회복지학과(1년제), 서울특별시_인덕대학교(제1캠퍼스)_사회복지학과, 서울특별시_한양여자대학교(제1캠퍼스)_사회복지과, 서울특별시_한양여자대학교(제1캠퍼스)_사회복지학과, 부산광역시_경남정보대학교(제1캠퍼스)_사회복지과, 부산광역시_경남정보대학교(제1캠퍼스)_사회복지학과, 부산광역시_경남정보대학교(제1캠퍼스)_사회복지학과(2년제), 부산광역시_경남정보대학교(제1캠퍼스)_사회복지학과(2년), 부산광역시_대동대학교(제1캠퍼스)_사회복지서비스과, 부산광역시_대동대학교(제1캠퍼스)_사회복지과, 부산광역시_동의과학대학교(제1캠퍼스)_사회복지실천학과, 부산광역시_동의과학대학교(제1캠퍼스)_헬스융합복지과, 부산광역시_동의과학대학교(제1캠퍼스)_사회복지학과, 부산광역시_동의과학대학교(제1캠퍼스)_사회복지요양서비스과, 부산광역시_동의과학대학교(제1캠퍼스)_요양서비스전공, 부산광역시_부산경상대학교(제1캠퍼스)_사회복지아동보육과, 부산광역시_부산경상대학교(제1캠퍼스)_AI다문화상담과, 부산광역시_부산경상대학교(제1캠퍼스)_사회복지ㆍ아동복지보육계열, 부산광역시_부산경상대학교(제1캠퍼스)_사회복지행정학과, 부산광역시_부산경상대학교(제1캠퍼스)_사회복지계열, 부산광역시_부산과학기술대학교(제1캠퍼스)_사회복지계열, 부산광역시_부산과학기술대학교(제1캠퍼스)_사회적경제복지과, 부산광역시_부산과학기술대학교(제1캠퍼스)_사회복지과, 부산광역시_부산과학기술대학교(제1캠퍼스)_문화예술복지과, 부산광역시_부산과학기술대학교(제1캠퍼스)_사회적경제복지학과, 부산광역시_부산과학기술대학교(제1캠퍼스)_사회복지학과, 부산광역시_부산보건대학교(제1캠퍼스)_사회복지과, 부산광역시_부산여자대학교(제1캠퍼스)_사회복지학과, 부산광역시_부산여자대학교(제1캠퍼스)_사회복지계열, 부산광역시_부산여자대학교(제1캠퍼스)_사회복지계열 사회복지경영전공, 인천광역시_경인여자대학교(제1캠퍼스)_사회복지학과, 인천광역시_경인여자대학교(제1캠퍼스)_사회복지과, 인천광역시_경인여자대학교(제1캠퍼스)_사회복지학과(3년제), 인천광역시_인하공업전문대학(제1캠퍼스)_자유전공학부, 인천광역시_재능대학교(제1캠퍼스)_사회복지과, 인천광역시_재능대학교(제1캠퍼스)_복지케어과, 인천광역시_재능대학교(제1캠퍼스)_사회복지학과, 대전광역시_대덕대학교(제1캠퍼스)_사회복지과, 대전광역시_대덕대학교(제1캠퍼스)_사회복지학과, 대전광역시_대전과학기술대학교(제1캠퍼스)_사회복지과, 대전광역시_대전과학기술대학교(제1캠퍼스)_사회복지학과, 대전광역시_대전보건대학교(제1캠퍼스)_사회복지학과, 대전광역시_대전보건대학교(제1캠퍼스)_사회복지과, 대전광역시_우송정보대학(제1캠퍼스)_사회복지과, 대구광역시_대구공업대학교(제1캠퍼스)_사회복지경영계열, 대구광역시_대구과학대학교(제1캠퍼스)_사회복지웰빙과, 대구광역시_대구보건대학교(제1캠퍼스)_사회복지학과, 대구광역시_수성대학교(제1캠퍼스)_사회복지과, 대구광역시_수성대학교(제1캠퍼스)_LiFE융합학부(사회복지상담전공), 대구광역시_영남이공대학교(제1캠퍼스)_사회복지서비스과, 대구광역시_영남이공대학교(제1캠퍼스)_사회복지ㆍ보육과, 대구광역시_영남이공대학교(제1캠퍼스)_사회복지ㆍ보육학과, 대구광역시_영남이공대학교(제1캠퍼스)_사회복지서비스학과, 대구광역시_영진사이버대학교(제1캠퍼스)_재활복지공학과, 대구광역시_영진사이버대학교(제1캠퍼스)_사회복지학과, 대구광역시_영진사이버대학교(제1캠퍼스)_재활상담복지학과, 대구광역시_영진사이버대학교(제1캠퍼스)_사회복지계열, 대구광역시_영진전문대학교(제1캠퍼스)_사회복지과, 대구광역시_영진전문대학교(제1캠퍼스)_사회복지학과, 울산광역시_울산과학대학교(제1캠퍼스)_사회복지과, 울산광역시_울산과학대학교(제1캠퍼스)_사회복지학과, 울산광역시_울산과학대학교(제1캠퍼스)_사회복지학과(3년제), 울산광역시_춘해보건대학교(제1캠퍼스)_사회복지학과, 울산광역시_춘해보건대학교(제1캠퍼스)_사회복지케어과, 광주광역시_광주보건대학교(제1캠퍼스)_상담복지학과, 광주광역시_광주보건대학교(제1캠퍼스)_중독재활복지학과, 광주광역시_광주보건대학교(제1캠퍼스)_사회복지학과, 광주광역시_동강대학교(제1캠퍼스)_보육복지학과, 광주광역시_동강대학교(제1캠퍼스)_사회복지과, 광주광역시_서영대학교(제1캠퍼스)_사회복지과, 광주광역시_서영대학교(제1캠퍼스)_사회복지학과, 광주광역시_조선이공대학교(제1캠퍼스)_사회복지학과, 광주광역시_조선이공대학교(제1캠퍼스)_사회복지학부, 광주광역시_조선이공대학교(제1캠퍼스)_사회복지학부 사회복지전공, 광주광역시_조선이공대학교(제1캠퍼스)_사회복지과, 광주광역시_조선이공대학교(제1캠퍼스)_사회복지학부 사회복지시설운영전공, 경기도_경기과학기술대학교(제1캠퍼스)_사회복지학과, 경기도_경기과학기술대학교(제1캠퍼스)_사회복지과, 경기도_경민대학교(제1캠퍼스)_사회복지과, 경기도_경민대학교(제1캠퍼스)_사회복지학과, 경기도_경복대학교(제1캠퍼스)_사회복지과(3년제), 경기도_경복대학교(제1캠퍼스)_의료복지학과, 경기도_경복대학교(제1캠퍼스)_의료사회복지과, 경기도_경복대학교(제1캠퍼스)_복지행정학과, 경기도_경복대학교(제1캠퍼스)_의료복지과, 경기도_경복대학교(제1캠퍼스)_복지행정과, 경기도_국제대학교(제1캠퍼스)_사회복지학과, 경기도_국제대학교(제1캠퍼스)_사회복지상담전공(미래융합교육학부), 경기도_국제대학교(제1캠퍼스)_사회복지과, 경기도_김포대학교(제1캠퍼스)_사회복지과, 경기도_김포대학교(제1캠퍼스)_사회복지과(2년제), 경기도_김포대학교(제1캠퍼스)_사회복지헬스케어학과, 경기도_김포대학교(제1캠퍼스)_보건복지학과, 경기도_대경대학교(제2캠퍼스)_사회복지케어과, 경기도_대림대학교(제1캠퍼스)_사회복지과, 경기도_대림대학교(제1캠퍼스)_사회복지학과, 경기도_동서울대학교(제1캠퍼스)_사회복지학과, 경기도_동서울대학교(제1캠퍼스)_사회복지학과(3년제), 경기도_동원대학교(제1캠퍼스)_사회복지과, 경기도_동원대학교(제1캠퍼스)_사회복지전공, 경기도_동원대학교(제1캠퍼스)_보건복지학과, 경기도_동원대학교(제1캠퍼스)_사회복지학과, 경기도_동원대학교(제1캠퍼스)_사회복지계열, 경기도_동원대학교(제1캠퍼스)_보건복지과, 경기도_두원공과대학교(제2캠퍼스)_사회복지보육학부, 경기도_두원공과대학교(제2캠퍼스)_사회복지과, 경기도_부천대학교(제1캠퍼스)_사회복지과, 경기도_부천대학교(제1캠퍼스)_사회복지학과, 경기도_서영대학교(제2캠퍼스)_사회복지행정학과, 경기도_서영대학교(제2캠퍼스)_사회복지행정과, 경기도_서정대학교(제1캠퍼스)_글로벌융합복지과, 경기도_서정대학교(제1캠퍼스)_사회복지학과, 경기도_서정대학교(제1캠퍼스)_글로벌융합복지학부, 경기도_서정대학교(제1캠퍼스)_사회복지행정과, 경기도_서정대학교(제1캠퍼스)_사회복지과, 경기도_세계사이버대학(제1캠퍼스)_사회복지계열, 경기도_세계사이버대학(제1캠퍼스)_사회복지학과, 경기도_수원과학대학교(제1캠퍼스)_사회복지학과, 경기도_수원과학대학교(제1캠퍼스)_실버사회복지과, 경기도_수원과학대학교(제1캠퍼스)_사회복지과, 경기도_수원여자대학교(제1캠퍼스)_사회복지과, 경기도_수원여자대학교(제1캠퍼스)_사회복지학과(1년제), 경기도_신구대학교(제1캠퍼스)_사회복지과, 경기도_신구대학교(제1캠퍼스)_사회복지학과, 경기도_신안산대학교(제1캠퍼스)_사회복지학과, 경기도_안산대학교(제1캠퍼스)_사회복지과, 경기도_안산대학교(제1캠퍼스)_사회복지학과(1년), 경기도_안산대학교(제1캠퍼스)_사회복지학과, 경기도_안산대학교(제1캠퍼스)_글로컬사회복지학과(성인학습자), 경기도_연성대학교(제1캠퍼스)_사회복지학과, 경기도_연성대학교(제1캠퍼스)_사회복지과 사회복지전공(3년제), 경기도_연성대학교(제1캠퍼스)_사회복지과(3년제), 경기도_연성대학교(제1캠퍼스)_사회복지경영과, 경기도_오산대학교(제1캠퍼스)_평생학습학과, 경기도_용인예술과학대학교(제1캠퍼스)_사회복지과(3년제), 경기도_용인예술과학대학교(제1캠퍼스)_사회복지학과, 경기도_용인예술과학대학교(제1캠퍼스)_융합사회복지과, 경기도_유한대학교(제1캠퍼스)_건강웰니스학과 사회복지전공, 경기도_유한대학교(제1캠퍼스)_보건복지학과, 경기도_유한대학교(제1캠퍼스)_사회복지학과, 경기도_유한대학교(제1캠퍼스)_사회서비스학과 사회복지전공, 경기도_장안대학교(제1캠퍼스)_사회복지과(3년제), 경기도_장안대학교(제1캠퍼스)_상담재활복지과, 경기도_장안대학교(제1캠퍼스)_사회복지과, 경기도_장안대학교(제1캠퍼스)_사회복지학과(1년제), 경기도_장안대학교(제1캠퍼스)_글로벌케어복지과, 경기도_한국관광대학교(제1캠퍼스)_사회복지과, 강원특별자치도_강릉영동대학교(제1캠퍼스)_사회복지과, 강원특별자치도_강원도립대학교(제1캠퍼스)_사회복지과, 강원특별자치도_세경대학교(제1캠퍼스)_사회복지학과, 강원특별자치도_세경대학교(제1캠퍼스)_사회복지과, 강원특별자치도_송곡대학교(제1캠퍼스)_사회복지학과, 강원특별자치도_송곡대학교(제1캠퍼스)_군상담복지학과, 강원특별자치도_송호대학교(제1캠퍼스)_사회복지과, 강원특별자치도_송호대학교(제1캠퍼스)_복지건강융합과, 강원특별자치도_송호대학교(제1캠퍼스)_사회복지학과, 강원특별자치도_한림성심대학교(제1캠퍼스)_복지공공행정학과, 강원특별자치도_한림성심대학교(제1캠퍼스)_사회복지과, 충청북도_강동대학교(제1캠퍼스)_사회복지과, 충청북도_강동대학교(제1캠퍼스)_사회복지행정과, 충청북도_강동대학교(제1캠퍼스)_글로컬사회복지학부, 충청북도_강동대학교(제1캠퍼스)_사회복지학과, 충청북도_강동대학교(제1캠퍼스)_사회복지학과(학사), 충청북도_대원대학교(제1캠퍼스)_사회복지과, 충청북도_대원대학교(제1캠퍼스)_사회복지학과, 충청북도_충북도립대학교(제1캠퍼스)_사회복지과, 충청북도_충북도립대학교(제1캠퍼스)_사회복지전공, 충청북도_충북도립대학교(제1캠퍼스)_사회복지학과, 충청북도_충북보건과학대학교(제1캠퍼스)_의료복지학과, 충청북도_충북보건과학대학교(제1캠퍼스)_복지행정과, 충청북도_충북보건과학대학교(제1캠퍼스)_사회복지과, 충청북도_충청대학교(제1캠퍼스)_사회복지과, 충청북도_충청대학교(제1캠퍼스)_사회복지학과, 충청북도_충청대학교(제1캠퍼스)_평생교육융합학부, 충청남도_백석문화대학교(제1캠퍼스)_사회복지학부, 충청남도_백석문화대학교(제1캠퍼스)_미래커리어개발학부(사회복지학과), 충청남도_백석문화대학교(제1캠퍼스)_사회복지학과, 충청남도_신성대학교(제1캠퍼스)_사회복지학과, 충청남도_신성대학교(제1캠퍼스)_사회복지과, 충청남도_혜전대학교(제1캠퍼스)_사회복지과, 충청남도_혜전대학교(제1캠퍼스)_사회복지과(3년제), 전북특별자치도_군장대학교(제1캠퍼스)_사회복지계열, 전북특별자치도_군장대학교(제1캠퍼스)_사회복지과(2년제), 전북특별자치도_군장대학교(제1캠퍼스)_사회적경제과, 전북특별자치도_군장대학교(제1캠퍼스)_사회복지학과, 전북특별자치도_원광보건대학교(제1캠퍼스)_사회복지과, 전북특별자치도_원광보건대학교(제1캠퍼스)_사회복지학과, 전북특별자치도_전북과학대학교(제1캠퍼스)_복지계열, 전북특별자치도_전북과학대학교(제1캠퍼스)_사회복지과, 전북특별자치도_전주기전대학(제1캠퍼스)_융합학과(산업체위탁), 전북특별자치도_전주기전대학(제1캠퍼스)_사회복지과, 전북특별자치도_전주기전대학(제1캠퍼스)_사회복지상담과(창의융합), 전북특별자치도_전주기전대학(제1캠퍼스)_사회복지과(창의융합), 전북특별자치도_전주비전대학교(제1캠퍼스)_사회복지경영과, 전북특별자치도_전주비전대학교(제1캠퍼스)_사회복지경영학과, 전라남도_광양보건대학교(제1캠퍼스)_사회복지과, 전라남도_나주대학교(제1캠퍼스)_사회복지실천과, 전라남도_나주대학교(제1캠퍼스)_문화예술복지과, 전라남도_나주대학교(제1캠퍼스)_사회사업복지과, 전라남도_나주대학교(제1캠퍼스)_사회복지교육과, 전라남도_나주대학교(제1캠퍼스)_지역사회복지과, 전라남도_나주대학교(제1캠퍼스)_다문화복지과, 전라남도_나주대학교(제1캠퍼스)_스마트시니어복지과, 전라남도_나주대학교(제1캠퍼스)_다문화사회복지과, 전라남도_나주대학교(제1캠퍼스)_사회사업복지학과, 전라남도_나주대학교(제1캠퍼스)_사회복지학부, 전라남도_나주대학교(제1캠퍼스)_사회복지과, 전라남도_나주대학교(제1캠퍼스)_재난안전복지과, 전라남도_나주대학교(제1캠퍼스)_라이브커머스복지과, 전라남도_동아보건대학교(제1캠퍼스)_사회복지학과, 전라남도_동아보건대학교(제1캠퍼스)_복수자율전공학부, 전라남도_동아보건대학교(제1캠퍼스)_사회복지전공, 전라남도_동아보건대학교(제1캠퍼스)_인지장애복지학부, 전라남도_목포과학대학교(제1캠퍼스)_복지학부, 전라남도_목포과학대학교(제1캠퍼스)_휴먼융합복지과, 전라남도_목포과학대학교(제1캠퍼스)_복지융합과, 전라남도_목포과학대학교(제1캠퍼스)_사회복지과, 전라남도_목포과학대학교(제1캠퍼스)_사회복지학과, 전라남도_목포과학대학교(제1캠퍼스)_웰빙복지융합과, 전라남도_목포과학대학교(제1캠퍼스)_평생교육복지학과, 전라남도_순천제일대학교(제1캠퍼스)_사회복지과, 전라남도_순천제일대학교(제1캠퍼스)_미래휴먼융합학부 사회복지서비스전공, 전라남도_순천제일대학교(제1캠퍼스)_사회복지학과, 전라남도_전남과학대학교(제1캠퍼스)_사회복지과, 전라남도_전남과학대학교(제1캠퍼스)_사회복지학과, 전라남도_전남도립대학교(제1캠퍼스)_사회복지과, 전라남도_청암대학교(제1캠퍼스)_사회복지과, 전라남도_청암대학교(제1캠퍼스)_실버사회복지과, 경상북도_가톨릭상지대학교(제1캠퍼스)_사회복지과, 경상북도_가톨릭상지대학교(제1캠퍼스)_사회복지학과, 경상북도_경북과학대학교(제1캠퍼스)_사회복지과, 경상북도_경북과학대학교(제1캠퍼스)_사회복지계열, 경상북도_경북과학대학교(제1캠퍼스)_사회복지학과, 경상북도_경북과학대학교(제1캠퍼스)_상담복지과, 경상북도_경북보건대학교(제1캠퍼스)_보건복지학과, 경상북도_경북전문대학교(제1캠퍼스)_사회복지학과, 경상북도_경북전문대학교(제1캠퍼스)_사회복지과, 경상북도_구미대학교(제1캠퍼스)_사회복지학과, 경상북도_구미대학교(제1캠퍼스)_사회복지과, 경상북도_구미대학교(제1캠퍼스)_사회복지서비스과, 경상북도_대경대학교(제1캠퍼스)_사회복지학과, 경상북도_대경대학교(제1캠퍼스)_사회복지과, 경상북도_문경대학교(제1캠퍼스)_사회복지재활과, 경상북도_문경대학교(제1캠퍼스)_사회복지과, 경상북도_문경대학교(제1캠퍼스)_재활상담복지과, 경상북도_문경대학교(제1캠퍼스)_사회복지서비스과, 경상북도_성운대학교(제1캠퍼스)_지역사회융합학과, 경상북도_성운대학교(제1캠퍼스)_스마트평생교육학부 IT융합복지전공, 경상북도_성운대학교(제1캠퍼스)_라이프융합학부 복지경영전공, 경상북도_성운대학교(제1캠퍼스)_스마트평생융합학과, 경상북도_성운대학교(제1캠퍼스)_디지털평생융합학부, 경상북도_성운대학교(제1캠퍼스)_라이프융합학부  커뮤니티케어복지전공, 경상북도_성운대학교(제1캠퍼스)_스마트평생교육학부 교육복지전공, 경상북도_성운대학교(제1캠퍼스)_미래휴먼사회복지학부, 경상북도_성운대학교(제1캠퍼스)_라이프융합학부  치유농업복지전공, 경상북도_성운대학교(제1캠퍼스)_스마트복지경영학과, 경상북도_성운대학교(제1캠퍼스)_라이프융합학부  스마트융합복지전공, 경상북도_성운대학교(제1캠퍼스)_스마트평생교육학부 복지경영전공, 경상북도_성운대학교(제1캠퍼스)_웰테크복지학과, 경상북도_성운대학교(제1캠퍼스)_지역사회융합학부, 경상북도_성운대학교(제1캠퍼스)_웰라이프복지학부, 경상북도_안동과학대학교(제1캠퍼스)_사회복지학과, 경상북도_안동과학대학교(제1캠퍼스)_사회복지과, 경상북도_영남외국어대학(제1캠퍼스)_사회복지과, 경상북도_포항대학교(제1캠퍼스)_사회복지과, 경상북도_한국복지사이버대학교(제1캠퍼스)_사회복지학과, 경상북도_한국복지사이버대학교(제1캠퍼스)_생활체육복지학과, 경상북도_한국복지사이버대학교(제1캠퍼스)_군사회복지학과, 경상북도_호산대학교(제1캠퍼스)_LIFE휴먼사회복지학부, 경상북도_호산대학교(제1캠퍼스)_휴먼복지학부, 경상북도_호산대학교(제1캠퍼스)_LiFE사회복지학과, 경상북도_호산대학교(제1캠퍼스)_LIFE휴먼복지학부, 경상북도_호산대학교(제1캠퍼스)_사회복지과, 경상북도_호산대학교(제1캠퍼스)_LIFE사회복지과, 경상북도_호산대학교(제1캠퍼스)_사회복지융합과, 경상남도_거제대학교(제1캠퍼스)_사회복지창업과, 경상남도_거제대학교(제1캠퍼스)_사회복지과(3년제), 경상남도_거제대학교(제1캠퍼스)_사회복지전공, 경상남도_거제대학교(제1캠퍼스)_사회복지학과(1년제), 경상남도_경남도립거창대학(제1캠퍼스)_사회복지ㆍ보육학부, 경상남도_김해대학교(제1캠퍼스)_휴먼케어학부 사회복지과, 경상남도_김해대학교(제1캠퍼스)_사회복지계열, 경상남도_동원과학기술대학교(제1캠퍼스)_보건복지과, 경상남도_동원과학기술대학교(제1캠퍼스)_사회복지학부, 경상남도_동원과학기술대학교(제1캠퍼스)_사회복지과, 경상남도_동원과학기술대학교(제1캠퍼스)_사회복지학과, 경상남도_마산대학교(제1캠퍼스)_사회복지과, 경상남도_진주보건대학교(제1캠퍼스)_사회복지과, 경상남도_진주보건대학교(제1캠퍼스)_사회복지계열, 경상남도_진주보건대학교(제1캠퍼스)_사회복지학과(1년), 경상남도_창원문성대학교(제1캠퍼스)_사회복지과, 경상남도_창원문성대학교(제1캠퍼스)_사회복지학과, 제주특별자치도_제주관광대학교(제1캠퍼스)_사회복지과, 제주특별자치도_제주관광대학교(제1캠퍼스)_사회복지학과, 제주특별자치도_제주한라대학교(제1캠퍼스)_사회복지과, 제주특별자치도_제주한라대학교(제1캠퍼스)_복지행정과, 제주특별자치도_제주한라대학교(제1캠퍼스)_사회복지학과, 세종특별자치시_한국영상대학교(제1캠퍼스)_휴먼사회복지학과, 세종특별자치시_한국영상대학교(제1캠퍼스)_사회복지과","일반 선택: 현대사회와 윤리, 사회와 문화 등 | 진로 선택: 윤리와 사상, 정치, 법과 사회, 경제, 한국지리탐구, 도시의 미래 탐구, 국제 관계의 이해, 생활과학 탐구, 인간과 심리 등 | 융합 선택: 사회문제 탐구, 윤리문제 탐구, 등","공통과목: 사회, 생활ㆍ교양 | 일반선택과목: 사회교과 : 사회ㆍ문화, 생활과 윤리, 윤리와 사상 | 진로선택과목: 사회문제 탐구 | 전문교과Ⅰ: 지역 이해, 세계 문제와 미래 사회, 현대 세계의 변화, 사회 탐구 방법 및 사회과제 연구 | 전문교과Ⅱ: 사무 행정, 인간 발달, 아동 복지, 복지 서비스의 기초, 대인 복지 서비스","사회복지사, 청소년상담사, 청소년지도사",교도관
257,사회복지상담과,"부산광역시_부산과학기술대학교(제1캠퍼스)_사회복지상담과, 대전광역시_대전과학기술대학교(제1캠퍼스)_케어복지상담과, 대구광역시_계명문화대학교(제1캠퍼스)_사회복지상담학과, 대구광역시_계명문화대학교(제1캠퍼스)_심리상담케어과, 대구광역시_계명문화대학교(제1캠퍼스)_사회복지상담과, 대구광역시_대구과학대학교(제1캠퍼스)_사회복지상담과, 대구광역시_대구과학대학교(제1캠퍼스)_평생학습상담과, 대구광역시_대구과학대학교(제1캠퍼스)_복지상담과, 대구광역시_수성대학교(제1캠퍼스)_사회복지상담학과, 대구광역시_영진사이버대학교(제1캠퍼스)_상담심리학과, 대구광역시_영진사이버대학교(제1캠퍼스)_심리상담치료계열, 울산광역시_울산과학대학교(제1캠퍼스)_사회복지상담학과(동부), 울산광역시_울산과학대학교(제2캠퍼스)_사회복지상담학과, 경기도_경복대학교(제1캠퍼스)_사회복지상담과, 경기도_국제대학교(제1캠퍼스)_상담심리치료과, 경기도_국제대학교(제1캠퍼스)_상담심리치료학과, 경기도_동서울대학교(제1캠퍼스)_사회복지상담과, 경기도_동원대학교(제1캠퍼스)_사회복지아동상담전공, 경기도_동원대학교(제1캠퍼스)_사회복지아동상담학과, 경기도_동원대학교(제1캠퍼스)_사회복지상담전공, 경기도_동원대학교(제1캠퍼스)_사회복지상담학과, 경기도_서정대학교(제1캠퍼스)_사회복지상담학과, 경기도_서정대학교(제1캠퍼스)_사회복지상담과, 경기도_세계사이버대학(제1캠퍼스)_상담심리학과, 경기도_수원여자대학교(제1캠퍼스)_사회복지상담과, 경기도_여주대학교(제1캠퍼스)_사회복지상담과(2년제), 경기도_여주대학교(제1캠퍼스)_사회복지상담학과, 경기도_여주대학교(제1캠퍼스)_심리재활치료과, 경기도_여주대학교(제1캠퍼스)_심리재활치료학과, 경기도_여주대학교(제1캠퍼스)_사회복지상담과, 경기도_오산대학교(제1캠퍼스)_사회복지상담학과, 경기도_오산대학교(제1캠퍼스)_사회복지상담과, 강원특별자치도_송곡대학교(제1캠퍼스)_사회복지상담학과, 강원특별자치도_송곡대학교(제1캠퍼스)_사회복지상담과, 강원특별자치도_송곡대학교(제1캠퍼스)_보건복지상담학과, 충청북도_충청대학교(제1캠퍼스)_사회복지상담과, 전북특별자치도_군장대학교(제1캠퍼스)_아동심리상담과, 전북특별자치도_군장대학교(제1캠퍼스)_사회복지상담과, 전북특별자치도_군장대학교(제1캠퍼스)_실버복지상담과, 전북특별자치도_전주기전대학(제1캠퍼스)_사회복지상담과, 전라남도_나주대학교(제1캠퍼스)_사회복지상담교육과, 전라남도_나주대학교(제1캠퍼스)_사회복지상담학부, 전라남도_나주대학교(제1캠퍼스)_평생교육복지상담과, 전라남도_나주대학교(제1캠퍼스)_사회복지상담과, 전라남도_나주대학교(제1캠퍼스)_평생교육상담과, 전라남도_동아보건대학교(제1캠퍼스)_사회복지상담전공, 전라남도_순천제일대학교(제1캠퍼스)_미래휴먼융합학부 재활상담전공, 경상북도_선린대학교(제1캠퍼스)_사회복지심리상담과, 경상북도_성운대학교(제1캠퍼스)_상담심리학과, 경상북도_영남외국어대학(제1캠퍼스)_보육복지상담과, 경상북도_한국복지사이버대학교(제1캠퍼스)_심리상담치료학과, 경상북도_한국복지사이버대학교(제1캠퍼스)_사회복지상담학과, 경상남도_김해대학교(제1캠퍼스)_사회복지상담과","일반 선택: 현대사회와 윤리, 사회와 문화 등 | 진로 선택: 윤리와 사상, 정치, 법과 사회, 경제, 한국지리탐구, 도시의 미래 탐구, 국제 관계의 이해, 생활과학 탐구, 인간과 심리 등 | 융합 선택: 사회문제 탐구, 윤리문제 탐구, 등","공통과목: 사회, 생활ㆍ교양 | 일반선택과목: 사회교과 : 사회ㆍ문화, 생활과 윤리, 윤리와 사상 | 진로선택과목: 사회문제 탐구 | 전문교과Ⅰ: 지역 이해, 세계 문제와 미래 사회, 현대 세계의 변화, 사회 탐구 방법 및 사회과제 연구 | 전문교과Ⅱ: 사무 행정, 인간 발달, 아동 복지, 복지 서비스의 기초, 대인 복지 서비스","사회복지사, 직업상담사, 청소년상담사, 청소년지도사, 평생교육사",교도관
241,사회체육과,"서울특별시_명지전문대학(제1캠퍼스)_사회체육학과, 서울특별시_명지전문대학(제1캠퍼스)_사회체육과, 부산광역시_동의과학대학교(제1캠퍼스)_프로야구&축구과, 부산광역시_부산여자대학교(제1캠퍼스)_스마트건강운동과, 대전광역시_대덕대학교(제1캠퍼스)_생활체육과, 대전광역시_대전보건대학교(제1캠퍼스)_예술ㆍ체육지도과, 대전광역시_대전보건대학교(제1캠퍼스)_통합예술체육과, 대구광역시_계명문화대학교(제1캠퍼스)_생활체육학부, 대구광역시_계명문화대학교(제1캠퍼스)_생활체육학과, 경기도_국제대학교(제1캠퍼스)_스포츠학부, 경기도_수원과학대학교(제1캠퍼스)_생활체육과, 경기도_장안대학교(제1캠퍼스)_생활체육과, 경기도_장안대학교(제1캠퍼스)_생활체육학과, 강원특별자치도_세경대학교(제1캠퍼스)_스포츠복지과(인문사회), 강원특별자치도_송호대학교(제1캠퍼스)_스포츠레저학과, 충청북도_강동대학교(제1캠퍼스)_스포츠건강학과, 충청북도_강동대학교(제1캠퍼스)_스포츠건강학과(학사), 충청북도_충청대학교(제1캠퍼스)_생활체육과, 충청북도_충청대학교(제1캠퍼스)_사회체육학부 생활체육과, 충청북도_충청대학교(제1캠퍼스)_사회체육과, 전라남도_광양보건대학교(제1캠퍼스)_생활체육과, 전라남도_나주대학교(제1캠퍼스)_사회체육복지과, 전라남도_목포과학대학교(제1캠퍼스)_스포츠과학학과, 전라남도_전남과학대학교(제1캠퍼스)_생활체육과, 전라남도_전남과학대학교(제1캠퍼스)_생활체육학과, 경상북도_경북과학대학교(제1캠퍼스)_사회체육과, 경상북도_대경대학교(제1캠퍼스)_스포츠공연학과, 경상북도_대경대학교(제1캠퍼스)_AI스포츠분석과, 경상북도_대경대학교(제1캠퍼스)_생활체육지도과, 경상북도_문경대학교(제1캠퍼스)_축구과, 경상북도_안동과학대학교(제1캠퍼스)_축구학과, 경상북도_안동과학대학교(제1캠퍼스)_스포츠레저학과, 경상북도_안동과학대학교(제1캠퍼스)_축구과, 경상남도_동원과학기술대학교(제1캠퍼스)_생활체육과, 제주특별자치도_제주한라대학교(제1캠퍼스)_체육과","일반 선택: 독서와 작문, 문학, 대수, 미적분I, 확률과 통계, 영어 Ⅰ,프, 영어 독해와 작문, 사회와 문화, 현대사회와 윤리, 물리학, 생명과학, 정보 등 | 진로 선택: 경제, 역학과 에너지, 화학 반응의 세계, 세포와 물질대사, 생물의 유전, 데이터 과학 등 | 융합 선택: 매체 의사소통, 실생활 영어 회화, 실용 통계 등","공통과목: 체육, 윤리 | 일반선택과목: 체육교과 : 체육, 운동과 건강 | 진로선택과목: 스포츠 생활, 체육 탐구 | 전문교과Ⅰ: 스포츠 개론, 체육 지도법, 체육 전공 실기 기초, 체육 전공 실기 심화, 체육 전공 실기 응용 | 전문교과Ⅱ: 인체 구조와 기능, 간호의 기초","생활체육지도사, 응급구조사, 청소년지도사",경호원
242,사회체육학과,"서울특별시_디지털서울문화예술대학교(제1캠퍼스)_사회체육학과, 서울특별시_한국체육대학교(제1캠퍼스)_사회체육학과, 부산광역시_부산외국어대학교(제1캠퍼스)_사회체육학과, 대구광역시_계명대학교(제1캠퍼스)_사회체육학과, 광주광역시_송원대학교(제1캠퍼스)_사회체육학과, 광주광역시_호남대학교(제1캠퍼스)_축구학과, 강원특별자치도_가톨릭관동대학교(제1캠퍼스)_사회체육학전공, 충청북도_극동대학교(제1캠퍼스)_사회체육학과, 충청남도_상명대학교(제2캠퍼스)_사회체육학과, 충청남도_순천향대학교(제1캠퍼스)_사회체육학과, 충청남도_중부대학교(제1캠퍼스)_사회체육학과, 충청남도_호서대학교(제1캠퍼스)_사회체육학과, 전라남도_국립순천대학교(제1캠퍼스)_사회체육학과, 전라남도_국립순천대학교(제1캠퍼스)_사회체육학전공, 전라남도_초당대학교(제1캠퍼스)_사회체육학과, 경상북도_동국대학교 WISE캠퍼스(제1캠퍼스)_사회체육학과, 세종특별자치시_고려대학교 세종캠퍼스(제1캠퍼스)_사회체육학과","일반 선택: 독서와 작문, 문학, 대수, 미적분I, 확률과 통계, 영어 Ⅰ,프, 영어 독해와 작문, 사회와 문화, 현대사회와 윤리, 물리학, 생명과학, 정보 등 | 진로 선택: 경제, 역학과 에너지, 화학 반응의 세계, 세포와 물질대사, 생물의 유전, 데이터 과학 등 | 융합 선택: 매체 의사소통, 실생활 영어 회화, 실용 통계 등","공통과목: 체육, 윤리 | 일반선택과목: 체육교과 : 체육, 운동과 건강 | 진로선택과목: 스포츠 생활, 체육 탐구 | 전문교과Ⅰ: 스포츠 개론, 체육 지도법, 체육 전공 실기 기초, 체육 전공 실기 심화, 체육 전공 실기 응용 | 전문교과Ⅱ: 인체 구조와 기능, 간호의 기초","생활체육지도사, 응급구조사, 청소년지도사",경호원
252,산업디자인과,"서울특별시_명지전문대학(제1캠퍼스)_산업디자인학과, 서울특별시_인덕대학교(제1캠퍼스)_디지털산업디자인학과, 서울특별시_한국폴리텍 I 대학 서울정수캠퍼스(제1캠퍼스)_산업디자인과, 서울특별시_한국폴리텍 I 대학 서울정수캠퍼스(제1캠퍼스)_친환경산업디자인과, 서울특별시_한양여자대학교(제1캠퍼스)_산업디자인과, 서울특별시_한양여자대학교(제1캠퍼스)_산업디자인학과, 부산광역시_부산경상대학교(제1캠퍼스)_산업디자인과, 부산광역시_부산과학기술대학교(제1캠퍼스)_산업디자인과, 인천광역시_인하공업전문대학(제1캠퍼스)_산업디자인학과, 인천광역시_한국폴리텍 II 대학 인천캠퍼스(제1캠퍼스)_산업디자인과, 대구광역시_계명문화대학교(제1캠퍼스)_디자인융합테크학부, 대구광역시_계명문화대학교(제1캠퍼스)_산업디자인과, 대구광역시_계명문화대학교(제1캠퍼스)_산업디자인전공, 경기도_경복대학교(제1캠퍼스)_산업디자인과(예체능), 경기도_계원예술대학교(제1캠퍼스)_산업디자인학과, 경기도_계원예술대학교(제1캠퍼스)_스마트프로덕트디자인과, 경기도_계원예술대학교(제1캠퍼스)_스마트프로덕트디자인학과, 경기도_계원예술대학교(제1캠퍼스)_산업디자인과, 경기도_국제대학교(제1캠퍼스)_산업디자인학과, 경기도_동서울대학교(제1캠퍼스)_산업디자인학과(예체능), 경기도_동서울대학교(제1캠퍼스)_산업디자인과, 경기도_동서울대학교(제1캠퍼스)_산업디자인학과, 경기도_부천대학교(제1캠퍼스)_산업디자인과, 경기도_서영대학교(제2캠퍼스)_산업디자인학과, 경기도_서영대학교(제2캠퍼스)_산업디자인과, 경기도_수원과학대학교(제1캠퍼스)_산업디자인학과, 경기도_수원과학대학교(제1캠퍼스)_산업디자인과(3년제), 경기도_수원과학대학교(제1캠퍼스)_산업디자인과, 경기도_용인예술과학대학교(제1캠퍼스)_리빙제품디자인과, 경기도_유한대학교(제1캠퍼스)_산업디자인학과, 경기도_유한대학교(제1캠퍼스)_멀티디자인학과 산업디자인전공, 경기도_유한대학교(제1캠퍼스)_산업디자인학과(3년제), 강원특별자치도_한국폴리텍 III 대학 춘천캠퍼스(제1캠퍼스)_산업디자인과, 충청북도_강동대학교(제1캠퍼스)_산업디자인과, 경상남도_창원문성대학교(제1캠퍼스)_산업디자인전공, 경상남도_한국승강기대학교(제1캠퍼스)_시스템디자인공학과, 제주특별자치도_제주한라대학교(제1캠퍼스)_산업디자인학과","일반 선택: 독서와 작문, 문학, 대수, 확률과 통계, 영어Ⅰ, 영어Ⅱ, 영어 독해오작문, 미술, 정보 등 | 진로 선택: 주제 탐구 독서, 문학과 영상, 미술 창작, 미술 감상과 비평, 인간과 심리 등 | 융합 선택: 매체 의사소통, 미디어 영어, 세계 문화와 영어, 여행지리, 사회문제 탐구, 미술과 매체 등","공통과목: 미술, 윤리 | 일반선택과목: 예술교과 : 미술 | 진로선택과목: 미술 창작, 미술 감상과 비평 | 전문교과Ⅰ: 미술 이론, 미술사, 드로잉 미술 전공 실기 | 전문교과Ⅱ: 디자인 일반, 시각디자인, 색체 관리","GTQ(GraphicTechnologyQualification)1ㆍ2급, 시각디자인산업기사, 웹디자인기능사, 제품디자인산업기사, 컬러리스트산업기사, 컴퓨터그래픽스운용기능사, 포장산업기사",귀금속및보석세공원
10050,산업설비자동화과,"서울특별시_동양미래대학교(제1캠퍼스)_자동화공학과, 서울특별시_서일대학교(제1캠퍼스)_디지털트윈엘리베이터학과, 서울특별시_인덕대학교(제1캠퍼스)_스마트팩토리공학과, 인천광역시_한국폴리텍 II 대학 인천캠퍼스(제1캠퍼스)_산업설비자동화과, 대전광역시_우송정보대학(제1캠퍼스)_자동화ㆍ클린룸설비학부, 대전광역시_우송정보대학(제1캠퍼스)_스마트팩토리기술과, 대전광역시_한국폴리텍 IV 대학 대전캠퍼스(제1캠퍼스)_스마트자동화과, 대전광역시_한국폴리텍 IV 대학 대전캠퍼스(제1캠퍼스)_산업설비과, 대전광역시_한국폴리텍 IV 대학 대전캠퍼스(제1캠퍼스)_녹색산업설비과, 대구광역시_한국폴리텍 VI 대학 대구캠퍼스(제1캠퍼스)_산업설비자동화과, 울산광역시_한국폴리텍 VII 대학 울산캠퍼스(제1캠퍼스)_자동화시스템과, 광주광역시_조선이공대학교(제1캠퍼스)_자동화시스템공학부, 광주광역시_한국폴리텍 V 대학 광주캠퍼스(제1캠퍼스)_자동화시스템과, 경기도_경기과학기술대학교(제1캠퍼스)_스마트자동화과, 경기도_대림대학교(제1캠퍼스)_자동화시스템과, 경기도_대림대학교(제1캠퍼스)_스마트팩토리학부, 경기도_부천대학교(제1캠퍼스)_전자공학과 스마트팩토리전공, 경기도_서정대학교(제1캠퍼스)_스마트팩토리공학과, 경기도_신안산대학교(제1캠퍼스)_스마트패키징과, 경기도_신안산대학교(제1캠퍼스)_자동화시스템전공, 경기도_유한대학교(제1캠퍼스)_자동화공학과, 경기도_한국폴리텍 I 대학 성남캠퍼스(제1캠퍼스)_스마트자동화과, 경기도_한국폴리텍 I 대학 성남캠퍼스(제1캠퍼스)_자동화시스템과, 강원특별자치도_강원도립대학교(제1캠퍼스)_로봇스마트팩토리과, 강원특별자치도_한국폴리텍 III 대학 춘천캠퍼스(제1캠퍼스)_산업설비과, 충청남도_한국폴리텍 IV 대학 아산캠퍼스(제1캠퍼스)_산업설비자동화과, 전북특별자치도_한국폴리텍 V 대학 익산캠퍼스(제1캠퍼스)_산업설비과, 전북특별자치도_한국폴리텍 V 대학 전북캠퍼스(제1캠퍼스)_자동화설비보전과, 전북특별자치도_한국폴리텍 V 대학 전북캠퍼스(제1캠퍼스)_산업설비자동화과, 전라남도_순천제일대학교(제1캠퍼스)_제철산업학부 제철설비전공, 전라남도_전남과학대학교(제1캠퍼스)_농공플랜트드론과, 전라남도_한국폴리텍 V 대학 순천캠퍼스(제1캠퍼스)_산업설비(스마트설비), 전라남도_한국폴리텍 V 대학 전남캠퍼스(제1캠퍼스)_산업설비자동화과, 전라남도_한국폴리텍 V 대학 전남캠퍼스(제1캠퍼스)_에너지설비자동화과, 전라남도_한국폴리텍 V 대학 전남캠퍼스(제1캠퍼스)_에너지설비자동화(스마트설비), 전라남도_한국폴리텍 V 대학 전남캠퍼스(제1캠퍼스)_산업설비자동화(스마트설비), 경상북도_경북보건대학교(제1캠퍼스)_스마트물류계열, 경상북도_경북전문대학교(제1캠퍼스)_글로벌엔지니어링과, 경상북도_한국폴리텍 VI 대학 구미캠퍼스(제1캠퍼스)_자동화시스템과, 경상남도_한국승강기대학교(제1캠퍼스)_스마트승강기시뮬레이션ㆍ진단 전문기술석사과정, 경상남도_한국폴리텍 VII 대학 창원캠퍼스(제1캠퍼스)_산업설비자동화과, 경상남도_한국폴리텍 VII 대학 창원캠퍼스(제1캠퍼스)_물류자동화시스템과","일반 선택: 대수, 미적분 Ⅰ, 확률과 통계, 물리학, 화학, 지구과학, 정보, 기술·가정 등 | 진로 선택: 기하, 미적분Ⅱ, 역학과 에너지, 전자기와 양자, 물질과 에너지, 화학 반응의 세계, 인공지능 기초, 데이터 과학, 로봇과 공학세계 등 | 융합 선택: 창의 공학 설계, 소프트웨어와 생활 등","공통과목: 수학, 사회, 과학, 기술ㆍ가정 | 일반선택과목: 수학교과 : 수학ⅠㆍⅡ, 미적분, 확률과 통계 | 진로선택과목: 실용수학, 기하, 경제수학, 수학과제 탐구, 물리학Ⅱ, 화학Ⅱ, 생활과 과학, 융합과학, 공학 일반, 사회문제 탐구, 창의 경영, 지식 재산 일반 | 전문교과Ⅰ: 심화수학ⅠㆍⅡ, 고급 수학ⅠㆍⅡ, 고급 물리학, 물리학 실험, 고급 화학, 화학 실험, 정보과학, 융합과학탐구, 과학과제 연구, 생태와 환경, 지역 이해, 세계 문제와 미래 사회, 사회 탐구 방법, 사회과제 연구 | 전문교과Ⅱ: 공업 일반, 기업과 경영, 프로그래밍, 빅데이터 분석","가스산업기사, 건설기계산업기사, 건축설비산업기사, 공조냉동기계산업기사, 배관산업기사, 보일러산업기사, 소방설비산업기사, 에너지관리산업기사, 용접산업기사, 판금ㆍ제관기능사",건축설비기술자
255,산업안전과,"부산광역시_동의과학대학교(제1캠퍼스)_산업보건안전학과, 부산광역시_부산과학기술대학교(제1캠퍼스)_재난안전시스템과, 대전광역시_대전보건대학교(제1캠퍼스)_재난건설안전과, 대전광역시_우송정보대학(제1캠퍼스)_산업안전과, 울산광역시_울산과학대학교(제2캠퍼스)_안전및산업경영공학과(2년제), 울산광역시_울산과학대학교(제2캠퍼스)_안전및산업경영공학과, 울산광역시_울산과학대학교(제2캠퍼스)_융합안전공학과, 울산광역시_한국폴리텍 VII 대학 울산캠퍼스(제1캠퍼스)_AI산업안전시스템, 경기도_국제대학교(제1캠퍼스)_산업안전학과, 경기도_오산대학교(제1캠퍼스)_안전보건관리과, 경기도_오산대학교(제1캠퍼스)_산업안전보건과, 경기도_유한대학교(제1캠퍼스)_안전소방학과 산업안전전공, 경기도_유한대학교(제1캠퍼스)_산업안전학과, 경기도_유한대학교(제1캠퍼스)_산업안전보건융합학과, 충청북도_강동대학교(제1캠퍼스)_산업안전학부, 충청남도_신성대학교(제1캠퍼스)_드론산업안전과, 충청남도_신성대학교(제1캠퍼스)_스마트안전융합과, 충청남도_충남도립대학교(제1캠퍼스)_건설안전방재학과, 전라남도_순천제일대학교(제1캠퍼스)_산업안전보건과, 전라남도_순천제일대학교(제1캠퍼스)_산업안전관리과, 전라남도_전남도립대학교(제1캠퍼스)_산업안전융합학과, 전라남도_청암대학교(제1캠퍼스)_안전특성화계열, 전라남도_청암대학교(제1캠퍼스)_안전특성화계열(화공산업안전과), 경상북도_선린대학교(제1캠퍼스)_산업안전보건과, 경상남도_경남도립남해대학(제1캠퍼스)_산업안전관리과, 경상남도_김해대학교(제1캠퍼스)_산업소방안전과, 경상남도_동원과학기술대학교(제1캠퍼스)_산업안전관리과, 경상남도_한국폴리텍 VII 대학 창원캠퍼스(제1캠퍼스)_산업안전환경과","일반 선택: 화법과 언어, 독서와 작문, 문학, 확률과 통계, 영어 Ⅰ,영어프, 영어 독해와 작문, 세계시민과 지리, 사회와 문화, 현대사회와 윤리, 생명과학, 정보, 제2외국어 과목, 한문 등 | 진로 선택: 주제 탐구 독서, 영어 발표와 토론, 정치, 법과 사회, 경제, 윤리와 사상, 국제 관계의 이해, 생물의 유전 등 | 융합 선택: 독서 토론과 글쓰기, 실용 통계, 수학과제 탐구, 사회문제 탐구, 기후변화와 지속가능한 세계, 융합과학 탐구, 보건 등","공통과목: 수학, 과학, 기술ㆍ가정 | 일반선택과목: 수학교과 : 수학ⅠㆍⅡ, 미적분, 확률과 통계 | 진로선택과목: 기하, 물리학Ⅱ, 화학Ⅱ, 생명과학Ⅱ, 생활과 과학, 융합과학, 공학 일반 | 전문교과Ⅰ: 심화수학ⅠㆍⅡ, 고급 수학ⅠㆍⅡ, 고급 물리학, 물리학 실험, 고급 화학, 화학 실험, 고급 생명과학, 생명과학 실험, 정보과학, 융합과학 탐구, 과학과제연구, 생태와 환경 | 전문교과Ⅱ: 환경 화학 기초, 산업 안전 보건 기초","가스산업기사, 산업안전산업기사, 소방시설관리사, 위험물산업기사",산업공학기술자
10051,산업잠수과,강원특별자치도_한국폴리텍 III 대학 강릉캠퍼스(제1캠퍼스)_산업잠수과,"일반 선택: 독서와 작문, 문학, 대수, 미적분I, 확률과 통계, 영어 Ⅰ,프, 영어 독해와 작문, 사회와 문화, 현대사회와 윤리, 물리학, 생명과학, 정보 등 | 진로 선택: 경제, 역학과 에너지, 화학 반응의 세계, 세포와 물질대사, 생물의 유전, 데이터 과학 등 | 융합 선택: 매체 의사소통, 실생활 영어 회화, 실용 통계 등","공통과목: 체육, 윤리 | 일반선택과목: 체육교과 : 체육, 운동과 건강 | 진로선택과목: 스포츠 생활, 체육 탐구 | 전문교과Ⅰ: 스포츠 개론, 체육 지도법, 체육 전공 실기 기초, 체육 전공 실기 심화, 체육 전공 실기 응용 | 전문교과Ⅱ: 인체 구조와 기능, 간호의 기초","수상구조사, 용접산업기사, 잠수산업기사, 측량및지형공간정보산업기사, 해양조사산업기사",산업잠수사
260,생명공학과,"서울특별시_고려대학교(제1캠퍼스)_바이오의공학부, 서울특별시_광운대학교(제1캠퍼스)_전자바이오물리학과, 서울특별시_덕성여자대학교(제1캠퍼스)_바이오공학과, 서울특별시_서울과학기술대학교(제1캠퍼스)_자유전공학부(에너지바이오대학), 서울특별시_서울여자대학교(제1캠퍼스)_바이오화장품공학전공, 서울특별시_연세대학교(제1캠퍼스)_생명공학과, 서울특별시_이화여자대학교(제1캠퍼스)_휴먼기계바이오공학부, 서울특별시_한양대학교(제1캠퍼스)_바이오메디컬공학전공, 서울특별시_한양대학교(제1캠퍼스)_생명공학과, 서울특별시_홍익대학교(제1캠퍼스)_바이오헬스융합학부 바이오헬스디자인전공, 부산광역시_국립부경대학교(제1캠퍼스)_생태공학전공, 부산광역시_국립부경대학교(제1캠퍼스)_휴먼바이오융합전공, 부산광역시_동서대학교(제1캠퍼스)_바이오헬스융합대학, 부산광역시_동아대학교(제1캠퍼스)_생명공학과, 인천광역시_안양대학교(제2캠퍼스)_해양바이오공학전공, 인천광역시_인천대학교(제1캠퍼스)_바이오-로봇시스템공학과, 인천광역시_인하대학교(제1캠퍼스)_생명공학과, 대전광역시_배재대학교(제1캠퍼스)_생명공학과, 울산광역시_울산과학기술원(제1캠퍼스)_바이오메디컬공학과, 울산광역시_울산대학교(제1캠퍼스)_바이오메디컬헬스학부, 광주광역시_전남대학교(제1캠퍼스)_바이오에너지공학과, 경기도_가천대학교(제1캠퍼스)_바이오의료기기학과, 경기도_가톨릭대학교(제1캠퍼스)_생명공학과, 경기도_동국대학교(제2캠퍼스)_바이오시스템대학(광역화 모집단위), 경기도_동국대학교(제2캠퍼스)_바이오환경과학과, 경기도_성균관대학교(제2캠퍼스)_바이오메카트로닉스학과, 경기도_아주대학교(제1캠퍼스)_첨단바이오융합대학, 경기도_중앙대학교(제2캠퍼스)_생명공학과, 경기도_차의과학대학교(제1캠퍼스)_바이오공학과, 경기도_한경국립대학교(제1캠퍼스)_생명공학과, 경기도_한국외국어대학교(제2캠퍼스)_바이오메디컬공학전공, 경기도_한국외국어대학교(제2캠퍼스)_생명공학과, 경기도_한양대학교 ERICA캠퍼스(제1캠퍼스)_바이오신약융합학부, 강원특별자치도_강원대학교(제1캠퍼스)_스마트팜융합바이오시스템공학과, 강원특별자치도_강원대학교(제1캠퍼스)_바이오시스템공학과, 강원특별자치도_강원대학교(제1캠퍼스)_바이오자원환경학전공, 강원특별자치도_강원대학교(제1캠퍼스)_바이오자원환경학과, 강원특별자치도_상지대학교(제1캠퍼스)_제약바이오학과, 강원특별자치도_연세대학교 미래캠퍼스(제1캠퍼스)_바이오융합공학전공, 충청북도_건국대학교 글로컬캠퍼스(제1캠퍼스)_바이오메디컬공학과, 충청북도_건국대학교 글로컬캠퍼스(제1캠퍼스)_생명공학과, 충청북도_국립한국교통대학교(제1캠퍼스)_바이오메디컬융합학과, 충청북도_서원대학교(제1캠퍼스)_바이오코스메틱학과, 충청북도_서원대학교(제1캠퍼스)_바이오코스메틱전공, 충청북도_세명대학교(제1캠퍼스)_동물바이오헬스학과, 충청북도_세명대학교(제1캠퍼스)_바이오코스메틱학과, 충청북도_세명대학교(제1캠퍼스)_바이오환경공학과, 충청북도_중원대학교(제1캠퍼스)_바이오산업학과, 충청북도_충북대학교(제1캠퍼스)_바이오시스템공학과, 충청남도_남서울대학교(제1캠퍼스)_바이오헬스컨디셔닝학과, 충청남도_호서대학교(제1캠퍼스)_생명공학과, 경상북도_국립금오공과대학교(제1캠퍼스)_바이오메디컬공학과, 경상북도_대구가톨릭대학교(제1캠퍼스)_바이오메디대학(유형2), 경상북도_대구가톨릭대학교(제1캠퍼스)_생명공학과, 경상북도_대구대학교(제1캠퍼스)_보건바이오계열, 경상북도_대구대학교(제1캠퍼스)_생명공학과, 경상북도_영남대학교(제1캠퍼스)_생명공학과, 경상남도_부산대학교(제3캠퍼스)_의생명융합공학부","일반 선택: 대수, 미적분 Ⅰ, 확률과 통계, 물리학, 화학, 생명과학, 정보 등 | 진로 선택: 기하, 미적분Ⅱ, 물질과 에너지, 화학 반응의 세계, 세포와 물질대사, 생물의 유전 등 | 융합 선택: 융합과학 탐구, 기후변화와 지속가능한 세계 등","공통과목: 수학, 과학, 기술ㆍ가정 | 일반선택과목: 수학교과 : 수학ⅠㆍⅡ, 미적분, 확률과 통계 | 진로선택과목: 기하, 수학과제 탐구, 화학Ⅱ, 생명과학Ⅱ, 생활과 과학, 융합과학, 공학 일반 | 전문교과Ⅰ: 심화수학ⅠㆍⅡ, 고급 수학ⅠㆍⅡ, 고급 화학, 화학 실험, 고급 생명과학, 생명과학 실험, 정보과학, 융합과학탐구, 과학과제연구, 생태와 환경 | 전문교과Ⅱ: 인간과 환경","대기환경기사, 생물공학기사, 수질환경기사, 식품기사, 폐기물처리기사",생명과학연구원
261,생명과학과,"서울특별시_건국대학교(제1캠퍼스)_의생명공학과, 서울특별시_건국대학교(제1캠퍼스)_생명과학특성학과, 서울특별시_건국대학교(제1캠퍼스)_분자생명공학전공, 서울특별시_건국대학교(제1캠퍼스)_융합과학기술원자유전공학부, 서울특별시_건국대학교(제1캠퍼스)_융합생명공학과, 서울특별시_건국대학교(제1캠퍼스)_생명자원환경과학부, 서울특별시_건국대학교(제1캠퍼스)_시스템생명공학과, 서울특별시_건국대학교(제1캠퍼스)_첨단바이오공학부, 서울특별시_건국대학교(제1캠퍼스)_줄기세포재생공학과, 서울특별시_고려대학교(제1캠퍼스)_생명공학부, 서울특별시_고려대학교(제1캠퍼스)_생체의공학과, 서울특별시_고려대학교(제1캠퍼스)_생명과학부, 서울특별시_국민대학교(제1캠퍼스)_바이오의약전공, 서울특별시_국민대학교(제1캠퍼스)_임산생명공학과, 서울특별시_덕성여자대학교(제1캠퍼스)_바이오공학전공, 서울특별시_덕성여자대학교(제1캠퍼스)_AI신약학과, 서울특별시_삼육대학교(제1캠퍼스)_동물생명자원학과, 서울특별시_삼육대학교(제1캠퍼스)_화학생명과학과, 서울특별시_삼육대학교(제1캠퍼스)_바이오융합공학과, 서울특별시_상명대학교(제1캠퍼스)_생명과학과, 서울특별시_상명대학교(제1캠퍼스)_생명화학공학부 생명공학전공, 서울특별시_상명대학교(제1캠퍼스)_생명화학공학부 화학에너지공학전공, 서울특별시_서강대학교(제1캠퍼스)_생명과학과, 서울특별시_서경대학교(제1캠퍼스)_화학생명공학과, 서울특별시_서경대학교(제1캠퍼스)_나노화학생명공학과, 서울특별시_서울대학교(제1캠퍼스)_바이오시스템ㆍ소재학부, 서울특별시_서울대학교(제1캠퍼스)_생명과학부, 서울특별시_서울대학교(제1캠퍼스)_식품ㆍ동물생명공학부, 서울특별시_서울시립대학교(제1캠퍼스)_융합전공학부 생명과학-통계학 전공, 서울특별시_서울시립대학교(제1캠퍼스)_첨단융합학부 융합바이오헬스전공, 서울특별시_서울시립대학교(제1캠퍼스)_융합전공학부 생명과학-빅데이터분석학전공, 서울특별시_서울시립대학교(제1캠퍼스)_생명과학과, 서울특별시_서울여자대학교(제1캠퍼스)_생명환경공학과, 서울특별시_서울여자대학교(제1캠퍼스)_생명환경공학전공, 서울특별시_서울여자대학교(제1캠퍼스)_화학생명환경과학부, 서울특별시_서울여자대학교(제1캠퍼스)_원예생명조경학과, 서울특별시_서울여자대학교(제1캠퍼스)_바이오헬스융합학과, 서울특별시_성신여자대학교(제2캠퍼스)_바이오생명공학과, 서울특별시_성신여자대학교(제2캠퍼스)_바이오신약의과학부, 서울특별시_성신여자대학교(제2캠퍼스)_생명과학ㆍ화학부, 서울특별시_세종대학교(제1캠퍼스)_생명시스템학부, 서울특별시_세종대학교(제1캠퍼스)_바이오산업자원공학전공, 서울특별시_세종대학교(제1캠퍼스)_스마트생명산업융합학과, 서울특별시_세종대학교(제1캠퍼스)_바이오융합공학과, 서울특별시_세종대학교(제1캠퍼스)_바이오융합공학전공/생명시스템학부, 서울특별시_세종대학교(제1캠퍼스)_식품생명공학전공/생명시스템학부, 서울특별시_숙명여자대학교(제1캠퍼스)_생명시스템학부, 서울특별시_숭실대학교(제1캠퍼스)_의생명시스템학부, 서울특별시_연세대학교(제1캠퍼스)_바이오생활공학전공, 서울특별시_연세대학교(제1캠퍼스)_생명과학부, 서울특별시_연세대학교(제1캠퍼스)_언더우드 생명과학공학전공, 서울특별시_이화여자대학교(제1캠퍼스)_뇌ㆍ인지과학부, 서울특별시_이화여자대학교(제1캠퍼스)_생명과학과, 서울특별시_이화여자대학교(제1캠퍼스)_화학생명분자과학부, 서울특별시_이화여자대학교(제1캠퍼스)_생명과학전공, 서울특별시_중앙대학교(제1캠퍼스)_생명과학과, 서울특별시_한양대학교(제1캠퍼스)_생체공학전공, 서울특별시_한양대학교(제1캠퍼스)_생명과학과, 서울특별시_한양대학교(제1캠퍼스)_심리뇌과학전공, 부산광역시_경성대학교(제1캠퍼스)_스마트바이오학과, 부산광역시_경성대학교(제1캠퍼스)_동물보건생명과학과, 부산광역시_경성대학교(제1캠퍼스)_생명과학전공, 부산광역시_고신대학교(제1캠퍼스)_의생명과학전공, 부산광역시_고신대학교(제1캠퍼스)_의생명과학과, 부산광역시_국립부경대학교(제1캠퍼스)_수산생명의학과, 부산광역시_국립부경대학교(제1캠퍼스)_수산생명과학부, 부산광역시_국립한국해양대학교(제1캠퍼스)_해사인공지능ㆍ보안학부(AI전공), 부산광역시_국립한국해양대학교(제1캠퍼스)_조선해양시스템공학부(조선해양시스템공학전공), 부산광역시_국립한국해양대학교(제1캠퍼스)_해양과학융합학부(해양생물공학전공), 부산광역시_국립한국해양대학교(제1캠퍼스)_해양과학융합학부(해양생물공학전공, 수산바이오공학전공), 부산광역시_국립한국해양대학교(제1캠퍼스)_해양과학융합학부(수산바이오공학전공), 부산광역시_동서대학교(제1캠퍼스)_생명화학공학과, 부산광역시_동서대학교(제1캠퍼스)_바이오제약공학과, 부산광역시_동서대학교(제1캠퍼스)_생명화학공학전공, 부산광역시_동서대학교(제1캠퍼스)_글로벌생명공학전공, 부산광역시_동아대학교(제1캠퍼스)_바이오소재공학과, 부산광역시_동아대학교(제1캠퍼스)_생명과학과, 부산광역시_동아대학교(제1캠퍼스)_분자유전공학과, 부산광역시_동아대학교(제1캠퍼스)_생명자원산업학과, 부산광역시_동아대학교(제1캠퍼스)_바이오메디컬학과, 부산광역시_동아대학교(제1캠퍼스)_의약생명공학과, 부산광역시_동의대학교(제1캠퍼스)_바이오의약학과, 부산광역시_동의대학교(제1캠퍼스)_바이오의약공학전공, 부산광역시_동의대학교(제1캠퍼스)_바이오의약공학과, 부산광역시_동의대학교(제1캠퍼스)_바이오응용공학부, 부산광역시_동의대학교(제1캠퍼스)_의생명공학전공, 부산광역시_동의대학교(제1캠퍼스)_의생명공학과, 부산광역시_부산대학교(제1캠퍼스)_생명과학과, 부산광역시_부산대학교(제1캠퍼스)_첨단융합학부(정보의생명공학자율전공), 부산광역시_신라대학교(제1캠퍼스)_제약공학전공, 부산광역시_신라대학교(제1캠퍼스)_생명과학과, 부산광역시_신라대학교(제1캠퍼스)_제약화장품학과, 인천광역시_가천대학교(제2캠퍼스)_바이오로직스학과, 인천광역시_연세대학교(제2캠퍼스)_생명시스템계열, 인천광역시_연세대학교(제2캠퍼스)_바이오융합전공, 인천광역시_인천대학교(제1캠퍼스)_생명과학전공, 인천광역시_인천대학교(제1캠퍼스)_생명과학부, 인천광역시_인천대학교(제1캠퍼스)_생명공학부, 인천광역시_인천대학교(제1캠퍼스)_나노바이오전공, 인천광역시_인천대학교(제1캠퍼스)_나노바이오공학전공, 인천광역시_인천대학교(제1캠퍼스)_생명공학전공, 인천광역시_인천대학교(제1캠퍼스)_분자의생명전공, 인천광역시_인하대학교(제1캠퍼스)_바이오제약공학과, 인천광역시_인하대학교(제1캠퍼스)_생명해양과학부, 인천광역시_인하대학교(제1캠퍼스)_생명과학과, 인천광역시_인하대학교(제1캠퍼스)_생명화학공학부, 인천광역시_인하대학교(제1캠퍼스)_첨단바이오의약학과, 인천광역시_청운대학교(제2캠퍼스)_화학생명공학과, 대전광역시_건양대학교(제2캠퍼스)_제약생명공학과, 대전광역시_국립한밭대학교(제1캠퍼스)_화학생명공학과, 대전광역시_대전대학교(제1캠퍼스)_생명과학전공, 대전광역시_목원대학교(제1캠퍼스)_생물산업학부 생명과학전공, 대전광역시_목원대학교(제1캠퍼스)_식품제약학부, 대전광역시_목원대학교(제1캠퍼스)_생명과학부 바이오헬스전공, 대전광역시_목원대학교(제1캠퍼스)_의생명ㆍ보건학부, 대전광역시_목원대학교(제1캠퍼스)_생명과학부 의생명과학전공, 대전광역시_목원대학교(제1캠퍼스)_생명과학과, 대전광역시_목원대학교(제1캠퍼스)_식품제약학부 제약전공, 대전광역시_목원대학교(제1캠퍼스)_생물산업학부, 대전광역시_배재대학교(제1캠퍼스)_바이오의약학부, 대전광역시_배재대학교(제1캠퍼스)_바이오ㆍ의생명공학과, 대전광역시_배재대학교(제1캠퍼스)_제약공학전공, 대전광역시_배재대학교(제1캠퍼스)_헬스케어생명공학전공, 대전광역시_충남대학교(제1캠퍼스)_소비자학과, 대전광역시_충남대학교(제1캠퍼스)_미생물ㆍ분자생명과학과, 대전광역시_충남대학교(제1캠퍼스)_농생명융합학부, 대전광역시_충남대학교(제1캠퍼스)_생명정보융합학과, 대전광역시_충남대학교(제1캠퍼스)_동물바이오시스템과학과, 대전광역시_충남대학교(제1캠퍼스)_동물자원생명과학과, 대전광역시_충남대학교(제1캠퍼스)_미생물분자생명과학과, 대전광역시_한국과학기술원(제1캠퍼스)_생명과학과, 대전광역시_한국과학기술원(제1캠퍼스)_생명화학공학과, 대전광역시_한국과학기술원(제1캠퍼스)_바이오및뇌공학과, 대전광역시_한남대학교(제2캠퍼스)_생명시스템과학과, 대전광역시_한남대학교(제2캠퍼스)_바이오제약공학과, 대구광역시_경북대학교(제1캠퍼스)_생명과학부 생명공학전공, 대구광역시_경북대학교(제1캠퍼스)_생명과학부, 대구광역시_경북대학교(제1캠퍼스)_응용생명과학부, 대구광역시_경북대학교(제1캠퍼스)_의생명융합공학과, 대구광역시_경북대학교(제1캠퍼스)_생명공학부, 대구광역시_경북대학교(제1캠퍼스)_응용생명과학부(식물생명과학전공, 환경생명화학전공), 대구광역시_경북대학교(제1캠퍼스)_융합학부 의생명융합공학전공, 대구광역시_경북대학교(제1캠퍼스)_응용생명과학부 식물생명과학전공, 대구광역시_경북대학교(제1캠퍼스)_응용생명과학부 환경생명화학전공, 대구광역시_계명대학교(제1캠퍼스)_생명과학과, 울산광역시_울산과학기술원(제1캠퍼스)_생명과학부, 울산광역시_울산과학기술원(제1캠퍼스)_생명과학과, 울산광역시_울산대학교(제1캠퍼스)_생명과학부, 울산광역시_울산대학교(제1캠퍼스)_생명과학전공, 울산광역시_울산대학교(제1캠퍼스)_의생명과학전공, 광주광역시_광주과학기술원(제1캠퍼스)_생명과학과, 광주광역시_광주과학기술원(제1캠퍼스)_생명과학부, 광주광역시_전남대학교(제1캠퍼스)_분자생명공학과, 광주광역시_전남대학교(제1캠퍼스)_농식품생명공학부, 광주광역시_전남대학교(제1캠퍼스)_농생명화학과, 광주광역시_전남대학교(제1캠퍼스)_식물생명공학부, 광주광역시_전남대학교(제1캠퍼스)_생명과학전공, 광주광역시_전남대학교(제1캠퍼스)_지역 ㆍ 바이오시스템공학과, 광주광역시_전남대학교(제1캠퍼스)_시스템생명공학전공, 광주광역시_전남대학교(제1캠퍼스)_생명과학기술학부, 광주광역시_전남대학교(제1캠퍼스)_원예생명공학과, 광주광역시_조선대학교(제1캠퍼스)_생명화학공학과, 광주광역시_조선대학교(제1캠퍼스)_의생명과학과, 광주광역시_조선대학교(제1캠퍼스)_생명과학과, 광주광역시_호남대학교(제1캠퍼스)_바이오융합학과, 경기도_가천대학교(제1캠퍼스)_화공생명공학부(배터리공학전공), 경기도_가천대학교(제1캠퍼스)_화공생명배터리공학부(배터리공학전공), 경기도_가천대학교(제1캠퍼스)_바이오나노학과, 경기도_가천대학교(제1캠퍼스)_생명과학과, 경기도_가톨릭대학교(제1캠퍼스)_의생명과학과, 경기도_가톨릭대학교(제1캠퍼스)_생명과학과, 경기도_가톨릭대학교(제1캠퍼스)_바이오메디컬화학공학과, 경기도_가톨릭대학교(제1캠퍼스)_바이오융합공학계열, 경기도_경기대학교(제1캠퍼스)_바이오융합학부, 경기도_경기대학교(제1캠퍼스)_생명과학전공, 경기도_경희대학교(제2캠퍼스)_한방생명공학과, 경기도_경희대학교(제2캠퍼스)_생명과학 광역모집, 경기도_경희대학교(제2캠퍼스)_융합바이오ㆍ신소재공학과, 경기도_경희대학교(제2캠퍼스)_원예생명공학과, 경기도_경희대학교(제2캠퍼스)_유전생명공학과, 경기도_경희대학교(제2캠퍼스)_생체의공학과, 경기도_단국대학교(제1캠퍼스)_바이오소재융합공학과, 경기도_대진대학교(제1캠퍼스)_의생명과학과, 경기도_대진대학교(제1캠퍼스)_의생명과학전공, 경기도_동국대학교(제2캠퍼스)_의생명공학과, 경기도_동국대학교(제2캠퍼스)_생명과학과, 경기도_동국대학교(제2캠퍼스)_바이오학부 생명과학전공, 경기도_명지대학교 자연캠퍼스(제1캠퍼스)_생명과학정보학부, 경기도_명지대학교 자연캠퍼스(제1캠퍼스)_생명과학정보학과, 경기도_명지대학교 자연캠퍼스(제1캠퍼스)_시스템생명과학전공, 경기도_성균관대학교(제2캠퍼스)_융합생명공학과, 경기도_성균관대학교(제2캠퍼스)_생명과학과, 경기도_성균관대학교(제2캠퍼스)_글로벌바이오메디컬공학과, 경기도_성균관대학교(제2캠퍼스)_생명공학대학, 경기도_수원대학교(제1캠퍼스)_바이오공학및마케팅, 경기도_수원대학교(제1캠퍼스)_바이오화학산업학부, 경기도_수원대학교(제1캠퍼스)_바이오싸이언스, 경기도_아주대학교(제1캠퍼스)_생명과학과, 경기도_아주대학교(제1캠퍼스)_응용화학생명공학과, 경기도_용인대학교(제1캠퍼스)_바이오생명공학과, 경기도_용인대학교(제1캠퍼스)_생명과학과, 경기도_중앙대학교(제2캠퍼스)_생명자원공학부(식물시스템과학전공), 경기도_중앙대학교(제2캠퍼스)_생명자원공학부, 경기도_중앙대학교(제2캠퍼스)_시스템생명공학과, 경기도_중앙대학교(제2캠퍼스)_생명공학대학, 경기도_중앙대학교(제2캠퍼스)_생명자원공학부(식물생명공학전공), 경기도_중앙대학교(제2캠퍼스)_생명자원공학부(동물생명공학전공), 경기도_차의과학대학교(제1캠퍼스)_생명과학부, 경기도_차의과학대학교(제1캠퍼스)_의생명과학과, 경기도_한경국립대학교(제1캠퍼스)_동물생명환경과학과, 경기도_한경국립대학교(제1캠퍼스)_동물생명과학전공, 경기도_한경국립대학교(제1캠퍼스)_원예생명과학과, 경기도_한경국립대학교(제1캠퍼스)_식물생명환경과학과, 경기도_한경국립대학교(제1캠퍼스)_원예생명공학전공, 경기도_한경국립대학교(제1캠퍼스)_응용생명공학전공, 경기도_한경국립대학교(제1캠퍼스)_생명공학부, 경기도_한국공학대학교(제1캠퍼스)_생명화학공학과, 경기도_한국외국어대학교(제2캠퍼스)_바이오메디컬공학부, 경기도_한양대학교 ERICA캠퍼스(제1캠퍼스)_분자의약전공, 경기도_한양대학교 ERICA캠퍼스(제1캠퍼스)_분자생명과학과, 경기도_한양대학교 ERICA캠퍼스(제1캠퍼스)_생명나노공학과, 경기도_한양대학교 ERICA캠퍼스(제1캠퍼스)_바이오나노공학전공, 경기도_한양대학교 ERICA캠퍼스(제1캠퍼스)_의약생명과학과, 경기도_협성대학교(제1캠퍼스)_의생명화학과, 경기도_협성대학교(제1캠퍼스)_생명과학과, 경기도_화성의과학대학교(제1캠퍼스)_생명과학과, 경기도_화성의과학대학교(제1캠퍼스)_바이오헬스케어학과, 경기도_화성의과학대학교(제1캠퍼스)_의생명과학과, 강원특별자치도_가톨릭관동대학교(제1캠퍼스)_바이오융합공학과, 강원특별자치도_가톨릭관동대학교(제1캠퍼스)_의생명과학과, 강원특별자치도_가톨릭관동대학교(제1캠퍼스)_의생명과학전공, 강원특별자치도_가톨릭관동대학교(제1캠퍼스)_바이오메디컬전공, 강원특별자치도_강원대학교(제1캠퍼스)_동물생명공학전공, 강원특별자치도_강원대학교(제1캠퍼스)_동물생명과학대학 사료생산공학과, 강원특별자치도_강원대학교(제1캠퍼스)_동물생명공학과, 강원특별자치도_강원대학교(제1캠퍼스)_생물산업공학전공, 강원특별자치도_강원대학교(제1캠퍼스)_동물생명시스템학과, 강원특별자치도_강원대학교(제1캠퍼스)_바이오산업공학부, 강원특별자치도_강원대학교(제1캠퍼스)_농업생명과학대학 무전공학과, 강원특별자치도_강원대학교(제2캠퍼스)_바이오기능성소재학과, 강원특별자치도_강원대학교(제1캠퍼스)_의생명공학과, 강원특별자치도_강원대학교(제1캠퍼스)_의생명융합학부, 강원특별자치도_강원대학교(제1캠퍼스)_생명건강공학과, 강원특별자치도_강원대학교(제1캠퍼스)_바이오시스템공학전공, 강원특별자치도_강원대학교(제1캠퍼스)_동물생명시스템전공, 강원특별자치도_강원대학교(제1캠퍼스)_생명과학과, 강원특별자치도_강원대학교(제1캠퍼스)_농생명산업학전공, 강원특별자치도_강원대학교(제1캠퍼스)_분자생명과학과, 강원특별자치도_강원대학교(제1캠퍼스)_동물식품ㆍ동물생명공학과군, 강원특별자치도_강원대학교(제1캠퍼스)_의생명소재공학과, 강원특별자치도_강원대학교(제1캠퍼스)_생명건강공학전공, 강원특별자치도_강원대학교(제1캠퍼스)_화학ㆍ생화학부, 강원특별자치도_강원대학교(제1캠퍼스)_의생명공학전공, 강원특별자치도_강원대학교(제1캠퍼스)_분자생명과학전공, 강원특별자치도_국립강릉원주대학교(제1캠퍼스)_식품가공유통학과, 강원특별자치도_국립강릉원주대학교(제1캠퍼스)_수산생명의학과, 강원특별자치도_국립강릉원주대학교(제1캠퍼스)_해양바이오식품학과 해양바이오전공, 강원특별자치도_국립강릉원주대학교(제1캠퍼스)_식물생명과학과, 강원특별자치도_국립강릉원주대학교(제1캠퍼스)_해양분자생명과학과, 강원특별자치도_국립강릉원주대학교(제1캠퍼스)_생명화학공학과, 강원특별자치도_국립강릉원주대학교(제1캠퍼스)_생명화학공학전공, 강원특별자치도_상지대학교(제1캠퍼스)_제약바이오전공, 강원특별자치도_상지대학교(제1캠퍼스)_동물생명자원학부, 강원특별자치도_상지대학교(제1캠퍼스)_동물생명자원학부 동물생명공학전공, 강원특별자치도_상지대학교(제1캠퍼스)_생명과학과, 강원특별자치도_상지대학교(제1캠퍼스)_동물생명공학과, 강원특별자치도_상지대학교(제1캠퍼스)_스마트팜생명과학과, 강원특별자치도_연세대학교 미래캠퍼스(제1캠퍼스)_생명과학기술학전공, 강원특별자치도_연세대학교 미래캠퍼스(제1캠퍼스)_응용생명과학전공, 강원특별자치도_연세대학교 미래캠퍼스(제1캠퍼스)_생명과학기술학부, 강원특별자치도_연세대학교 미래캠퍼스(제1캠퍼스)_생명과학전공, 강원특별자치도_연세대학교 미래캠퍼스(제1캠퍼스)_바이오공학전공, 강원특별자치도_한림대학교(제1캠퍼스)_바이오메디컬학과, 강원특별자치도_한림대학교(제1캠퍼스)_환경생명공학과, 강원특별자치도_한림대학교(제1캠퍼스)_의과학융합전공, 강원특별자치도_한림대학교(제1캠퍼스)_산학협력특성화대학, 강원특별자치도_한림대학교(제1캠퍼스)_생명과학과, 충청북도_건국대학교 글로컬캠퍼스(제1캠퍼스)_의생명화학과, 충청북도_건국대학교 글로컬캠퍼스(제1캠퍼스)_의생명화학전공, 충청북도_건국대학교 글로컬캠퍼스(제1캠퍼스)_바이오생명공학전공, 충청북도_건국대학교 글로컬캠퍼스(제1캠퍼스)_생명공학전공, 충청북도_건국대학교 글로컬캠퍼스(제1캠퍼스)_바이오융합과학부, 충청북도_건국대학교 글로컬캠퍼스(제1캠퍼스)_바이오의약학전공, 충청북도_건국대학교 글로컬캠퍼스(제1캠퍼스)_바이오의약학과, 충청북도_국립한국교통대학교(제2캠퍼스)_생명공학전공, 충청북도_국립한국교통대학교(제1캠퍼스)_바이오융합전공, 충청북도_세명대학교(제1캠퍼스)_바이오제약산업학부, 충청북도_세명대학교(제1캠퍼스)_바이오헬스케어융합학과, 충청북도_우석대학교(제2캠퍼스)_생명과학과, 충청북도_중원대학교(제1캠퍼스)_융합바이오학과, 충청북도_중원대학교(제1캠퍼스)_생명과학과, 충청북도_중원대학교(제1캠퍼스)_식품제약학과, 충청북도_청주대학교(제1캠퍼스)_제약바이오메디컬공학전공, 충청북도_청주대학교(제1캠퍼스)_생명과학과, 충청북도_청주대학교(제1캠퍼스)_바이오메디컬학과, 충청북도_청주대학교(제1캠퍼스)_바이오의약학과, 충청북도_청주대학교(제1캠퍼스)_BT융합학부, 충청북도_청주대학교(제1캠퍼스)_바이오산업공학전공, 충청북도_충북대학교(제1캠퍼스)_바이오헬스학부 수의생명보건전공, 충청북도_충북대학교(제1캠퍼스)_생명과학과, 충청북도_충북대학교(제1캠퍼스)_생명과학부 생화학전공, 충청북도_충북대학교(제1캠퍼스)_바이오헬스학부, 충청북도_충북대학교(제1캠퍼스)_바이오헬스학부 바이오헬스케어전공, 충청북도_충북대학교(제1캠퍼스)_생명과학부 생물과학전공, 충청북도_충북대학교(제1캠퍼스)_생명과학부, 충청북도_충북대학교(제1캠퍼스)_바이오헬스학부 바이오헬스산업전공, 충청북도_충북대학교(제1캠퍼스)_응용생명공학부, 충청남도_국립공주대학교(제1캠퍼스)_생명과학과, 충청남도_국립공주대학교(제3캠퍼스)_생물산업공학부, 충청남도_국립공주대학교(제3캠퍼스)_수산생명의학과, 충청남도_단국대학교(제2캠퍼스)_코스메디컬소재학과, 충청남도_단국대학교(제2캠퍼스)_생명과학과, 충청남도_단국대학교(제2캠퍼스)_생명자원학부, 충청남도_단국대학교(제2캠퍼스)_생명자원학부 식량생명공학전공, 충청남도_단국대학교(제2캠퍼스)_의생명과학부 미생물학전공, 충청남도_단국대학교(제2캠퍼스)_의생명과학부 생명과학전공, 충청남도_단국대학교(제2캠퍼스)_생명자원학부 환경원예학전공, 충청남도_단국대학교(제2캠퍼스)_생명과학부, 충청남도_단국대학교(제2캠퍼스)_의생명공학부, 충청남도_단국대학교(제2캠퍼스)_의생명과학부 의생명시스템학전공, 충청남도_단국대학교(제2캠퍼스)_식량생명공학과, 충청남도_단국대학교(제2캠퍼스)_생명자원학부 동물생명공학전공, 충청남도_단국대학교(제2캠퍼스)_의생명과학부, 충청남도_선문대학교(제1캠퍼스)_수산생명의학과, 충청남도_선문대학교(제1캠퍼스)_제약화장품학과, 충청남도_선문대학교(제1캠퍼스)_제약생명공학과, 충청남도_순천향대학교(제1캠퍼스)_의생명융합학부(바이오의약전공), 충청남도_순천향대학교(제1캠퍼스)_의생명융합학부(헬스케어융합전공), 충청남도_순천향대학교(제1캠퍼스)_의료생명공학과, 충청남도_순천향대학교(제1캠퍼스)_생명과학과, 충청남도_순천향대학교(제1캠퍼스)_생명시스템학과, 충청남도_중부대학교(제1캠퍼스)_헬스케어제약공학전공, 충청남도_중부대학교(제1캠퍼스)_바이오한약학전공, 충청남도_중부대학교(제1캠퍼스)_한방보건제약학과, 충청남도_한서대학교(제1캠퍼스)_바이오식품의과학과, 충청남도_한서대학교(제1캠퍼스)_생명과학과, 충청남도_한서대학교(제1캠퍼스)_뷰티바이오산업학과, 충청남도_한서대학교(제1캠퍼스)_바이오식품과학과, 충청남도_한서대학교(제1캠퍼스)_수산생명의학과, 충청남도_호서대학교(제1캠퍼스)_생명공학전공, 충청남도_호서대학교(제1캠퍼스)_식품제약공학부, 충청남도_호서대학교(제1캠퍼스)_화장품생명공학부, 충청남도_호서대학교(제1캠퍼스)_제약공학전공, 전북특별자치도_국립군산대학교(제1캠퍼스)_수산생명의학과, 전북특별자치도_국립군산대학교(제1캠퍼스)_생명과학과, 전북특별자치도_원광대학교(제1캠퍼스)_생명환경학과, 전북특별자치도_원광대학교(제1캠퍼스)_생명환경학부, 전북특별자치도_원광대학교(제1캠퍼스)_생명과학부, 전북특별자치도_전북대학교(제1캠퍼스)_바이오메디컬공학부(헬스케어기기공학전공), 전북특별자치도_전북대학교(제1캠퍼스)_작물생명과학과, 전북특별자치도_전북대학교(제1캠퍼스)_농업생명과학계열, 전북특별자치도_전북대학교(제1캠퍼스)_생명자원융합학과, 전북특별자치도_전북대학교(제1캠퍼스)_동물생명공학과, 전북특별자치도_전북대학교(제1캠퍼스)_생명과학과, 전북특별자치도_전북대학교(제1캠퍼스)_바이오메디컬공학부(헬스케어정보공학전공), 전북특별자치도_전북대학교(제2캠퍼스)_생명공학부, 전북특별자치도_전북대학교(제1캠퍼스)_생명과학부(생명과학전공), 전북특별자치도_전북대학교(제1캠퍼스)_바이오메디컬공학부, 전북특별자치도_전북대학교(제2캠퍼스)_생명공학부(환경생명공학전공), 전북특별자치도_전북대학교(제1캠퍼스)_농생명과학과, 전북특별자치도_전북대학교(제1캠퍼스)_생명과학부, 전북특별자치도_전주대학교(제1캠퍼스)_환경안전생명과학과, 전북특별자치도_전주대학교(제1캠퍼스)_농생명ICT학과, 전북특별자치도_전주대학교(제1캠퍼스)_환경생명과학과, 전라남도_국립목포대학교(제1캠퍼스)_생명과학과, 전라남도_국립목포대학교(제1캠퍼스)_수산생명의학과, 전라남도_국립목포대학교(제1캠퍼스)_제약공학, 전라남도_국립목포해양대학교(제1캠퍼스)_환경생명공학과, 전라남도_국립순천대학교(제1캠퍼스)_생명산업과학분야, 전라남도_국립순천대학교(제1캠퍼스)_의생명과학전공, 전라남도_국립순천대학교(제1캠퍼스)_농생명과학과, 전라남도_국립순천대학교(제1캠퍼스)_동물생명산업학과, 전라남도_국립순천대학교(제1캠퍼스)_의생명과학과, 전라남도_국립순천대학교(제1캠퍼스)_농생명과학전공, 전라남도_동신대학교(제1캠퍼스)_바이오화장품학과, 전라남도_전남대학교(제2캠퍼스)_융합생명공학과, 전라남도_전남대학교(제2캠퍼스)_수산생명의학과, 경상북도_경북대학교(제3캠퍼스)_동물생명공학과, 경상북도_경운대학교(제1캠퍼스)_바이오메디컬전공, 경상북도_국립경국대학교(제1캠퍼스)_생명공학부, 경상북도_국립경국대학교(제1캠퍼스)_바이오생명공학부, 경상북도_국립경국대학교(제1캠퍼스)_화학생명공학전공, 경상북도_국립경국대학교(제1캠퍼스)_백신생명공학전공, 경상북도_국립경국대학교(제2캠퍼스)_동물생명공학과, 경상북도_국립경국대학교(제1캠퍼스)_생명과학전공, 경상북도_국립경국대학교(제1캠퍼스)_화학생명공학과, 경상북도_국립경국대학교(제1캠퍼스)_생명과학과, 경상북도_국립경국대학교(제1캠퍼스)_생명과학ㆍ공과대학, 경상북도_국립경국대학교(제1캠퍼스)_백신생명공학과, 경상북도_국립금오공과대학교(제1캠퍼스)_화학생명과학과, 경상북도_대구가톨릭대학교(제1캠퍼스)_바이오메디대학, 경상북도_대구가톨릭대학교(제1캠퍼스)_바이오메디컬학과, 경상북도_대구가톨릭대학교(제1캠퍼스)_의생명과학전공, 경상북도_대구가톨릭대학교(제1캠퍼스)_바이오메디컬전공, 경상북도_대구가톨릭대학교(제1캠퍼스)_생명화학전공, 경상북도_대구가톨릭대학교(제1캠퍼스)_식품생명제약공학부, 경상북도_대구가톨릭대학교(제1캠퍼스)_생명화학부, 경상북도_대구대학교(제1캠퍼스)_화학생명과학부(생명과학전공), 경상북도_대구대학교(제1캠퍼스)_화장품바이오학부(바이오메디컬전공), 경상북도_대구대학교(제1캠퍼스)_생명과학과, 경상북도_대구한의대학교(제1캠퍼스)_아로마약리학전공, 경상북도_대구한의대학교(제1캠퍼스)_한약개발학과, 경상북도_대구한의대학교(제1캠퍼스)_화장품약리학전공, 경상북도_대구한의대학교(제1캠퍼스)_한약개발학전공, 경상북도_대구한의대학교(제1캠퍼스)_K-뷰티비즈니스학과, 경상북도_대구한의대학교(제1캠퍼스)_바이오산업융합학부, 경상북도_동국대학교 WISE캠퍼스(제1캠퍼스)_의생명공학전공, 경상북도_동국대학교 WISE캠퍼스(제1캠퍼스)_생명과학전공, 경상북도_동국대학교 WISE캠퍼스(제1캠퍼스)_바이오학부, 경상북도_동국대학교 WISE캠퍼스(제1캠퍼스)_바이오제약공학전공, 경상북도_동국대학교 WISE캠퍼스(제1캠퍼스)_생명공학전공, 경상북도_동국대학교 WISE캠퍼스(제1캠퍼스)_의생명공학과, 경상북도_동국대학교 WISE캠퍼스(제1캠퍼스)_바이오제약공학과, 경상북도_동국대학교 WISE캠퍼스(제1캠퍼스)_생명신소재융합학부, 경상북도_영남대학교(제1캠퍼스)_의생명공학과, 경상북도_영남대학교(제1캠퍼스)_생명과학과, 경상북도_영남대학교(제1캠퍼스)_원예생명과학과, 경상북도_포항공과대학교(제1캠퍼스)_생명과학과, 경상북도_한동대학교(제1캠퍼스)_생명과학부, 경상남도_경상국립대학교(제1캠퍼스)_동물생명과학과, 경상남도_경상국립대학교(제2캠퍼스)_해양식품생명의학과, 경상남도_경상국립대학교(제1캠퍼스)_동물생명융합학부, 경상남도_경상국립대학교(제1캠퍼스)_동물생명과학전공, 경상남도_경상국립대학교(제1캠퍼스)_항노화신소재과학과, 경상남도_경상국립대학교(제1캠퍼스)_생명과학부, 경상남도_경상국립대학교(제2캠퍼스)_수산생명의학과, 경상남도_경상국립대학교(제1캠퍼스)_축산생명학과, 경상남도_국립창원대학교(제1캠퍼스)_생명보건학부, 경상남도_부산대학교(제2캠퍼스)_식물생명과학과, 경상남도_부산대학교(제3캠퍼스)_의생명공학전공, 경상남도_인제대학교(제1캠퍼스)_바이오테크놀로지학부, 경상남도_인제대학교(제1캠퍼스)_의생명공학과, 경상남도_인제대학교(제1캠퍼스)_의생명보건계열, 경상남도_인제대학교(제1캠퍼스)_생명과학부, 경상남도_인제대학교(제1캠퍼스)_의생명화학과, 제주특별자치도_제주대학교(제1캠퍼스)_바이오메디컬정보학과, 제주특별자치도_제주대학교(제1캠퍼스)_해양생명과학전공, 제주특별자치도_제주대학교(제1캠퍼스)_생명공학부, 제주특별자치도_제주대학교(제1캠퍼스)_수산생명의학전공, 제주특별자치도_제주대학교(제1캠퍼스)_수산생명의학과, 제주특별자치도_제주대학교(제1캠퍼스)_동물생명공학전공, 제주특별자치도_제주대학교(제1캠퍼스)_분자생명공학전공, 세종특별자치시_고려대학교 세종캠퍼스(제1캠퍼스)_첨단융합신약학과, 세종특별자치시_고려대학교 세종캠퍼스(제1캠퍼스)_생명정보공학과","일반 선택: 대수, 미적분 Ⅰ, 확률과 통계, 물리학, 화학, 생명과학, 정보 등 | 진로 선택: 기하, 미적분Ⅱ, 물질과 에너지, 화학 반응의 세계, 세포와 물질대사, 생물의 유전 등 | 융합 선택: 융합과학 탐구, 기후변화와 지속가능한 세계 등","공통과목: 과학, 윤리, 교양, 수학 | 일반선택과목: 과학교과 : 화학Ⅰ, 생명과학Ⅰ | 진로선택과목: 생명과학Ⅱ, 융합과학, 생활과 과학, 화학Ⅱ, 농업생명과학, 사회문제 탐구 | 전문교과Ⅰ: 고급 생명과학, 생명과학 실험, 과학과제연구, 융합과학 탐구, 생태와 환경, 정보과학, 사회탐구 방법 | 전문교과Ⅱ: 생명공학 기술, 인간과 환경","대기환경기사, 생물공학기사, 생물분류기사, 수질환경기사, 식품기사, 임상병리기사, 자연생태복원기사, 폐기물처리기사",바이오의약품연구원
263,생물교육과,"서울특별시_서울대학교(제1캠퍼스)_생물교육과, 부산광역시_부산대학교(제1캠퍼스)_생물교육과, 대구광역시_경북대학교(제1캠퍼스)_생물교육과, 광주광역시_전남대학교(제1캠퍼스)_생물교육과, 광주광역시_조선대학교(제1캠퍼스)_생물교육과, 강원특별자치도_강원대학교(제1캠퍼스)_생물교육전공, 충청북도_서원대학교(제1캠퍼스)_생물교육과, 충청북도_충북대학교(제1캠퍼스)_생물교육과, 충청북도_한국교원대학교(제1캠퍼스)_생물교육과, 충청남도_국립공주대학교(제1캠퍼스)_생물교육과, 경상북도_대구대학교(제1캠퍼스)_생물교육과, 경상남도_경상국립대학교(제1캠퍼스)_생물교육과, 제주특별자치도_제주대학교(제1캠퍼스)_생물교육전공","일반 선택: 화법과 언어, 독서와 작문, 문학, 대수, 미적분Ⅰ, 확률과 통계, 영어Ⅰ, 영어Ⅱ, 영어 독해와 작문, 물리학, 화학, 생명과학, 지구과학, 기술·가정, 정보, 생태와 환경 등 | 진로 선택: 주제 탐구 독서, 기하, 미적분Ⅱ, 역학과 에너지, 전자기와 양자, 물질과 에너지, 화학 반응의 세계, 세포와 물질대사, 생물의 유전, 지구시스템과학 등 | 융합 선택: 기후변화와 환경생태, 융합과학 탐구 등","공통과목: 영어, 과학, 윤리 | 일반선택과목: 과학교과 : 생명과학Ⅰ | 진로선택과목: 생명과학Ⅱ, 융합과학, 생활과 과학 | 전문교과Ⅰ: 고급 생명과학, 생명과학 실험, 과학과제 연구, 융합과학 탐구, 생태와 환경 | 전문교과Ⅱ: 인간과 환경",중등학교2급정교사,사범계열교수
10048,생물산업기계공학과,"대구광역시_경북대학교(제1캠퍼스)_생물산업기계공학과, 충청남도_국립공주대학교(제3캠퍼스)_생물산업기계공학전공, 전북특별자치도_전북대학교(제1캠퍼스)_생물산업기계공학과, 경상남도_경상국립대학교(제1캠퍼스)_생물산업기계공학전공, 경상남도_경상국립대학교(제1캠퍼스)_생물산업기계공학과","일반 선택: 대수, 확률과 통계, 미적분 Ⅰ, 물리학, 화학, 생명과학, 지구과학, 정보등 | 진로 선택: 기하, 미적분Ⅱ, 인공지능 수학, 역학과 에너지, 전자기와 양자, 물질과 에너지, 화학 반응의 세계, 세포와 물질대사, 생물의 유전, 지구시스템과학, 행성우주과학, 로봇과 공학세계, 생활과학 탐구, 인공지능 기초, 데이터 과학 등 | 융합 선택: 실용 통계, 수학과제 탐구, 융합과학 탐구, 사회문제 탐구, 창의 공학 설계, 소프트웨어와 생활 등","공통과목: 수학, 과학, 기술ㆍ가정 | 일반선택과목: 수학교과 : 수학ⅠㆍⅡ, 미적분, 확률과 통계 | 진로선택과목: 기하, 수학과제 탐구, 화학Ⅱ, 생명과학Ⅱ, 생활과 과학, 융합과학, 공학 일반 | 전문교과Ⅰ: 심화수학ⅠㆍⅡ, 고급 수학ⅠㆍⅡ, 고급 화학, 화학 실험, 고급 생명과학, 생명과학 실험, 정보과학, 융합과학탐구, 과학과제연구, 생태와 환경 | 전문교과Ⅱ: 인간과 환경","건설기계기사, 공기조화냉동기사, 농업기계기사, 비파괴검사기사, 산업안전기사, 소방기사, 열관리기사, 일반기계기사, 자동차관련기사, 정밀기계기사",기술직공무원
265,생물학과,"서울특별시_건국대학교(제1캠퍼스)_응용생물화학전공, 서울특별시_건국대학교(제1캠퍼스)_생물공학과, 서울특별시_경희대학교(제1캠퍼스)_생물학과, 서울특별시_고려대학교(제1캠퍼스)_바이오시스템의과학부, 서울특별시_국민대학교(제1캠퍼스)_바이오발효융합학과, 서울특별시_서울대학교(제1캠퍼스)_화학생물공학부, 서울특별시_서울대학교(제1캠퍼스)_식물생산과학부, 서울특별시_서울대학교(제1캠퍼스)_응용생물화학부, 서울특별시_성신여자대학교(제2캠퍼스)_생물학과, 서울특별시_연세대학교(제1캠퍼스)_시스템생물학과, 부산광역시_국립부경대학교(제1캠퍼스)_생물공학과, 부산광역시_동아대학교(제1캠퍼스)_응용생물공학과, 부산광역시_부산대학교(제1캠퍼스)_분자생물학과, 부산광역시_신라대학교(제1캠퍼스)_생물과학과, 인천광역시_안양대학교(제2캠퍼스)_해양바이오공학과, 대전광역시_목원대학교(제1캠퍼스)_미생물나노소재학과, 대전광역시_목원대학교(제1캠퍼스)_미생물생명공학과, 대전광역시_목원대학교(제1캠퍼스)_미생물소재학과, 대전광역시_배재대학교(제1캠퍼스)_생물의약학과, 대전광역시_충남대학교(제1캠퍼스)_응용생물학과, 대전광역시_충남대학교(제1캠퍼스)_생물과학과, 대전광역시_충남대학교(제1캠퍼스)_생물환경화학과, 대구광역시_경북대학교(제1캠퍼스)_응용생명과학부 응용생물학전공, 대구광역시_경북대학교(제1캠퍼스)_농업토목.생물산업공학부 생물산업기계공학전공, 대구광역시_경북대학교(제1캠퍼스)_식물의학과, 대구광역시_경북대학교(제1캠퍼스)_생명과학부 생물학전공, 대구광역시_경북대학교(제1캠퍼스)_생물학과, 광주광역시_전남대학교(제1캠퍼스)_생물공학과, 광주광역시_전남대학교(제1캠퍼스)_생물학과, 광주광역시_전남대학교(제1캠퍼스)_응용생물공학부, 광주광역시_전남대학교(제1캠퍼스)_응용식물학과, 광주광역시_전남대학교(제1캠퍼스)_응용생물학과, 광주광역시_전남대학교(제1캠퍼스)_응용식물학부, 광주광역시_전남대학교(제1캠퍼스)_생물공학전공, 강원특별자치도_강원대학교(제1캠퍼스)_생화학전공, 강원특별자치도_강원대학교(제1캠퍼스)_응용생물전공, 강원특별자치도_강원대학교(제1캠퍼스)_응용생물학전공, 강원특별자치도_강원대학교(제1캠퍼스)_생물공학전공, 강원특별자치도_강원대학교(제1캠퍼스)_생물학전공, 강원특별자치도_강원대학교(제1캠퍼스)_생물공학과, 강원특별자치도_강원대학교(제1캠퍼스)_식물의학전공, 강원특별자치도_강원대학교(제1캠퍼스)_화학생물공학부, 강원특별자치도_국립강릉원주대학교(제1캠퍼스)_생물학과, 강원특별자치도_상지대학교(제1캠퍼스)_친환경식물학부, 강원특별자치도_연세대학교 미래캠퍼스(제1캠퍼스)_분자진단과학전공, 충청북도_유원대학교(제1캠퍼스)_의약바이오학과, 충청북도_중원대학교(제1캠퍼스)_의약바이오학과, 충청북도_충북대학교(제1캠퍼스)_식물의학과, 충청북도_충북대학교(제1캠퍼스)_생물학과, 충청북도_충북대학교(제1캠퍼스)_생명과학부 생물학전공, 충청북도_충북대학교(제1캠퍼스)_생명과학부 미생물학전공, 충청남도_건양대학교(제1캠퍼스)_의약바이오학과, 충청남도_건양대학교(제1캠퍼스)_의약바이오학부, 충청남도_단국대학교(제2캠퍼스)_분자생물학과, 전북특별자치도_국립군산대학교(제1캠퍼스)_해양생명응용과학부(해양생물공학전공), 전북특별자치도_국립군산대학교(제1캠퍼스)_생물학과, 전북특별자치도_국립군산대학교(제1캠퍼스)_해양생물자원학과, 전북특별자치도_원광대학교(제1캠퍼스)_생물환경화학과, 전북특별자치도_전북대학교(제1캠퍼스)_생물환경화학과, 전북특별자치도_전북대학교(제1캠퍼스)_생물과학부(생물학전공), 전북특별자치도_전북대학교(제1캠퍼스)_농생물학과, 전북특별자치도_전북대학교(제1캠퍼스)_분자생물학과, 전북특별자치도_전북대학교(제1캠퍼스)_생명과학부(분자생물학전공), 전라남도_국립순천대학교(제1캠퍼스)_식물의학과, 경상북도_경북대학교(제3캠퍼스)_곤충생명과학과, 경상북도_국립경국대학교(제1캠퍼스)_식물의학전공, 경상북도_국립경국대학교(제1캠퍼스)_식물의학과, 경상북도_대구대학교(제1캠퍼스)_생명환경학부(바이오산업학전공), 경상남도_경상국립대학교(제1캠퍼스)_식물의학과, 경상남도_국립창원대학교(제1캠퍼스)_생물학과, 경상남도_국립창원대학교(제1캠퍼스)_생물학화학융합학부, 경상남도_부산대학교(제2캠퍼스)_바이오소재과학과, 제주특별자치도_제주대학교(제1캠퍼스)_생물학과","일반 선택: 대수, 미적분 Ⅰ, 확률과 통계, 물리학, 화학, 생명과학, 정보 등 | 진로 선택: 기하, 미적분Ⅱ, 물질과 에너지, 화학 반응의 세계, 세포와 물질대사, 생물의 유전 등 | 융합 선택: 융합과학 탐구, 기후변화와 지속가능한 세계 등","공통과목: 과학, 윤리, 교양, 수학 | 일반선택과목: 과학교과 : 생명과학Ⅰ, 화학Ⅰ | 진로선택과목: 생명과학Ⅱ, 융합과학, 생활과 과학, 화학Ⅱ, 농업생명과학, 고전과 윤리 | 전문교과Ⅰ: 고급 생명과학, 생명과학 실험, 과학과제연구, 융합과학 탐구, 생태와 환경, 정보과학, 사회탐구 방법 | 전문교과Ⅱ: 생명공학 기술, 인간과 환경","대기환경기사, 생물공학기사, 생물분류기사(동물,식물), 수질환경기사, 식물보호기사, 자연생태복원기사, 종자기사",곤충학자
267,생화학과,"서울특별시_연세대학교(제1캠퍼스)_생화학과, 대전광역시_충남대학교(제1캠퍼스)_생화학과, 강원특별자치도_강원대학교(제1캠퍼스)_생화학과, 충청북도_충북대학교(제1캠퍼스)_생화학과","일반 선택: 대수, 미적분 Ⅰ,확률과 통계, 물리학, 화학, 생명과학, 정보 등 | 진로 선택: 기하, 미적분Ⅱ, 역학과 에너지, 전자기와 양자, 물질과 에너지, 화학 반응의 세계, 세포와 물질대사, 로봇과 공학세계 등 | 융합 선택: 융합과학 탐구 등","공통과목: 과학, 윤리, 교양, 수학 | 일반선택과목: 과학교과 : 생명과학Ⅰ, 화학Ⅰ | 진로선택과목: 생명과학Ⅱ, 융합과학, 생활과 과학, 화학Ⅱ, 농업생명과학, 고전과 윤리 | 전문교과Ⅰ: 고급 생명과학, 생명과학 실험, 과학과제연구, 융합과학 탐구, 생태와 환경, 정보과학, 사회탐구 방법 | 전문교과Ⅱ: 생명공학 기술, 인간과 환경",생물공학기사,생화학자
21013,생활문화과,"부산광역시_부산경상대학교(제1캠퍼스)_생활문화과, 부산광역시_부산경상대학교(제1캠퍼스)_평생생활문화과, 부산광역시_부산과학기술대학교(제1캠퍼스)_생활문화복지과, 부산광역시_부산여자대학교(제1캠퍼스)_라이프케어계열, 부산광역시_부산여자대학교(제1캠퍼스)_생활문화과, 경상남도_한국승강기대학교(제1캠퍼스)_선샤인융합학부","일반 선택: 화법과 언어, 문학, 독서와 작문, 영어 독해와 작문, 세계시민과 지리, 세계사, 사회와 문화, 현대사회와 윤리, 음악, 미술, 연극, 정보, 제2외국어 등 | 진로 선택: 주제 탐구 독서, 문학과 영상, 영미 문학 읽기, 영어 발표와 토론, 동아시아 역사 기행, 정치, 법과 사회, 윤리와 사상, 인문학과 윤리, 미술 감상과 비평, 음악 감상과 비평 등 | 융합 선택: 독서 토론과 글쓰기, 메체 의사소통, 미디어 영어, 세계 문화와 영어, 사회문제 탐구, 음악과 미디어, 미술과 매체, 지식 재산 일반, 소프트웨어와 생활 등","공통과목: 영어, 기술가정, 윤리 | 일반선택과목: 기술ㆍ가정교과 : 기술가정 | 진로선택과목: 공학일반, 창의경영, 해양 문화와 기술, 가정과학, 지식재산 일반 | 전문교과Ⅰ: 사회과제 연구 | 전문교과Ⅱ: 기초제도, 식품과학, 식품위생","국내여행안내사, 사회복지사, 사회조사분석사, 평생교육사",문화평론가
272,서양화과,"서울특별시_덕성여자대학교(제1캠퍼스)_서양화과, 서울특별시_덕성여자대학교(제1캠퍼스)_서양화전공, 서울특별시_동국대학교(제1캠퍼스)_서양화전공, 서울특별시_서울대학교(제1캠퍼스)_서양화과, 서울특별시_성신여자대학교(제1캠퍼스)_서양화과, 서울특별시_이화여자대학교(제1캠퍼스)_서양화전공, 서울특별시_한성대학교(제1캠퍼스)_서양화전공, 인천광역시_인천대학교(제1캠퍼스)_서양화전공, 대전광역시_목원대학교(제1캠퍼스)_미술학부 서양화전공, 울산광역시_울산대학교(제1캠퍼스)_서양화전공, 광주광역시_조선대학교(제1캠퍼스)_회화학부(서양화전공), 경기도_중앙대학교(제2캠퍼스)_미술학부(서양화전공), 충청북도_충북대학교(제1캠퍼스)_서양화전공, 충청남도_단국대학교(제2캠퍼스)_서양화전공, 전북특별자치도_원광대학교(제1캠퍼스)_서예문화예술학과, 경상북도_대구예술대학교(제1캠퍼스)_서양화전공, 제주특별자치도_제주대학교(제1캠퍼스)_서양화전공","일반 선택: 화법과 언어, 독서와 작문, 문학, 영어 Ⅰ, 영어Ⅱ, 영어 독해와 작문, 세계사, 미술 등 | 진로 선택: 주제 탐구 독서, 문학과 영상, 미술 창작, 미술 감상과 비평, 인간과 철학, 인간과 심리 등 | 융합 선택: 매체 의사소통, 미디어 영어, 세계 문화와 영어, 여행지리, 미술과 매체 등","공통과목: 미술, 윤리 | 일반선택과목: 예술교과 : 미술 | 진로선택과목: 미술 창작, 미술 감상과 비평 | 전문교과Ⅰ: 미술 이론, 미술사, 드로잉 미술 전공 실기 | 전문교과Ⅱ: 디자인 일반, 시각디자인, 색체 관리","박물관및미술관준학예사, 아동미술지도사",학예사(큐레이터)
10005,선교과,"대구광역시_계명문화대학교(제1캠퍼스)_국제협력기술선교과, 경기도_세계사이버대학(제1캠퍼스)_선교학과","일반 선택: 현대사회와 윤리, 사회와 문화 등 | 진로 선택: 윤리와 사상, 정치, 법과 사회, 경제, 한국지리탐구, 도시의 미래 탐구, 국제 관계의 이해, 생활과학 탐구, 인간과 심리 등 | 융합 선택: 사회문제 탐구, 윤리문제 탐구, 등","공통과목: 사회, 생활ㆍ교양 | 일반선택과목: 사회교과 : 사회ㆍ문화, 생활과 윤리, 윤리와 사상 | 진로선택과목: 사회문제 탐구 | 전문교과Ⅰ: 지역 이해, 세계 문제와 미래 사회, 현대 세계의 변화, 사회 탐구 방법 및 사회과제 연구 | 전문교과Ⅱ: 사무 행정, 인간 발달, 아동 복지, 복지 서비스의 기초, 대인 복지 서비스",문화선교사,목회자
276,선교학과,경기도_아신대학교(제1캠퍼스)_선교영어학과,"일반 선택: 독서와 작문, 세계시민과 지리, 세계사, 사회와 문화, 현대사회와 윤리, 정보 등 | 진로 선택: 주제 탐구 독서, 영미 문학 읽기, 한국지리 탐구, 동아시아 역사 기행, 법과 사회, 윤리와 사상, 인문학과 윤리, 미술 감상과 비평, 삶과 종교, 인간과 심리 등 | 융합 선택: 세계 문화와 영어, 여행지리, 역사로 탐구하는 현대 세계, 사회문제 탐구, 윤리문제 탐구, 과학의 역사와 문화, 미술과 매체, 지식 재산 일반 등","공통과목: 영어, 사회, 생활ㆍ교양 | 일반선택과목: 영어교과 : 영어 회화, 영어Ⅰ, 영어 독해와 작문, 영어Ⅱ | 진로선택과목: 영어권 문화, 영미 문학 읽기, 사회문제 탐구 | 전문교과Ⅰ: 지역 이해, 비교 문화, 세계 문제와 미래 사회, 사회 탐구 방법 및 사회과제 연구 | 전문교과Ⅱ: 빅데이터 분석","2급정교사자격증(종교), 문화선교사자격증",목회자
279,섬유공학과,"대전광역시_충남대학교(제1캠퍼스)_유기재료공학과, 대전광역시_충남대학교(제1캠퍼스)_유기소재ㆍ섬유시스템공학과, 대구광역시_경북대학교(제1캠퍼스)_섬유시스템공학과, 광주광역시_전남대학교(제1캠퍼스)_고분자융합소재공학부, 경기도_단국대학교(제1캠퍼스)_파이버시스템공학과, 경기도_단국대학교(제1캠퍼스)_고분자시스템공학부 파이버융합소재공학전공, 경기도_신한대학교(제1캠퍼스)_섬유소재공학과, 전북특별자치도_전북대학교(제1캠퍼스)_유기소재섬유공학과, 전북특별자치도_전북대학교(제1캠퍼스)_고분자섬유나노공학부(유기소재섬유공학전공), 경상북도_경북대학교(제3캠퍼스)_섬유패션디자인학부 섬유공학전공, 경상북도_영남대학교(제1캠퍼스)_파이버시스템공학과","일반 선택: 대수, 미적분 Ⅰ, 확률과 통계, 물리학, 화학, 생명과학, 정보, 기술·가정 등 | 진로 선택: 기하, 미적분Ⅱ, 역학과 에너지, 물질과 에너지, 화학 반응의 세계,세포와 물질대사, 생활과학 탐구 등 | 융합 선택: 융합과학 탐구 등","공통과목: 수학, 과학, 기술ㆍ가정 | 일반선택과목: 수학교과 : 수학ⅠㆍⅡ, 미적분, 확률과 통계 | 진로선택과목: 기하, 물리학Ⅱ, 화학Ⅱ, 생명과학Ⅱ, 공학 일반 | 전문교과Ⅰ: 심화수학ⅠㆍⅡ, 고급 수학ⅠㆍⅡ, 고급 물리학, 물리학 실험, 고급 화학, 화학 실험, 고급 생명과학, 생명과학 실험,생태와 환경, 과학과제연구 | 전문교과Ⅱ: 공업 일반, 화학 일반, 재료 일반, 석유화학 제품","기술지도사(섬유), 섬유가공산업기사, 섬유기사, 섬유기술사, 섬유디자인산업기사, 의류기사, 화공기사",섬유공학기술자
281,섬유디자인과,"대구광역시_한국폴리텍 VI 대학 영남융합기술캠퍼스(제1캠퍼스)_스마트패션소재과, 경기도_부천대학교(제1캠퍼스)_섬유패션비즈니스학과, 경기도_부천대학교(제1캠퍼스)_섬유패션비즈니스과, 경기도_서정대학교(제1캠퍼스)_글로벌섬유비즈니스과","일반 선택: 대수, 미적분 Ⅰ, 확률과 통계, 물리학, 화학, 생명과학, 정보, 기술·가정 등 | 진로 선택: 기하, 미적분Ⅱ, 역학과 에너지, 물질과 에너지, 화학 반응의 세계,세포와 물질대사, 생활과학 탐구 등 | 융합 선택: 융합과학 탐구 등","공통과목: 수학, 과학, 기술ㆍ가정 | 일반선택과목: 수학교과 : 수학ⅠㆍⅡ, 미적분, 확률과 통계 | 진로선택과목: 기하, 물리학Ⅱ, 화학Ⅱ, 생명과학Ⅱ, 공학 일반 | 전문교과Ⅰ: 심화수학ⅠㆍⅡ, 고급 수학ⅠㆍⅡ, 고급 물리학, 물리학 실험, 고급 화학, 화학 실험, 고급 생명과학, 생명과학 실험, 생태와 환경, 과학과제연구 | 전문교과Ⅱ: 공업 일반, 화학 일반, 재료 일반, 석유화학 제품","섬유디자인산업기사, 컬러리스트산업기사, 컴퓨터그래픽스운용기능사, 패션머천다이징산업기사",스타일리스트
282,섬유디자인학과,"대전광역시_목원대학교(제1캠퍼스)_섬유ㆍ패션디자인학과, 울산광역시_울산대학교(제1캠퍼스)_섬유디자인학전공, 경기도_한세대학교(제1캠퍼스)_섬유패션디자인학과","일반 선택: 독서와 작문, 문학, 대수, 확률과 통계, 영어Ⅰ, 영어Ⅱ, 영어 독해오작문, 미술, 정보 등 | 진로 선택: 주제 탐구 독서, 문학과 영상, 미술 창작, 미술 감상과 비평, 인간과 심리 등 | 융합 선택: 매체 의사소통, 미디어 영어, 세계 문화와 영어, 여행지리, 사회문제 탐구, 미술과 매체 등","공통과목: 미술, 윤리 | 일반선택과목: 예술교과 : 미술 | 진로선택과목: 미술 창작, 미술 감상과 비평 | 전문교과Ⅰ: 미술 이론, 미술사, 드로잉, 미술 전공 실기 | 전문교과Ⅱ: 디자인 일반, 시각 디자인, 색채 관리","섬유디자인산업기사, 컬러리스트기사, 컴퓨터그래픽스운용기능사, 패션머천다이징산업기사",스타일리스트
283,성악과,"서울특별시_경희대학교(제1캠퍼스)_성악과, 서울특별시_국민대학교(제1캠퍼스)_성악전공, 서울특별시_동덕여자대학교(제1캠퍼스)_음악학부 성악전공, 서울특별시_동덕여자대학교(제1캠퍼스)_성악과, 서울특별시_서울대학교(제1캠퍼스)_성악과, 서울특별시_서울사이버대학교(제1캠퍼스)_성악과, 서울특별시_성신여자대학교(제1캠퍼스)_성악과, 서울특별시_숙명여자대학교(제1캠퍼스)_성악과, 서울특별시_연세대학교(제1캠퍼스)_성악과, 서울특별시_이화여자대학교(제1캠퍼스)_성악과, 서울특별시_추계예술대학교(제1캠퍼스)_성악과, 서울특별시_한국예술종합학교(제2캠퍼스)_성악과, 서울특별시_한양대학교(제1캠퍼스)_성악과, 부산광역시_동아대학교(제1캠퍼스)_음악학과 성악ㆍ작곡전공, 대전광역시_목원대학교(제1캠퍼스)_공연콘텐츠학부 성악ㆍ뮤지컬전공, 대전광역시_목원대학교(제1캠퍼스)_성악ㆍ뮤지컬학부, 대전광역시_목원대학교(제1캠퍼스)_공연콘텐츠학부, 대구광역시_계명대학교(제1캠퍼스)_성악과, 울산광역시_울산대학교(제1캠퍼스)_성악전공, 경기도_가천대학교(제1캠퍼스)_음악학부(성악), 경기도_가톨릭대학교(제1캠퍼스)_성악과, 경기도_단국대학교(제1캠퍼스)_성악과, 경기도_단국대학교(제1캠퍼스)_음악학부 성악전공, 경기도_명지대학교 자연캠퍼스(제1캠퍼스)_예술학부(성악전공), 경기도_명지대학교 자연캠퍼스(제1캠퍼스)_보컬뮤직전공, 경기도_수원대학교(제1캠퍼스)_성악과, 경기도_중앙대학교(제2캠퍼스)_음악학부(성악전공), 경기도_협성대학교(제1캠퍼스)_성악전공, 경기도_협성대학교(제1캠퍼스)_성악ㆍ작곡과, 경상북도_대구가톨릭대학교(제1캠퍼스)_성악과, 경상북도_영남대학교(제1캠퍼스)_성악전공, 경상북도_영남대학교(제1캠퍼스)_성악과, 제주특별자치도_제주대학교(제1캠퍼스)_성악전공","일반 선택: 화법과 언어, 독서와 작문, 문학, 영어Ⅰ, 영어Ⅱ, 영어 독해와 작문, 사회와 문화, 음악 등 | 진로 선택: 주제 탐구 독서, 심화 영어, 법과 사회, 경제, 윤리와 사상, 음악 연주와 창작, 음악 감상과 비평, 음악 이론, 음악사, 시창·청음, 음악 전공 실기, 합창·합주, 음악 공연 실습 등 | 융합 선택: 매체 의사소통, 미디어 영어, 세계 문화와 영어, 여행지리, 음악과 미디어, 음악과 문화 등","공통과목: 음악, 윤리 | 일반선택과목: 예술교과 : 음악 | 진로선택과목: 음악 연주, 음악 감상과 비평 | 전문교과Ⅰ: 음악이론, 음악사, 시창ㆍ청음, 음악 전공 실기 | 전문교과Ⅱ: 음악 콘텐츠 제작",,대학교수
285,세라믹공학과,인천광역시_인하대학교(제1캠퍼스)_세라믹공학전공,"일반 선택: 대수, 미적분Ⅰ,확률과 통계, 물리학, 화학, 생명과학, 정보 등 | 진로 선택: 기하, 미적분Ⅱ, 역학과 에너지, 전자기와 양자, 물질과 에너지, 화학 반응의 세계, 세포와 물질대사,생물의 유전 등 | 융합 선택: 융합과학 탐구 등","공통과목: 수학, 영어, 과학, 기술ㆍ가정 | 일반선택과목: 수학교과 : 수학ⅠㆍⅡ, 미적분, 확률과 통계 | 진로선택과목: 기하, 수학과제 탐구, 영어권 문화, 물리학Ⅱ, 화학Ⅱ, 공학 일반 | 전문교과Ⅰ: 심화수학ⅠㆍⅡ, 고급 수학ⅠㆍⅡ, 고급 물리학, 물리학 실험, 고급 화학, 화학 실험, 정보과학, 융합과학탐구, 과학과제연구 | 전문교과Ⅱ: 공업 일반, 반도체 개발, 프로그래밍, 자료구조","금속기사, 금속재료기술사, 세라믹기술사",반도체공학기술자
287,세무회계과,"서울특별시_동양미래대학교(제1캠퍼스)_세무회계학과, 서울특별시_명지전문대학(제1캠퍼스)_세무회계과, 서울특별시_명지전문대학(제1캠퍼스)_세무회계융합과, 서울특별시_배화여자대학교(제1캠퍼스)_세무회계과, 서울특별시_서일대학교(제1캠퍼스)_세무회계학과, 서울특별시_숭의여자대학교(제1캠퍼스)_세무회계과, 서울특별시_인덕대학교(제1캠퍼스)_세무회계학과, 서울특별시_한양여자대학교(제1캠퍼스)_세무회계과, 서울특별시_한양여자대학교(제1캠퍼스)_세무회계학과, 부산광역시_부산경상대학교(제1캠퍼스)_세무회계과, 부산광역시_부산경상대학교(제1캠퍼스)_세무회계과(P-TECH), 인천광역시_경인여자대학교(제1캠퍼스)_세무회계과, 인천광역시_경인여자대학교(제1캠퍼스)_세무회계학과, 인천광역시_경인여자대학교(제1캠퍼스)_금융서비스과, 인천광역시_재능대학교(제1캠퍼스)_세무회계과, 인천광역시_재능대학교(제1캠퍼스)_회계경영과, 인천광역시_재능대학교(제1캠퍼스)_회계경영학과, 대전광역시_대덕대학교(제1캠퍼스)_마케팅ㆍ세무회계과, 대전광역시_대덕대학교(제1캠퍼스)_세무공무원과, 대전광역시_대전과학기술대학교(제1캠퍼스)_세무회계학과, 대구광역시_계명문화대학교(제1캠퍼스)_세무회계정보과, 대구광역시_대구보건대학교(제1캠퍼스)_재테크세무회계과, 대구광역시_영남이공대학교(제1캠퍼스)_세무회계과, 대구광역시_영진전문대학교(제1캠퍼스)_스마트세무회계과, 울산광역시_울산과학대학교(제2캠퍼스)_세무회계과, 울산광역시_울산과학대학교(제1캠퍼스)_세무회계학과, 울산광역시_울산과학대학교(제2캠퍼스)_세무회계학과, 경기도_경민대학교(제1캠퍼스)_세무회계과, 경기도_경복대학교(제1캠퍼스)_세무회계과, 경기도_김포대학교(제1캠퍼스)_세무회계정보과, 경기도_동남보건대학교(제1캠퍼스)_스마트세무회계과, 경기도_동남보건대학교(제1캠퍼스)_세무회계학과, 경기도_동서울대학교(제1캠퍼스)_세무회계과, 경기도_동원대학교(제1캠퍼스)_세무회계경영과, 경기도_부천대학교(제1캠퍼스)_세무회계학과, 경기도_부천대학교(제1캠퍼스)_세무회계과, 경기도_수원과학대학교(제1캠퍼스)_세무회계정보과, 경기도_수원과학대학교(제1캠퍼스)_세무회계학과(3년제), 경기도_수원과학대학교(제1캠퍼스)_세무회계학과, 경기도_수원여자대학교(제1캠퍼스)_세무회계과, 경기도_신구대학교(제1캠퍼스)_세무회계학과, 경기도_신구대학교(제1캠퍼스)_세무회계과, 경기도_신안산대학교(제1캠퍼스)_세무회계과, 경기도_안산대학교(제1캠퍼스)_세무회계학과(성인학습자), 경기도_안산대학교(제1캠퍼스)_금융정보학과, 경기도_안산대학교(제1캠퍼스)_세무회계학과, 경기도_연성대학교(제1캠퍼스)_세무회계과, 경기도_오산대학교(제1캠퍼스)_세무회계과, 경기도_용인예술과학대학교(제1캠퍼스)_세무회계과, 경기도_웅지세무대학교(제1캠퍼스)_세무행정과(3년과정), 경기도_웅지세무대학교(제1캠퍼스)_경영세무정보학부, 경기도_장안대학교(제1캠퍼스)_세무회계과, 강원특별자치도_한림성심대학교(제1캠퍼스)_세무회계과, 충청남도_신성대학교(제1캠퍼스)_세무경영과, 전북특별자치도_전북과학대학교(제1캠퍼스)_경영세무회계과, 전라남도_청암대학교(제1캠퍼스)_세무회계과, 전라남도_청암대학교(제1캠퍼스)_세무회계부동산과, 경상북도_가톨릭상지대학교(제1캠퍼스)_전산세무회계과, 경상북도_구미대학교(제1캠퍼스)_세무회계정보과, 경상북도_구미대학교(제1캠퍼스)_세무회계과, 경상북도_선린대학교(제1캠퍼스)_세무회계정보과, 경상남도_경남도립거창대학(제1캠퍼스)_세무회계ㆍ유통과, 경상남도_창원문성대학교(제1캠퍼스)_세무회계학과","일반 선택: 화법과 언어, 독서와 작문, 문학, 대수, 미적분I, 확률과 통계, 영어I, 영어II, 영어 독해와 작문, 세계시민과 지리, 세계사, 사회와 문화, 정보, 제2외국어 과목 등 | 진로 선택: 미적분II, 기하, 경제 수학, 영어 발표와 토론, 법과 사회, 경제, 윤리와 사상, 국제 관계의 이해, 인공지능 기초, 데이터 과학 등 | 융합 선택: 실용 통계, 수학과제 탐구, 실생활 영어 회화, 세계 문화와 영어, 사회문제 탐구, 금융과 경제생활, 제2외국어 문화 과목 등","공통과목: 수학, 사회, 기술ㆍ가정, 생활ㆍ교양 | 일반선택과목: 수학교과 : 수학I, Ⅱ, 미적분, 확률과 통계 | 진로선택과목: 실용 수학, 기하, 경제 수학, 수학 과제 탐구, 사회문제 탐구 | 전문교과Ⅰ: 심화 수학I, 정보과학, 국제 경제, 국제법, 지역 이해, 세계 문제와 미래 사회, 국제 관계와 국제기구, 사회 탐구 방법 및 사회과제 연구 | 전문교과Ⅱ: 회계 원리, 세무 일반, 금융 일반, 보험 일반, 예산ㆍ자금, 무역 금융 업무","공인회계사, 관세사, 세무사, 전산회계운용사, 전자상거래관리사",관세사
10015,소방방재학과,"서울특별시_경희사이버대학교(제1캠퍼스)_소방방재전공, 서울특별시_고려사이버대학교(제1캠퍼스)_소방안전학부, 서울특별시_서울디지털대학교(제1캠퍼스)_소방방재학과, 서울특별시_서울시립대학교(제1캠퍼스)_소방방재학과, 서울특별시_세종사이버대학교(제1캠퍼스)_소방방재학과, 서울특별시_숭실사이버대학교(제1캠퍼스)_소방방재학과, 서울특별시_한국열린사이버대학교(제1캠퍼스)_소방방재안전학과, 부산광역시_국립부경대학교(제1캠퍼스)_소방공학과, 부산광역시_부산가톨릭대학교(제1캠퍼스)_소방방재학과, 부산광역시_신라대학교(제1캠퍼스)_소방안전학과, 인천광역시_청운대학교(제2캠퍼스)_설비소방학과, 대전광역시_건양사이버대학교(제1캠퍼스)_재난안전소방학과, 대전광역시_대전대학교(제1캠퍼스)_소방방재학과, 대전광역시_목원대학교(제1캠퍼스)_소방안전관리학과, 대전광역시_목원대학교(제1캠퍼스)_소방방재학과, 대전광역시_목원대학교(제1캠퍼스)_소방안전학부 소방안전전공, 대전광역시_우송대학교(제1캠퍼스)_소방ㆍ안전학부, 대전광역시_우송대학교(제1캠퍼스)_소방안전학부, 광주광역시_조선대학교(제1캠퍼스)_미래융합학부(소방에너지시스템전공), 광주광역시_조선대학교(제1캠퍼스)_소방재난관리학과, 경기도_가천대학교(제1캠퍼스)_설비ㆍ소방공학과, 경기도_국제사이버대학교(제1캠퍼스)_소방방재안전학과, 강원특별자치도_강원대학교(제2캠퍼스)_소방방재학부, 강원특별자치도_강원대학교(제2캠퍼스)_소방방재공학전공, 강원특별자치도_상지대학교(제1캠퍼스)_소방공학과, 강원특별자치도_한라대학교(제1캠퍼스)_소방방재학과, 강원특별자치도_한라대학교(제1캠퍼스)_소방안전학과, 충청북도_건국대학교 글로컬캠퍼스(제1캠퍼스)_소방방재융합학과, 충청북도_세명대학교(제1캠퍼스)_소방방재학과, 충청북도_중원대학교(제1캠퍼스)_소방안전학과, 충청남도_건양대학교(제1캠퍼스)_재난안전소방학과, 충청남도_선문대학교(제1캠퍼스)_소방방재안전학과, 충청남도_호서대학교(제1캠퍼스)_안전소방학부, 충청남도_호서대학교(제1캠퍼스)_소방방재학과, 전북특별자치도_우석대학교(제1캠퍼스)_소방방재학과, 전북특별자치도_전주대학교(제1캠퍼스)_소방안전공학과, 전북특별자치도_호원대학교(제1캠퍼스)_소방안전학과, 전라남도_동신대학교(제1캠퍼스)_소방안전학과, 경상북도_경일대학교(제1캠퍼스)_소방방재학부, 경상북도_국립경국대학교(제2캠퍼스)_소방방재학과, 경상북도_김천대학교(제1캠퍼스)_소방안전공학과, 경상북도_김천대학교(제1캠퍼스)_경찰소방학부(소방학전공), 경상북도_대구가톨릭대학교(제1캠퍼스)_소방방재학과, 경상북도_대구대학교(제1캠퍼스)_소방안전방재학과, 경상북도_대구한의대학교(제1캠퍼스)_소방방재안전학부, 경상북도_동국대학교 WISE캠퍼스(제1캠퍼스)_소방방재전공, 경상북도_신경주대학교(제1캠퍼스)_소방방재드론학과, 경상북도_위덕대학교(제1캠퍼스)_소방방재학과, 경상남도_경남대학교(제1캠퍼스)_소방안전공학과, 경상남도_경남대학교(제1캠퍼스)_소방방재공학과, 경상남도_인제대학교(제1캠퍼스)_소방방재학과, 경상남도_창신대학교(제1캠퍼스)_소방방재공학과, 경상남도_창신대학교(제1캠퍼스)_스마트융합공학부 소방방재전공, 제주특별자치도_제주국제대학교(제1캠퍼스)_안전공학부 소방방재학전공, 제주특별자치도_제주국제대학교(제1캠퍼스)_소방방재학과","일반 선택: 대수, 미적분 Ⅰ, 확률과 통계, 물리학, 화학, 지구과학, 정보, 기술·가정 등 | 진로 선택: 기하, 미적분Ⅱ, 역학과 에너지, 전자기와 양자, 물질과 에너지, 화학 반응의 세계, 인공지능 기초, 데이터 과학, 로봇과 공학세계 등 | 융합 선택: 창의 공학 설계, 소프트웨어와 생활 등","공통과목: 수학, 과학, 기술ㆍ가정 | 일반선택과목: 수학교과 : 수학ⅠㆍⅡ, 미적분, 확률과 통계 | 진로선택과목: 기하, 물리학Ⅱ, 화학Ⅱ, 생명과학Ⅱ, 생활과 과학, 융합과학, 공학 일반 | 전문교과Ⅰ: 심화수학ⅠㆍⅡ, 고급 수학ⅠㆍⅡ, 고급 물리학, 물리학 실험, 고급 화학, 화학 실험, 고급 생명과학, 생명과학 실험, 고급 생명과학, 생명과학 실험, 정보과학, 융합과학탐구, 과학과제연구, 생태와 환경 | 전문교과Ⅱ: 환경 화학 기초, 산업 안전 보건 기초","가스기사, 산업안전기사, 소방기술사, 소방설비기사, 소방시설관리사, 소방안전교육사, 위험물산업기사, 화재감식평가산업기사",산업안전관리원
288,소방안전관리과,"서울특별시_동양미래대학교(제1캠퍼스)_소방안전관리과, 서울특별시_동양미래대학교(제1캠퍼스)_소방안전관리학과, 부산광역시_경남정보대학교(제1캠퍼스)_소방안전관리과, 부산광역시_동의과학대학교(제1캠퍼스)_소방안전관리과, 부산광역시_부산경상대학교(제1캠퍼스)_소방안전ㆍ전기전자과(3년제), 부산광역시_부산경상대학교(제1캠퍼스)_소방행정ㆍ안전관리과, 부산광역시_부산경상대학교(제1캠퍼스)_소방행정ㆍ안전드론과(3년제), 부산광역시_부산경상대학교(제1캠퍼스)_소방안전ㆍ전기전자계열(3년제), 부산광역시_부산과학기술대학교(제1캠퍼스)_소방안전관리과, 부산광역시_부산과학기술대학교(제1캠퍼스)_소방안전관리학과, 대전광역시_대덕대학교(제1캠퍼스)_소방ㆍ산업안전관리과, 대전광역시_대전과학기술대학교(제1캠퍼스)_소방ㆍ산업안전관리학과, 대전광역시_대전과학기술대학교(제1캠퍼스)_소방안전관리학과, 대전광역시_대전보건대학교(제1캠퍼스)_재난소방ㆍ건설안전과, 대전광역시_우송정보대학(제1캠퍼스)_재난소방안전관리과, 대전광역시_우송정보대학(제1캠퍼스)_소방안전관리과, 대구광역시_계명문화대학교(제1캠퍼스)_소방환경안전과, 대구광역시_대구보건대학교(제1캠퍼스)_소방안전관리학과, 광주광역시_동강대학교(제1캠퍼스)_소방안전과, 광주광역시_서영대학교(제1캠퍼스)_소방재난안전학과, 광주광역시_서영대학교(제1캠퍼스)_소방안전관리과, 광주광역시_서영대학교(제1캠퍼스)_소방재난안전과, 경기도_경기과학기술대학교(제1캠퍼스)_소방방재학과, 경기도_경기과학기술대학교(제1캠퍼스)_건축소방안전학과, 경기도_경민대학교(제1캠퍼스)_소방안전관리학과, 경기도_경민대학교(제1캠퍼스)_소방안전관리과, 경기도_국제대학교(제1캠퍼스)_소방안전관리학과, 경기도_국제대학교(제1캠퍼스)_소방안전관리과, 경기도_국제대학교(제1캠퍼스)_소방방재학과, 경기도_국제대학교(제1캠퍼스)_소방안전관리학과(3년제), 경기도_대림대학교(제1캠퍼스)_스마트소방설비과, 경기도_대림대학교(제1캠퍼스)_소방안전설비과, 경기도_대림대학교(제1캠퍼스)_소방안전설비공학과, 경기도_동원대학교(제1캠퍼스)_소방안전관리과, 경기도_두원공과대학교(제1캠퍼스)_소방안전관리과, 경기도_서영대학교(제2캠퍼스)_소방안전과, 경기도_서영대학교(제2캠퍼스)_소방안전공학과, 경기도_서정대학교(제1캠퍼스)_소방안전관리과, 경기도_서정대학교(제1캠퍼스)_소방안전관리학과, 경기도_수원과학대학교(제1캠퍼스)_소방안전설비공학과(3년제), 경기도_수원과학대학교(제1캠퍼스)_소방안전설비공학과, 경기도_신안산대학교(제1캠퍼스)_소방안전관리과, 경기도_오산대학교(제1캠퍼스)_소방안전관리학과, 경기도_오산대학교(제1캠퍼스)_소방안전관리과, 경기도_오산대학교(제1캠퍼스)_안전보건관리학과, 경기도_용인예술과학대학교(제1캠퍼스)_소방안전설비과, 강원특별자치도_강원도립대학교(제1캠퍼스)_소방환경방재과, 충청북도_강동대학교(제1캠퍼스)_소방안전과, 충청북도_충북도립대학교(제1캠퍼스)_환경소방안전전공, 충청북도_충청대학교(제1캠퍼스)_소방안전과, 충청남도_신성대학교(제1캠퍼스)_소방안전융합과, 충청남도_신성대학교(제1캠퍼스)_소방방재학과, 충청남도_신성대학교(제1캠퍼스)_소방안전관리과, 충청남도_충남도립대학교(제1캠퍼스)_소방안전관리학과, 충청남도_충남도립대학교(제1캠퍼스)_소방안전관리과, 충청남도_혜전대학교(제1캠퍼스)_소방안전관리과, 전라남도_순천제일대학교(제1캠퍼스)_소방방재과, 전라남도_전남과학대학교(제1캠퍼스)_소방안전과, 전라남도_전남도립대학교(제1캠퍼스)_소방안전관리과, 전라남도_청암대학교(제1캠퍼스)_소방안전관리과, 전라남도_청암대학교(제1캠퍼스)_소방안전관리과 소방안전관리전공, 전라남도_청암대학교(제1캠퍼스)_소방안전관리과 화공산업안전전공, 전라남도_청암대학교(제1캠퍼스)_안전특성화계열(소방안전관리과), 경상북도_경북전문대학교(제1캠퍼스)_소방안전관리과, 경상북도_구미대학교(제1캠퍼스)_소방재난안전과, 경상북도_구미대학교(제1캠퍼스)_소방안전과, 경상북도_안동과학대학교(제1캠퍼스)_소방안전과, 경상북도_포항대학교(제1캠퍼스)_소방방재안전과, 경상북도_호산대학교(제1캠퍼스)_소방안전관리과, 경상남도_경남도립거창대학(제1캠퍼스)_소방ㆍ전기학부, 경상남도_김해대학교(제1캠퍼스)_지역산업학부 산업소방안전과, 경상남도_김해대학교(제1캠퍼스)_소방안전관리과, 경상남도_동원과학기술대학교(제1캠퍼스)_소방안전관리과, 경상남도_동원과학기술대학교(제1캠퍼스)_소방방재학과","일반 선택: 화법과 언어, 독서와 작문, 문학, 확률과 통계, 영어 Ⅰ,영어프, 영어 독해와 작문, 세계시민과 지리, 사회와 문화, 현대사회와 윤리, 생명과학, 정보, 제2외국어 과목, 한문 등 | 진로 선택: 주제 탐구 독서, 영어 발표와 토론, 정치, 법과 사회, 경제, 윤리와 사상, 국제 관계의 이해, 생물의 유전 등 | 융합 선택: 독서 토론과 글쓰기, 실용 통계, 수학과제 탐구, 사회문제 탐구, 기후변화와 지속가능한 세계, 융합과학 탐구, 보건 등","공통과목: 수학, 과학, 기술ㆍ가정 | 일반선택과목: 수학교과 : 수학ⅠㆍⅡ, 미적분, 확률과 통계 | 진로선택과목: 기하, 물리학Ⅱ, 화학Ⅱ, 생명과학Ⅱ, 생활과 과학, 융합과학, 공학 일반 | 전문교과Ⅰ: 심화수학ⅠㆍⅡ, 고급 수학ⅠㆍⅡ, 고급 물리학, 물리학 실험, 고급 화학, 화학 실험, 고급 생명과학, 생명과학 실험, 정보과학, 융합과학 탐구, 과학과제연구, 생태와 환경 | 전문교과Ⅱ: 환경 화학 기초, 산업 안전 보건 기초","소방설비산업기사, 소방시설관리사, 위험물산업기사",소방공무원
290,소프트웨어공학과,"서울특별시_건국대학교(제1캠퍼스)_소프트웨어학과, 서울특별시_고려사이버대학교(제1캠퍼스)_소프트웨어공학과, 서울특별시_덕성여자대학교(제1캠퍼스)_디지털소프트웨어공학부, 서울특별시_동국대학교(제1캠퍼스)_AI소프트웨어융합학부, 서울특별시_상명대학교(제1캠퍼스)_SW융합학부 컴퓨터과학전공, 서울특별시_서경대학교(제1캠퍼스)_소프트웨어학과, 서울특별시_성공회대학교(제1캠퍼스)_소프트웨어공학과, 서울특별시_성공회대학교(제1캠퍼스)_소프트웨어공학전공, 서울특별시_성공회대학교(제1캠퍼스)_소프트웨어융합학부, 서울특별시_세종대학교(제1캠퍼스)_소프트웨어학과, 서울특별시_세종대학교(제1캠퍼스)_지능정보융합학과, 서울특별시_세종사이버대학교(제1캠퍼스)_소프트웨어공학과, 서울특별시_한양대학교(제1캠퍼스)_컴퓨터소프트웨어학부, 부산광역시_경성대학교(제1캠퍼스)_소프트웨어학과, 부산광역시_동명대학교(제1캠퍼스)_소프트웨어학과, 부산광역시_동서대학교(제1캠퍼스)_소프트웨어학과, 부산광역시_동서대학교(제1캠퍼스)_소프트웨어공학전공, 부산광역시_부산가톨릭대학교(제1캠퍼스)_소프트웨어학과, 부산광역시_부산외국어대학교(제1캠퍼스)_컴퓨터소프트웨어학부, 부산광역시_부산외국어대학교(제1캠퍼스)_소프트웨어학부(소프트웨어전공), 부산광역시_신라대학교(제1캠퍼스)_컴퓨터소프트웨어공학부, 대전광역시_국립한밭대학교(제1캠퍼스)_인공지능소프트웨어학과, 대전광역시_우송대학교(제1캠퍼스)_소프트웨어학부 컴퓨터공학전공, 대전광역시_우송대학교(제1캠퍼스)_철도시스템학부 철도소프트웨어전공, 대구광역시_경북대학교(제1캠퍼스)_컴퓨터학부(플랫폼소프트웨어전공, 데이터과학전공), 광주광역시_전남대학교(제1캠퍼스)_소프트웨어공학과, 광주광역시_조선대학교(제1캠퍼스)_AI소프트웨어학부(인공지능공학전공), 광주광역시_조선대학교(제1캠퍼스)_AI소프트웨어학부(컴퓨터공학전공), 광주광역시_호남대학교(제1캠퍼스)_소프트웨어학과, 경기도_가천대학교(제1캠퍼스)_클라우드공학과, 경기도_경기대학교(제1캠퍼스)_소프트웨어경영학부, 경기도_경동대학교(제4캠퍼스)_소프트웨어학과, 경기도_단국대학교(제1캠퍼스)_소프트웨어학과, 경기도_성균관대학교(제2캠퍼스)_소프트웨어학과, 경기도_신한대학교(제2캠퍼스)_소프트웨어공학과, 경기도_아주대학교(제1캠퍼스)_소프트웨어학과, 경기도_안양대학교(제1캠퍼스)_소프트웨어학과, 경기도_한경국립대학교(제1캠퍼스)_소프트웨어&서비스컴퓨팅전공, 경기도_한국공학대학교(제1캠퍼스)_SW 자율전공, 경기도_한국공학대학교(제1캠퍼스)_국제학부(컴퓨터SW전공), 경기도_한국항공대학교(제1캠퍼스)_소프트웨어학과, 경기도_한신대학교(제1캠퍼스)_소프트웨어융합학부, 경기도_한신대학교(제1캠퍼스)_소프트웨어융합학전공, 경기도_협성대학교(제1캠퍼스)_소프트웨어공학과, 강원특별자치도_가톨릭관동대학교(제1캠퍼스)_소프트웨어학과, 강원특별자치도_강원대학교(제2캠퍼스)_소프트웨어미디어ㆍ산업공학부, 강원특별자치도_상지대학교(제1캠퍼스)_소프트웨어학과, 충청북도_극동대학교(제1캠퍼스)_소프트웨어학과, 충청북도_서원대학교(제1캠퍼스)_소프트웨어학과, 충청북도_청주대학교(제1캠퍼스)_소프트웨어융합학부, 충청북도_청주대학교(제1캠퍼스)_인공지능소프트웨어학과, 충청북도_충북대학교(제1캠퍼스)_소프트웨어학과, 충청남도_국립공주대학교(제2캠퍼스)_소프트웨어학과, 충청남도_나사렛대학교(제1캠퍼스)_ITㆍ방송영상융합학부(정보통신보안트랙,멀티미디어콘텐츠트랙,인공지능소프트웨어트랙), 충청남도_상명대학교(제2캠퍼스)_소프트웨어학과, 전북특별자치도_국립군산대학교(제1캠퍼스)_소프트웨어학과, 전북특별자치도_국립군산대학교(제1캠퍼스)_컴퓨터소프트웨어학부(임베디드소프트웨어전공), 전북특별자치도_국립군산대학교(제1캠퍼스)_컴퓨터소프트웨어학부(컴퓨터정보공학전공), 전북특별자치도_국립군산대학교(제1캠퍼스)_컴퓨터소프트웨어특성화대학, 전북특별자치도_국립군산대학교(제1캠퍼스)_소프트웨어학부(컴퓨터정보공학전공), 전북특별자치도_원광대학교(제1캠퍼스)_컴퓨터ㆍ소프트웨어공학과, 전북특별자치도_전북대학교(제1캠퍼스)_소프트웨어공학과, 전라남도_국립목포대학교(제1캠퍼스)_소프트웨어학과, 경상북도_경북대학교(제3캠퍼스)_소프트웨어학과, 경상북도_대구가톨릭대학교(제1캠퍼스)_컴퓨터소프트웨어학부, 경상북도_대구한의대학교(제1캠퍼스)_소프트웨어학과, 경상남도_경상국립대학교(제1캠퍼스)_항공우주및소프트웨어공학부, 경상남도_경상국립대학교(제1캠퍼스)_소프트웨어공학과, 경상남도_경상국립대학교(제1캠퍼스)_기계항공정보융합공학부(항공우주 및 소프트웨어공학전공), 세종특별자치시_고려대학교 세종캠퍼스(제1캠퍼스)_컴퓨터융합소프트웨어학과","일반 선택: 대수, 확률과 통계, 미적분 Ⅰ, 인공지능 수학, 영어Ⅰ, 영어Ⅱ, 영어독해와 작문, 물리학, 정보 등 | 진로 선택: 기하, 미적분Ⅱ, 인공지능 수학, 전자기와 양자, 역학과 에너지, 로봇과 공학세계, 인공지능 기초, 데이터 과학 등 | 융합 선택: 실용 통계, 수학과제 탐구, 창의 공학 설계, 소프트웨어와 생활 등","공통과목: 수학, 과학, 기술ㆍ가정 | 일반선택과목: 수학교과 : 수학Ⅰ, 수학Ⅱ, 미적분, 확률과 통계 | 진로선택과목: 실용 수학, 기하, 수학과제 탐구, 물리학Ⅱ, 생활과 과학, 융합과학, 공학 일반 | 전문교과Ⅰ: 심화수학ⅠㆍⅡ, 고급 수학ⅠㆍⅡ, 고급 물리학, 물리학 실험, 정보과학, 융합과학탐구, 과학과제연구, 지역 이해,, 사회탐구 방법, 사회과제 연구 | 전문교과Ⅱ: 프로그래밍, 자료구조, 빅데이터 분석, 사물 인터넷 서비스 기획","3D프린터개발산업기사, e-TestProfessional, IEQ(인터넷윤리자격), PCMaster(정비사), RFID기술자격검정, SQL, SW테스트전문가(CSTS), 네트워크관리사, 데이터분석가, 데이터아키텍처, 디지털정보활용능력(DIAT), 디지털포렌식전문가, 리눅스마스터, 소프트웨어자산관리사(C-SAM), 전자계산기기사, 정보기술자격(ITQ)시험, 정보기술프로젝트관리전문가(IT-PMP), 정보시스템감리사, 정보처리기사, 정보통신기사, 컴퓨터활용능력",3D프린팅전문가
21014,수산학과,"부산광역시_국립부경대학교(제1캠퍼스)_양식응용생명과학전공, 부산광역시_국립부경대학교(제1캠퍼스)_수해양산업교육과 어업공학전공, 부산광역시_국립부경대학교(제1캠퍼스)_자원생물학전공, 부산광역시_국립부경대학교(제1캠퍼스)_해양생산학전공, 부산광역시_국립부경대학교(제1캠퍼스)_수해양산업교육과 양식공학전공, 부산광역시_국립부경대학교(제1캠퍼스)_글로벌블루수산융합전공, 강원특별자치도_국립강릉원주대학교(제1캠퍼스)_해양생태환경학과, 전북특별자치도_국립군산대학교(제1캠퍼스)_해양수산공공인재학과, 전라남도_전남대학교(제2캠퍼스)_스마트수산자원관리학과, 전라남도_전남대학교(제2캠퍼스)_해양생산관리학과, 전라남도_전남대학교(제2캠퍼스)_수산해양산업관광레저융합학과, 전라남도_전남대학교(제2캠퍼스)_양식생물학과, 경상남도_경상국립대학교(제2캠퍼스)_양식생명과학과, 제주특별자치도_제주대학교(제1캠퍼스)_해양생산과학전공","일반 선택: 대수, 미적분Ⅰ, 확률과 통계, 화학, 생명과학, 지구과학, 정보 등 | 진로 선택: 미적분Ⅱ, 인공지능 수학, 물질과 에너지, 화학 반응의 세계, 세포와 물질대사, 생물의 유전, 생활과학 탐구 등 | 융합 선택: 실용 통계, 기후변화와 환경생태 등","공통과목: 과학, 윤리, 교양, 수학 | 일반선택과목: 과학교과 : 화학Ⅰ, 생명과학Ⅰ | 진로선택과목: 생명과학Ⅱ, 융합과학, 생활과 과학, 화학Ⅱ, 농업생명과학, 사회문제 탐구 | 전문교과Ⅰ: 고급 생명과학, 생명과학 실험, 과학과제연구, 융합과학 탐구, 생태와 환경, 정보과학, 사회탐구 방법 | 전문교과Ⅱ: 생명공학 기술, 인간과 환경","수산물품질관리사, 수산양식기능사, 수산양식기사, 수산양식산업기사, 수산질병관리사, 어로산업기사, 어업생산관리기사",수산양식전문가
296,수의학과,"서울특별시_건국대학교(제1캠퍼스)_수의학과, 서울특별시_건국대학교(제1캠퍼스)_수의예과, 서울특별시_서울대학교(제1캠퍼스)_수의예과, 서울특별시_서울대학교(제1캠퍼스)_수의학과, 대전광역시_충남대학교(제1캠퍼스)_수의예과, 대전광역시_충남대학교(제1캠퍼스)_수의학과, 대구광역시_경북대학교(제1캠퍼스)_수의학과, 대구광역시_경북대학교(제1캠퍼스)_수의예과, 광주광역시_전남대학교(제1캠퍼스)_수의예과, 광주광역시_전남대학교(제1캠퍼스)_수의학과, 강원특별자치도_강원대학교(제1캠퍼스)_수의예과, 강원특별자치도_강원대학교(제1캠퍼스)_수의학과, 충청북도_충북대학교(제1캠퍼스)_수의예과, 충청북도_충북대학교(제1캠퍼스)_수의학과, 전북특별자치도_전북대학교(제2캠퍼스)_수의예과, 전북특별자치도_전북대학교(제2캠퍼스)_수의학과, 전북특별자치도_전북대학교(제2캠퍼스)_수의예과(1년), 경상남도_경상국립대학교(제1캠퍼스)_수의예과, 경상남도_경상국립대학교(제1캠퍼스)_수의학과, 제주특별자치도_제주대학교(제1캠퍼스)_수의학과, 제주특별자치도_제주대학교(제1캠퍼스)_수의예과","일반 선택: 미적분Ⅰ, 확률과 통계, 화학, 생명과학, 현대사회와 윤리 등 | 진로 선택: 미적분Ⅱ, 물질과 에너지, 화학 반응의 세계, 세포와 물질대사, 생물의 유전, 보건 등 | 융합 선택: 융합과학 탐구, 생명과학 실험 등","공통과목: 영어, 수학, 과학, 윤리 | 일반선택과목: 영어교과 : 영어Ⅰ, 영어Ⅱ, 영어 독해와 작문 | 진로선택과목: 생명과학Ⅱ, 화학Ⅱ | 전문교과Ⅰ: 고급 화학 및 고급 생명과학, 화학실험 및 생명과학 실험, 과학과제 연구 | 전문교과Ⅱ: 수의 보조, 애완동물 미용","수의사, 축산기사",가축연구원
298,수학과,"서울특별시_건국대학교(제1캠퍼스)_수학과, 서울특별시_경희대학교(제1캠퍼스)_수학과, 서울특별시_고려대학교(제1캠퍼스)_수학과, 서울특별시_광운대학교(제1캠퍼스)_수학과, 서울특별시_국민대학교(제1캠퍼스)_수학과, 서울특별시_국민대학교(제1캠퍼스)_정보보안암호수학과, 서울특별시_덕성여자대학교(제1캠퍼스)_수학전공, 서울특별시_덕성여자대학교(제1캠퍼스)_수학과, 서울특별시_동국대학교(제1캠퍼스)_수학과, 서울특별시_서강대학교(제1캠퍼스)_수학과, 서울특별시_서경대학교(제1캠퍼스)_금융정보공학과(이공대학), 서울특별시_서울대학교(제1캠퍼스)_수리과학부, 서울특별시_서울시립대학교(제1캠퍼스)_수학과, 서울특별시_서울여자대학교(제1캠퍼스)_수학과, 서울특별시_성신여자대학교(제1캠퍼스)_수학과, 서울특별시_세종대학교(제1캠퍼스)_수학전공, 서울특별시_숙명여자대학교(제1캠퍼스)_수학과, 서울특별시_숭실대학교(제1캠퍼스)_수학과, 서울특별시_연세대학교(제1캠퍼스)_수학과, 서울특별시_이화여자대학교(제1캠퍼스)_수학과, 서울특별시_이화여자대학교(제1캠퍼스)_수학전공, 서울특별시_중앙대학교(제1캠퍼스)_수학과, 서울특별시_한양대학교(제1캠퍼스)_수학과, 부산광역시_경성대학교(제1캠퍼스)_응용수학과, 부산광역시_경성대학교(제1캠퍼스)_AI수리학과, 부산광역시_국립부경대학교(제1캠퍼스)_응용수학과, 부산광역시_동아대학교(제1캠퍼스)_수학과, 부산광역시_동아대학교(제1캠퍼스)_정보수학과, 부산광역시_부산대학교(제1캠퍼스)_수학과, 인천광역시_인천대학교(제1캠퍼스)_수학과, 인천광역시_인하대학교(제1캠퍼스)_수학과, 대전광역시_목원대학교(제1캠퍼스)_수학과, 대전광역시_배재대학교(제1캠퍼스)_컴퓨터수학과, 대전광역시_충남대학교(제1캠퍼스)_수학과, 대전광역시_한국과학기술원(제1캠퍼스)_수리과학과, 대전광역시_한남대학교(제1캠퍼스)_수학과, 대구광역시_경북대학교(제1캠퍼스)_수학과, 대구광역시_계명대학교(제1캠퍼스)_수학과, 울산광역시_울산과학기술원(제1캠퍼스)_수리과학과, 울산광역시_울산대학교(제1캠퍼스)_수학전공, 울산광역시_울산대학교(제1캠퍼스)_데이터응용수학전공, 광주광역시_광주과학기술원(제1캠퍼스)_수리과학과, 광주광역시_전남대학교(제1캠퍼스)_수학과, 광주광역시_조선대학교(제1캠퍼스)_융합수리과학부, 광주광역시_조선대학교(제1캠퍼스)_수학과, 경기도_가천대학교(제1캠퍼스)_금융ㆍ빅데이터학부(금융수학전공), 경기도_가천대학교(제1캠퍼스)_금융ㆍ빅데이터학부, 경기도_가천대학교(제1캠퍼스)_금융수학과, 경기도_가톨릭대학교(제1캠퍼스)_수학과, 경기도_경기대학교(제1캠퍼스)_수학과, 경기도_경희대학교(제2캠퍼스)_응용수학과, 경기도_대진대학교(제1캠퍼스)_수학과, 경기도_명지대학교 자연캠퍼스(제1캠퍼스)_수학과, 경기도_성균관대학교(제2캠퍼스)_수학과, 경기도_아주대학교(제1캠퍼스)_수학과, 경기도_한경국립대학교(제1캠퍼스)_응용수학과, 경기도_한경국립대학교(제1캠퍼스)_응용수학전공, 경기도_한국외국어대학교(제2캠퍼스)_수학과, 경기도_한신대학교(제1캠퍼스)_수학과, 경기도_한신대학교(제1캠퍼스)_수리금융학과, 경기도_한양대학교 ERICA캠퍼스(제1캠퍼스)_수리데이터사이언스학과, 강원특별자치도_강원대학교(제1캠퍼스)_수학전공, 강원특별자치도_강원대학교(제1캠퍼스)_수학과, 강원특별자치도_국립강릉원주대학교(제1캠퍼스)_수학물리학부(수학전공), 강원특별자치도_국립강릉원주대학교(제1캠퍼스)_수학과, 강원특별자치도_국립강릉원주대학교(제1캠퍼스)_수학물리학부, 강원특별자치도_연세대학교 미래캠퍼스(제1캠퍼스)_수학전공, 충청북도_충북대학교(제1캠퍼스)_수학과, 충청북도_충북대학교(제1캠퍼스)_수학ㆍ정보통계학부, 충청북도_충북대학교(제1캠퍼스)_수학ㆍ정보통계학부 수학전공, 충청남도_국립공주대학교(제1캠퍼스)_응용수학과, 충청남도_단국대학교(제2캠퍼스)_수학과, 충청남도_순천향대학교(제1캠퍼스)_수학과, 충청남도_한서대학교(제1캠퍼스)_수학과, 전북특별자치도_국립군산대학교(제1캠퍼스)_수학과, 전북특별자치도_원광대학교(제1캠퍼스)_응용수학부, 전북특별자치도_원광대학교(제1캠퍼스)_수학ㆍ정보통계학부, 전북특별자치도_전북대학교(제1캠퍼스)_수학과, 경상북도_국립금오공과대학교(제1캠퍼스)_수리빅데이터전공, 경상북도_국립금오공과대학교(제1캠퍼스)_수리빅데이터학과, 경상북도_대구가톨릭대학교(제1캠퍼스)_수리정보과학과, 경상북도_영남대학교(제1캠퍼스)_수학과, 경상북도_포항공과대학교(제1캠퍼스)_수학과, 경상남도_경상국립대학교(제1캠퍼스)_수학과, 경상남도_경상국립대학교(제1캠퍼스)_수학전공, 경상남도_국립창원대학교(제1캠퍼스)_수학과, 경상남도_인제대학교(제1캠퍼스)_응용수학과, 제주특별자치도_제주대학교(제1캠퍼스)_수학과, 세종특별자치시_고려대학교 세종캠퍼스(제1캠퍼스)_응용수리과학부, 세종특별자치시_고려대학교 세종캠퍼스(제1캠퍼스)_데이터계산과학전공, 세종특별자치시_고려대학교 세종캠퍼스(제1캠퍼스)_수학과","일반 선택: 대수, 미적분Ⅰ, 확률과 통계, 물리학 등 | 진로 선택: 기하, 미적분Ⅱ, 인공지능 수학, 역학과 에너지, 전자기와 양자 등 | 융합 선택: 수학과제 탐구, 수학과 문화, 실용 통계, 융합과학 탐구 등","공통과목: 수학, 사회, 정보, 과학 | 일반선택과목: 수학교과 : 수학Ⅰ, 수학Ⅱ, 미적분, 확률과 통계 | 진로선택과목: 실용수학, 기하, 경제수학, 수학과제탐구, 물리학Ⅱ | 전문교과Ⅰ: 심화수학Ⅰ, 심화수학Ⅱ, 고급수학Ⅰ, 고급수학Ⅱ, 정보과학 | 전문교과Ⅱ: 정보처리와 관리","보험계리사, 사회조사분석사, 손해사정사",금융자산운용가
299,수학교육과,"서울특별시_건국대학교(제1캠퍼스)_수학교육과, 서울특별시_고려대학교(제1캠퍼스)_수학교육과, 서울특별시_동국대학교(제1캠퍼스)_수학교육과, 서울특별시_상명대학교(제1캠퍼스)_수학교육과, 서울특별시_서울대학교(제1캠퍼스)_수학교육과, 서울특별시_성균관대학교(제1캠퍼스)_수학교육과, 서울특별시_이화여자대학교(제1캠퍼스)_수학교육과, 서울특별시_한양대학교(제1캠퍼스)_수학교육과, 서울특별시_홍익대학교(제1캠퍼스)_수학교육과, 부산광역시_부산교육대학교(제1캠퍼스)_수학교육과, 부산광역시_부산대학교(제1캠퍼스)_수학교육과, 부산광역시_신라대학교(제1캠퍼스)_수학교육과, 인천광역시_인천대학교(제1캠퍼스)_수학교육과, 인천광역시_인하대학교(제1캠퍼스)_수학교육과, 대전광역시_목원대학교(제1캠퍼스)_수학교육과, 대전광역시_충남대학교(제1캠퍼스)_수학교육과, 대전광역시_한남대학교(제1캠퍼스)_수학교육과, 대구광역시_경북대학교(제1캠퍼스)_수학교육과, 광주광역시_광주교육대학교(제1캠퍼스)_수학교육과(심화전공), 광주광역시_전남대학교(제1캠퍼스)_수학교육과, 광주광역시_조선대학교(제1캠퍼스)_수학교육과, 경기도_단국대학교(제1캠퍼스)_수학교육과, 강원특별자치도_가톨릭관동대학교(제1캠퍼스)_수학교육과, 강원특별자치도_강원대학교(제1캠퍼스)_수학교육과, 충청북도_서원대학교(제1캠퍼스)_수학교육과, 충청북도_청주대학교(제1캠퍼스)_수학교육과, 충청북도_충북대학교(제1캠퍼스)_수학교육과, 충청북도_한국교원대학교(제1캠퍼스)_수학교육과, 충청남도_국립공주대학교(제1캠퍼스)_수학교육과, 전북특별자치도_우석대학교(제1캠퍼스)_수학교육과, 전북특별자치도_원광대학교(제1캠퍼스)_수학교육과, 전북특별자치도_전북대학교(제1캠퍼스)_수학교육과, 전북특별자치도_전주교육대학교(제1캠퍼스)_수학교육과(심화전공), 전북특별자치도_전주대학교(제1캠퍼스)_수학교육과, 전라남도_국립목포대학교(제1캠퍼스)_수학교육과, 전라남도_국립순천대학교(제1캠퍼스)_수학교육과, 전라남도_세한대학교(제1캠퍼스)_수학교육과, 경상북도_국립경국대학교(제1캠퍼스)_수학교육과, 경상북도_대구가톨릭대학교(제1캠퍼스)_수학교육과, 경상북도_대구대학교(제1캠퍼스)_수학교육과, 경상북도_동국대학교 WISE캠퍼스(제1캠퍼스)_수학교육과, 경상북도_영남대학교(제1캠퍼스)_수학교육과, 경상남도_경남대학교(제1캠퍼스)_수학교육과, 경상남도_경상국립대학교(제1캠퍼스)_수학교육과, 경상남도_진주교육대학교(제1캠퍼스)_수학교육과(심화전공), 제주특별자치도_제주대학교(제1캠퍼스)_수학교육과","일반 선택: 화법과 언어, 독서와 작문, 문학, 대수, 미적분Ⅰ, 확률과 통계, 영어Ⅰ, 영어Ⅱ, 영어 독해와 작문, 물리학, 화학, 생명과학, 지구과학, 정보 등 | 진로 선택: 주제 탐구 독서, 기하, 미적분Ⅱ, 인공지능 수학, 인공지능기초, 데이터 과학, 논리와 사고 등 | 융합 선택: 실용 통계, 수학과제 탐구 등","공통과목: 영어, 수학, 과학[물리], 윤리 | 일반선택과목: 수학교과 : 수학Ⅰ, 수학Ⅱ, 미적분, 확률과 통계 | 진로선택과목: 실용수학, 기하, 경제수학, 수학 과제 탐구 | 전문교과Ⅰ: 심화 수학Ⅰ, 심화 수학Ⅱ, 고급 수학Ⅰ, 고급 수학Ⅱ",중등학교2급정교사,교육행정사무원
10033,수해양산업교육과,부산광역시_국립부경대학교(제1캠퍼스)_수해양산업교육과,"일반 선택: 화법과 언어, 독서와 작문, 문학, 대수, 미적분Ⅰ, 확률과 통계, 영어Ⅰ, 영어Ⅱ, 영어 독해와 작문, 물리학, 화학, 생명과학, 지구과학, 기술·가정, 정보, 생태와 환경 등 | 진로 선택: 주제 탐구 독서, 기하, 미적분Ⅱ, 역학과 에너지, 전자기와 양자, 물질과 에너지, 화학 반응의 세계, 세포와 물질대사, 생물의 유전, 지구시스템과학 등 | 융합 선택: 기후변화와 환경생태, 융합과학 탐구 등","공통과목: 과학, 수학, 영어 | 일반선택과목: 과학교과 : 지구과학Ⅰ, 물리Ⅰ, 화학Ⅰ, 생명과학Ⅰ | 진로선택과목: 지구과학Ⅱ, 해양문화 기술, 융합과학, 생활과 과학, 과학사, 기하, 공학 일반, 수학과제 탐구 | 전문교과Ⅰ: 고급 지구과학, 지구과학 실험, 과학과제 연구, 융합과학 탐구, 정보과학, 생태와 환경 | 전문교과Ⅱ: 해양 정보 관리, 해양의 이해, 해양 환경과 자원",중등학교2급정교사,사범계열교수
21015,순수미술과,"경기도_계원예술대학교(제1캠퍼스)_순수미술과, 경기도_계원예술대학교(제1캠퍼스)_순수미술학과","일반 선택: 화법과 언어, 독서와 작문, 문학, 영어 Ⅰ, 영어Ⅱ, 영어 독해와 작문, 세계사, 미술 등 | 진로 선택: 주제 탐구 독서, 문학과 영상, 미술 창작, 미술 감상과 비평, 인간과 철학, 인간과 심리 등 | 융합 선택: 매체 의사소통, 미디어 영어, 세계 문화와 영어, 여행지리, 미술과 매체 등","공통과목: 미술, 윤리 | 일반선택과목: 예술교과 : 미술 | 진로선택과목: 미술 창작, 미술 감상과 비평 | 전문교과Ⅰ: 미술 이론, 미술사, 드로잉 미술 전공 실기 | 전문교과Ⅱ: 디자인 일반, 시각디자인, 색체 관리","GTQ(GraphicTechnologyQualification)1ㆍ2급, 귀금속가공산업기사, 도자기공예기사, 시각디자인산업기사, 웹디자인기능사, 제품디자인산업기사, 컬러리스트산업기사, 컴퓨터그래픽스운용기능사",보석디자이너
489,스마트정보과,"서울특별시_배화여자대학교(제1캠퍼스)_스마트경영과 데이터경영전공, 경기도_동서울대학교(제1캠퍼스)_스마트정보전공, 경기도_신구대학교(제1캠퍼스)_스마트건설정보과, 전북특별자치도_전북과학대학교(제1캠퍼스)_스마트정보과","일반 선택: 대수, 확률과 통계, 미적분 Ⅰ, 인공지능 수학, 영어Ⅰ, 영어Ⅱ, 영어독해와 작문, 물리학, 정보 등 | 진로 선택: 기하, 미적분Ⅱ, 인공지능 수학, 전자기와 양자, 역학과 에너지, 로봇과 공학세계, 인공지능 기초, 데이터 과학 등 | 융합 선택: 실용 통계, 수학과제 탐구, 사회문제 탐구, 윤리문제 탐구, 창의 공학 설계, 소프트웨어와 생활 등","공통과목: 수학, 사회, 과학, 기술ㆍ가정 | 일반선택과목: 수학교과 : 수학ⅠㆍⅡ, 미적분, 확률과 통계 | 진로선택과목: 실용수학, 기하, 수학과제 탐구, 물리학Ⅱ, 화학Ⅱ, 생활과 과학, 융합과학, 공학 일반, 사회문제 탐구 | 전문교과Ⅰ: 심화수학ⅠㆍⅡ, 고급 수학ⅠㆍⅡ, 고급 물리학, 물리학 실험, 고급 화학, 화학 실험, 정보과학, 융합과학탐구, 과학과제 연구, 생태와 환경, 지역 이해, 사회과제 연구 | 전문교과Ⅱ: 정보처리와 관리, 프로그래밍, 자료구조, 네트워크 프로그래밍, 정보보호 관리","3D프린터자격증, 사무자동화산업기사, 워드프로세서, 전자상거래관리사, 정보처리산업기사, 컴퓨터활용능력",3D프린팅전문가
10019,스마트폰과,"대전광역시_한국폴리텍 IV 대학 대전캠퍼스(제1캠퍼스)_스마트로봇자동화과, 경기도_유한대학교(제1캠퍼스)_스마트콘텐츠학과 모바일앱전공","일반 선택: 대수, 확률과 통계, 미적분 Ⅰ, 인공지능 수학, 영어Ⅰ, 영어Ⅱ, 영어독해와 작문, 물리학, 정보 등 | 진로 선택: 기하, 미적분Ⅱ, 인공지능 수학, 전자기와 양자, 역학과 에너지, 로봇과 공학세계, 인공지능 기초, 데이터 과학 등 | 융합 선택: 실용 통계, 수학과제 탐구, 창의 공학 설계, 소프트웨어와 생활 등","공통과목: 수학, 사회, 과학, 기술ㆍ가정 | 일반선택과목: 수학교과 : 수학ⅠㆍⅡ, 미적분, 확률과 통계 | 진로선택과목: 실용수학, 기하, 수학과제 탐구, 물리학Ⅱ, 화학Ⅱ, 생활과 과학, 융합과학, 공학 일반, 사회문제 탐구 | 전문교과Ⅰ: 심화수학ⅠㆍⅡ, 고급 수학ⅠㆍⅡ, 고급 물리학, 물리학 실험, 고급 화학, 화학 실험, 정보과학, 융합과학탐구, 과학과제 연구, 생태와 환경, 지역 이해, 사회과제 연구 | 전문교과Ⅱ: 정보처리와 관리, 프로그래밍, 자료구조, 네트워크 프로그래밍, 정보보호 관리","스마트폰개발자, 정보처리산업기사, 정보통신산업기사",모바일콘텐츠제작자
10115,스토리텔링학과,강원특별자치도_강원대학교(제1캠퍼스)_스토리텔링학과,"일반 선택: 화법과 언어, 문학, 독서와 작문, 영어 독해와 작문, 세계시민과 지리, 세계사, 사회와 문화, 현대사회와 윤리, 음악, 미술, 연극, 정보, 제2외국어 등 | 진로 선택: 주제 탐구 독서, 문학과 영상, 영미 문학 읽기, 영어 발표와 토론, 동아시아 역사 기행, 정치, 법과 사회, 윤리와 사상, 인문학과 윤리, 미술 감상과 비평, 음악 감상과 비평 등 | 융합 선택: 독서 토론과 글쓰기, 메체 의사소통, 미디어 영어, 세계 문화와 영어, 사회문제 탐구, 음악과 미디어, 미술과 매체, 지식 재산 일반, 소프트웨어와 생활 등","공통과목: 국어, 사회, 한문, 예술 | 일반선택과목: 국어교과 : 화법과 작문, 문학, 언어와 매체, 독서 | 진로선택과목: 실용 국어, 심화 국어, 고전 읽기, 사회문제 탐구, 고전과 윤리, 음악ㆍ미술 감상 비평 | 전문교과Ⅰ: 현대 문학 감상, 고전 문학 감상, 문예 창작 입문, 문학 개론, 문학과 매체, 시 창작, 소설 창작, 극 창작 | 전문교과Ⅱ: 미디어콘텐츠 일반, 커뮤니케이션","국어능력인증시험, 사서, 한국어교육능력검정시험",광고ㆍ홍보전문가
306,스포츠건강관리학과,"서울특별시_광운대학교(제1캠퍼스)_스포츠상담재활학과, 서울특별시_광운대학교(제1캠퍼스)_스포츠융합과학과, 서울특별시_국민대학교(제1캠퍼스)_스포츠건강재활학과, 서울특별시_상명대학교(제1캠퍼스)_스포츠무용학부 스포츠건강관리전공, 서울특별시_상명대학교(제1캠퍼스)_스포츠ㆍ무용학부 스포츠건강관리학과, 서울특별시_서경대학교(제1캠퍼스)_스포츠앤테크놀로지학과, 서울특별시_서울과학기술대학교(제1캠퍼스)_스포츠과학과, 서울특별시_서울시립대학교(제1캠퍼스)_스포츠과학과, 서울특별시_서울여자대학교(제1캠퍼스)_스포츠운동과학과, 서울특별시_성신여자대학교(제1캠퍼스)_스포츠과학부, 서울특별시_이화여자대학교(제1캠퍼스)_스포츠과학전공, 서울특별시_한양대학교(제1캠퍼스)_스포츠사이언스전공, 부산광역시_경성대학교(제1캠퍼스)_스포츠건강학과, 부산광역시_부산대학교(제1캠퍼스)_스포츠과학과, 부산광역시_부산외국어대학교(제1캠퍼스)_스포츠재활전공(자유전공), 부산광역시_부산외국어대학교(제1캠퍼스)_스포츠재활전공, 인천광역시_안양대학교(제2캠퍼스)_스포츠과학과, 인천광역시_안양대학교(제2캠퍼스)_스포츠계열자유전공, 인천광역시_인하대학교(제1캠퍼스)_스포츠과학과, 대전광역시_국립한밭대학교(제1캠퍼스)_스포츠건강과학과, 대전광역시_대전대학교(제1캠퍼스)_스포츠과학과, 대전광역시_대전대학교(제1캠퍼스)_스포츠운동과학과, 대전광역시_대전대학교(제1캠퍼스)_스포츠건강재활학과, 대전광역시_목원대학교(제1캠퍼스)_스포츠건강관리학과, 대전광역시_우송대학교(제1캠퍼스)_스포츠건강재활학과, 대전광역시_충남대학교(제1캠퍼스)_스포츠과학과, 대전광역시_한남대학교(제1캠퍼스)_스포츠과학과, 대구광역시_계명대학교(제1캠퍼스)_실버스포츠복지학과, 울산광역시_울산대학교(제1캠퍼스)_스포츠과학부, 광주광역시_광주대학교(제1캠퍼스)_스포츠과학부, 광주광역시_송원대학교(제1캠퍼스)_스포츠데이터분석학과, 경기도_강남대학교(제1캠퍼스)_예체능학부 스포츠복지전공, 경기도_강남대학교(제1캠퍼스)_복지융합인재학부 스포츠복지전공, 경기도_강남대학교(제1캠퍼스)_스포츠복지학과, 경기도_경희대학교(제2캠퍼스)_스포츠의학과, 경기도_국제사이버대학교(제1캠퍼스)_건강스포츠학과, 경기도_대진대학교(제1캠퍼스)_스포츠건강과학과, 경기도_성균관대학교(제2캠퍼스)_스포츠과학과, 경기도_성균관대학교(제2캠퍼스)_스포츠과학대학, 경기도_수원대학교(제1캠퍼스)_스포츠과학부, 경기도_신한대학교(제2캠퍼스)_미래스포츠융합학과, 경기도_신한대학교(제2캠퍼스)_스포츠의학과, 경기도_예원예술대학교(제2캠퍼스)_스포츠과학과, 경기도_중앙대학교(제2캠퍼스)_스포츠과학부, 경기도_차의과학대학교(제1캠퍼스)_스포츠의학과, 경기도_한경국립대학교(제1캠퍼스)_스포츠과학과, 경기도_한경국립대학교(제1캠퍼스)_스포츠과학전공, 경기도_한양대학교 ERICA캠퍼스(제1캠퍼스)_스포츠문화전공, 경기도_한양대학교 ERICA캠퍼스(제1캠퍼스)_스포츠과학부, 경기도_화성의과학대학교(제1캠퍼스)_스포츠과학부 스포츠과학과, 경기도_화성의과학대학교(제1캠퍼스)_스포츠과학부, 경기도_화성의과학대학교(제1캠퍼스)_스포츠건강학부, 강원특별자치도_가톨릭관동대학교(제1캠퍼스)_스포츠재활의학전공, 강원특별자치도_가톨릭관동대학교(제1캠퍼스)_스포츠건강관리학전공, 강원특별자치도_가톨릭관동대학교(제1캠퍼스)_스포츠건강관리학과, 강원특별자치도_강원대학교(제1캠퍼스)_스포츠과학전공, 강원특별자치도_강원대학교(제1캠퍼스)_스포츠과학과, 강원특별자치도_강원대학교(제2캠퍼스)_스포츠웰니스전공, 충청북도_건국대학교 글로컬캠퍼스(제1캠퍼스)_스포츠건강학과, 충청북도_건국대학교 글로컬캠퍼스(제1캠퍼스)_스포츠건강학전공, 충청북도_국립한국교통대학교(제1캠퍼스)_스포츠의학전공, 충청북도_국립한국교통대학교(제1캠퍼스)_스포츠의학과, 충청북도_순복음총회신학교(제1캠퍼스)_사회학부 스포츠복지학전공, 충청북도_유원대학교(제1캠퍼스)_헬스케어복지전공, 충청북도_청주대학교(제1캠퍼스)_스포츠재활학과, 충청북도_청주대학교(제1캠퍼스)_스포츠의학과, 충청남도_건양대학교(제1캠퍼스)_스포츠의학과, 충청남도_글로벌사이버대학교(제1캠퍼스)_스포츠건강학부, 충청남도_나사렛대학교(제1캠퍼스)_스포츠재활전공, 충청남도_나사렛대학교(제1캠퍼스)_스포츠재활트랙, 충청남도_남서울대학교(제1캠퍼스)_스포츠건강관리학과, 충청남도_단국대학교(제2캠퍼스)_국제스포츠학부 운동처방재활전공, 충청남도_단국대학교(제2캠퍼스)_스포츠과학대학, 충청남도_백석대학교(제1캠퍼스)_스포츠과학부, 충청남도_선문대학교(제1캠퍼스)_스포츠과학과, 충청남도_선문대학교(제1캠퍼스)_스포츠과학부, 충청남도_순천향대학교(제1캠퍼스)_스포츠과학과, 충청남도_순천향대학교(제1캠퍼스)_스포츠의학과, 충청남도_중부대학교(제1캠퍼스)_스포츠재활복지학전공, 충청남도_중부대학교(제1캠퍼스)_스포츠건강관리학전공, 충청남도_청운대학교(제1캠퍼스)_스포츠과학과, 충청남도_호서대학교(제1캠퍼스)_스포츠과학부, 전북특별자치도_예원예술대학교(제1캠퍼스)_스포츠과학과, 전북특별자치도_원광대학교(제1캠퍼스)_스포츠과학부, 전북특별자치도_전북대학교(제1캠퍼스)_스포츠과학과, 전라남도_동신대학교(제1캠퍼스)_스포츠의학과, 전라남도_세한대학교(제1캠퍼스)_스포츠건강관리학과, 경상북도_경운대학교(제1캠퍼스)_스포츠건강재활학과, 경상북도_경일대학교(제1캠퍼스)_스포츠재활의학과, 경상북도_경일대학교(제1캠퍼스)_스포츠융합학부, 경상북도_김천대학교(제1캠퍼스)_건강재활서비스학과, 경상북도_대구한의대학교(제1캠퍼스)_시니어스포츠학전공, 경상북도_대구한의대학교(제1캠퍼스)_실버스포츠학전공, 경상북도_대구한의대학교(제1캠퍼스)_한방재활스포츠의학과, 경상북도_대구한의대학교(제1캠퍼스)_한방스포츠의학과, 경상북도_대구한의대학교(제1캠퍼스)_한방스포츠의학전공, 경상북도_대구한의대학교(제1캠퍼스)_시니어스포츠학과, 경상북도_동국대학교 WISE캠퍼스(제1캠퍼스)_스포츠의학전공, 경상북도_동국대학교 WISE캠퍼스(제1캠퍼스)_스포츠과학전공, 경상북도_동국대학교 WISE캠퍼스(제1캠퍼스)_스포츠건강과학부, 경상북도_동국대학교 WISE캠퍼스(제1캠퍼스)_스포츠과학과, 경상북도_신경주대학교(제1캠퍼스)_스포츠건강학부, 경상북도_위덕대학교(제1캠퍼스)_건강스포츠학부, 경상남도_경남대학교(제1캠퍼스)_스포츠재활학전공, 경상남도_경남대학교(제1캠퍼스)_스포츠과학과, 제주특별자치도_제주대학교(제1캠퍼스)_스포츠과학과, 세종특별자치시_고려대학교 세종캠퍼스(제1캠퍼스)_스포츠과학전공","일반 선택: 독서와 작문, 문학, 대수, 미적분I, 확률과 통계, 영어 Ⅰ,프, 영어 독해와 작문, 사회와 문화, 현대사회와 윤리, 물리학, 생명과학, 화학, 정보 등 | 진로 선택: 경제, 역학과 에너지, 화학 반응의 세계, 세포와 물질대사, 생물의 유전, 데이터 과학 등 | 융합 선택: 매체 의사소통, 실생활 영어 회화, 실용 통계 등","공통과목: 체육, 윤리 | 일반선택과목: 체육교과 : 체육, 운동과 건강 | 진로선택과목: 스포츠 생활, 체육 탐구 | 전문교과Ⅰ: 스포츠 개론, 체육 지도법, 체육 전공 실기 기초, 체육 전공 실기 심화, 체육 전공 실기 응용 | 전문교과Ⅱ: 인체 구조와 기능, 간호의 기초","경기지도자, 레크리에이션지도자, 생활체육지도자",레크리에이션지도자
10039,스포츠지도과,"대구광역시_대구과학대학교(제1캠퍼스)_전문스포츠지도과, 울산광역시_울산과학대학교(제1캠퍼스)_스포츠지도학과(3년제), 울산광역시_울산과학대학교(제1캠퍼스)_스포츠지도과, 울산광역시_울산과학대학교(제1캠퍼스)_스포츠지도학과, 광주광역시_조선이공대학교(제1캠퍼스)_스포츠지도과, 경기도_국제대학교(제1캠퍼스)_스포츠지도학과, 경기도_국제대학교(제1캠퍼스)_스포츠지도전공(스포츠학부), 경기도_대림대학교(제1캠퍼스)_스포츠지도학과(1년), 경기도_대림대학교(제1캠퍼스)_스포츠지도과(스포츠학부), 경기도_대림대학교(제1캠퍼스)_스포츠지도과, 경기도_동원대학교(제1캠퍼스)_전문스포츠지도과, 경기도_수원과학대학교(제1캠퍼스)_스포츠건강지도과, 경기도_수원여자대학교(제2캠퍼스)_스포츠지도학과, 경기도_수원여자대학교(제2캠퍼스)_스포츠지도과, 경기도_신안산대학교(제1캠퍼스)_스포츠지도과, 경기도_여주대학교(제1캠퍼스)_스포츠지도과, 경기도_오산대학교(제1캠퍼스)_스포츠지도과, 경기도_용인예술과학대학교(제1캠퍼스)_스포츠지도자과, 경기도_용인예술과학대학교(제1캠퍼스)_스포츠지도과, 강원특별자치도_강릉영동대학교(제1캠퍼스)_스포츠지도전공, 강원특별자치도_강릉영동대학교(제1캠퍼스)_스포츠지도과, 강원특별자치도_송곡대학교(제1캠퍼스)_스포츠경기지도학과, 강원특별자치도_한국골프과학기술대학교(제1캠퍼스)_골프코스매니지먼트과, 강원특별자치도_한국골프과학기술대학교(제1캠퍼스)_골프경기지도과학과, 전북특별자치도_군장대학교(제1캠퍼스)_스포츠복지과, 전북특별자치도_전주기전대학(제1캠퍼스)_시니어스포츠지도과, 전북특별자치도_전주기전대학(제1캠퍼스)_시니어스포츠지도과(창의융합), 경상북도_경북전문대학교(제1캠퍼스)_힐링스포츠경영학과, 경상북도_구미대학교(제1캠퍼스)_스포츠지도과, 경상북도_대경대학교(제1캠퍼스)_스포츠경기지도과, 경상남도_동원과학기술대학교(제1캠퍼스)_건강스포츠지도과, 경상남도_동원과학기술대학교(제1캠퍼스)_전문스포츠지도과, 경상남도_동원과학기술대학교(제1캠퍼스)_스포츠안전지도과","일반 선택: 독서와 작문, 문학, 대수, 미적분Ⅰ, 확률과 통계, 영어 I,프, 영어 독해와 작문, 사회와 문화, 현대사회와 윤리, 물리학, 생명과학, 화학, 정보, 교육학 등 | 진로 선택: 경제, 역학과 에너지, 화학 반응의 세계, 세포와 물질대사, 생물의 유전, 교육의 이해 등 | 융합 선택: 매체 의사소통, 실생활 영어 회화, 실용 통계 등","공통과목: 체육, 윤리 | 일반선택과목: 체육교과 : 체육, 운동과 건강 | 진로선택과목: 스포츠 생활, 체육 탐구 | 전문교과Ⅰ: 스포츠 개론, 체육 지도법, 체육 전공 실기 기초, 체육 전공 실기 심화, 체육 전공 실기 응용 | 전문교과Ⅱ: 인체 구조와 기능, 간호의 기초","경비지도사, 생활스포츠지도자, 요양보호사, 응급구조사, 장애인재활상담사",수중재활운동사
307,스포츠지도학과,"서울특별시_경희사이버대학교(제1캠퍼스)_스포츠경영전공, 서울특별시_경희사이버대학교(제1캠퍼스)_스포츠지도전공, 서울특별시_국민대학교(제1캠퍼스)_스포츠교육학과, 서울특별시_한국체육대학교(제1캠퍼스)_경기지도학과, 서울특별시_한국체육대학교(제1캠퍼스)_스포츠청소년지도학과, 부산광역시_동아대학교(제1캠퍼스)_스포츠지도학과, 부산광역시_동의대학교(제1캠퍼스)_경기지도학과, 부산광역시_화신사이버대학교(제1캠퍼스)_융합스포츠지도학과, 인천광역시_안양대학교(제2캠퍼스)_스포츠지도학과, 대전광역시_배재대학교(제1캠퍼스)_스포츠지도ㆍ건강재활전공, 광주광역시_광주여자대학교(제1캠퍼스)_스포츠학과, 광주광역시_송원대학교(제1캠퍼스)_스포츠지도학과, 경기도_경희대학교(제2캠퍼스)_스포츠지도학과, 경기도_대진대학교(제1캠퍼스)_스포츠융합경영학과, 경기도_명지대학교 자연캠퍼스(제1캠퍼스)_스포츠지도학전공, 경기도_명지대학교 자연캠퍼스(제1캠퍼스)_스포츠학부 스포츠지도학전공, 경기도_신한대학교(제2캠퍼스)_시범문화전공, 경기도_용인대학교(제1캠퍼스)_유도경기지도학과, 경기도_용인대학교(제1캠퍼스)_격기지도학과, 경기도_을지대학교(제2캠퍼스)_장례지도학과, 경기도_칼빈대학교(제1캠퍼스)_스포츠지도학과, 경기도_한양대학교 ERICA캠퍼스(제1캠퍼스)_스포츠코칭전공, 강원특별자치도_가톨릭관동대학교(제1캠퍼스)_경기지도학과, 강원특별자치도_가톨릭관동대학교(제1캠퍼스)_스포츠지도학전공, 강원특별자치도_가톨릭관동대학교(제1캠퍼스)_스포츠지도학과, 강원특별자치도_가톨릭관동대학교(제1캠퍼스)_경기지도학전공, 강원특별자치도_강원대학교(제1캠퍼스)_스포츠지도전공, 강원특별자치도_한라대학교(제1캠퍼스)_스포츠학과, 충청북도_건국대학교 글로컬캠퍼스(제1캠퍼스)_스포츠과학부(골프지도전공), 충청북도_국립한국교통대학교(제1캠퍼스)_스포츠복지학과, 충청북도_서원대학교(제1캠퍼스)_스포츠지도전공, 충청북도_중원대학교(제1캠퍼스)_스포츠지도학과, 충청남도_상명대학교(제2캠퍼스)_스포츠경영전공, 충청남도_중부대학교(제1캠퍼스)_골프지도학과, 전북특별자치도_우석대학교(제1캠퍼스)_스포츠지도학과, 전북특별자치도_전주대학교(제1캠퍼스)_경기지도학과, 전북특별자치도_한일장신대학교(제1캠퍼스)_엘리트스포츠학과, 전북특별자치도_호원대학교(제1캠퍼스)_스포츠무도학과, 전라남도_초당대학교(제1캠퍼스)_스포츠경기지도학과, 경상북도_경운대학교(제1캠퍼스)_스포츠지도학과, 경상북도_경일대학교(제1캠퍼스)_스포츠지도학과, 경상북도_대구예술대학교(제1캠퍼스)_스포츠지도전공, 경상북도_대신대학교(제1캠퍼스)_문화예술학부 스포츠지도전공, 경상북도_신경주대학교(제1캠퍼스)_생활체육리더양성학과, 경상북도_위덕대학교(제1캠퍼스)_전문스포츠지도전공, 경상남도_경남대학교(제1캠퍼스)_스포츠지도학전공","일반 선택: 독서와 작문, 문학, 대수, 미적분Ⅰ, 확률과 통계, 영어 I,프, 영어 독해와 작문, 사회와 문화, 현대사회와 윤리, 물리학, 생명과학, 화학, 정보, 교육학 등 | 진로 선택: 경제, 역학과 에너지, 화학 반응의 세계, 세포와 물질대사, 생물의 유전, 교육의 이해 등 | 융합 선택: 매체 의사소통, 실생활 영어 회화, 실용 통계 등","공통과목: 체육, 윤리 | 일반선택과목: 체육교과 : 체육, 운동과 건강 | 진로선택과목: 스포츠 생활, 체육 탐구 | 전문교과Ⅰ: 스포츠 개론, 체육 지도법, 체육 전공 실기 기초, 체육 전공 실기 심화, 체육 전공 실기 응용 | 전문교과Ⅱ: 인체 구조와 기능, 간호의 기초","경기지도자, 생활체육지도사, 응급구조사",사회체육지도자
308,시각디자인과,"서울특별시_동양미래대학교(제1캠퍼스)_ARㆍVR콘텐츠디자인과, 서울특별시_동양미래대학교(제1캠퍼스)_시각디자인학과, 서울특별시_동양미래대학교(제1캠퍼스)_시각디자인과, 서울특별시_서일대학교(제1캠퍼스)_VMD&전시디자인학과, 서울특별시_서일대학교(제1캠퍼스)_커뮤니케이션디자인학과(1년과정), 서울특별시_숭의여자대학교(제1캠퍼스)_시각디자인과, 서울특별시_인덕대학교(제1캠퍼스)_시각디자인학과, 서울특별시_인덕대학교(제1캠퍼스)_시각디자인과, 서울특별시_정화예술대학교(제2캠퍼스)_시각디자인전공, 서울특별시_한국폴리텍 I 대학 서울정수캠퍼스(제1캠퍼스)_시각디자인과, 서울특별시_한양여자대학교(제1캠퍼스)_시각미디어디자인과, 서울특별시_한양여자대학교(제1캠퍼스)_시각미디어디자인학과, 부산광역시_경남정보대학교(제1캠퍼스)_시각디자인학과, 부산광역시_부산경상대학교(제1캠퍼스)_디지털아트디자인과, 부산광역시_부산보건대학교(제1캠퍼스)_광고콘텐츠디자인과, 부산광역시_부산보건대학교(제1캠퍼스)_광고시각디자인과, 인천광역시_재능대학교(제1캠퍼스)_시각디자인과, 대전광역시_대덕대학교(제1캠퍼스)_시각디자인과, 대전광역시_대전과학기술대학교(제1캠퍼스)_광고홍보디자인학과, 대전광역시_우송정보대학(제1캠퍼스)_영상ㆍ시각디자인학부 방송영상제작전공, 대전광역시_우송정보대학(제1캠퍼스)_영상ㆍ시각디자인학부 시각ㆍ멀티미디어전공, 대전광역시_우송정보대학(제1캠퍼스)_영상ㆍ시각디자인학부 영상콘텐츠전공, 대전광역시_우송정보대학(제1캠퍼스)_영상ㆍ시각디자인학부 시각디자인전공, 대구광역시_계명문화대학교(제1캠퍼스)_시각디자인과, 대구광역시_영남이공대학교(제1캠퍼스)_시각영상디자인과, 대구광역시_영진전문대학교(제1캠퍼스)_아트미디어계열(시각디자인과)(3년제), 경기도_경기과학기술대학교(제1캠퍼스)_시각정보디자인과, 경기도_경기과학기술대학교(제1캠퍼스)_시각정보디자인학과, 경기도_경복대학교(제1캠퍼스)_시각디자인과(3년제), 경기도_경복대학교(제1캠퍼스)_시각디자인학과(1년제), 경기도_계원예술대학교(제1캠퍼스)_전시디자인과, 경기도_계원예술대학교(제1캠퍼스)_미래디자인학부, 경기도_계원예술대학교(제1캠퍼스)_전시콘텐츠디자인학과, 경기도_계원예술대학교(제1캠퍼스)_시각디자인학과, 경기도_계원예술대학교(제1캠퍼스)_전시콘텐츠디자인과, 경기도_계원예술대학교(제1캠퍼스)_시각디자인과(3년제), 경기도_국제대학교(제1캠퍼스)_시각애니메이션콘텐츠학과, 경기도_김포대학교(제1캠퍼스)_시각영상디자인과, 경기도_김포대학교(제1캠퍼스)_시각디자인과, 경기도_동서울대학교(제1캠퍼스)_UI/UX디자인전공, 경기도_동서울대학교(제1캠퍼스)_시각디자인학과, 경기도_동서울대학교(제1캠퍼스)_시각영상디자인전공, 경기도_동서울대학교(제1캠퍼스)_시각디자인전공, 경기도_동원대학교(제1캠퍼스)_시각디자인과(3년제), 경기도_동원대학교(제1캠퍼스)_시각디자인과, 경기도_두원공과대학교(제1캠퍼스)_시각디자인과(3년제), 경기도_두원공과대학교(제1캠퍼스)_시각디자인과, 경기도_두원공과대학교(제2캠퍼스)_브랜드디자인과(3년제), 경기도_부천대학교(제1캠퍼스)_디지털미디어디자인학과(1년과정), 경기도_서울예술대학교(제1캠퍼스)_시각디자인전공, 경기도_수원과학대학교(제1캠퍼스)_멀티미디어디자인학과 영상디자인전공, 경기도_수원과학대학교(제1캠퍼스)_멀티미디어디자인학과 그래픽디자인전공, 경기도_수원여자대학교(제1캠퍼스)_시각디자인과 그래픽디자인전공, 경기도_수원여자대학교(제1캠퍼스)_시각디자인과 미디어디자인전공, 경기도_수원여자대학교(제1캠퍼스)_시각디자인과 디지털디자인전공, 경기도_수원여자대학교(제1캠퍼스)_시각디자인학과, 경기도_신구대학교(제1캠퍼스)_시각디자인과, 경기도_신구대학교(제1캠퍼스)_그래픽커뮤니케이션과, 경기도_신구대학교(제1캠퍼스)_그래픽커뮤니케이션학과, 경기도_신안산대학교(제1캠퍼스)_시각디자인과, 경기도_안산대학교(제1캠퍼스)_시각미디어디자인학과, 경기도_연성대학교(제1캠퍼스)_시각디자인과 디지털미디어전공, 경기도_연성대학교(제1캠퍼스)_시각디자인과, 경기도_연성대학교(제1캠퍼스)_시각디자인과(3년제), 경기도_연성대학교(제1캠퍼스)_시각디자인과 산업그래픽전공, 경기도_연성대학교(제1캠퍼스)_시각디자인과 시각정보디자인전공, 경기도_용인예술과학대학교(제1캠퍼스)_시각디자인과, 경기도_용인예술과학대학교(제1캠퍼스)_시각디자인학과, 경기도_용인예술과학대학교(제1캠퍼스)_시각디자인과(2년제), 경기도_유한대학교(제1캠퍼스)_시각디자인학과, 경기도_유한대학교(제1캠퍼스)_시각디자인학과(3년제), 경기도_유한대학교(제1캠퍼스)_멀티디자인학과 시각디자인전공, 경기도_장안대학교(제1캠퍼스)_시각ㆍ캐릭터디자인과, 경기도_장안대학교(제1캠퍼스)_시각콘텐츠과 시각디자인전공, 경기도_장안대학교(제1캠퍼스)_시각디자인과, 경기도_청강문화산업대학교(제1캠퍼스)_융합콘텐츠창작전공, 강원특별자치도_한림성심대학교(제1캠퍼스)_시각영상디자인과, 충청북도_강동대학교(제1캠퍼스)_시각프린팅디자인과, 충청북도_충청대학교(제1캠퍼스)_시각디자인과, 충청남도_한국폴리텍 IV 대학 아산캠퍼스(제1캠퍼스)_시각디자인과, 경상남도_창원문성대학교(제1캠퍼스)_유튜브ㆍ산업디자인과, 제주특별자치도_제주한라대학교(제1캠퍼스)_시각디자인과","일반 선택: 독서와 작문, 문학, 대수, 확률과 통계, 영어Ⅰ, 영어Ⅱ, 영어 독해오작문, 미술, 정보 등 | 진로 선택: 주제 탐구 독서, 문학과 영상, 미술 창작, 미술 감상과 비평, 인간과 심리 등 | 융합 선택: 매체 의사소통, 미디어 영어, 세계 문화와 영어, 여행지리, 사회문제 탐구, 미술과 매체 등","공통과목: 미술, 윤리 | 일반선택과목: 예술교과 : 미술 | 진로선택과목: 미술 창작, 미술 감상과 비평 | 전문교과Ⅰ: 미술 이론, 미술사, 드로잉 미술 전공 실기 | 전문교과Ⅱ: 디자인 일반, 시각디자인, 색체 관리","게임그래픽전문가, 멀티미디어콘텐츠제작전문가, 시각디자인산업기사, 웹디자인기능사, 제품디자인산업기사, 제품응용모델링기능사, 컬러리스트산업기사, 컴퓨터그래픽스운용기능사",광고디자이너
310,시스템경영공학과,"경기도_성균관대학교(제2캠퍼스)_시스템경영공학과, 강원특별자치도_강원대학교(제1캠퍼스)_시스템경영공학과, 경상남도_국립창원대학교(제1캠퍼스)_빅데이터자산관리학과","일반 선택: 대수, 미적분 Ⅰ, 확률과 통계, 물리학, 화학, 지구과학, 정보, 기술·가정 등 | 진로 선택: 기하, 미적분Ⅱ, 역학과 에너지, 전자기와 양자, 물질과 에너지, 화학 반응의 세계, 인공지능 기초, 데이터 과학, 로봇과 공학세계 등 | 융합 선택: 창의 공학 설계, 소프트웨어와 생활 등","공통과목: 수학, 사회, 과학, 기술ㆍ가정 | 일반선택과목: 수학교과 : 수학Ⅰ, 수학Ⅱ, 미적분, 확률과 통계 | 진로선택과목: 실용 수학, 기하, 경제수학, 수학과제 탐구, 물리학Ⅱ, 화학Ⅱ, 생활과 과학, 융합과학, 공학 일반, 사회문제 탐구, 창의 경영, 지식 재산 일반 | 전문교과Ⅰ: 심화수학ⅠㆍⅡ, 고급 수학ⅠㆍⅡ, 고급 물리학, 물리학 실험, 고급 화학, 화학 실험, 정보과학, 융합과학탐구, 과학과제연구, 생태와 환경, 지역 이해, 세계 문제와 미래 사회, 사회 탐구 방법, 사회과제 연구 | 전문교과Ⅱ: 공업일반, 기업과 경영, 프로그래밍. 빅데이터 분석","ERP물류정보관리사, ERP생산정보관리사, ERP인사정보관리사, ERP회계정보관리사, SMAT(서비스경영자격), 경영지도사, 물류관리사, 산업보안관리사, 산업안전지도사, 유통관리사, 정보기술프로젝트관리전문가(IT-PMP)",MIS전문가(경영정보시스템개발자)
311,시스템공학과,"서울특별시_광운대학교(제1캠퍼스)_로봇학부 정보제어ㆍ지능시스템전공, 서울특별시_광운대학교(제1캠퍼스)_지능컴퓨팅시스템전공, 서울특별시_광운대학교(제1캠퍼스)_반도체시스템공학부 반도체시스템공학전공, 서울특별시_서울과학기술대학교(제1캠퍼스)_MSDE학과, 서울특별시_세종대학교(제1캠퍼스)_반도체시스템공학과, 서울특별시_연세대학교(제1캠퍼스)_지구시스템과학과, 서울특별시_한양사이버대학교(제1캠퍼스)_반도체시스템공학과, 인천광역시_인하대학교(제1캠퍼스)_반도체시스템공학과, 대전광역시_국립한밭대학교(제1캠퍼스)_융합건설시스템학과, 대전광역시_한국과학기술원(제1캠퍼스)_반도체시스템공학과, 경기도_명지대학교 자연캠퍼스(제1캠퍼스)_반도체시스템공학과, 경기도_성균관대학교(제2캠퍼스)_반도체시스템공학과, 경기도_아주대학교(제1캠퍼스)_융합시스템공학과, 경기도_한국항공대학교(제1캠퍼스)_AI자율주행시스템공학과, 경기도_한양대학교 ERICA캠퍼스(제1캠퍼스)_융합시스템공학과, 강원특별자치도_연세대학교 미래캠퍼스(제1캠퍼스)_반도체시스템공학부, 강원특별자치도_연세대학교 미래캠퍼스(제1캠퍼스)_반도체시스템융합공학전공, 충청남도_한서대학교(제1캠퍼스)_인프라시스템학과, 전북특별자치도_전북대학교(제1캠퍼스)_양자시스템공학과, 전북특별자치도_전북대학교(제1캠퍼스)_융합기술공학부(IT응용시스템공학전공), 경상북도_경북대학교(제3캠퍼스)_융복합시스템공학부, 경상남도_경상국립대학교(제3캠퍼스)_지능시스템공학과","일반 선택: 대수, 미적분 Ⅰ, 확률과 통계, 물리학, 화학, 지구과학, 정보, 기술·가정 등 | 진로 선택: 기하, 미적분Ⅱ, 역학과 에너지, 전자기와 양자, 물질과 에너지, 화학 반응의 세계, 인공지능 기초, 데이터 과학, 로봇과 공학세계 등 | 융합 선택: 창의 공학 설계, 소프트웨어와 생활 등","공통과목: 수학, 사회, 과학, 기술ㆍ가정 | 일반선택과목: 수학교과 : 수학Ⅰ, 수학Ⅱ, 미적분, 확률과 통계 | 진로선택과목: 실용 수학, 기하, 경제수학, 수학과제 탐구, 물리학Ⅱ, 화학Ⅱ, 생활과 과학, 융합과학, 공학 일반, 사회문제 탐구, 창의 경영, 지식 재산 일반 | 전문교과Ⅰ: 심화수학ⅠㆍⅡ, 고급 수학ⅠㆍⅡ, 고급 물리학, 물리학 실험, 고급 화학, 화학 실험, 정보과학, 융합과학탐구, 과학과제연구, 생태와 환경, 지역 이해, 세계 문제와 미래 사회, 사회 탐구 방법, 사회과제 연구 | 전문교과Ⅱ: 공업일반, 기업과 경영, 프로그래밍. 빅데이터 분석","ERP물류정보관리사, ERP생산정보관리사, ERP인사정보관리사, ERP회계정보관리사, SMAT(서비스경영자격), SMAT(서비스경영자격), 경영지도사, 국방사업관리사, 물류관리사, 산업보안관리사, 산업보안관리사, 산업안전지도사, 유통관리사, 전자계산기기사, 정보기술프로젝트관리전문가(IT-PMP), 정보보안기사, 정보처리기사, 정보통신기사",MIS전문가(경영정보시스템개발자)
450,식물자원학과,"대전광역시_충남대학교(제1캠퍼스)_식물자원학과, 경기도_한경국립대학교(제1캠퍼스)_식물생명환경전공, 경기도_한경국립대학교(제1캠퍼스)_식물자원조경학부, 강원특별자치도_강원대학교(제1캠퍼스)_식물자원응용공학과, 강원특별자치도_강원대학교(제1캠퍼스)_식물자원응용공학전공, 강원특별자치도_강원대학교(제1캠퍼스)_식물자원응용과학전공, 강원특별자치도_강원대학교(제1캠퍼스)_식물자원학전공, 충청북도_충북대학교(제1캠퍼스)_특용식물학과, 충청북도_충북대학교(제1캠퍼스)_응용생명공학부 특용식물학전공, 충청북도_충북대학교(제1캠퍼스)_식물자원학과, 충청북도_충북대학교(제1캠퍼스)_응용생명공학부 식물의학전공, 충청북도_충북대학교(제1캠퍼스)_응용생명공학부 원예과학전공, 충청북도_충북대학교(제1캠퍼스)_식물자원환경화학부 식물자원학전공, 충청북도_충북대학교(제1캠퍼스)_식물자원환경화학부 환경생명화학전공, 충청북도_충북대학교(제1캠퍼스)_식물자원환경화학부, 충청남도_국립공주대학교(제3캠퍼스)_식물자원학과, 충청남도_국립공주대학교(제3캠퍼스)_식물자원학과(성인학습자전담과정), 충청남도_국립공주대학교(제3캠퍼스)_식물자원학과(야간), 전라남도_국립순천대학교(제1캠퍼스)_웰빙자원학과, 경상북도_경북대학교(제3캠퍼스)_식물자원학과, 제주특별자치도_제주대학교(제1캠퍼스)_식물자원환경전공","일반 선택: 대수, 미적분 Ⅰ, 확률과 통계, 물리학, 화학, 생명과학, 정보 등 | 진로 선택: 기하, 미적분Ⅱ, 물질과 에너지, 화학 반응의 세계, 세포와 물질대사, 생물의 유전 등 | 융합 선택: 융합과학 탐구, 기후변화와 지속가능한 세계 등","공통과목: 과학, 교양, 영어 | 일반선택과목: 과학교과 : 생명과학Ⅰ, 화학Ⅰ, 지구과학Ⅰ, 물리Ⅰ | 진로선택과목: 생명과학Ⅱ, 융합과학, 생활과 과학, 화학Ⅱ, 농업생명과학, 공학일반, 창의경영, 해양문화 기술 | 전문교과Ⅰ: 고급 생명과학, 생명과학 실험, 물리화학 실험, 융합과학 탐구, 정보과학, 과학 과제연구, 생태와 환경 | 전문교과Ⅱ: 생명공학 기술, 인간과 환경, 환경 화학 기초, 친환경 농업, 농업 기초 기술","농산물품질관리사, 식물보호기사, 유기농업기사, 종자기사",곡식작물재배자
313,식품가공과,"경기도_동남보건대학교(제1캠퍼스)_식품제약과, 경기도_서정대학교(제1캠퍼스)_그린식품가공과, 경기도_서정대학교(제1캠퍼스)_그린농식품가공학과, 전북특별자치도_한국농수산대학교(제1캠퍼스)_농수산가공학과, 전북특별자치도_한국농수산대학교(제1캠퍼스)_농수산푸드테크전공, 전북특별자치도_한국농수산대학교(제1캠퍼스)_농수산가공전공","일반 선택: 대수, 미적분 Ⅰ,확률과 통계, 물리학, 화학, 생명과학, 정보, 기술·가정 등 | 진로 선택: 기하, 미적분Ⅱ, 물질과 에너지, 화학 반응의 세계, 세포와 물질대사, 생물의 유전, 생활과학 탐구 등 | 융합 선택: 융합과학 탐구 등","공통과목: 수학, 사회, 과학, 기술ㆍ가정 | 일반선택과목: 수학교과 : 수학ⅠㆍⅡ, 미적분, 확률과 통계 | 진로선택과목: 실용수학, 기하, 수학과제 탐구, 물리학Ⅱ, 화학Ⅱ, 생명과학Ⅱ, 생활과 과학, 융합과학, 공학 일반, 사회문제 탐구, 가정과학 | 전문교과Ⅰ: 심화수학ⅠㆍⅡ, 고급 수학ⅠㆍⅡ, 고급 화학, 화학 실험, 고급 생명과학, 생명과학실험, 융합과학탐구, 과학과제연구, 생태와 환경, 지역 이해, 세계 문제와 미래 사회, 사회과제 연구 | 전문교과Ⅱ: 식품과학, 식품 위생, 식품 분석, 식품 품질 관리","복어조리기능사, 식품가공기능사, 식품산업기사, 양식조리기능사, 위생사, 일식조리기능사, 조리산업기사, 중식조리기능사, 한식조리기능사",식품가공검사원
314,식품공학과,"서울특별시_건국대학교(제1캠퍼스)_동물자원ㆍ식품과학ㆍ유통학부, 서울특별시_고려대학교(제1캠퍼스)_식품공학과, 서울특별시_서울여자대학교(제1캠퍼스)_식품공학과, 부산광역시_국립부경대학교(제1캠퍼스)_식품공학과, 부산광역시_국립부경대학교(제1캠퍼스)_수해양산업교육과 식품공학전공, 부산광역시_동의대학교(제1캠퍼스)_식품공학과, 대전광역시_충남대학교(제1캠퍼스)_식품공학과, 광주광역시_전남대학교(제1캠퍼스)_식품공학과, 강원특별자치도_강원대학교(제1캠퍼스)_축산식품과학전공, 강원특별자치도_강원대학교(제1캠퍼스)_축산식품과학과, 충청북도_서원대학교(제1캠퍼스)_식품공학과, 충청남도_국립공주대학교(제3캠퍼스)_식품공학과, 충청남도_단국대학교(제2캠퍼스)_식품공학과, 충청남도_상명대학교(제2캠퍼스)_식품공학과, 충청남도_한서대학교(제1캠퍼스)_식품공학과, 충청남도_호서대학교(제1캠퍼스)_식품공학과, 전북특별자치도_전북대학교(제1캠퍼스)_식품공학과, 전북특별자치도_전북대학교(제1캠퍼스)_농경제유통학부(식품유통학), 전북특별자치도_전주대학교(제1캠퍼스)_농식품경영학과, 전라남도_국립목포대학교(제1캠퍼스)_건축공학ㆍ토목공학ㆍ환경공학ㆍ식품공학ㆍ조경학자율전공학부, 전라남도_국립목포대학교(제1캠퍼스)_식품공학과, 전라남도_국립순천대학교(제1캠퍼스)_식품공학과, 경상북도_대구가톨릭대학교(제1캠퍼스)_식품공학과, 경상북도_대구가톨릭대학교(제1캠퍼스)_원예ㆍ식품학과, 경상북도_대구대학교(제1캠퍼스)_식품공학과, 경상북도_영남대학교(제1캠퍼스)_식품공학과, 경상남도_경상국립대학교(제1캠퍼스)_식품공학과, 경상남도_부산대학교(제2캠퍼스)_식품공학과","일반 선택: 대수, 미적분 Ⅰ,확률과 통계, 물리학, 화학, 생명과학, 정보, 기술·가정 등 | 진로 선택: 기하, 미적분Ⅱ, 물질과 에너지, 화학 반응의 세계, 세포와 물질대사, 생물의 유전, 생활과학 탐구 등 | 융합 선택: 융합과학 탐구 등","공통과목: 수학, 사회, 과학, 기술ㆍ가정 | 일반선택과목: 수학교과 : 수학Ⅰ,Ⅱ, 미적분, 확률과 통계 | 진로선택과목: 실용수학, 기하, 수학과제탐구, 물리학Ⅱ, 화학Ⅱ, 생명과학Ⅱ, 생활과학, 융합과학, 공학 일반, 사회문제탐구, 가정과학 | 전문교과Ⅰ: 심화수학Ⅰ,Ⅱ, 고급수학Ⅰ,Ⅱ, 고급 화학, 화학 실험, 고급 생명과학, 생명과학실험, 융합과학탐구, 과학과제연구, 생태와 환경, 지역 이해, 세계 문제와 미래 사회, 사회과제 연구 | 전문교과Ⅱ: 식품 과학, 식품 위생, 식품 분석, 식품 품질 관리","복어조리기능사, 생물공학기사, 식품가공기능사, 식품기사, 식품산업기사, 양식조리기능사, 영양사, 위생사, 일식조리기능사, 중식조리기능사, 한식조리기능사",식품공학기술자
317,식품영양과,"서울특별시_배화여자대학교(제1캠퍼스)_식품영양학과, 서울특별시_서일대학교(제1캠퍼스)_식품영양학과, 서울특별시_숭의여자대학교(제1캠퍼스)_식품영양과, 서울특별시_숭의여자대학교(제1캠퍼스)_식품영양학과, 서울특별시_한양여자대학교(제1캠퍼스)_식품영양과, 서울특별시_한양여자대학교(제1캠퍼스)_식품영양학과, 인천광역시_경인여자대학교(제1캠퍼스)_식품영양과, 대전광역시_대전과학기술대학교(제1캠퍼스)_식품영양학과(3년제), 대전광역시_대전보건대학교(제1캠퍼스)_식품영양과, 대전광역시_대전보건대학교(제1캠퍼스)_식품영양학과, 대구광역시_계명문화대학교(제1캠퍼스)_식품영양학부, 대구광역시_계명문화대학교(제1캠퍼스)_식품영양전공, 대구광역시_대구과학대학교(제1캠퍼스)_식품영양학전공, 대구광역시_대구보건대학교(제1캠퍼스)_식품영양학과(2년제), 대구광역시_대구보건대학교(제1캠퍼스)_식품영양과(3년제), 대구광역시_영남이공대학교(제1캠퍼스)_식음료조리계열 식품영양전공, 울산광역시_울산과학대학교(제1캠퍼스)_식품영양학과, 광주광역시_광주보건대학교(제1캠퍼스)_식품영양학과, 경기도_경민대학교(제1캠퍼스)_식품영양과, 경기도_동남보건대학교(제1캠퍼스)_식품영양학과, 경기도_부천대학교(제1캠퍼스)_식품영양과, 경기도_부천대학교(제1캠퍼스)_식품영양학과(1년과정), 경기도_부천대학교(제1캠퍼스)_식품영양학과, 경기도_서정대학교(제1캠퍼스)_식품영양과, 경기도_수원여자대학교(제2캠퍼스)_식품영양학과, 경기도_수원여자대학교(제2캠퍼스)_식품영양과, 경기도_신구대학교(제1캠퍼스)_식품영양학과, 경기도_신구대학교(제1캠퍼스)_식품영양학과(3년제), 경기도_안산대학교(제1캠퍼스)_식품영양학과, 경기도_연성대학교(제1캠퍼스)_식품영양학과(3년제), 경기도_연성대학교(제1캠퍼스)_식품영양학과, 경기도_연성대학교(제1캠퍼스)_식품영양과(3년제), 경기도_유한대학교(제1캠퍼스)_식품영양학과(3년제), 경기도_유한대학교(제1캠퍼스)_식품영양학과, 경기도_장안대학교(제1캠퍼스)_식품영양학과, 경기도_장안대학교(제1캠퍼스)_식품영양과(3년제), 경기도_장안대학교(제1캠퍼스)_식품영양학과(3년제), 강원특별자치도_한림성심대학교(제1캠퍼스)_식품영양과, 충청북도_충청대학교(제1캠퍼스)_식품영양외식학부, 충청남도_백석문화대학교(제1캠퍼스)_식품영양학과, 전북특별자치도_원광보건대학교(제1캠퍼스)_식품영양과, 전북특별자치도_원광보건대학교(제1캠퍼스)_식품영양학과, 전북특별자치도_전주기전대학(제1캠퍼스)_식품영양과(2년제), 전북특별자치도_전주기전대학(제1캠퍼스)_식품영양과(3년제), 전라남도_목포과학대학교(제1캠퍼스)_식품영양학과, 전라남도_목포과학대학교(제1캠퍼스)_식품영양과, 전라남도_한영대학교(제1캠퍼스)_식품영양학과, 경상북도_경북전문대학교(제1캠퍼스)_식품영양과, 경상북도_안동과학대학교(제1캠퍼스)_식품영양과(3년제), 경상북도_영남외국어대학(제1캠퍼스)_약선영양조리과, 경상북도_호산대학교(제1캠퍼스)_약선영양조리과, 경상남도_창원문성대학교(제1캠퍼스)_식품영양과","일반 선택: 대수, 미적분 Ⅰ,확률과 통계, 물리학, 화학, 생명과학, 정보, 기술·가정 등 | 진로 선택: 기하, 미적분Ⅱ, 물질과 에너지, 화학 반응의 세계, 세포와 물질대사, 생물의 유전, 생활과학 탐구 등 | 융합 선택: 융합과학 탐구 등","공통과목: 과학, 생활ㆍ교양, 사회 | 일반선택과목: 과학교과 : 생명과학Ⅰ, 화학Ⅰ, 물리Ⅰ | 진로선택과목: 생명과학Ⅱ, 화학Ⅱ, 융합과학, 생활과 과학, 농업생명과학, 가정과학 | 전문교과Ⅰ: 생명과학실험, 물리/화학 실험, 융합과학 탐구, 과학과제 연구 | 전문교과Ⅱ: 식품과 영양, 식품위생, 급식관리, 식품과학, 식품분석","복어조리기능사, 식품가공기능사, 식품산업기사, 양식조리기능사, 영양사, 위생사, 일식조리기능사, 조리산업기사, 조주기능사, 중식조리기능사, 한식조리기능사",식품공학기술자
21017,식품자원경제학과,"서울특별시_고려대학교(제1캠퍼스)_식품자원경제학과, 대구광역시_경북대학교(제1캠퍼스)_식품자원경제학과, 충청남도_단국대학교(제2캠퍼스)_식품자원경제학과, 경상남도_경상국립대학교(제1캠퍼스)_식품자원경제학과, 경상남도_부산대학교(제2캠퍼스)_식품자원경제학과","일반 선택: 대수, 미적분 Ⅰ,확률과 통계, 물리학, 화학, 생명과학, 정보, 기술·가정 등 | 진로 선택: 기하, 미적분Ⅱ, 물질과 에너지, 화학 반응의 세계, 세포와 물질대사, 생물의 유전, 생활과학 탐구 등 | 융합 선택: 융합과학 탐구 등","공통과목: 수학, 사회, 과학, 기술ㆍ가정 | 일반선택과목: 수학교과 : 수학ⅠㆍⅡ, 미적분, 확률과 통계 | 진로선택과목: 실용수학, 기하, 수학과제 탐구, 사회문제 탐구, 물리학Ⅱ, 화학Ⅱ, 생명과학Ⅱ, 생활과 과학, 융합과학, 농업 생명과학, 공학 일반, 가정과학 | 전문교과Ⅰ: 심화수학ⅠㆍⅡ, 고급 수학ⅠㆍⅡ, 고급 화학, 화학 실험, 고급 생명과학, 생명과학 실험, 융합과학 탐구, 과학과제연구, 생태와 환경, 지역 이해, 세계 문제와 미래 사회, 사회과제 연구 | 전문교과Ⅱ: 식품 과학","경영지도사, 관세사, 물류관리사, 유통관리사",경제학연구원
320,식품조리과,"서울특별시_동양미래대학교(제1캠퍼스)_식품공학과, 서울특별시_배화여자대학교(제1캠퍼스)_조리학과 외식조리디저트전공, 서울특별시_배화여자대학교(제1캠퍼스)_조리학과 K-푸드전공, 서울특별시_배화여자대학교(제1캠퍼스)_조리학과 전통조리전공, 서울특별시_배화여자대학교(제1캠퍼스)_조리학과, 서울특별시_백석예술대학교(제1캠퍼스)_외식학부, 서울특별시_인덕대학교(제1캠퍼스)_자율전공학과, 서울특별시_정화예술대학교(제1캠퍼스)_디저트베이커리학과, 서울특별시_정화예술대학교(제1캠퍼스)_디저트ㆍ조리학부, 부산광역시_경남정보대학교(제1캠퍼스)_호텔제과제빵과, 부산광역시_경남정보대학교(제1캠퍼스)_호텔외식조리학과, 부산광역시_대동대학교(제1캠퍼스)_외식&디저트창업과, 부산광역시_동의과학대학교(제1캠퍼스)_디저트카페창업과, 부산광역시_동의과학대학교(제1캠퍼스)_양조발효과, 부산광역시_동의과학대학교(제1캠퍼스)_베이커리카페산업과, 부산광역시_동의과학대학교(제1캠퍼스)_스마트푸드조리과, 부산광역시_동의과학대학교(제1캠퍼스)_K-푸드과, 부산광역시_동의과학대학교(제1캠퍼스)_호텔식음료서비스학과, 부산광역시_동의과학대학교(제1캠퍼스)_외식조리산업과, 부산광역시_부산경상대학교(제1캠퍼스)_스마트디저트조리과, 부산광역시_부산과학기술대학교(제1캠퍼스)_바리스타&디저트창업과, 부산광역시_부산과학기술대학교(제1캠퍼스)_바리스타과, 부산광역시_부산보건대학교(제1캠퍼스)_커피&디저트카페창업과, 부산광역시_부산보건대학교(제1캠퍼스)_디저트&서양조리과, 부산광역시_부산보건대학교(제1캠퍼스)_제과제빵전공, 부산광역시_부산여자대학교(제1캠퍼스)_바리스타&카페창업과, 부산광역시_부산여자대학교(제1캠퍼스)_바리스타과, 인천광역시_경인여자대학교(제1캠퍼스)_식품영양학과, 인천광역시_재능대학교(제1캠퍼스)_글로벌호텔외식조리학과, 인천광역시_재능대학교(제1캠퍼스)_한식명품조리과, 인천광역시_재능대학교(제1캠퍼스)_외식조리창업과, 인천광역시_재능대학교(제1캠퍼스)_글로벌호텔외식조리과, 대전광역시_대전과학기술대학교(제1캠퍼스)_조리전공, 대전광역시_대전과학기술대학교(제1캠퍼스)_푸드스타일링전공, 대전광역시_우송정보대학(제1캠퍼스)_마스터셰프과, 대전광역시_우송정보대학(제1캠퍼스)_K마이스터 스쿨 K-푸드조리전공, 대전광역시_우송정보대학(제1캠퍼스)_외식조리학부, 대전광역시_우송정보대학(제1캠퍼스)_글로벌명품조리과, 대전광역시_우송정보대학(제1캠퍼스)_K-푸드조리과, 대전광역시_우송정보대학(제1캠퍼스)_일본외식조리학부, 대구광역시_계명문화대학교(제1캠퍼스)_조리마이스터과, 대구광역시_계명문화대학교(제1캠퍼스)_커피문화산업과, 대구광역시_계명문화대학교(제1캠퍼스)_커피문화경영전공, 대구광역시_계명문화대학교(제1캠퍼스)_식품영양조리학과, 대구광역시_계명문화대학교(제1캠퍼스)_식품영양조리학부, 대구광역시_계명문화대학교(제1캠퍼스)_커피문화경영과, 대구광역시_계명문화대학교(제1캠퍼스)_웰빙푸드조리과, 대구광역시_계명문화대학교(제1캠퍼스)_슬로우푸드조리과, 대구광역시_대구과학대학교(제1캠퍼스)_식품영양조리학부, 대구광역시_대구과학대학교(제1캠퍼스)_헬시푸드조리과, 대구광역시_대구과학대학교(제1캠퍼스)_외식창업개발학과, 대구광역시_대구과학대학교(제1캠퍼스)_글로벌외식조리전공, 대구광역시_영남이공대학교(제1캠퍼스)_식음료조리계열, 대구광역시_영남이공대학교(제1캠퍼스)_식음료조리계열 조리전공, 울산광역시_울산과학대학교(제1캠퍼스)_푸드케어학과, 광주광역시_동강대학교(제1캠퍼스)_식품품질관리과, 광주광역시_동강대학교(제1캠퍼스)_글로벌외식조리제빵과, 광주광역시_조선이공대학교(제1캠퍼스)_식품영양조리학부, 경기도_경민대학교(제1캠퍼스)_미래식품산업과, 경기도_경민대학교(제1캠퍼스)_라이프서비스과, 경기도_경민대학교(제1캠퍼스)_로컬푸드조리과, 경기도_경민대학교(제1캠퍼스)_카페베이커리과, 경기도_경민대학교(제1캠퍼스)_자연과학자율전공, 경기도_대림대학교(제1캠퍼스)_글로벌조리ㆍ제과학부, 경기도_대림대학교(제1캠퍼스)_글로벌외식조리학부, 경기도_부천대학교(제1캠퍼스)_미래푸드산업 조리기술과정, 경기도_부천대학교(제1캠퍼스)_외식조리산업과, 경기도_서정대학교(제1캠퍼스)_식품조리학과, 경기도_세계사이버대학(제1캠퍼스)_자연공학계열, 경기도_수원과학대학교(제1캠퍼스)_글로벌한식조리과, 경기도_수원과학대학교(제1캠퍼스)_외식조리창업과, 경기도_신구대학교(제1캠퍼스)_자율전공학과, 경기도_안산대학교(제1캠퍼스)_웰니스푸드테라피학과(성인학습자), 경기도_안산대학교(제1캠퍼스)_식품영양조리학과, 경기도_장안대학교(제1캠퍼스)_푸드케어과, 경기도_청강문화산업대학교(제1캠퍼스)_푸드전공, 경기도_청강문화산업대학교(제1캠퍼스)_푸드스쿨, 충청북도_강동대학교(제1캠퍼스)_호텔조리제빵과, 충청남도_신성대학교(제1캠퍼스)_제과제빵외식조리계열, 충청남도_한국폴리텍 특성화대학 바이오캠퍼스(제1캠퍼스)_바이오식품분석과, 충청남도_혜전대학교(제1캠퍼스)_한식조리과, 충청남도_혜전대학교(제1캠퍼스)_일식조리과, 충청남도_혜전대학교(제1캠퍼스)_중식조리과, 충청남도_혜전대학교(제1캠퍼스)_서양식조리과, 전북특별자치도_군장대학교(제1캠퍼스)_스마트농식품과, 전북특별자치도_군장대학교(제1캠퍼스)_호텔외식조리과, 전북특별자치도_군장대학교(제1캠퍼스)_외식조리바리스타계열, 전라남도_목포과학대학교(제1캠퍼스)_외식조리디저트창업과, 전라남도_목포과학대학교(제1캠퍼스)_해양수산식품융합과, 전라남도_순천제일대학교(제1캠퍼스)_미래휴먼융합학부 커피바리스타&K-푸드전공, 전라남도_순천제일대학교(제1캠퍼스)_커피바리스타&외식조리과, 전라남도_전남과학대학교(제1캠퍼스)_호텔조리김치발효과, 전라남도_전남도립대학교(제1캠퍼스)_식품생명과학과, 경상북도_가톨릭상지대학교(제1캠퍼스)_외식창업조리과, 경상북도_가톨릭상지대학교(제1캠퍼스)_글로벌조리과, 경상북도_가톨릭상지대학교(제1캠퍼스)_글로벌푸드매니지먼트과, 경상북도_경북과학대학교(제1캠퍼스)_식품가공전공, 경상북도_경북과학대학교(제1캠퍼스)_조리사관학과, 경상북도_경북과학대학교(제1캠퍼스)_스마트팜식품과, 경상북도_경북과학대학교(제1캠퍼스)_조리사관과, 경상북도_대경대학교(제1캠퍼스)_외식창업조리과, 경상북도_대경대학교(제1캠퍼스)_푸드아트학과, 경상북도_대경대학교(제1캠퍼스)_주류제조창업과, 경상북도_대경대학교(제1캠퍼스)_세계주류양조과, 경상북도_대경대학교(제1캠퍼스)_글로벌아시안외식조리과, 경상북도_문경대학교(제1캠퍼스)_웰푸드조리과, 경상북도_영남외국어대학(제1캠퍼스)_약선치유조리과, 경상남도_거제대학교(제1캠퍼스)_조리제빵과, 경상남도_경남도립남해대학(제1캠퍼스)_호텔조리전공, 경상남도_경남도립남해대학(제1캠퍼스)_로컬푸드전공, 경상남도_동원과학기술대학교(제1캠퍼스)_외식조리창업과, 경상남도_동원과학기술대학교(제1캠퍼스)_웰빙외식창업과, 경상남도_마산대학교(제1캠퍼스)_식품과학부, 경상남도_마산대학교(제1캠퍼스)_커피바리스타과, 경상남도_창원문성대학교(제1캠퍼스)_조리전공","일반 선택: 대수, 미적분 Ⅰ, 확률과 통계, 사회와 문화, 화학, 생명과학, 기술·가정,정보 등 | 진로 선택: 미적분Ⅱ, 경제, 물질과 에너지, 화학 반응의 세계, 세포와 물질대사, 생물의 유전, 생활과학 탐구 등 | 융합 선택: 실용 통계 등","공통과목: 과학, 생활ㆍ교양, 사회 | 일반선택과목: 과학교과 : 생명과학Ⅰ, 화학Ⅰ, 물리Ⅰ | 진로선택과목: 생명과학Ⅱ, 화학Ⅱ, 융합과학, 생활과 과학, 농업생명과학, 가정과학 | 전문교과Ⅰ: 생명과학실험, 물리/화학 실험, 융합과학 탐구, 과학과제 연구 | 전문교과Ⅱ: 식품과 영양, 식품위생, 급식관리, 식품과학, 식품분석","바리스타, 복어조리기능사, 양식조리기능사, 영양사, 위생사, 일식조리기능사, 제과기능사, 제빵기능사, 조리산업기사, 중식조리기능사, 한식조리기능사",바리스타
324,신소재공학과,"서울특별시_고려대학교(제1캠퍼스)_융합에너지공학과, 서울특별시_고려대학교(제1캠퍼스)_신소재공학부, 서울특별시_국민대학교(제1캠퍼스)_신소재공학부, 서울특별시_국민대학교(제1캠퍼스)_신소재공학전공, 서울특별시_국민대학교(제1캠퍼스)_나노소재전공, 서울특별시_동국대학교(제1캠퍼스)_융합에너지신소재공학과, 서울특별시_동국대학교(제1캠퍼스)_에너지신소재공학과, 서울특별시_서울과학기술대학교(제1캠퍼스)_신소재공학과, 서울특별시_서울시립대학교(제1캠퍼스)_신소재공학과, 서울특별시_성신여자대학교(제2캠퍼스)_청정신소재공학과, 서울특별시_세종대학교(제1캠퍼스)_나노신소재공학과, 서울특별시_숙명여자대학교(제1캠퍼스)_신소재물리전공, 서울특별시_숭실대학교(제1캠퍼스)_신소재공학과, 서울특별시_연세대학교(제1캠퍼스)_신소재공학부, 서울특별시_연세대학교(제1캠퍼스)_신소재공학전공, 서울특별시_이화여자대학교(제1캠퍼스)_화학신소재공학전공, 서울특별시_중앙대학교(제1캠퍼스)_화학신소재공학부, 서울특별시_한양대학교(제1캠퍼스)_신소재공학부, 서울특별시_홍익대학교(제1캠퍼스)_신소재ㆍ화공시스템공학부 신소재공학전공, 서울특별시_홍익대학교(제1캠퍼스)_신소재ㆍ화공시스템공학부, 부산광역시_경성대학교(제1캠퍼스)_신소재공학과, 부산광역시_고신대학교(제1캠퍼스)_화학신소재전공, 부산광역시_국립부경대학교(제1캠퍼스)_신소재시스템공학전공, 부산광역시_국립부경대학교(제1캠퍼스)_융합소재공학부, 부산광역시_국립부경대학교(제1캠퍼스)_나노융합공학전공, 부산광역시_국립한국해양대학교(제1캠퍼스)_해양신소재융합공학과, 부산광역시_동서대학교(제1캠퍼스)_신소재화학공학과, 부산광역시_동서대학교(제1캠퍼스)_신소재공학전공, 부산광역시_동아대학교(제1캠퍼스)_신소재공학과, 부산광역시_동아대학교(제1캠퍼스)_신소재물리학과, 부산광역시_동아대학교(제1캠퍼스)_신소재화학공학부 신소재공학과, 부산광역시_동의대학교(제1캠퍼스)_신소재공학과, 부산광역시_동의대학교(제1캠퍼스)_전기전자소재공학전공, 부산광역시_동의대학교(제1캠퍼스)_신소재공학부, 부산광역시_부산대학교(제1캠퍼스)_유기소재시스템공학과, 부산광역시_부산대학교(제1캠퍼스)_나노응용공학과, 부산광역시_신라대학교(제1캠퍼스)_신소재공학부, 부산광역시_신라대학교(제1캠퍼스)_신소재공학전공, 부산광역시_신라대학교(제1캠퍼스)_신소재공학과, 부산광역시_신라대학교(제1캠퍼스)_신소재반도체공학과, 부산광역시_신라대학교(제1캠퍼스)_배터리전공, 인천광역시_인천대학교(제1캠퍼스)_신소재공학과, 인천광역시_인하대학교(제1캠퍼스)_신소재공학과, 대전광역시_건양대학교(제2캠퍼스)_의료신소재학과, 대전광역시_국립한밭대학교(제1캠퍼스)_신소재공학과, 대전광역시_대전대학교(제1캠퍼스)_에너지신소재공학과, 대전광역시_대전대학교(제1캠퍼스)_신소재공학과, 대전광역시_배재대학교(제1캠퍼스)_신소재ㆍ화장품공학부, 대전광역시_배재대학교(제1캠퍼스)_신소재공학과, 대전광역시_충남대학교(제1캠퍼스)_환경소재공학과, 대전광역시_충남대학교(제1캠퍼스)_신소재공학과, 대전광역시_한국과학기술원(제1캠퍼스)_신소재공학과, 대전광역시_한남대학교(제2캠퍼스)_신소재공학과, 대구광역시_경북대학교(제1캠퍼스)_신소재공학부, 대구광역시_경북대학교(제1캠퍼스)_바이오섬유소재학과, 대구광역시_경북대학교(제1캠퍼스)_신소재공학부 금속신소재공학전공, 대구광역시_경북대학교(제1캠퍼스)_신소재공학과, 대구광역시_계명대학교(제1캠퍼스)_신소재공학과, 울산광역시_울산과학기술원(제1캠퍼스)_신소재공학부, 울산광역시_울산과학기술원(제1캠퍼스)_신소재공학과, 울산광역시_울산대학교(제1캠퍼스)_신소재ㆍ반도체융합학부, 울산광역시_울산대학교(제1캠퍼스)_신소재ㆍ반도체융합학부(신소재공학트랙), 울산광역시_울산대학교(제1캠퍼스)_신소재ㆍ반도체융합학부(나노반도체공학트랙), 광주광역시_광주과학기술원(제1캠퍼스)_신소재공학부, 광주광역시_광주과학기술원(제1캠퍼스)_신소재공학과, 광주광역시_전남대학교(제1캠퍼스)_신소재공학부, 광주광역시_조선대학교(제1캠퍼스)_신소재공학과, 경기도_가천대학교(제1캠퍼스)_신소재공학과, 경기도_경기대학교(제1캠퍼스)_신소재공학전공, 경기도_경기대학교(제1캠퍼스)_신소재공학과, 경기도_경기대학교(제1캠퍼스)_신소재화학공학부, 경기도_경희대학교(제2캠퍼스)_신소재공학과, 경기도_경희대학교(제2캠퍼스)_정보전자신소재공학과, 경기도_경희대학교(제2캠퍼스)_식물ㆍ환경신소재공학과, 경기도_대진대학교(제1캠퍼스)_신소재공학과, 경기도_명지대학교 자연캠퍼스(제1캠퍼스)_신소재공학과, 경기도_명지대학교 자연캠퍼스(제1캠퍼스)_신소재공학전공, 경기도_성균관대학교(제2캠퍼스)_신소재공학부, 경기도_수원대학교(제1캠퍼스)_신소재공학, 경기도_신한대학교(제2캠퍼스)_첨단소재공학과, 경기도_아주대학교(제1캠퍼스)_첨단신소재공학과, 경기도_중앙대학교(제2캠퍼스)_첨단소재공학과, 경기도_한국공학대학교(제1캠퍼스)_부품소재공학과, 경기도_한국공학대학교(제1캠퍼스)_신소재공학과, 경기도_한국항공대학교(제1캠퍼스)_반도체신소재전공, 경기도_한국항공대학교(제1캠퍼스)_우주항공신소재전공, 경기도_한국항공대학교(제1캠퍼스)_신소재공학과, 경기도_한양대학교 ERICA캠퍼스(제1캠퍼스)_스마트융합공학부 소재ㆍ부품융합전공, 경기도_한양대학교 ERICA캠퍼스(제1캠퍼스)_신소재ㆍ반도체공학전공, 강원특별자치도_강원대학교(제1캠퍼스)_생물의소재공학과, 강원특별자치도_강원대학교(제2캠퍼스)_신소재화학공학부, 강원특별자치도_강원대학교(제2캠퍼스)_신소재공학과, 강원특별자치도_강원대학교(제1캠퍼스)_배터리융합공학과, 강원특별자치도_강원대학교(제1캠퍼스)_산림바이오소재공학과, 강원특별자치도_강원대학교(제2캠퍼스)_재료융합공학부 신소재공학전공, 강원특별자치도_강원대학교(제1캠퍼스)_신소재공학과, 강원특별자치도_강원대학교(제1캠퍼스)_산림바이오소재공학전공, 강원특별자치도_강원대학교(제1캠퍼스)_나노응용공학과, 강원특별자치도_강원대학교(제2캠퍼스)_신소재공학전공, 강원특별자치도_국립강릉원주대학교(제1캠퍼스)_신소재금속공학전공, 강원특별자치도_국립강릉원주대학교(제1캠퍼스)_세라믹신소재공학전공, 강원특별자치도_국립강릉원주대학교(제1캠퍼스)_신소재ㆍ생명화학공학부, 강원특별자치도_국립강릉원주대학교(제1캠퍼스)_화학신소재학과, 강원특별자치도_한림대학교(제1캠퍼스)_융합신소재공학전공, 강원특별자치도_한림대학교(제1캠퍼스)_융합신소재공학과, 충청북도_건국대학교 글로컬캠퍼스(제1캠퍼스)_에너지신소재공학과, 충청북도_국립한국교통대학교(제1캠퍼스)_반도체신소재공학과, 충청북도_청주대학교(제1캠퍼스)_신소재화학과, 충청북도_충북대학교(제1캠퍼스)_신소재공학과, 충청남도_국립공주대학교(제2캠퍼스)_신소재공학부, 충청남도_국립공주대학교(제2캠퍼스)_나노재료공학전공, 충청남도_단국대학교(제2캠퍼스)_신소재공학과, 충청남도_선문대학교(제1캠퍼스)_신소재공학과, 충청남도_순천향대학교(제1캠퍼스)_디스플레이신소재공학과, 충청남도_한서대학교(제1캠퍼스)_신소재공학과, 충청남도_한서대학교(제1캠퍼스)_신소재화학공학과, 충청남도_한서대학교(제1캠퍼스)_항공신소재전공, 충청남도_호서대학교(제3캠퍼스)_신소재공학과, 전북특별자치도_국립군산대학교(제1캠퍼스)_신소재공학과, 전북특별자치도_전북대학교(제1캠퍼스)_신소재공학부 금속시스템공학전공, 전북특별자치도_전북대학교(제1캠퍼스)_신소재공학부, 전북특별자치도_전북대학교(제2캠퍼스)_생명공학부(생명자원소재공학전공), 전북특별자치도_전북대학교(제1캠퍼스)_신소재공학부 고분자나노공학전공, 전북특별자치도_전북대학교(제1캠퍼스)_신소재공학부 정보소재공학전공, 전북특별자치도_전주대학교(제1캠퍼스)_나노신소재공학과, 전북특별자치도_전주대학교(제1캠퍼스)_신소재화학공학과, 전북특별자치도_전주대학교(제1캠퍼스)_탄소나노신소재공학과, 전라남도_국립목포대학교(제1캠퍼스)_기계ㆍ신소재공학과(신소재공학트랙), 전라남도_국립목포대학교(제1캠퍼스)_첨단재료공학과, 전라남도_국립순천대학교(제1캠퍼스)_신소재공학과, 전라남도_국립순천대학교(제1캠퍼스)_첨단신소재공학전공, 전라남도_국립순천대학교(제1캠퍼스)_첨단신소재공학과, 경상북도_경북대학교(제3캠퍼스)_나노신소재공학과, 경상북도_경북대학교(제3캠퍼스)_나노소재공학부 에너지화공전공, 경상북도_경북대학교(제3캠퍼스)_에너지 신소재ㆍ화학공학부(신소재공학전공), 경상북도_경운대학교(제1캠퍼스)_에너지소재공학과, 경상북도_국립경국대학교(제1캠퍼스)_신소재에너지공학전공, 경상북도_국립경국대학교(제1캠퍼스)_반도체ㆍ에너지신소재공학부, 경상북도_국립경국대학교(제1캠퍼스)_응용신소재공학전공, 경상북도_국립경국대학교(제1캠퍼스)_첨단재료공학과, 경상북도_국립경국대학교(제1캠퍼스)_신소재공학부, 경상북도_국립경국대학교(제1캠퍼스)_전기ㆍ신소재공학부, 경상북도_국립경국대학교(제1캠퍼스)_금속신소재공학전공, 경상북도_국립금오공과대학교(제1캠퍼스)_신소재공학부, 경상북도_국립금오공과대학교(제1캠퍼스)_소재디자인공학전공, 경상북도_국립금오공과대학교(제1캠퍼스)_소재디자인공학과, 경상북도_국립금오공과대학교(제1캠퍼스)_신소재공학전공, 경상북도_국립금오공과대학교(제1캠퍼스)_정보나노소재공학전공, 경상북도_대구가톨릭대학교(제1캠퍼스)_에너지신소재공학전공, 경상북도_대구가톨릭대학교(제1캠퍼스)_신소재공학전공, 경상북도_대구대학교(제1캠퍼스)_신소재에너지시스템공학부(신소재에너지공학전공), 경상북도_동국대학교 WISE캠퍼스(제1캠퍼스)_신소재화학과(자연), 경상북도_동국대학교 WISE캠퍼스(제1캠퍼스)_신소재화학전공, 경상북도_신경주대학교(제1캠퍼스)_2차전지재료학과, 경상북도_영남대학교(제1캠퍼스)_고분자ㆍ바이오소재전공, 경상북도_영남대학교(제1캠퍼스)_신소재공학부, 경상북도_영남대학교(제1캠퍼스)_신소재공학전공, 경상북도_포항공과대학교(제1캠퍼스)_신소재공학과, 경상남도_경남대학교(제1캠퍼스)_신소재공학과, 경상남도_경상국립대학교(제1캠퍼스)_환경재료과학과, 경상남도_경상국립대학교(제1캠퍼스)_인테리어재료공학과, 경상남도_경상국립대학교(제1캠퍼스)_나노ㆍ신소재공학부(세라믹공학전공), 경상남도_국립창원대학교(제1캠퍼스)_신소재공학부, 제주특별자치도_제주대학교(제1캠퍼스)_바이오소재전공, 세종특별자치시_고려대학교 세종캠퍼스(제1캠퍼스)_신소재화학과, 세종특별자치시_홍익대학교 세종캠퍼스(제2캠퍼스)_나노신소재학과","일반 선택: 대수, 미적분Ⅰ,확률과 통계, 물리학, 화학, 생명과학, 정보 등 | 진로 선택: 기하, 미적분Ⅱ, 역학과 에너지, 전자기와 양자, 물질과 에너지, 화학 반응의 세계, 세포와 물질대사,생물의 유전 등 | 융합 선택: 융합과학 탐구 등","공통과목: 수학, 과학, 기술ㆍ가정 | 일반선택과목: 수학교과 : 수학ⅠㆍⅡ, 미적분, 확률과 통계 | 진로선택과목: 기하, 물리학Ⅱ, 화학Ⅱ, 생명과학, 공학 일반 | 전문교과Ⅰ: 심화수학ⅠㆍⅡ, 고급 수학ⅠㆍⅡ, 고급 물리학, 물리학 실험, 고급 화학, 화학 실험, 고급 생명과학, 생명과학 실험, 생태와 환경, 정보과학, 과학과제 연구 | 전문교과Ⅱ: 재료 시험, 재료 일반, 산업 설비, 프로그래밍","3D프린터개발산업기사, 금속기사, 반도체설계기사, 섬유기사, 세라믹기술사, 의류기사, 화공기사",3D프린팅전문가
325,신소재응용과,"부산광역시_경남정보대학교(제1캠퍼스)_신소재화학공학과, 인천광역시_한국폴리텍 II 대학 인천캠퍼스(제1캠퍼스)_신소재응용과, 인천광역시_한국폴리텍 II 대학 인천캠퍼스(제1캠퍼스)_스마트재료과, 대구광역시_한국폴리텍 VI 대학 대구캠퍼스(제1캠퍼스)_신소재응용과, 대구광역시_한국폴리텍 VI 대학 대구캠퍼스(제1캠퍼스)_신소재화학과, 울산광역시_한국폴리텍 VII 대학 울산캠퍼스(제1캠퍼스)_신소재응용과, 울산광역시_한국폴리텍 VII 대학 울산캠퍼스(제1캠퍼스)_신소재화학과, 광주광역시_한국폴리텍 V 대학 광주캠퍼스(제1캠퍼스)_신소재응용과, 광주광역시_한국폴리텍 V 대학 광주캠퍼스(제1캠퍼스)_에너지재료과, 경기도_수원과학대학교(제1캠퍼스)_신소재학과, 경기도_한국폴리텍 특성화대학 반도체융합캠퍼스(제1캠퍼스)_나노측정과, 강원특별자치도_강릉영동대학교(제1캠퍼스)_에너지신소재과, 충청남도_한국폴리텍 특성화대학 바이오캠퍼스(제1캠퍼스)_바이오나노소재과, 전북특별자치도_한국폴리텍 V 대학 익산캠퍼스(제1캠퍼스)_나노측정과, 전라남도_순천제일대학교(제1캠퍼스)_에너지소재화공과, 경상북도_선린대학교(제1캠퍼스)_제철신소재계열, 경상북도_선린대학교(제1캠퍼스)_제철신소재산업과, 경상북도_포항대학교(제1캠퍼스)_신소재배터리과, 경상남도_한국폴리텍 VII 대학 창원캠퍼스(제1캠퍼스)_이차전지융합신소재과, 경상남도_한국폴리텍 VII 대학 창원캠퍼스(제1캠퍼스)_신소재응용과","일반 선택: 대수, 미적분Ⅰ,확률과 통계, 물리학, 화학, 생명과학, 정보 등 | 진로 선택: 기하, 미적분Ⅱ, 역학과 에너지, 전자기와 양자, 물질과 에너지, 화학 반응의 세계, 세포와 물질대사,생물의 유전 등 | 융합 선택: 융합과학 탐구 등","공통과목: 수학, 과학, 기술ㆍ가정 | 일반선택과목: 수학교과 : 수학ⅠㆍⅡ, 미적분, 확률과 통계 | 진로선택과목: 기하, 물리학Ⅱ, 화학Ⅱ, 생명과학, 공학 일반 | 전문교과Ⅰ: 심화수학ⅠㆍⅡ, 고급 수학ⅠㆍⅡ, 고급 물리학, 물리학 실험, 고급 화학, 화학 실험, 고급 생명과학, 생명과학 실험, 생태와 환경, 정보과학, 과학과제연구 | 전문교과Ⅱ: 재료 시험, 재료 일반, 산업 설비, 프로그래밍","3D프린터개발산업기사, 귀금속가공산업기사, 위험물산업기사, 주조산업기사, 표면처리산업기사",3D프린팅전문가
10017,신재생에너지과,"대구광역시_영진전문대학교(제1캠퍼스)_신재생에너지전기계열, 광주광역시_동강대학교(제1캠퍼스)_미래친환경에너지과, 강원특별자치도_한국폴리텍 III 대학 강릉캠퍼스(제1캠퍼스)_발전설비과, 충청북도_강동대학교(제1캠퍼스)_신재생에너지과, 충청남도_신성대학교(제1캠퍼스)_신재생에너지과, 전북특별자치도_군장대학교(제1캠퍼스)_신재생에너지화공계열, 전북특별자치도_전주비전대학교(제1캠퍼스)_신재생에너지과, 전북특별자치도_전주비전대학교(제1캠퍼스)_신재생에너지공학과, 전라남도_목포과학대학교(제1캠퍼스)_신재생에너지전기과, 전라남도_청암대학교(제1캠퍼스)_신재생전기제어과, 전라남도_한국폴리텍 V 대학 전남캠퍼스(제1캠퍼스)_발전설비과, 경상북도_영남외국어대학(제1캠퍼스)_신재생에너지과, 경상북도_포항대학교(제1캠퍼스)_수소전ㆍ기에너지계열, 경상남도_한국폴리텍 VII 대학 창원캠퍼스(제1캠퍼스)_에너지환경과","일반 선택: 대수, 미적분Ⅰ,확률과 통계, 물리학, 화학, 생명과학, 지구과학, 정보 등 | 진로 선택: 기하, 미적분Ⅱ, 역학과 에너지, 전자기와 양자, 물질과 에너지, 화학 반응의 세계, 세포와 물질대사, 지구시스템과학, 행성우주과학 등 | 융합 선택: 융합과학 탐구 등","공통과목: 수학, 과학, 기술ㆍ가정 | 일반선택과목: 수학교과 : 수학ⅠㆍⅡ, 미적분, 확률과 통계 | 진로선택과목: 기하, 물리학Ⅱ, 화학Ⅱ, 공학일반 | 전문교과Ⅰ: 심화수학ⅠㆍⅡ, 고급 수학ⅠㆍⅡ, 고급 물리학, 물리학 실험, 고급 화학, 화학 실험, 생태와 환경, 과학과제연구 | 전문교과Ⅱ: 공업 일반, 냉동 공조 설계, 프로그래밍","방사선비파괴검사산업기사, 방사선취급감독자면허, 신재생에너지발전설비기능사, 에너지관리산업기사",지열시스템연구및개발자
326,신학과,"서울특별시_가톨릭대학교(제3캠퍼스)_신학과, 서울특별시_강서대학교(제1캠퍼스)_신학과, 서울특별시_삼육대학교(제1캠퍼스)_신학과, 서울특별시_서울기독대학교(제1캠퍼스)_신학과, 서울특별시_서울한영대학교(제1캠퍼스)_신학과, 서울특별시_연세대학교(제1캠퍼스)_신학과, 서울특별시_장로회신학대학교(제1캠퍼스)_신학과, 서울특별시_총신대학교(제1캠퍼스)_신학과, 부산광역시_경성대학교(제1캠퍼스)_신학과, 부산광역시_고신대학교(제1캠퍼스)_신학과, 인천광역시_인천가톨릭대학교(제1캠퍼스)_신학과, 대전광역시_대전신학대학교(제1캠퍼스)_신학과, 대전광역시_목원대학교(제1캠퍼스)_신학과, 대전광역시_한국침례신학대학교(제1캠퍼스)_신학과, 대구광역시_계명대학교(제1캠퍼스)_혁신신약학과, 광주광역시_광신대학교(제1캠퍼스)_신학과, 광주광역시_호남신학대학교(제1캠퍼스)_신학과, 경기도_루터대학교(제1캠퍼스)_신학과, 경기도_서울신학대학교(제1캠퍼스)_신학과, 경기도_서울장신대학교(제1캠퍼스)_신학과, 경기도_성결대학교(제1캠퍼스)_신학과, 경기도_수원가톨릭대학교(제1캠퍼스)_신학과, 경기도_아신대학교(제1캠퍼스)_신학과, 경기도_안양대학교(제1캠퍼스)_신학과, 경기도_칼빈대학교(제1캠퍼스)_신학과, 경기도_평택대학교(제1캠퍼스)_신학과, 경기도_한세대학교(제1캠퍼스)_신학과, 경기도_한신대학교(제1캠퍼스)_신학과, 경기도_협성대학교(제1캠퍼스)_신학과, 충청남도_선문대학교(제1캠퍼스)_신학과, 전북특별자치도_한일장신대학교(제1캠퍼스)_신학과, 전라남도_광주가톨릭대학교(제1캠퍼스)_신학과, 경상북도_김천대학교(제1캠퍼스)_신학과, 경상북도_대신대학교(제1캠퍼스)_신학과, 경상북도_영남사이버대학교(제1캠퍼스)_신학과, 경상북도_영남신학대학교(제1캠퍼스)_신학과, 경상남도_부산장신대학교(제1캠퍼스)_신학과, 세종특별자치시_대전가톨릭대학교(제1캠퍼스)_신학과","일반 선택: 독서와 작문, 세계시민과 지리, 세계사, 사회와 문화, 현대사회와 윤리, 정보 등 | 진로 선택: 주제 탐구 독서, 영미 문학 읽기, 한국지리 탐구, 동아시아 역사 기행, 법과 사회, 윤리와 사상, 인문학과 윤리, 미술 감상과 비평, 삶과 종교, 인간과 심리 등 | 융합 선택: 세계 문화와 영어, 여행지리, 역사로 탐구하는 현대 세계, 사회문제 탐구, 윤리문제 탐구, 과학의 역사와 문화, 미술과 매체, 지식 재산 일반 등","공통과목: 영어, 사회, 생활ㆍ교양 | 일반선택과목: 영어교과 : 영어 회화, 영어Ⅰ, 영어 독해와 작문, 영어Ⅱ | 진로선택과목: 영어권 문화, 영미 문학 읽기, 사회문제 탐구 | 전문교과Ⅰ: 지역 이해, 비교 문화, 세계 문제와 미래 사회, 사회 탐구 방법 및 사회과제 연구 | 전문교과Ⅱ: 빅데이터 분석",2급정교사자격증(종교),성직자
10018,실내디자인과,"서울특별시_동양미래대학교(제1캠퍼스)_실내건축디자인과, 서울특별시_동양미래대학교(제1캠퍼스)_실내건축디자인학과, 서울특별시_서일대학교(제1캠퍼스)_실내디자인학과, 서울특별시_한양여자대학교(제1캠퍼스)_인테리어디자인과, 서울특별시_한양여자대학교(제1캠퍼스)_인테리어디자인학과, 부산광역시_경남정보대학교(제1캠퍼스)_인테리어디자인학과, 부산광역시_경남정보대학교(제1캠퍼스)_인테리어디자인과, 부산광역시_동의과학대학교(제1캠퍼스)_인테리어디자인과, 인천광역시_재능대학교(제1캠퍼스)_인테리어디자인과, 인천광역시_재능대학교(제1캠퍼스)_실내건축디자인과, 대전광역시_대전과학기술대학교(제1캠퍼스)_실내건축디자인과, 대구광역시_영남이공대학교(제1캠퍼스)_인테리어디자인과, 울산광역시_울산과학대학교(제1캠퍼스)_실내건축디자인과, 광주광역시_조선이공대학교(제1캠퍼스)_실내건축디자인과, 경기도_계원예술대학교(제1캠퍼스)_실내건축디자인과, 경기도_계원예술대학교(제1캠퍼스)_건축인테리어디자인학과, 경기도_대림대학교(제1캠퍼스)_실내디자인학부, 경기도_대림대학교(제1캠퍼스)_인테리어디자인과(예체능계열), 경기도_대림대학교(제1캠퍼스)_실내디자인학과, 경기도_대림대학교(제1캠퍼스)_실내디자인과, 경기도_동서울대학교(제1캠퍼스)_실내디자인학과, 경기도_부천대학교(제1캠퍼스)_실내건축디자인과, 경기도_부천대학교(제1캠퍼스)_실내건축디자인학과, 경기도_부천대학교(제1캠퍼스)_실내건축디자인학과(1년과정), 경기도_수원과학대학교(제1캠퍼스)_실내건축디자인학과, 경기도_수원과학대학교(제1캠퍼스)_실내건축디자인과, 경기도_신안산대학교(제1캠퍼스)_실내디자인과, 경기도_용인예술과학대학교(제1캠퍼스)_실내디자인과, 경기도_용인예술과학대학교(제1캠퍼스)_실내건축디자인과, 경기도_유한대학교(제1캠퍼스)_테크노산업디자인학과 인테리어디자인전공, 경기도_유한대학교(제1캠퍼스)_생활디자인학과 실내건축전공, 충청북도_강동대학교(제1캠퍼스)_실내디자인과, 충청북도_충청대학교(제1캠퍼스)_인테리어디자인학과, 충청북도_충청대학교(제1캠퍼스)_인테리어디자인과","일반 선택: 독서와 작문, 문학, 대수, 확률과 통계, 영어Ⅰ, 영어Ⅱ, 영어 독해오작문, 미술, 정보 등 | 진로 선택: 주제 탐구 독서, 문학과 영상, 미술 창작, 미술 감상과 비평, 인간과 심리 등 | 융합 선택: 매체 의사소통, 미디어 영어, 세계 문화와 영어, 여행지리, 사회문제 탐구, 미술과 매체 등","공통과목: 미술, 윤리 | 일반선택과목: 예술교과 : 미술 | 진로선택과목: 미술 창작, 미술 감상과 비평 | 전문교과Ⅰ: 미술 이론, 미술사, 드로잉 미술 전공 실기 | 전문교과Ⅱ: 디자인 일반, 시각디자인, 색체 관리","건축산업기사, 시각디자인산업기사, 실내건축산업기사, 컬러리스트기사, 컬러리스트기사",가구디자이너
509,실용미술과,서울특별시_한양여자대학교(제1캠퍼스)_실용미술과,"일반 선택: 화법과 언어, 독서와 작문, 문학, 영어 Ⅰ, 영어Ⅱ, 영어 독해와 작문, 세계사, 미술 등 | 진로 선택: 주제 탐구 독서, 문학과 영상, 미술 창작, 미술 감상과 비평, 인간과 철학, 인간과 심리 등 | 융합 선택: 매체 의사소통, 미디어 영어, 세계 문화와 영어, 여행지리, 미술과 매체 등","공통과목: 미술, 윤리 | 일반선택과목: 예술교과 : 미술 | 진로선택과목: 미술 창작, 미술 감상과 비평 | 전문교과Ⅰ: 미술 이론, 미술사, 드로잉 미술 전공 실기 | 전문교과Ⅱ: 디자인 일반, 시각디자인, 색체 관리","GTQ(GraphicTechnologyQualification)1ㆍ2급, 시각디자인산업기사, 웹디자인기능사, 제품디자인산업기사, 컬러리스트산업기사, 컴퓨터그래픽스운용기능사, 포장산업기사",광고디자이너
113,실용음악과,"서울특별시_명지전문대학(제1캠퍼스)_실용음악과, 서울특별시_숭의여자대학교(제1캠퍼스)_실용음악과, 서울특별시_정화예술대학교(제1캠퍼스)_실용음악학부, 부산광역시_부산보건대학교(제1캠퍼스)_실용음악학과, 부산광역시_부산예술대학교(제1캠퍼스)_실용음악과, 인천광역시_재능대학교(제1캠퍼스)_실용음악과, 경기도_경민대학교(제1캠퍼스)_실용음악과, 경기도_경민대학교(제1캠퍼스)_실용음악학과, 경기도_경복대학교(제1캠퍼스)_실용음악학과, 경기도_경복대학교(제1캠퍼스)_실용음악과, 경기도_김포대학교(제1캠퍼스)_실용음악학과, 경기도_김포대학교(제1캠퍼스)_실용음악과, 경기도_대경대학교(제2캠퍼스)_K-실용음악과, 경기도_동서울대학교(제1캠퍼스)_실용음악학과, 경기도_동아방송예술대학교(제1캠퍼스)_실용음악학과, 경기도_동원대학교(제1캠퍼스)_실용음악과, 경기도_두원공과대학교(제2캠퍼스)_실용음악학부, 경기도_두원공과대학교(제2캠퍼스)_실용음악과, 경기도_서울예술대학교(제1캠퍼스)_실용음악전공, 경기도_세계사이버대학(제1캠퍼스)_실용음악학과, 경기도_수원여자대학교(제2캠퍼스)_실용음악과, 경기도_신안산대학교(제1캠퍼스)_실용음악과, 경기도_여주대학교(제1캠퍼스)_실용음악학과, 경기도_오산대학교(제1캠퍼스)_실용음악과, 경기도_용인예술과학대학교(제1캠퍼스)_실용음악과, 경기도_장안대학교(제1캠퍼스)_실용음악과, 강원특별자치도_강릉영동대학교(제1캠퍼스)_실용음악과, 충청북도_강동대학교(제1캠퍼스)_실용음악학과, 충청북도_충청대학교(제1캠퍼스)_실용음악과, 충청북도_충청대학교(제1캠퍼스)_실용음악학과, 충청남도_백석문화대학교(제1캠퍼스)_실용음악학과, 충청남도_백석문화대학교(제1캠퍼스)_실용음악학부, 전북특별자치도_백제예술대학교(제1캠퍼스)_실용음악과, 전라남도_동아보건대학교(제1캠퍼스)_실용음악전공, 경상북도_대경대학교(제1캠퍼스)_실용음악과, 세종특별자치시_한국영상대학교(제1캠퍼스)_실용음악과","일반 선택: 화법과 언어, 독서와 작문, 문학, 영어Ⅰ, 영어Ⅱ, 영어 독해와 작문, 사회와 문화, 음악 등 | 진로 선택: 주제 탐구 독서, 심화 영어, 법과 사회, 경제, 윤리와 사상, 음악 연주와 창작, 음악 감상과 비평, 음악 이론, 음악사, 시창·청음, 음악 전공 실기, 합창·합주, 음악 공연 실습 등 | 융합 선택: 매체 의사소통, 미디어 영어, 세계 문화와 영어, 여행지리, 음악과 미디어, 음악과 문화 등","공통과목: 음악, 윤리 | 일반선택과목: 예술교과 : 음악 | 진로선택과목: 음악 연주, 음악 감상과 비평 | 전문교과Ⅰ: 음악이론, 음악사, 시창ㆍ청음, 음악 전공 실기 | 전문교과Ⅱ: 음악 콘텐츠 제작",,가수
329,실용음악학과,"서울특별시_강서대학교(제1캠퍼스)_실용음악학과, 서울특별시_경기대학교(제2캠퍼스)_실용음악학과, 서울특별시_경희사이버대학교(제1캠퍼스)_실용음악학과, 서울특별시_동덕여자대학교(제1캠퍼스)_실용음악과, 서울특별시_동덕여자대학교(제1캠퍼스)_공연예술학부 실용음악전공, 서울특별시_디지털서울문화예술대학교(제1캠퍼스)_실용음악학과, 서울특별시_명지대학교 인문캠퍼스(제2캠퍼스)_융합예술실용음악학과, 서울특별시_서경대학교(제1캠퍼스)_실용음악학부, 서울특별시_서경대학교(제1캠퍼스)_실용음악학과, 서울특별시_서울디지털대학교(제1캠퍼스)_실용음악학과, 서울특별시_서울사이버대학교(제1캠퍼스)_실용음악과, 서울특별시_성신여자대학교(제2캠퍼스)_현대실용음악학과, 서울특별시_세종사이버대학교(제1캠퍼스)_실용음악학과, 서울특별시_홍익대학교(제1캠퍼스)_공연예술학부(실용음악전공), 부산광역시_동아대학교(제1캠퍼스)_음악학과 실용음악전공, 인천광역시_안양대학교(제2캠퍼스)_실용음악과, 대전광역시_목원대학교(제1캠퍼스)_실용음악학부, 대전광역시_목원대학교(제1캠퍼스)_실용음악학부 보컬전공, 대전광역시_배재대학교(제1캠퍼스)_실용음악전공, 대전광역시_배재대학교(제1캠퍼스)_실용음악과, 대구광역시_계명대학교(제1캠퍼스)_실용음악음향과, 광주광역시_광신대학교(제1캠퍼스)_실용음악학과, 경기도_대진대학교(제1캠퍼스)_실용음악학과, 경기도_서울신학대학교(제1캠퍼스)_실용음악과, 경기도_서울장신대학교(제1캠퍼스)_실용음악과, 경기도_성결대학교(제1캠퍼스)_실용음악과, 경기도_신한대학교(제2캠퍼스)_K-POP학과, 경기도_예원예술대학교(제2캠퍼스)_실용음악전공, 경기도_용인대학교(제1캠퍼스)_실용음악과, 경기도_중부대학교(제2캠퍼스)_실용음악학전공, 경기도_중앙대학교(제2캠퍼스)_글로벌예술학부(실용음악전공), 경기도_칼빈대학교(제1캠퍼스)_실용음악과, 경기도_평택대학교(제1캠퍼스)_실용음악학과, 경기도_한경국립대학교(제2캠퍼스)_실용음악학전공, 경기도_한양대학교 ERICA캠퍼스(제1캠퍼스)_실용음악학과, 경기도_협성대학교(제1캠퍼스)_실용음악전공, 강원특별자치도_가톨릭관동대학교(제1캠퍼스)_실용음악학과, 강원특별자치도_가톨릭관동대학교(제1캠퍼스)_실용음악전공, 충청남도_나사렛대학교(제1캠퍼스)_실용음악학과, 충청남도_나사렛대학교(제1캠퍼스)_실용음악과, 충청남도_남서울대학교(제1캠퍼스)_실용음악학과, 충청남도_백석대학교(제1캠퍼스)_문화예술학부 실용음악전공, 충청남도_세한대학교(제2캠퍼스)_실용음악학과, 충청남도_중부대학교(제1캠퍼스)_글로벌K-POP전공, 충청남도_청운대학교(제1캠퍼스)_뮤직트레이너학과, 충청남도_청운대학교(제1캠퍼스)_실용음악과, 충청남도_청운대학교(제1캠퍼스)_뮤지컬콘서트학부(실용음악전공), 충청남도_한서대학교(제1캠퍼스)_실용음악과, 충청남도_호서대학교(제2캠퍼스)_실용음악전공, 전북특별자치도_예원예술대학교(제1캠퍼스)_실용음악전공, 전북특별자치도_한일장신대학교(제1캠퍼스)_실용음악학과, 전북특별자치도_호원대학교(제1캠퍼스)_K-POP학과, 전북특별자치도_호원대학교(제1캠퍼스)_실용음악학부, 전북특별자치도_호원대학교(제1캠퍼스)_K-POP학부, 전라남도_동신대학교(제1캠퍼스)_뮤지컬ㆍ실용음악학과, 경상북도_대구가톨릭대학교(제1캠퍼스)_실용음악과, 경상북도_대구예술대학교(제1캠퍼스)_실용음악전공, 경상북도_신경주대학교(제1캠퍼스)_K-뷰티ㆍ음악학과, 경상북도_신경주대학교(제1캠퍼스)_실용음악공연학과","일반 선택: 화법과 언어, 독서와 작문, 문학, 영어Ⅰ, 영어Ⅱ, 영어 독해와 작문, 사회와 문화, 음악 등 | 진로 선택: 주제 탐구 독서, 심화 영어, 법과 사회, 경제, 윤리와 사상, 음악 연주와 창작, 음악 감상과 비평, 음악 이론, 음악사, 시창·청음, 음악 전공 실기, 합창·합주, 음악 공연 실습 등 | 융합 선택: 매체 의사소통, 미디어 영어, 세계 문화와 영어, 여행지리, 음악과 미디어, 음악과 문화 등","공통과목: 음악, 윤리 | 일반선택과목: 예술교과 : 음악 | 진로선택과목: 음악 연주, 음악 감상과 비평 | 전문교과Ⅰ: 음악이론, 음악사, 시창ㆍ청음, 음악 전공 실기 | 전문교과Ⅱ: 음악 콘텐츠 제작",,가수
330,심리학과,"서울특별시_강서대학교(제1캠퍼스)_상담심리학과, 서울특별시_강서대학교(제1캠퍼스)_아동복지상담심리학부(아동복지학전공), 서울특별시_경희사이버대학교(제1캠퍼스)_상담심리학과, 서울특별시_고려대학교(제1캠퍼스)_심리학부, 서울특별시_고려사이버대학교(제1캠퍼스)_상담심리학과, 서울특별시_광운대학교(제1캠퍼스)_산업심리학과, 서울특별시_덕성여자대학교(제1캠퍼스)_심리학과, 서울특별시_덕성여자대학교(제1캠퍼스)_심리학전공, 서울특별시_명지대학교 인문캠퍼스(제2캠퍼스)_아동보육상담학과, 서울특별시_명지대학교 인문캠퍼스(제2캠퍼스)_아동심리상담학과, 서울특별시_명지대학교 인문캠퍼스(제2캠퍼스)_심리치료학과, 서울특별시_사이버한국외국어대학교(제1캠퍼스)_다문화ㆍ심리상담학부, 서울특별시_삼육대학교(제1캠퍼스)_상담심리학과, 서울특별시_서강대학교(제1캠퍼스)_심리학과, 서울특별시_서울기독대학교(제1캠퍼스)_상담심리전공, 서울특별시_서울대학교(제1캠퍼스)_심리학과, 서울특별시_서울디지털대학교(제1캠퍼스)_군경소방상담전공, 서울특별시_서울디지털대학교(제1캠퍼스)_상담심리학과, 서울특별시_서울사이버대학교(제1캠퍼스)_특수심리치료학과, 서울특별시_서울사이버대학교(제1캠퍼스)_심리학과, 서울특별시_서울사이버대학교(제1캠퍼스)_상담심리학과, 서울특별시_서울여자대학교(제1캠퍼스)_예술심리치료전공, 서울특별시_서울여자대학교(제1캠퍼스)_심리ㆍ인지과학학부, 서울특별시_서울한영대학교(제1캠퍼스)_재활상담심리학과, 서울특별시_서울한영대학교(제1캠퍼스)_상담심리학과, 서울특별시_성균관대학교(제1캠퍼스)_심리학과, 서울특별시_성신여자대학교(제1캠퍼스)_심리학과, 서울특별시_세종사이버대학교(제1캠퍼스)_상담심리학과, 서울특별시_숙명여자대학교(제1캠퍼스)_사회심리학과, 서울특별시_숭실사이버대학교(제1캠퍼스)_상담심리학과, 서울특별시_숭실사이버대학교(제1캠퍼스)_아동심리치료학과, 서울특별시_연세대학교(제1캠퍼스)_심리학과, 서울특별시_이화여자대학교(제1캠퍼스)_뇌ㆍ인지과학전공, 서울특별시_이화여자대학교(제1캠퍼스)_심리학전공, 서울특별시_이화여자대학교(제1캠퍼스)_심리학과, 서울특별시_중앙대학교(제1캠퍼스)_심리학과, 서울특별시_총신대학교(제1캠퍼스)_아동상담심리학과, 서울특별시_한국열린사이버대학교(제1캠퍼스)_상담심리학과, 서울특별시_한양사이버대학교(제1캠퍼스)_상담심리학과, 부산광역시_경성대학교(제1캠퍼스)_심리학과, 부산광역시_동명대학교(제1캠퍼스)_상담ㆍ임상심리학과, 부산광역시_동서대학교(제1캠퍼스)_청소년상담심리학과, 부산광역시_동서대학교(제1캠퍼스)_상담심리치료학과, 부산광역시_동의대학교(제1캠퍼스)_심리학과, 부산광역시_부산가톨릭대학교(제1캠퍼스)_상담심리학과, 부산광역시_부산대학교(제1캠퍼스)_심리학과, 부산광역시_부산디지털대학교(제1캠퍼스)_상담심리학과, 부산광역시_부산외국어대학교(제1캠퍼스)_상담심리학과, 부산광역시_부산외국어대학교(제1캠퍼스)_상담심리전공, 부산광역시_신라대학교(제1캠퍼스)_복지상담학부 상담심리복지전공, 부산광역시_신라대학교(제1캠퍼스)_상담심리복지학과, 부산광역시_화신사이버대학교(제1캠퍼스)_상담심리학과, 인천광역시_인하대학교(제1캠퍼스)_아동심리학과, 대전광역시_건양사이버대학교(제1캠퍼스)_상담심리학과, 대전광역시_건양사이버대학교(제1캠퍼스)_심리운동치료학과, 대전광역시_건양사이버대학교(제1캠퍼스)_상담심리치료학과, 대전광역시_대전대학교(제1캠퍼스)_상담심리학과, 대전광역시_대전대학교(제1캠퍼스)_상담학과, 대전광역시_배재대학교(제1캠퍼스)_심리상담학과, 대전광역시_충남대학교(제1캠퍼스)_심리학과, 대전광역시_한국과학기술원(제1캠퍼스)_뇌인지과학과, 대전광역시_한국침례신학대학교(제1캠퍼스)_상담심리학과, 대전광역시_한남대학교(제1캠퍼스)_상담심리학과, 대구광역시_경북대학교(제1캠퍼스)_심리학과, 대구광역시_계명대학교(제1캠퍼스)_심리학과, 광주광역시_광주대학교(제1캠퍼스)_심리학과, 광주광역시_광주여자대학교(제1캠퍼스)_상담심리학과, 광주광역시_송원대학교(제1캠퍼스)_상담심리학과, 광주광역시_전남대학교(제1캠퍼스)_심리학과, 광주광역시_조선대학교(제1캠퍼스)_상담심리학과, 광주광역시_호남대학교(제1캠퍼스)_상담심리학과, 경기도_가천대학교(제1캠퍼스)_심리학과, 경기도_가톨릭대학교(제1캠퍼스)_심리학과, 경기도_경기대학교(제1캠퍼스)_범죄교정심리학전공, 경기도_국제사이버대학교(제1캠퍼스)_특수상담치료학과, 경기도_국제사이버대학교(제1캠퍼스)_통합상담치료학과, 경기도_국제사이버대학교(제1캠퍼스)_상담심리학과, 경기도_단국대학교(제1캠퍼스)_상담학과, 경기도_루터대학교(제1캠퍼스)_상담심리학전공, 경기도_루터대학교(제1캠퍼스)_상담심리학과, 경기도_서울장신대학교(제1캠퍼스)_상담심리학과, 경기도_신한대학교(제2캠퍼스)_상담심리학과, 경기도_아주대학교(제1캠퍼스)_심리학과, 경기도_을지대학교(제2캠퍼스)_중독상담전공, 경기도_중앙승가대학교(제1캠퍼스)_포교사회학상담학전공, 경기도_차의과학대학교(제1캠퍼스)_상담심리학과, 경기도_한경국립대학교(제2캠퍼스)_상담심리교육전공, 경기도_한신대학교(제1캠퍼스)_심리ㆍ아동학부, 경기도_한신대학교(제1캠퍼스)_심리ㆍ아동학, 경기도_한신대학교(제1캠퍼스)_상담심리학전공, 경기도_한신대학교(제1캠퍼스)_임상심리전공, 경기도_화성의과학대학교(제1캠퍼스)_의료심리학과, 강원특별자치도_가톨릭관동대학교(제1캠퍼스)_스마트통합치유학과, 강원특별자치도_강원대학교(제1캠퍼스)_심리학과, 강원특별자치도_강원대학교(제1캠퍼스)_심리학전공, 강원특별자치도_한림대학교(제1캠퍼스)_심리학과, 충청북도_가톨릭꽃동네대학교(제1캠퍼스)_사회복지ㆍ상담심리학부 상담심리학과, 충청북도_가톨릭꽃동네대학교(제1캠퍼스)_상담심리학과, 충청북도_서원대학교(제1캠퍼스)_상담심리전공, 충청북도_서원대학교(제1캠퍼스)_상담심리학과, 충청북도_세명대학교(제1캠퍼스)_상담심리학과, 충청북도_우석대학교(제2캠퍼스)_상담심리학과, 충청북도_중원대학교(제1캠퍼스)_아동보육상담학과, 충청북도_충북대학교(제1캠퍼스)_심리학과, 충청남도_글로벌사이버대학교(제1캠퍼스)_뇌기반상담심리학과, 충청남도_글로벌사이버대학교(제1캠퍼스)_뇌기반감정코칭학과, 충청남도_글로벌사이버대학교(제1캠퍼스)_상담심리학과, 충청남도_글로벌사이버대학교(제1캠퍼스)_브레인트레이닝학과, 충청남도_글로벌사이버대학교(제1캠퍼스)_명상치료학과, 충청남도_나사렛대학교(제1캠퍼스)_아동심리교육학과, 충청남도_나사렛대학교(제1캠퍼스)_상담심리학과, 충청남도_단국대학교(제2캠퍼스)_심리치료학과, 충청남도_선문대학교(제1캠퍼스)_상담산업심리학과, 충청남도_선문대학교(제1캠퍼스)_상담심리학과, 충청남도_선문대학교(제1캠퍼스)_상담ㆍ산업심리학과, 충청남도_호서대학교(제2캠퍼스)_산업심리학과, 전북특별자치도_우석대학교(제1캠퍼스)_심리학과, 전북특별자치도_우석대학교(제1캠퍼스)_심리운동ㆍ상담학과, 전북특별자치도_우석대학교(제1캠퍼스)_군상담심리학과, 전북특별자치도_원광디지털대학교(제1캠퍼스)_상담심리학과, 전북특별자치도_전북대학교(제1캠퍼스)_심리학과, 전북특별자치도_전주대학교(제1캠퍼스)_상담심리학과, 전북특별자치도_한일장신대학교(제1캠퍼스)_심리상담학과, 전북특별자치도_한일장신대학교(제1캠퍼스)_심리상담학부, 전라남도_국립목포대학교(제1캠퍼스)_상담심리치료학과, 전라남도_동신대학교(제1캠퍼스)_상담심리학과, 경상북도_경운대학교(제1캠퍼스)_상담심리전공, 경상북도_경일대학교(제1캠퍼스)_상담심리학과, 경상북도_김천대학교(제1캠퍼스)_상담심리학과, 경상북도_김천대학교(제1캠퍼스)_사회복지상담학부(상담심리전공), 경상북도_김천대학교(제1캠퍼스)_상담심리치료학과, 경상북도_대구가톨릭대학교(제1캠퍼스)_상담심리학과, 경상북도_대구가톨릭대학교(제1캠퍼스)_심리학과, 경상북도_대구대학교(제1캠퍼스)_심리학과, 경상북도_대구사이버대학교(제1캠퍼스)_상담심리학과, 경상북도_대구사이버대학교(제1캠퍼스)_임상심리학과, 경상북도_대구한의대학교(제1캠퍼스)_상담심리전공, 경상북도_대구한의대학교(제1캠퍼스)_상담심리학과, 경상북도_대구한의대학교(제1캠퍼스)_심리치료학부, 경상북도_대구한의대학교(제1캠퍼스)_상담심리학전공, 경상북도_동국대학교 WISE캠퍼스(제1캠퍼스)_명상심리상담학과, 경상북도_영남대학교(제1캠퍼스)_심리학과, 경상북도_영남신학대학교(제1캠퍼스)_상담심리학과, 경상남도_경남대학교(제1캠퍼스)_심리학과, 경상남도_경상국립대학교(제1캠퍼스)_심리학과, 경상남도_인제대학교(제1캠퍼스)_상담심리치료학과","일반 선택: 확률과 통계, 생명과학, 현대사회와 윤리, 사회와 문화 등 | 진로 선택: 인간과 심리, 윤리와 사상, 인문학과 윤리, 교육의 이해 등 | 융합 선택: 사회문제 탐구, 윤리문제 탐구, 논술 등","공통과목: 수학, 사회, 과학, 생활ㆍ교양 | 일반선택과목: 수학교과 : 수학Ⅰ,Ⅱ, 미적분. 확률과 통계 | 진로선택과목: 실용 수학, 수학과제 탐구, 사회문제 탐구 | 전문교과Ⅰ: 사회 탐구 방법 및 사회과제 연구 | 전문교과Ⅱ: 인간 발달, 빅데이터 분석","경영지도사, 사회조사분석사, 소비자전문상담사, 임상심리사, 전문상담교사, 정신보건임상심리사, 직업상담사, 청소년상담사, 청소년지도사, 평생교육사",미술치료사
7,아동가족학과,"서울특별시_강서대학교(제1캠퍼스)_아동가족복지학과, 서울특별시_경희대학교(제1캠퍼스)_아동가족학과, 서울특별시_덕성여자대학교(제1캠퍼스)_아동가족학과, 서울특별시_덕성여자대학교(제1캠퍼스)_아동가족학전공, 서울특별시_서울대학교(제1캠퍼스)_소비자아동학부, 서울특별시_서울대학교(제1캠퍼스)_소비자아동학부(아동가족학전공), 서울특별시_서울대학교(제1캠퍼스)_소비자아동학부(소비자학전공), 서울특별시_서울사이버대학교(제1캠퍼스)_가족코칭상담학과, 서울특별시_서울사이버대학교(제1캠퍼스)_직업ㆍ진로상담학과, 서울특별시_성균관대학교(제1캠퍼스)_소비자학과, 서울특별시_성균관대학교(제1캠퍼스)_소비자가족학과, 서울특별시_숭실사이버대학교(제1캠퍼스)_요양복지학과, 서울특별시_연세대학교(제1캠퍼스)_아동ㆍ가족학과, 서울특별시_이화여자대학교(제1캠퍼스)_소비자학전공, 서울특별시_이화여자대학교(제1캠퍼스)_소비자학과, 서울특별시_한국방송통신대학교(제1캠퍼스)_생활과학부 가정복지상담학전공, 부산광역시_부산대학교(제1캠퍼스)_아동가족학과, 인천광역시_인천대학교(제1캠퍼스)_소비자아동학과, 인천광역시_인천대학교(제1캠퍼스)_소비자학과, 인천광역시_인하대학교(제1캠퍼스)_소비자아동학전공, 인천광역시_인하대학교(제1캠퍼스)_소비자학과, 대전광역시_배재대학교(제1캠퍼스)_토털라이프케어, 대구광역시_경북대학교(제1캠퍼스)_아동학부 아동가족학전공, 경기도_강남대학교(제1캠퍼스)_Wel-Tech융합전공, 경기도_경기대학교(제1캠퍼스)_휴먼서비스학부, 경기도_국제사이버대학교(제1캠퍼스)_아동가족상담학과, 경기도_수원대학교(제1캠퍼스)_아동가족복지학과, 경기도_한경국립대학교(제1캠퍼스)_아동가족복지학과, 경기도_한경국립대학교(제1캠퍼스)_아동가족복지학전공, 충청북도_건국대학교 글로컬캠퍼스(제1캠퍼스)_라이프설계융합학과, 충청북도_서원대학교(제1캠퍼스)_라이프설계전공, 충청북도_충북대학교(제1캠퍼스)_소비자학과, 전북특별자치도_국립군산대학교(제1캠퍼스)_아동학부(아동가족학전공), 전북특별자치도_국립군산대학교(제1캠퍼스)_아동가족학과, 경상북도_국립경국대학교(제1캠퍼스)_성인학습자학부, 경상북도_영남대학교(제1캠퍼스)_가족주거학과, 경상남도_경상국립대학교(제1캠퍼스)_아동가족학과, 경상남도_영산대학교(제1캠퍼스)_아동ㆍ가족상담학과, 경상남도_인제대학교(제1캠퍼스)_소비자ㆍ가족학과","일반 선택: 현대사회와 윤리, 사회와 문화, 기술·가정 등 | 진로 선택: 정치, 법과 사회, 생활과학 탐구 등 | 융합 선택: 사회문제 탐구, 윤리문제 탐구, 생애 설계와 자립 등","공통과목: 사회, 생활ㆍ교양 | 일반선택과목: 사회교과 : 사회ㆍ문화, 생활과 윤리 | 진로선택과목: 사회문제탐구, 가정과학 | 전문교과Ⅰ: 지역 이해, 세계 문제와 미래 사회, 현대 세계의 변화, 사회 탐구 방법 및 사회과제 연구 | 전문교과Ⅱ: 인간 발달, 아동 복지, 영유아 건강, 안전, 영양 지도, 복지 서비스의 기초","건강가정사, 보육교사, 아동상담사, 중등정교사2급(가정)(교직이수시)",가정교사
331,아동교육과,"부산광역시_부산보건대학교(제1캠퍼스)_특수아동과, 부산광역시_부산보건대학교(제1캠퍼스)_특수아동전공, 경기도_안산대학교(제1캠퍼스)_언어치료아동보육학과, 경기도_안산대학교(제1캠퍼스)_언어치료아동보육과, 경기도_여주대학교(제1캠퍼스)_아동교육과, 강원특별자치도_송곡대학교(제1캠퍼스)_상담복지교육학과, 전라남도_나주대학교(제1캠퍼스)_평생교육복지과, 경상북도_한국복지사이버대학교(제1캠퍼스)_평생교육학과","일반 선택: 화법과 언어, 독서와 작문, 문학, 대수, 미적분Ⅰ, 확률과 통계, 영어Ⅰ, 영어Ⅱ, 영어 독해와 작문, 세계시민과 지리, 세계사, 사회와 문화, 현대사회와 윤리, 체육1, 체육2, 음악, 미술 등 | 진로 선택: 주제 탐구 독서, 영어 발표와 토론, 교육의 이해 등 | 융합 선택: 독서 토론과 글쓰기, 미디어 영어, 사회문제 탐구 등","공통과목: 국어, 영어, 사회, 윤리 | 일반선택과목: 사회교과 : 생활과 윤리, 윤리와 사상 | 진로선택과목: 음악 연주, 미술 창작 | 전문교과Ⅰ: 합창, 스포츠 개론, 체조 운동, 연극의 이해, 문예 창작 입문 | 전문교과Ⅱ: 인간 발달, 영ㆍ유아 놀이지도, 아동 생활지도, 아동 복지","보육교사, 유치원2급정교사",유치원교사
336,아프리카어과,"경기도_한국외국어대학교(제2캠퍼스)_서아프리카어전공, 경기도_한국외국어대학교(제2캠퍼스)_남아프리카어전공, 경기도_한국외국어대학교(제2캠퍼스)_동아프리카어전공","일반 선택: 화법과 언어, 독서와 작문, 문학, 세계시민과 지리, 세계사, 사회와 문화, 제2외국어 등 | 진로 선택: 문학과 영상, 인문학과 윤리, 국제 관계의 이해, 제2외국어 회화, 심화 제2외국어 등 | 융합 선택: 언어생활 탐구, 여행지리, 역사로 탐구하는 현대 세계, 사회문제 탐구, 제2외국어 문화 등","공통과목: 제2외국어, 사회, 예술, 국어 | 일반선택과목: 외국어교과 : 프랑스어, 독일어, 영어 회화, 영어 | 진로선택과목: 프랑스어Ⅱ, 독일어Ⅱ, 심화 국어, 고전 읽기, 고전과 윤리, 사회문제 탐구, 여행지리, 음악ㆍ미술감상 비평 | 전문교과Ⅰ: 전공기초 프랑스어, 프랑스어 회화, 프랑스어권 문화, 국제 관계와 국제기구, 국제 경제, 국제 정치, 지역 이해. 사회과제 연구 | 전문교과Ⅱ: 서양 조리","FLEX아프리카(스와힐리)어, 관광통역안내사, 국내여행안내사",번역가
337,안경광학과,"부산광역시_부산과학기술대학교(제1캠퍼스)_안경광학과, 부산광역시_부산과학기술대학교(제1캠퍼스)_안경광학과(2년제), 부산광역시_부산여자대학교(제1캠퍼스)_안경광학과(2년제), 대전광역시_대덕대학교(제1캠퍼스)_총포광학과, 대전광역시_대전과학기술대학교(제1캠퍼스)_안경광학과(3년제), 대전광역시_대전보건대학교(제1캠퍼스)_안경광학과, 대구광역시_대구과학대학교(제1캠퍼스)_안경광학과, 대구광역시_대구보건대학교(제1캠퍼스)_안경광학과, 대구광역시_수성대학교(제1캠퍼스)_안경광학과, 울산광역시_춘해보건대학교(제1캠퍼스)_안경광학과, 울산광역시_춘해보건대학교(제1캠퍼스)_안경광학과(2년제), 광주광역시_광주보건대학교(제1캠퍼스)_안경광학과, 경기도_국제대학교(제1캠퍼스)_안경광학과, 경기도_동남보건대학교(제1캠퍼스)_안경광학과, 경기도_서영대학교(제2캠퍼스)_안경광학과(3년제), 경기도_여주대학교(제1캠퍼스)_안경광학과(1년제), 경기도_여주대학교(제1캠퍼스)_안경광학과, 강원특별자치도_강릉영동대학교(제1캠퍼스)_안경광학과, 충청북도_강동대학교(제1캠퍼스)_안경광학과, 충청남도_백석문화대학교(제1캠퍼스)_안경광학과, 충청남도_백석문화대학교(제1캠퍼스)_미래커리어개발학부(안경광학과_3년제), 충청남도_백석문화대학교(제1캠퍼스)_안경광학과(3년제), 충청남도_신성대학교(제1캠퍼스)_안경광학과, 전북특별자치도_원광보건대학교(제1캠퍼스)_안경광학과(2년제), 전북특별자치도_원광보건대학교(제1캠퍼스)_안경광학과, 전북특별자치도_전북과학대학교(제1캠퍼스)_안경광학과, 전라남도_전남과학대학교(제1캠퍼스)_안경광학과, 전라남도_청암대학교(제1캠퍼스)_안경광학과, 경상북도_경북과학대학교(제1캠퍼스)_안경광학과(2년제), 경상북도_대경대학교(제1캠퍼스)_안경광학과, 경상북도_선린대학교(제1캠퍼스)_안경광학과(2년제), 경상북도_선린대학교(제1캠퍼스)_안경광학과, 경상북도_성운대학교(제1캠퍼스)_안경광학과, 경상남도_김해대학교(제1캠퍼스)_안경광학과, 경상남도_김해대학교(제1캠퍼스)_안경광학과(2년제), 경상남도_동원과학기술대학교(제1캠퍼스)_안경광학과, 경상남도_마산대학교(제1캠퍼스)_안경광학과, 제주특별자치도_제주관광대학교(제1캠퍼스)_안경광학과","일반 선택: 대수, 확률과 통계, 미적분 Ⅰ, 물리학, 화학, 생명과학, 지구과학, 정보등 | 진로 선택: 기하, 미적분Ⅱ, 인공지능 수학, 역학과 에너지, 전자기와 양자, 물질과 에너지, 화학 반응의 세계, 세포와 물질대사, 생물의 유전, 지구시스템과학, 행성우주과학, 로봇과 공학세계, 생활과학 탐구, 인공지능 기초, 데이터 과학 등 | 융합 선택: 실용 통계, 수학과제 탐구, 융합과학 탐구, 사회문제 탐구, 창의 공학 설계, 소프트웨어와 생활 등","공통과목: 영어, 과학 | 일반선택과목: 영어교과 : 영어ⅠㆍⅡ, 영어 독해와 작문 | 진로선택과목: 화학Ⅱ, 생명과학Ⅱ | 전문교과Ⅰ: 고급 화학, 화학 실험, 고급 생명과학, 생명과학 실험, 과학과제 연구 | 전문교과Ⅱ: 인체 구조와 기능, 기초 간호 임상 실무, 보건 간호, 광학 재료","광학기기산업기사, 안경사",안경사
338,안전공학과,"서울특별시_경희사이버대학교(제1캠퍼스)_재난안전학부, 서울특별시_경희사이버대학교(제1캠퍼스)_안전공학전공, 서울특별시_서울과학기술대학교(제1캠퍼스)_안전공학과, 서울특별시_서울사이버대학교(제1캠퍼스)_안전관리학과, 부산광역시_국립부경대학교(제1캠퍼스)_안전공학전공, 부산광역시_동서대학교(제1캠퍼스)_안전관리학과, 인천광역시_인천대학교(제1캠퍼스)_안전공학과, 인천광역시_청운대학교(제2캠퍼스)_안전공학융합전공, 경기도_국제사이버대학교(제1캠퍼스)_안전보건공학과, 경기도_동양대학교(제2캠퍼스)_안전공학부, 경기도_동양대학교(제2캠퍼스)_스마트안전시스템학부, 경기도_을지대학교(제2캠퍼스)_안전공학전공, 경기도_한경국립대학교(제1캠퍼스)_사회안전시스템공학부, 경기도_한경국립대학교(제1캠퍼스)_안전공학전공, 강원특별자치도_강원대학교(제2캠퍼스)_재난관리공학전공, 강원특별자치도_강원대학교(제2캠퍼스)_방재안전공학전공, 충청북도_국립한국교통대학교(제1캠퍼스)_안전공학전공, 충청북도_국립한국교통대학교(제1캠퍼스)_안전융합공학과, 충청북도_국립한국교통대학교(제1캠퍼스)_안전공학과, 충청북도_세명대학교(제1캠퍼스)_재난안전학과, 충청북도_충북대학교(제1캠퍼스)_안전공학과, 충청남도_호서대학교(제1캠퍼스)_안전공학과, 충청남도_호서대학교(제2캠퍼스)_안전공학과, 경상북도_경북대학교(제3캠퍼스)_건설방재공학부, 경상북도_경북대학교(제3캠퍼스)_건설방재공학부 건설방재공학전공, 경상북도_경운대학교(제1캠퍼스)_사회안전대학 통합 모집단위, 경상북도_경운대학교(제1캠퍼스)_안전방재공학과, 경상북도_대구한의대학교(제1캠퍼스)_방재안전관리전공, 경상북도_동국대학교 WISE캠퍼스(제1캠퍼스)_안전공학전공, 경상북도_동국대학교 WISE캠퍼스(제1캠퍼스)_스마트안전공학부, 경상북도_동국대학교 WISE캠퍼스(제1캠퍼스)_안전공학과, 경상북도_신경주대학교(제1캠퍼스)_재난안전경영학과, 제주특별자치도_제주국제대학교(제1캠퍼스)_안전공학부","일반 선택: 대수, 미적분 Ⅰ, 확률과 통계, 물리학, 화학, 지구과학, 정보, 기술·가정 등 | 진로 선택: 기하, 미적분Ⅱ, 역학과 에너지, 전자기와 양자, 물질과 에너지, 화학 반응의 세계, 인공지능 기초, 데이터 과학, 로봇과 공학세계 등 | 융합 선택: 창의 공학 설계, 소프트웨어와 생활 등","공통과목: 수학, 사회, 과학, 기술ㆍ가정 | 일반선택과목: 수학교과 : 수학ⅠㆍⅡ, 미적분, 확률과 통계 | 진로선택과목: 실용수학, 기하, 경제수학, 수학과제 탐구, 물리학Ⅱ, 화학Ⅱ, 생명과학Ⅱ, 지구과학Ⅱ, 생활과 과학, 융합과학, 공학 일반, 사회문제 탐구 | 전문교과Ⅰ: 심화수학ⅠㆍⅡ, 고급 수학ⅠㆍⅡ, 고급 물리학, 물리학 실험, 고급 화학, 화학 실험, 고급 생명과학, 생명과학 실험, 고급 지구과학, 지구과학 실험, 정보과학, 융합과학탐구, 과학과제연구, 생태와 환경, 지역 이해, 사회과제 연구 | 전문교과Ⅱ: 환경 화학 기초, 인간과 환경, 환경 생태 관리, 수질 관리, 대기 관리, 폐기물 관리","가스기사, 건설안전산업기사, 농작업안전보건기사, 산업안전기사, 소방기술사, 소방설비기사, 소방시설관리사, 소방안전교육사, 위험물산업기사, 화재감식평가산업기사",건축안전기술자
10009,약재자원과,"부산광역시_동의과학대학교(제1캠퍼스)_한방약재과, 대전광역시_대전보건대학교(제1캠퍼스)_바이오의약과, 대구광역시_한국폴리텍 VI 대학 대구캠퍼스(제1캠퍼스)_바이오의약품소재과, 경기도_세계사이버대학(제1캠퍼스)_약용건강식품학과, 경기도_유한대학교(제1캠퍼스)_유한바이오제약학과, 경기도_유한대학교(제1캠퍼스)_유한생명바이오학과 유한바이오제약전공, 경기도_한국폴리텍 I 대학 성남캠퍼스(제1캠퍼스)_AI의약바이오과, 충청북도_충북보건과학대학교(제1캠퍼스)_바이오제약과, 충청북도_충청대학교(제1캠퍼스)_바이오의약품분석과, 충청북도_충청대학교(제1캠퍼스)_식의약품분석과, 충청남도_한국폴리텍 특성화대학 바이오캠퍼스(제1캠퍼스)_바이오품질관리과, 충청남도_한국폴리텍 특성화대학 바이오캠퍼스(제1캠퍼스)_바이오의약분석과, 경상북도_가톨릭상지대학교(제1캠퍼스)_바이오제약과, 경상북도_안동과학대학교(제1캠퍼스)_바이오백신제약과, 경상북도_안동과학대학교(제1캠퍼스)_바이오백신제약학과","일반 선택: 대수, 미적분 Ⅰ,확률과 통계, 물리학, 화학, 생명과학, 정보 등 | 진로 선택: 기하, 미적분Ⅱ, 역학과 에너지, 전자기와 양자, 물질과 에너지, 화학 반응의 세계, 세포와 물질대사, 로봇과 공학세계 등 | 융합 선택: 융합과학 탐구 등","공통과목: 과학, 교양, 영어 | 일반선택과목: 과학교과 : 생명과학Ⅰ, 화학Ⅰ, 지구과학Ⅰ, 물리Ⅰ | 진로선택과목: 생명과학Ⅱ, 융합과하그 생활과 과학, 화학Ⅱ, 농업생명과학, 공학일반, 창의경영, 해양문화 기술 | 전문교과Ⅰ: 고급 생명과학, 생명과학 실험, 물리화학 실험, 융합과학 탐구, 정보고학, 과학 과제연구, 생태와 환경 | 전문교과Ⅱ: 생명고학 기술, 인간과 환경, 환경 화학 기초, 친환경 농업, 농업 기초 기술","병원코디네이터, 약용식물관리사, 유통관리사",한방건강식품제조원
345,언어과학과,"서울특별시_고려대학교(제1캠퍼스)_언어학과, 서울특별시_서울대학교(제1캠퍼스)_언어학과, 서울특별시_한국외국어대학교(제1캠퍼스)_ELLT학과, 대전광역시_충남대학교(제1캠퍼스)_언어학과, 경기도_한국외국어대학교(제2캠퍼스)_언어인지과학과, 경기도_한신대학교(제1캠퍼스)_독일어문화학부, 충청남도_백석대학교(제1캠퍼스)_어문학부","일반 선택: 화법과 언어, 독서와 작문, 확률과 통계, 사회와 문화, 정보 등 | 진로 선택: 주제 탐구 독서, 인공지능 수학, 법과 사회, 인문학과 윤리, 인공지능 기초, 데이터 과학 등 | 융합 선택: 독서 토론 글쓰기, 매체 의사소통, 실용 통계, 사회문제 탐구, 지식 재산 일반 등","공통과목: 국어, 사회, 기술ㆍ가정 | 일반선택과목: 국어교과 : 언어와 매체, 화법과 작문, 독서, 문학 | 진로선택과목: 사회문제 탐구, 심화 국어, 고전 읽기, 고전과 윤리, 여행 지리 | 전문교과Ⅰ: 문장론, 문학과 매체, 매체 미술, 정보 과학 | 전문교과Ⅱ: 시각 디자인, 정보 처리와 관리","관광통역안내사, 국어능력인증시험, 사서, 외국어번역행정사, 한국어교육능력검정시험",광고ㆍ홍보전문가
10016,언어재활과,"대전광역시_우송정보대학(제1캠퍼스)_언어치료과, 대구광역시_계명문화대학교(제1캠퍼스)_의료재활과, 대구광역시_계명문화대학교(제1캠퍼스)_언어치료학과, 대구광역시_대구보건대학교(제1캠퍼스)_언어치료학과, 울산광역시_춘해보건대학교(제1캠퍼스)_언어치료학과, 울산광역시_춘해보건대학교(제1캠퍼스)_언어치료과, 경기도_대림대학교(제1캠퍼스)_언어치료과, 경기도_대림대학교(제1캠퍼스)_언어재활과, 경기도_대림대학교(제1캠퍼스)_언어치료학과, 충청북도_강동대학교(제1캠퍼스)_의료청력재활과, 충청남도_혜전대학교(제1캠퍼스)_언어치료과, 전북특별자치도_전주기전대학(제1캠퍼스)_언어치료과(3년제), 전라남도_순천제일대학교(제1캠퍼스)_언어치료학과, 전라남도_순천제일대학교(제1캠퍼스)_언어치료과, 경상북도_구미대학교(제1캠퍼스)_언어치료학과, 경상북도_구미대학교(제1캠퍼스)_언어치료과(3년제), 경상남도_마산대학교(제1캠퍼스)_언어치료학과, 경상남도_마산대학교(제1캠퍼스)_언어치료과","일반 선택: 물리학, 화학, 생명과학, 현대사회와 윤리 등 | 진로 선택: 세포와 물질대사, 생물의 유전, 법과 사회, 보건 등 | 융합 선택: 융합과학 탐구 등","공통과목: 영어, 과학 | 일반선택과목: 영어교과 : 영어Ⅰ, 영어Ⅱ, 영어 독해와 작문 | 진로선택과목: 생명과학Ⅱ | 전문교과Ⅰ: 체육지도법, 개인ㆍ대인 운동, 체육 전공 실기 응용 | 전문교과Ⅱ: 인체 구조와 기능, 기초 간호 임상 실무, 보건 간호","보육교사, 언어재활사",보육교사
346,언어치료학과,"부산광역시_고신대학교(제1캠퍼스)_언어치료학과, 광주광역시_광주대학교(제1캠퍼스)_언어치료학과, 광주광역시_광주여자대학교(제1캠퍼스)_언어치료학과, 광주광역시_남부대학교(제1캠퍼스)_언어치료학과, 광주광역시_조선대학교(제1캠퍼스)_언어치료학과, 광주광역시_호남대학교(제1캠퍼스)_언어치료학과, 경기도_루터대학교(제1캠퍼스)_언어치료학과, 강원특별자치도_상지대학교(제1캠퍼스)_언어치료학과, 강원특별자치도_상지대학교(제1캠퍼스)_언어치료전공, 충청북도_유원대학교(제1캠퍼스)_언어치료학과, 충청남도_나사렛대학교(제1캠퍼스)_언어치료학과, 전북특별자치도_원광디지털대학교(제1캠퍼스)_언어치료학과, 전북특별자치도_호원대학교(제1캠퍼스)_언어치료학과, 전라남도_동신대학교(제1캠퍼스)_언어치료학과, 경상북도_대구대학교(제1캠퍼스)_언어치료학과, 경상북도_대구사이버대학교(제1캠퍼스)_언어치료학과, 제주특별자치도_제주국제대학교(제1캠퍼스)_언어치료학과","일반 선택: 물리학, 화학, 생명과학, 현대사회와 윤리 등 | 진로 선택: 세포와 물질대사, 생물의 유전, 법과 사회, 보건 등 | 융합 선택: 융합과학 탐구 등","공통과목: 국어, 사회, 기술ㆍ가정 | 일반선택과목: 국어교과 : 언어와 매체, 화법과 작문, 독서, 문학 | 진로선택과목: 사회문제 탐구, 심화국어, 고전읽기, 고전과 윤리, 여행지리 | 전문교과Ⅰ: 문장론, 문학과 매체, 매체 미술, 정보과학 | 전문교과Ⅱ: 시각 디자인, 정보처리와 관리","언어장애전문가, 언어재활교육사",대학교수
448,에너지자원공학과,"서울특별시_건국대학교(제1캠퍼스)_미래에너지공학과, 서울특별시_서울과학기술대학교(제1캠퍼스)_에너지신기술융합학과(계약학과), 서울특별시_서울과학기술대학교(제1캠퍼스)_미래에너지융합학과, 서울특별시_서울대학교(제1캠퍼스)_에너지자원공학과, 서울특별시_성신여자대학교(제2캠퍼스)_청정융합에너지공학과, 서울특별시_세종대학교(제1캠퍼스)_에너지자원공학과, 서울특별시_세종대학교(제1캠퍼스)_지구자원시스템공학과, 서울특별시_이화여자대학교(제1캠퍼스)_기후ㆍ에너지시스템공학전공, 서울특별시_이화여자대학교(제1캠퍼스)_기후에너지시스템공학과, 서울특별시_중앙대학교(제1캠퍼스)_에너지시스템공학부, 서울특별시_한양대학교(제1캠퍼스)_에너지공학과, 서울특별시_한양사이버대학교(제1캠퍼스)_스마트배터리공학과, 부산광역시_경성대학교(제1캠퍼스)_에너지과학과, 부산광역시_국립부경대학교(제1캠퍼스)_에너지자원공학과, 부산광역시_국립한국해양대학교(제1캠퍼스)_에너지자원공학과, 부산광역시_동아대학교(제1캠퍼스)_에너지.자원공학과, 부산광역시_신라대학교(제1캠퍼스)_에너지관리학과, 부산광역시_신라대학교(제1캠퍼스)_배터리학과, 부산광역시_신라대학교(제1캠퍼스)_에너지소재공학전공, 부산광역시_영산대학교(제2캠퍼스)_수소시스템공학과, 인천광역시_인천대학교(제1캠퍼스)_에너지화학공학과, 인천광역시_인하대학교(제1캠퍼스)_이차전지융합학과, 인천광역시_인하대학교(제1캠퍼스)_에너지자원공학과, 대전광역시_배재대학교(제1캠퍼스)_스마트배터리학과, 대전광역시_충남대학교(제1캠퍼스)_에너지공학과, 대구광역시_경북대학교(제1캠퍼스)_에너지공학부, 대구광역시_경북대학교(제1캠퍼스)_에너지공학부 신재생에너지전공, 대구광역시_경북대학교(제1캠퍼스)_융합학부 수소 및 신재생에너지전공, 대구광역시_경북대학교(제1캠퍼스)_에너지공학부 에너지변환전공, 울산광역시_울산과학기술원(제1캠퍼스)_에너지 및 화학공학부, 울산광역시_울산과학기술원(제1캠퍼스)_에너지화학공학과, 광주광역시_전남대학교(제1캠퍼스)_에너지자원공학과, 광주광역시_조선대학교(제1캠퍼스)_첨단에너지공학과, 광주광역시_조선대학교(제1캠퍼스)_에너지자원공학과, 경기도_가천대학교(제1캠퍼스)_에너지IT학과, 경기도_경기대학교(제1캠퍼스)_융합에너지시스템공학부, 경기도_대진대학교(제1캠퍼스)_에너지공학부, 경기도_명지대학교 자연캠퍼스(제1캠퍼스)_융합에너지학전공, 경기도_성균관대학교(제2캠퍼스)_에너지학과, 경기도_신한대학교(제2캠퍼스)_에너지공학과, 강원특별자치도_가톨릭관동대학교(제1캠퍼스)_에너지플랜트공학과, 강원특별자치도_강원대학교(제2캠퍼스)_에너지자원융합공학전공, 강원특별자치도_강원대학교(제2캠퍼스)_에너지.자원공학과, 강원특별자치도_강원대학교(제1캠퍼스)_에너지자원공학과, 강원특별자치도_강원대학교(제1캠퍼스)_에너지자원공학전공, 강원특별자치도_강원대학교(제1캠퍼스)_에너지.자원공학과, 강원특별자치도_강원대학교(제2캠퍼스)_그린에너지공학과, 강원특별자치도_강원대학교(제2캠퍼스)_에너지공학부, 강원특별자치도_강원대학교(제2캠퍼스)_에너지자원화학공학과, 강원특별자치도_강원대학교(제2캠퍼스)_에너지ㆍ자원공학전공, 강원특별자치도_강원대학교(제1캠퍼스)_자원에너지시스템공학과, 강원특별자치도_상지대학교(제1캠퍼스)_신에너지ㆍ자원공학과, 충청북도_건국대학교 글로컬캠퍼스(제1캠퍼스)_이차전지전공, 충청북도_국립한국교통대학교(제1캠퍼스)_에너지소재공학전공, 충청북도_국립한국교통대학교(제1캠퍼스)_이차전지공학과, 충청북도_극동대학교(제1캠퍼스)_수소안전학과, 충청북도_중원대학교(제1캠퍼스)_신재생에너지자원학과, 충청북도_청주대학교(제1캠퍼스)_에너지ㆍ광기술융합학부, 충청북도_청주대학교(제1캠퍼스)_태양광에너지공학과, 충청남도_단국대학교(제2캠퍼스)_에너지공학과, 충청남도_순천향대학교(제1캠퍼스)_에너지공학과, 충청남도_순천향대학교(제1캠퍼스)_탄소중립학과, 전북특별자치도_국립군산대학교(제1캠퍼스)_이차전지ㆍ에너지학부, 전북특별자치도_우석대학교(제1캠퍼스)_수소에너지공학과, 전북특별자치도_우석대학교(제1캠퍼스)_수소모빌리티학과, 전북특별자치도_전북대학교(제1캠퍼스)_자원ㆍ에너지공학과, 전라남도_국립목포대학교(제1캠퍼스)_스마트에너지시스템공학과, 전라남도_국립목포대학교(제1캠퍼스)_스마트에너지학과, 전라남도_국립목포대학교(제1캠퍼스)_스마트에너지시스템학과, 전라남도_동신대학교(제1캠퍼스)_신재생에너지학과, 전라남도_동신대학교(제1캠퍼스)_에너지리사이클링학과, 전라남도_동신대학교(제1캠퍼스)_배터리공학과, 전라남도_초당대학교(제1캠퍼스)_글로벌신재생에너지학과, 전라남도_한국에너지공과대학교(제1캠퍼스)_에너지공학부, 경상북도_경운대학교(제1캠퍼스)_이차전지전공, 경상북도_경일대학교(제1캠퍼스)_조기취업형계약학부 에너지솔루션학과, 경상북도_대구가톨릭대학교(제1캠퍼스)_배터리공학과, 경상북도_대구가톨릭대학교(제1캠퍼스)_에너지부품소재전공, 경상북도_대구가톨릭대학교(제1캠퍼스)_배터리학과, 경상북도_대구대학교(제1캠퍼스)_에너지배터리학과, 경상북도_대구대학교(제1캠퍼스)_에너지시스템공학과, 경상북도_동국대학교 WISE캠퍼스(제1캠퍼스)_원자력ㆍ에너지시스템공학과, 경상북도_동국대학교 WISE캠퍼스(제1캠퍼스)_원자력및에너지공학부, 경상북도_동국대학교 WISE캠퍼스(제1캠퍼스)_에너지공학전공, 경상북도_동국대학교 WISE캠퍼스(제1캠퍼스)_원자력ㆍ에너지시스템공학전공, 경상북도_신경주대학교(제1캠퍼스)_신재생에너지학부, 경상북도_신경주대학교(제1캠퍼스)_스마트배터리학과, 경상북도_위덕대학교(제1캠퍼스)_신재생에너지공학과, 경상북도_위덕대학교(제1캠퍼스)_신재생에너지반도체공학부, 경상북도_위덕대학교(제1캠퍼스)_신재생에너지공학전공, 경상남도_경상국립대학교(제1캠퍼스)_에너지공학과, 경상남도_인제대학교(제1캠퍼스)_미래에너지공학과, 제주특별자치도_제주대학교(제1캠퍼스)_에너지공학전공","일반 선택: 대수, 미적분Ⅰ,확률과 통계, 물리학, 화학, 생명과학, 지구과학, 정보 등 | 진로 선택: 기하, 미적분Ⅱ, 역학과 에너지, 전자기와 양자, 물질과 에너지, 화학 반응의 세계, 세포와 물질대사, 지구시스템과학, 행성우주과학 등 | 융합 선택: 융합과학 탐구 등","공통과목: 수학, 과학, 기술ㆍ가정 | 일반선택과목: 수학교과 : 수학ⅠㆍⅡ, 미적분, 확률과 통계 | 진로선택과목: 기하, 물리학Ⅱ, 화학Ⅱ, 공학 일반 | 전문교과Ⅰ: 심화수학ⅠㆍⅡ, 고급 수학ⅠㆍⅡ, 고급 물리학, 물리학 실험, 고급 화학, 화학 실험, 생태와 환경, 과학과제연구 | 전문교과Ⅱ: 공업 일반, 냉동 공조 설계, 프로그래밍","신재생에너지발전설비기사(태양광), 에너지관리기사, 원자력기사, 전기기사",대체에너지개발연구원
350,역사교육과,"서울특별시_고려대학교(제1캠퍼스)_역사교육과, 서울특별시_동국대학교(제1캠퍼스)_역사교육과, 서울특별시_서울대학교(제1캠퍼스)_역사학부, 서울특별시_서울대학교(제1캠퍼스)_역사교육과, 서울특별시_총신대학교(제1캠퍼스)_역사교육과, 서울특별시_홍익대학교(제1캠퍼스)_역사교육과, 부산광역시_부산대학교(제1캠퍼스)_역사교육과, 부산광역시_신라대학교(제1캠퍼스)_역사교육과, 인천광역시_인천대학교(제1캠퍼스)_역사교육과, 대전광역시_한남대학교(제1캠퍼스)_역사교육과, 대구광역시_경북대학교(제1캠퍼스)_역사교육과, 광주광역시_전남대학교(제1캠퍼스)_역사교육과, 강원특별자치도_가톨릭관동대학교(제1캠퍼스)_역사교육과, 강원특별자치도_강원대학교(제1캠퍼스)_역사교육과, 충청북도_서원대학교(제1캠퍼스)_역사교육과, 충청북도_충북대학교(제1캠퍼스)_역사교육과, 충청북도_한국교원대학교(제1캠퍼스)_역사교육과, 충청남도_국립공주대학교(제1캠퍼스)_역사교육과, 전북특별자치도_우석대학교(제1캠퍼스)_역사교육과, 전북특별자치도_원광대학교(제1캠퍼스)_역사교육과, 전북특별자치도_전북대학교(제1캠퍼스)_역사교육과, 경상북도_대구가톨릭대학교(제1캠퍼스)_역사교육과, 경상북도_대구대학교(제1캠퍼스)_역사교육과, 경상남도_경상국립대학교(제1캠퍼스)_역사교육과, 경상남도_인제대학교(제1캠퍼스)_역사고고학과","일반 선택: 화법과 언어, 독서와 작문, 문학, 대수, 미적분Ⅰ, 확률과 통계, 영어Ⅰ, 영어Ⅱ, 영어 독해와 작문, 세계시민과 지리, 세계사, 사회와 문화, 현대사회와 윤리, 제2외국어 과목 등 | 진로 선택: 주제 탐구 독서, 영어 발표와 토론, 한국지리 탐구, 동아시아 역사기행, 정치, 법과 사회, 경제, 윤리와 사상, 국제 관계의 이해 등 | 융합 선택: 독서 토론과 글쓰기, 미디어 영어, 여행지리, 역사로 탐구하는 현대세계, 사회문제 탐구, 금융과 경제생활, 윤리문제 탐구 등","공통과목: 영어, 한문, 사회, 윤리 | 일반선택과목: 사회교과 : 세계사, 동아시아사, 생활과 윤리, 윤리와 사상 | 진로선택과목: 한문Ⅱ | 전문교과Ⅰ: 사회 탐구 방법 또는 사회과제 연구",중등학교2급정교사,고고학자
168,연예매니지먼트과,"서울특별시_명지전문대학(제1캠퍼스)_뷰티매니지먼트과 스타일디렉터전공, 서울특별시_명지전문대학(제1캠퍼스)_뷰티매니지먼트학과, 서울특별시_명지전문대학(제1캠퍼스)_뷰티매니지먼트과 메이크업네일전공, 서울특별시_명지전문대학(제1캠퍼스)_뷰티매니지먼트과 뷰티스킨케어전공, 경기도_국제대학교(제1캠퍼스)_엔터테인먼트학부, 경기도_국제대학교(제1캠퍼스)_연예기획마케팅전공(엔터테인먼트학부), 경기도_동원대학교(제1캠퍼스)_뷰티메이크업&매니지먼트과, 경기도_신안산대학교(제1캠퍼스)_연예매니지먼트과","일반 선택: 화법과 언어, 문학, 독서와 작문, 영어 독해와 작문, 세계시민과 지리, 세계사, 사회와 문화, 현대사회와 윤리, 음악, 미술, 연극, 정보, 제2외국어 등 | 진로 선택: 주제 탐구 독서, 문학과 영상, 영미 문학 읽기, 영어 발표와 토론, 동아시아 역사 기행, 정치, 법과 사회, 윤리와 사상, 인문학과 윤리, 미술 감상과 비평, 음악 감상과 비평 등 | 융합 선택: 독서 토론과 글쓰기, 메체 의사소통, 미디어 영어, 세계 문화와 영어, 사회문제 탐구, 음악과 미디어, 미술과 매체, 지식 재산 일반, 소프트웨어와 생활 등","공통과목: 미술, 윤리 | 일반선택과목: 예술교과 : 미술 | 진로선택과목: 미술 창작, 미술 감상과 비평 | 전문교과Ⅰ: 미술 이론, 미술사, 드로잉 미술 전공 실기 | 전문교과Ⅱ: 디자인 일반, 시각디자인, 색체 관리",컨벤션기획사,공연기획자
364,영어과,"서울특별시_명지전문대학(제1캠퍼스)_영어비즈니스전공, 서울특별시_배화여자대학교(제1캠퍼스)_글로벌커뮤니케이션과 영어전공, 서울특별시_배화여자대학교(제1캠퍼스)_비즈니스영어과, 서울특별시_서일대학교(제1캠퍼스)_비즈니스영어과, 서울특별시_서일대학교(제1캠퍼스)_비즈니스영어학과, 서울특별시_인덕대학교(제1캠퍼스)_비즈니스영어과, 서울특별시_한양여자대학교(제1캠퍼스)_실무영어과, 서울특별시_한양여자대학교(제1캠퍼스)_실무영어학과, 부산광역시_부산경상대학교(제1캠퍼스)_관광영어과, 부산광역시_부산경상대학교(제1캠퍼스)_항공관광영어과, 대구광역시_영진사이버대학교(제1캠퍼스)_글로벌실용영어학과, 대구광역시_영진사이버대학교(제1캠퍼스)_실용영어융합학과, 경기도_경기과학기술대학교(제1캠퍼스)_아동영어보육과, 경기도_경기과학기술대학교(제1캠퍼스)_아동영어보육학과, 경기도_동원대학교(제1캠퍼스)_실용영어전공, 경기도_세계사이버대학(제1캠퍼스)_실용영어학과, 경기도_안산대학교(제1캠퍼스)_항공관광영어과, 경기도_연성대학교(제1캠퍼스)_관광과 관광영어전공, 경기도_연성대학교(제1캠퍼스)_관광영어과, 경기도_장안대학교(제1캠퍼스)_글로벌비즈니스영어과, 경기도_장안대학교(제1캠퍼스)_자율융합계열 글로벌영어전공, 경기도_장안대학교(제1캠퍼스)_관광비즈니스영어과, 경기도_한국관광대학교(제1캠퍼스)_관광영어과, 강원특별자치도_한림성심대학교(제1캠퍼스)_관광영어과, 제주특별자치도_제주한라대학교(제1캠퍼스)_관광영어과","일반 선택: 영어I, 영어II, 영어 독해와 작문, 세계시민과 지리, 세계사, 사회와 문화 등 | 진로 선택: 영미 문학 읽기, 심화 영어, 심화 영어 독해와 작문, 국제 관계의 이해 등 | 융합 선택: 언어생활 탐구, 세계 문화와 영어, 여행지리 등","공통과목: 영어, 사회, 예술, 국어 | 일반선택과목: 영어교과 : 영어 회화, 영어Ⅰ, 영어 독해와 작문, 영어Ⅱ | 진로선택과목: 실용 영어, 영어권 문화, 진로 영어, 영미 문학 읽기, 음악ㆍ미술감상 비평 | 전문교과Ⅰ: 심화 영어, 심화 영어 회화, 심화 영어 독해, 심화 영어 작문 | 전문교과Ⅱ: [출처 : 세종특별자치시교육청, 보인다 시리즈 5.0 - 전공ㆍ적성 개발 길라잡이]","관광통역안내사, 어린이영어지도사, 영어번역능력인정, 유아영어지도사, 호텔관리사",관광통역안내원
365,영어교육과,"서울특별시_건국대학교(제1캠퍼스)_영어교육과, 서울특별시_고려대학교(제1캠퍼스)_영어교육과, 서울특별시_상명대학교(제1캠퍼스)_영어교육과, 서울특별시_서울대학교(제1캠퍼스)_영어교육과, 서울특별시_이화여자대학교(제1캠퍼스)_영어교육과, 서울특별시_중앙대학교(제1캠퍼스)_영어교육과, 서울특별시_총신대학교(제1캠퍼스)_영어교육과, 서울특별시_한국외국어대학교(제1캠퍼스)_영어교육과, 서울특별시_한양대학교(제1캠퍼스)_영어교육과, 서울특별시_홍익대학교(제1캠퍼스)_영어교육과, 부산광역시_부산교육대학교(제1캠퍼스)_영어교육과, 부산광역시_부산대학교(제1캠퍼스)_영어교육과, 부산광역시_신라대학교(제1캠퍼스)_영어교육과, 인천광역시_인천대학교(제1캠퍼스)_영어교육과, 인천광역시_인하대학교(제1캠퍼스)_영어교육과, 대전광역시_목원대학교(제1캠퍼스)_영어교육과, 대전광역시_충남대학교(제1캠퍼스)_영어교육과, 대전광역시_한남대학교(제1캠퍼스)_영어교육과, 대구광역시_경북대학교(제1캠퍼스)_영어교육과, 대구광역시_계명대학교(제1캠퍼스)_영어교육과, 광주광역시_광주교육대학교(제1캠퍼스)_영어교육과(심화전공), 광주광역시_전남대학교(제1캠퍼스)_영어교육과, 광주광역시_조선대학교(제1캠퍼스)_영어교육과, 강원특별자치도_가톨릭관동대학교(제1캠퍼스)_영어교육과, 강원특별자치도_강원대학교(제1캠퍼스)_영어교육과, 충청북도_서원대학교(제1캠퍼스)_영어교육과, 충청북도_충북대학교(제1캠퍼스)_영어교육과, 충청북도_한국교원대학교(제1캠퍼스)_영어교육과, 충청남도_국립공주대학교(제1캠퍼스)_영어교육과, 전북특별자치도_우석대학교(제1캠퍼스)_영어교육과, 전북특별자치도_원광대학교(제1캠퍼스)_영어교육과, 전북특별자치도_전북대학교(제1캠퍼스)_영어교육과, 전북특별자치도_전주교육대학교(제1캠퍼스)_영어교육과(심화전공), 전북특별자치도_전주대학교(제1캠퍼스)_영어교육과, 전라남도_국립목포대학교(제1캠퍼스)_영어교육과, 전라남도_국립순천대학교(제1캠퍼스)_영어교육과, 전라남도_세한대학교(제1캠퍼스)_영어교육과, 경상북도_국립경국대학교(제1캠퍼스)_영어교육과, 경상북도_대구가톨릭대학교(제1캠퍼스)_영어교육과, 경상북도_대구대학교(제1캠퍼스)_영어교육과, 경상북도_영남대학교(제1캠퍼스)_영어교육과, 경상남도_경남대학교(제1캠퍼스)_교양영어교육부, 경상남도_경남대학교(제1캠퍼스)_영어교육과, 경상남도_경상국립대학교(제1캠퍼스)_영어교육과, 경상남도_진주교육대학교(제1캠퍼스)_영어교육과(심화전공), 제주특별자치도_제주대학교(제1캠퍼스)_영어교육과","일반 선택: 화법과 언어, 독서와 작문, 문학, 대수, 미적분Ⅰ, 확률과 통계, 영어Ⅰ, 영어Ⅱ, 영어 독해와 작문, 세계시민과 지리, 세계사, 사회와 문화, 현대사회와 윤리, 제2외국어 과목 등 | 진로 선택: 주제 탐구 독서, 영어 발표와 토론, 심화 영어, 심화 영어 독해와 직문, 동아시아 역사 기행, 정치, 윤리와 사상, 제2외국어 회화 과목, 심화 제2외국어 과목 등 | 융합 선택: 독서 토론과 글쓰기, 언어생활 탐구, 실생활 영어 회화, 미디어 영어, 세계 문화와 영어, 사회문제 탐구, 제2외국어 문화 과목 등","공통과목: 영어, 사회, 윤리 | 일반선택과목: 영어교과 : 영어 회화, 영어Ⅰ, 영어 독해와 작문, 영어Ⅱ | 진로선택과목: 실용 영어, 영어권 문화, 진로 영어, 영미 문학 읽기 | 전문교과Ⅰ: 비교 문화 | 전문교과Ⅱ: 복지 서비스의 기초",중등학교2급정교사,교재및교구개발자
366,영어영문학과,"서울특별시_건국대학교(제1캠퍼스)_영어영문학과, 서울특별시_경기대학교(제2캠퍼스)_영어영문학과, 서울특별시_경희대학교(제1캠퍼스)_영어영문학과, 서울특별시_고려대학교(제1캠퍼스)_영어영문학과, 서울특별시_국민대학교(제1캠퍼스)_영미어문전공, 서울특별시_국민대학교(제1캠퍼스)_영어영문학부, 서울특별시_덕성여자대학교(제1캠퍼스)_영어영문학전공, 서울특별시_덕성여자대학교(제1캠퍼스)_영어영문학과, 서울특별시_동국대학교(제1캠퍼스)_영어영문학부, 서울특별시_동국대학교(제1캠퍼스)_영어영문학부 영어문학전공, 서울특별시_동국대학교(제1캠퍼스)_영어영문학부 영어통번역학전공, 서울특별시_명지대학교 인문캠퍼스(제2캠퍼스)_영어영문학과, 서울특별시_명지대학교 인문캠퍼스(제2캠퍼스)_영어영문학전공, 서울특별시_삼육대학교(제1캠퍼스)_영어영문학과, 서울특별시_삼육대학교(제1캠퍼스)_영어영문학부, 서울특별시_서강대학교(제1캠퍼스)_영문학부, 서울특별시_서강대학교(제1캠퍼스)_영문학부(영미어문전공), 서울특별시_서울과학기술대학교(제1캠퍼스)_영어영문학과, 서울특별시_서울대학교(제1캠퍼스)_영어영문학과, 서울특별시_서울시립대학교(제1캠퍼스)_영어영문학과, 서울특별시_서울여자대학교(제1캠퍼스)_영어영문학과, 서울특별시_성균관대학교(제1캠퍼스)_영어영문학과, 서울특별시_성신여자대학교(제1캠퍼스)_영어영문학과, 서울특별시_세종대학교(제1캠퍼스)_영어영문학전공/국제학부, 서울특별시_세종대학교(제1캠퍼스)_영어영문학과, 서울특별시_숙명여자대학교(제1캠퍼스)_테슬(TESL)전공, 서울특별시_숙명여자대학교(제1캠퍼스)_영어영문학전공, 서울특별시_숙명여자대학교(제1캠퍼스)_영어영문학부, 서울특별시_숭실대학교(제1캠퍼스)_영어영문학과, 서울특별시_연세대학교(제1캠퍼스)_영어영문학과, 서울특별시_이화여자대학교(제1캠퍼스)_영어영문학부, 서울특별시_이화여자대학교(제1캠퍼스)_영어영문학전공, 서울특별시_중앙대학교(제1캠퍼스)_영어영문학과, 서울특별시_한국방송통신대학교(제1캠퍼스)_영어영문학과, 서울특별시_한국외국어대학교(제1캠퍼스)_EICC학과, 서울특별시_한국외국어대학교(제1캠퍼스)_영미문학.문화학과, 서울특별시_한국외국어대학교(제1캠퍼스)_영어전공, 서울특별시_한성대학교(제1캠퍼스)_영어영문학부, 서울특별시_한양대학교(제1캠퍼스)_영어영문학과, 서울특별시_홍익대학교(제1캠퍼스)_영어영문학과, 부산광역시_경성대학교(제1캠퍼스)_영어영문학과, 부산광역시_국립부경대학교(제1캠퍼스)_영어영문학전공, 부산광역시_국립부경대학교(제1캠퍼스)_영어영문학부, 부산광역시_국립한국해양대학교(제1캠퍼스)_해양영어영문학과, 부산광역시_국립한국해양대학교(제1캠퍼스)_글로벌해양인문학부(해양영어영문학전공), 부산광역시_동아대학교(제1캠퍼스)_영어영문학과, 부산광역시_동의대학교(제1캠퍼스)_영어영문학과, 부산광역시_부산가톨릭대학교(제1캠퍼스)_글로벌한국학부, 부산광역시_부산대학교(제1캠퍼스)_영어영문학과, 부산광역시_부산외국어대학교(제1캠퍼스)_시민영어교육학과, 부산광역시_부산외국어대학교(제1캠퍼스)_영어학부(영어통번역전공), 부산광역시_부산외국어대학교(제1캠퍼스)_G2융합학과, 부산광역시_부산외국어대학교(제1캠퍼스)_영어학부(영어전공), 부산광역시_신라대학교(제1캠퍼스)_영어영문학과, 부산광역시_신라대학교(제1캠퍼스)_영어영미지역학전공, 인천광역시_인천대학교(제1캠퍼스)_영어영문학과, 인천광역시_인하대학교(제1캠퍼스)_영어영문학과, 대전광역시_국립한밭대학교(제1캠퍼스)_영어영문학과, 대전광역시_대전대학교(제1캠퍼스)_영미언어문화전공, 대전광역시_대전대학교(제1캠퍼스)_비즈니스영어학과, 대전광역시_목원대학교(제1캠퍼스)_영어영문학과, 대전광역시_배재대학교(제1캠퍼스)_영어영문학전공, 대전광역시_배재대학교(제1캠퍼스)_영어영문학과, 대전광역시_충남대학교(제1캠퍼스)_영어영문학과, 대전광역시_한남대학교(제1캠퍼스)_영어영문학전공, 대전광역시_한남대학교(제1캠퍼스)_아동영어학전공, 대전광역시_한남대학교(제1캠퍼스)_영어영문학과, 대구광역시_경북대학교(제1캠퍼스)_영어영문학과, 대구광역시_계명대학교(제1캠퍼스)_영어영문학과, 울산광역시_울산대학교(제1캠퍼스)_영어영문학전공, 광주광역시_광주여자대학교(제1캠퍼스)_어린이영어교육학과, 광주광역시_전남대학교(제1캠퍼스)_영어영문학과, 광주광역시_조선대학교(제1캠퍼스)_영어영문학과, 광주광역시_호남대학교(제1캠퍼스)_영어영문학과, 경기도_가천대학교(제1캠퍼스)_영미어문학과, 경기도_가톨릭대학교(제1캠퍼스)_영어영문학부, 경기도_경기대학교(제1캠퍼스)_영어영문학과, 경기도_단국대학교(제1캠퍼스)_영어영문학과, 경기도_대진대학교(제1캠퍼스)_영어영문학과, 경기도_성결대학교(제1캠퍼스)_영어영문학과, 경기도_수원대학교(제1캠퍼스)_영어영문학, 경기도_아주대학교(제1캠퍼스)_영어영문학과, 경기도_안양대학교(제1캠퍼스)_영미언어문화전공, 경기도_안양대학교(제1캠퍼스)_영어영문학과, 경기도_안양대학교(제1캠퍼스)_영미언어문화학과, 경기도_한경국립대학교(제1캠퍼스)_영미언어문화전공, 경기도_한국외국어대학교(제2캠퍼스)_영미문학번역전공, 경기도_한신대학교(제1캠퍼스)_영미문화학, 경기도_한신대학교(제1캠퍼스)_영어영문학과, 경기도_한양대학교 ERICA캠퍼스(제1캠퍼스)_영미언어문화학과, 강원특별자치도_가톨릭관동대학교(제1캠퍼스)_영어영문학과, 강원특별자치도_가톨릭관동대학교(제1캠퍼스)_영어영문학전공, 강원특별자치도_강원대학교(제2캠퍼스)_영미언어문화학과, 강원특별자치도_강원대학교(제1캠퍼스)_영어영문학전공, 강원특별자치도_강원대학교(제1캠퍼스)_영어영문학과, 강원특별자치도_국립강릉원주대학교(제1캠퍼스)_영어영문학과, 강원특별자치도_연세대학교 미래캠퍼스(제1캠퍼스)_영어영문학전공, 강원특별자치도_한림대학교(제1캠퍼스)_영어영문학과, 충청북도_건국대학교 글로컬캠퍼스(제1캠퍼스)_영어문화학과, 충청북도_건국대학교 글로컬캠퍼스(제1캠퍼스)_영어문화학전공, 충청북도_건국대학교 글로컬캠퍼스(제1캠퍼스)_영미어문학과, 충청북도_국립한국교통대학교(제1캠퍼스)_영어영문학과, 충청북도_국립한국교통대학교(제1캠퍼스)_영어영문학전공, 충청북도_청주대학교(제1캠퍼스)_영어영문학과, 충청북도_충북대학교(제1캠퍼스)_영어영문학과, 충청남도_국립공주대학교(제1캠퍼스)_영어영문학과, 충청남도_상명대학교(제2캠퍼스)_영어영문학전공, 충청남도_순천향대학교(제1캠퍼스)_영어영문학과, 충청남도_호서대학교(제2캠퍼스)_영어영문학과, 전북특별자치도_국립군산대학교(제1캠퍼스)_영어영문학과, 전북특별자치도_원광대학교(제1캠퍼스)_영어영문학과, 전북특별자치도_전북대학교(제1캠퍼스)_영어영문학과, 전북특별자치도_전주대학교(제1캠퍼스)_영미언어문화학과, 전북특별자치도_전주대학교(제1캠퍼스)_영어영문학과, 전라남도_국립목포대학교(제1캠퍼스)_영어영문학과, 전라남도_국립목포대학교(제1캠퍼스)_영어영문학, 경상북도_대구대학교(제1캠퍼스)_글로벌언어문화학부(영어영문학전공), 경상북도_동국대학교 WISE캠퍼스(제1캠퍼스)_영어영문학전공, 경상북도_동국대학교 WISE캠퍼스(제1캠퍼스)_영어영문학과, 경상북도_신경주대학교(제1캠퍼스)_국제관광영어과, 경상북도_영남대학교(제1캠퍼스)_영어영문학과, 경상남도_경상국립대학교(제1캠퍼스)_영어영문학과, 경상남도_경상국립대학교(제1캠퍼스)_영어영문학부 영어전공, 경상남도_경상국립대학교(제1캠퍼스)_영어영문학부 영어영문학전공, 경상남도_국립창원대학교(제1캠퍼스)_영어영문학과, 경상남도_영산대학교(제1캠퍼스)_영어전공, 제주특별자치도_제주대학교(제1캠퍼스)_영어영문학과, 세종특별자치시_고려대학교 세종캠퍼스(제1캠퍼스)_영미학전공, 세종특별자치시_고려대학교 세종캠퍼스(제1캠퍼스)_영어영문학과","일반 선택: 영어I, 영어II, 영어 독해와 작문, 세계시민과 지리, 세계사, 사회와 문화 등 | 진로 선택: 영미 문학 읽기, 심화 영어, 심화 영어 독해와 작문, 국제 관계의 이해 등 | 융합 선택: 언어생활 탐구, 세계 문화와 영어, 여행지리 등","공통과목: 영어, 사회, 예술, 국어 | 일반선택과목: 영어교과 : 영어 회화, 영어Ⅰ, 영어 독해와 작문, 영어Ⅱ | 진로선택과목: 실용 영어, 영어권 문화, 진로 영어, 영미 문학 읽기, 음악ㆍ미술감상 비평 | 전문교과Ⅰ: 심화 영어, 심화 영어 회화, 심화 영어 독해, 심화 영어 작문 | 전문교과Ⅱ: [출처 : 세종특별자치시교육청, 보인다 시리즈 5.0 - 전공ㆍ적성 개발 길라잡이]","관광통역안내사, 무역영어, 실용영어, 영어능력시험(Flex영어,TOEIC,TEPS,TOEFL등), 영어회화평가시험(ESPT), 외국어번역행정사, 호텔경영사, 호텔관리사",무역담당자
367,영어학과,"서울특별시_경희대학교(제1캠퍼스)_영어학부, 서울특별시_동덕여자대학교(제1캠퍼스)_글로벌지역학부 영어전공, 서울특별시_동덕여자대학교(제1캠퍼스)_영어과, 서울특별시_사이버한국외국어대학교(제1캠퍼스)_영어학부, 서울특별시_서울과학기술대학교(제1캠퍼스)_영어과, 서울특별시_서울디지털대학교(제1캠퍼스)_영어학과, 서울특별시_서울사이버대학교(제1캠퍼스)_실용영어학과, 서울특별시_성공회대학교(제1캠퍼스)_영어학과, 서울특별시_성공회대학교(제1캠퍼스)_영어학전공, 서울특별시_세종대학교(제1캠퍼스)_영어데이터융합전공, 서울특별시_숭실사이버대학교(제1캠퍼스)_실용영어학과, 서울특별시_한국열린사이버대학교(제1캠퍼스)_실용영어학과, 서울특별시_한국외국어대학교(제1캠퍼스)_영어대학[통합모집], 서울특별시_한국외국어대학교(제1캠퍼스)_영어학과, 서울특별시_한양사이버대학교(제1캠퍼스)_영어학과, 부산광역시_고신대학교(제1캠퍼스)_영어과, 부산광역시_고신대학교(제1캠퍼스)_영어전공, 부산광역시_동서대학교(제1캠퍼스)_영어학과, 부산광역시_동의대학교(제1캠퍼스)_영어학과, 부산광역시_부산외국어대학교(제1캠퍼스)_영어학부, 부산광역시_신라대학교(제1캠퍼스)_영어과, 대전광역시_목원대학교(제1캠퍼스)_영어학과, 대전광역시_배재대학교(제1캠퍼스)_영어과, 대전광역시_한국침례신학대학교(제1캠퍼스)_실용영어학과, 대전광역시_한남대학교(제1캠퍼스)_응용영어콘텐츠학과, 광주광역시_조선대학교(제1캠퍼스)_영어과, 광주광역시_호남대학교(제1캠퍼스)_영어학과, 경기도_서울신학대학교(제1캠퍼스)_영어과, 경기도_용인대학교(제1캠퍼스)_영어과, 경기도_한경국립대학교(제1캠퍼스)_영어학과, 경기도_한국외국어대학교(제2캠퍼스)_TESOL영어학전공, 경기도_한국항공대학교(제1캠퍼스)_영어학과, 경기도_한세대학교(제1캠퍼스)_영어학과, 강원특별자치도_강원대학교(제2캠퍼스)_영어전공, 강원특별자치도_강원대학교(제2캠퍼스)_영어과, 강원특별자치도_상지대학교(제1캠퍼스)_영어학과, 충청북도_건국대학교 글로컬캠퍼스(제1캠퍼스)_영어학과, 충청북도_서원대학교(제1캠퍼스)_영어전공, 충청남도_글로벌사이버대학교(제1캠퍼스)_실용영어학과, 충청남도_남서울대학교(제1캠퍼스)_영어과, 충청남도_단국대학교(제2캠퍼스)_영어과, 충청남도_상명대학교(제2캠퍼스)_영어권지역학전공, 충청남도_선문대학교(제1캠퍼스)_영어학과, 충청남도_청운대학교(제1캠퍼스)_글로벌학부(영어전공), 충청남도_한서대학교(제1캠퍼스)_영어학과, 전북특별자치도_우석대학교(제1캠퍼스)_영어과, 경상북도_대구가톨릭대학교(제1캠퍼스)_영어학과, 경상북도_대구가톨릭대학교(제1캠퍼스)_실무영어전공, 경상북도_대신대학교(제1캠퍼스)_상담영어학부, 경상남도_경남대학교(제1캠퍼스)_영어학과, 경상남도_영산대학교(제1캠퍼스)_영어학과","일반 선택: 영어I, 영어II, 영어 독해와 작문, 세계시민과 지리, 세계사, 사회와 문화 등 | 진로 선택: 영미 문학 읽기, 심화 영어, 심화 영어 독해와 작문, 국제 관계의 이해 등 | 융합 선택: 언어생활 탐구, 세계 문화와 영어, 여행지리 등","공통과목: 영어, 사회, 예술, 국어 | 일반선택과목: 영어교과 : 영어 회화, 영어Ⅰ, 영어 독해와 작문, 영어Ⅱ | 진로선택과목: 실용 영어, 영어권 문화, 진로 영어, 영미 문학 읽기, 음악ㆍ미술감상 비평 | 전문교과Ⅰ: 심화 영어, 심화 영어 회화, 심화 영어 독해, 심화 영어 작문 | 전문교과Ⅱ: [출처 : 세종특별자치시교육청, 보인다 시리즈 5.0 - 전공ㆍ적성 개발 길라잡이]","관광통역안내사, 국내여행안내사, 무역영어, 번역사능력인정시험(TCT)",번역가
368,영화과,"경기도_동아방송예술대학교(제1캠퍼스)_영화예술과, 세종특별자치시_한국영상대학교(제1캠퍼스)_영화영상학과, 세종특별자치시_한국영상대학교(제1캠퍼스)_영화영상과","일반 선택: 독서와 작문, 정보 등 | 진로 선택: 문학과 영상, 인공지능 기초, 데이터 과학 등 | 융합 선택: 매체 의사소통, 소프트웨어와 생활 등","공통과목: 음악, 윤리 | 일반선택과목: 예술교과 : 음악 | 진로선택과목: 음악 연주, 음악 감상과 비평 | 전문교과Ⅰ: 음악이론, 음악사, 시창ㆍ청음, 음악 전공 실기 | 전문교과Ⅱ: 음악 콘텐츠 제작","멀티미디어콘텐츠제작전문가, 영사산업기사",녹음기사
10046,예술치료과,"부산광역시_부산예술대학교(제1캠퍼스)_에이블아트자립과, 부산광역시_부산예술대학교(제1캠퍼스)_복지예술치료상담과, 경기도_경민대학교(제1캠퍼스)_아동미술지도과, 강원특별자치도_세경대학교(제1캠퍼스)_미술치료과","일반 선택: 물리학, 화학, 생명과학, 현대사회와 윤리 등 | 진로 선택: 세포와 물질대사, 생물의 유전, 법과 사회, 보건 등 | 융합 선택: 융합과학 탐구 등","공통과목: 영어, 과학 | 일반선택과목: 영어교과 : 영어Ⅰ, 영어Ⅱ, 영어 독해와 작문 | 진로선택과목: 생명과학Ⅱ | 전문교과Ⅰ: 체육지도법, 개인ㆍ대인 운동, 체육 전공 실기 응용 | 전문교과Ⅱ: 인체 구조와 기능, 기초 간호 임상 실무, 보건 간호","미술심리상담사, 음악심리상담사, 임상심리사, 청소년지도사, 평생교육사",미술치료사
369,예술학과,"서울특별시_광운대학교(제1캠퍼스)_교양학부(예체능계열), 서울특별시_서울과학기술대학교(제1캠퍼스)_문화예술학과, 서울특별시_한국예술종합학교(제1캠퍼스)_한국예술학과, 서울특별시_한성대학교(제1캠퍼스)_예술학부, 서울특별시_한양대학교(제1캠퍼스)_창의융합교육원(예체능), 서울특별시_홍익대학교(제1캠퍼스)_예술학과, 부산광역시_부산대학교(제1캠퍼스)_예술문화영상학과, 대전광역시_목원대학교(제1캠퍼스)_창의예술자율전공학부, 대전광역시_목원대학교(제1캠퍼스)_국제예술ㆍ한국어학부, 대전광역시_배재대학교(제1캠퍼스)_예체능계열, 대전광역시_배재대학교(제1캠퍼스)_토털라이프스타일링, 대전광역시_한남대학교(제1캠퍼스)_탈메이지교양ㆍ융합대학(예체능계열), 대전광역시_한남대학교(제1캠퍼스)_예술문화학과, 울산광역시_울산대학교(제1캠퍼스)_예술학부, 경기도_단국대학교(제1캠퍼스)_자유교양대학(예체능계열), 경기도_용인대학교(제1캠퍼스)_문화예술계열전공학부, 경기도_중앙대학교(제2캠퍼스)_글로벌예술학부, 경기도_평택대학교(제1캠퍼스)_피어선칼리지(예체능계열), 강원특별자치도_한라대학교(제1캠퍼스)_문화예술학과, 충청남도_단국대학교(제2캠퍼스)_예술대학, 충청남도_단국대학교(제2캠퍼스)_자유교양대학(예체능계열), 충청남도_상명대학교(제2캠퍼스)_계당교양교육원(예체능), 충청남도_한서대학교(제1캠퍼스)_예체능전공자율학과, 충청남도_호서대학교(제1캠퍼스)_문화예술학부, 전북특별자치도_원광대학교(제1캠퍼스)_예술학부, 경상북도_대구대학교(제1캠퍼스)_문화예술학부, 경상북도_대신대학교(제1캠퍼스)_문화예술학부, 제주특별자치도_제주국제대학교(제1캠퍼스)_예술학부","일반 선택: 화법과 언어, 문학, 연극 등 | 진로 선택: 문학과 영상, 연극과 몸, 연극과 말, 연기, 무대 미술과 기술, 연극제작 실습, 연극 감상과 비평 등 | 융합 선택: 매체 의사소통, 연극과 삶, 음악과 미디어, 미술과 매체 등","공통과목: 미술, 윤리 | 일반선택과목: 예술교과 : 미술 | 진로선택과목: 미술 창작, 미술 감상과 비평 | 전문교과Ⅰ: 미술 이론, 미술사, 드로잉, 미술 전공 실기 | 전문교과Ⅱ: 디자인 일반, 시각 디자인, 색채 관리","게임그래픽전문가, 게임기획전문가, 영사산업기사",게임기획자
10047,외국어학과,"서울특별시_강서대학교(제1캠퍼스)_외국어학부(영어전공), 서울특별시_고려사이버대학교(제1캠퍼스)_실용외국어학과, 서울특별시_한국외국어대학교(제1캠퍼스)_핵심외국어계열, 부산광역시_화신사이버대학교(제1캠퍼스)_실용외국어학과, 대전광역시_배재대학교(제1캠퍼스)_글로벌외국어자율전공학부, 광주광역시_광주대학교(제1캠퍼스)_외국어학부, 경기도_수원대학교(제1캠퍼스)_외국어학부, 충청북도_세명대학교(제1캠퍼스)_외국어학부, 충청남도_선문대학교(제1캠퍼스)_외국어자율전공학부 영어전공, 충청남도_선문대학교(제1캠퍼스)_외국어학부 영어학전공, 충청남도_선문대학교(제1캠퍼스)_외국어자율전공학부, 전라남도_세한대학교(제1캠퍼스)_관광외국어학과, 경상북도_대구가톨릭대학교(제1캠퍼스)_외국어자율전공학부","일반 선택: 영어I, 영어II, 영어 독해와 작문, 제2외국어, 한문, 세계시민과 지리, 세계사, 사회와 문화 등 | 진로 선택: 영어 발표와 토론, 심화 영어, 심화 영어 독해와 작문, 국제 관계의 이해, 제2외국어 회화, 심화 제2외국어 등 | 융합 선택: 언어생활 탐구, 실생활 영어 회화, 세계 문화와 영어, 여행지리, 제2외국어 문화 등","공통과목: 영어, 사회, 교양 | 일반선택과목: 영어교과 : 영어 회화, 영어Ⅰ, 영어 독해와 작문, 영어Ⅱ | 진로선택과목: 실용 영어, 영어권 문학, 진로 영어, 영미 문학 읽기, 사회문제 탐구, 고전과 윤리, 여행지리 | 전문교과Ⅰ: 심화 영어, 심화 영어 회화, 심화 영어 독해, 심화 영어 작문, 세계 문제와 미래 사회, 국제 관계와 국제기구, 사회과제 연구 | 전문교과Ⅱ: [출처 : 세종특별자치시교육청, 보인다 시리즈 5.0 - 전공ㆍ적성 개발 길라잡이]","관광통역안내사, 국내여행안내사",번역가
380,우주과학과,"서울특별시_세종대학교(제1캠퍼스)_물리천문학과, 대전광역시_충남대학교(제1캠퍼스)_천문우주과학과, 경기도_경희대학교(제2캠퍼스)_우주과학과","일반 선택: 대수, 미적분Ⅰ, 확률과 통계, 물리학, 화학, 지구과학, 정보 등 | 진로 선택: 기하, 미적분Ⅱ, 인공지능 수학, 역학과 메너지, 전자기와 양자, 지구시스템과학, 행성우주과학, 물질과 에너지 등 | 융합 선택: 수학과 문화, 융합과학 탐구 등","공통과목: 수학, 과학, 기술가정 | 일반선택과목: 수학교과 : 수학Ⅰ,Ⅱ, 미적분, 확률과 통계 | 진로선택과목: 기하, 수학과제 탐구, 물리학Ⅱ, 화학Ⅱ, 지구과학Ⅱ, 생활과 과학, 융합과학, 공학일반 | 전문교과Ⅰ: 심화 수학Ⅰ,Ⅱ, 고급 수학Ⅰ,Ⅱ, 고급 물리학, 물리학 실험, 고급 화학, 화학 실험, 고급 지구과학, 지구과학 실험, 정보과학, 융합과학탐구, 과학과제연구 | 전문교과Ⅱ: 공업 일반, 기계 일반, 기계 제도, 항공기 일반, 항공기 실무 기초, 항공기 기체 제작, 프로그래밍, 자료구조","대기환경기사, 전파전자통신기사",관제사
382,원예과,"대구광역시_계명문화대학교(제1캠퍼스)_플라워ㆍ가드닝과, 경기도_계원예술대학교(제1캠퍼스)_플라워디자인과, 경기도_계원예술대학교(제1캠퍼스)_화훼디자인과, 경기도_세계사이버대학(제1캠퍼스)_환경조경원예학과, 경기도_수원여자대학교(제1캠퍼스)_메디컬허브치유과, 경기도_신구대학교(제1캠퍼스)_가드닝전공(2년제), 경기도_신구대학교(제1캠퍼스)_가드닝전공, 경기도_신구대학교(제1캠퍼스)_원예디자인학과, 경기도_신구대학교(제1캠퍼스)_스마트가드닝전공, 경기도_신구대학교(제1캠퍼스)_정원문화산업전공, 경기도_신구대학교(제1캠퍼스)_환경원예전공(3년제), 강원특별자치도_강릉영동대학교(제1캠퍼스)_산림휴양레포츠학과, 강원특별자치도_강릉영동대학교(제1캠퍼스)_산림경영전공, 강원특별자치도_강릉영동대학교(제1캠퍼스)_산림복지학과, 강원특별자치도_강릉영동대학교(제1캠퍼스)_산림복지전공, 강원특별자치도_송곡대학교(제1캠퍼스)_산림치유학과, 강원특별자치도_송곡대학교(제1캠퍼스)_산림융합과, 강원특별자치도_송곡대학교(제1캠퍼스)_산림융합학과, 충청북도_충북보건과학대학교(제1캠퍼스)_평생직업융합학과, 충청남도_백석문화대학교(제1캠퍼스)_미래커리어개발학부(화훼플로리스트과), 충청남도_백석문화대학교(제1캠퍼스)_화훼플로리스트과, 충청남도_연암대학교(제1캠퍼스)_스마트원예전문기술석사과정, 충청남도_연암대학교(제1캠퍼스)_스마트원예학과, 충청남도_연암대학교(제1캠퍼스)_스마트원예계열, 전북특별자치도_군장대학교(제1캠퍼스)_스마트원예조경과, 전북특별자치도_전주기전대학(제1캠퍼스)_융합학과(자율전공_웰니스_산업체), 전북특별자치도_전주기전대학(제1캠퍼스)_허브조경과, 전북특별자치도_전주기전대학(제1캠퍼스)_허브조경과(웰니스), 전북특별자치도_전주기전대학(제1캠퍼스)_산림치유과(웰니스), 전북특별자치도_전주기전대학(제1캠퍼스)_산림치유과, 전북특별자치도_전주기전대학(제1캠퍼스)_웰니스산업계열(위탁), 전북특별자치도_전주기전대학(제1캠퍼스)_산림치유과(웰니스_산업체위탁), 전북특별자치도_한국농수산대학교(제1캠퍼스)_원예학부, 전북특별자치도_한국농수산대학교(제1캠퍼스)_원예환경시스템학과, 전북특별자치도_한국농수산대학교(제1캠퍼스)_원예환경시스템전공, 전북특별자치도_한국농수산대학교(제1캠퍼스)_화훼학과, 전북특별자치도_한국농수산대학교(제1캠퍼스)_화훼전공, 전라남도_전남과학대학교(제1캠퍼스)_화훼원예학과, 전라남도_전남과학대학교(제1캠퍼스)_스마트원예산업과, 전라남도_전남과학대학교(제1캠퍼스)_화훼원예과, 경상북도_안동과학대학교(제1캠퍼스)_원예조경과, 경상남도_경남도립남해대학(제1캠퍼스)_원예조경과, 제주특별자치도_제주한라대학교(제1캠퍼스)_환경원예과","일반 선택: 대수, 미적분Ⅰ, 확률과 통계, 화학, 생명과학, 지구과학, 정보 등 | 진로 선택: 미적분Ⅱ, 인공지능 수학, 한국지리 탐구, 물질과 에너지, 화학 반응의 세계, 세포와 물질대사, 생물의 유전, 지구시스템과학, 생활과 과학 탐구 등 | 융합 선택: 실용 통계, 기후변화와 환경생태 등","공통과목: 과학, 수학, 사회, 생활ㆍ교양 | 일반선택과목: 과학교과 : 생명과학Ⅰ, 화학Ⅰ, 물리Ⅰ, 지구과학Ⅰ | 진로선택과목: 생명과학Ⅱ, 융합과학, 생활과 과학, 화학Ⅱ, 공학일반, 창의경영, 지식 재산 일반, 농업생명과학, 사회문제 탐구 | 전문교과Ⅰ: 고급 생명과학, 생명과학 실험, 물리화학 실험, 융합과학 탐구, 과학 과제 연구, 생태와 환경, 정보과학 | 전문교과Ⅱ: 임산 가공, 제조화학, 생명공학 기술, 산림 자원","식물보호산업기사, 종자산업기사, 화훼장식기능사",과수작물재배자
383,원예학과,"서울특별시_삼육대학교(제1캠퍼스)_환경디자인원예학과, 대전광역시_배재대학교(제1캠퍼스)_원예산림학과, 대전광역시_충남대학교(제1캠퍼스)_원예학과, 대구광역시_경북대학교(제1캠퍼스)_원예과학과, 강원특별자치도_강원대학교(제1캠퍼스)_원예ㆍ농업자원경제학부, 강원특별자치도_강원대학교(제1캠퍼스)_원예과학전공, 강원특별자치도_강원대학교(제1캠퍼스)_원예학과, 충청북도_충북대학교(제1캠퍼스)_원예과학과, 충청남도_국립공주대학교(제3캠퍼스)_원예학과(성인학습자전담과정), 충청남도_국립공주대학교(제3캠퍼스)_원예학과, 전북특별자치도_전북대학교(제1캠퍼스)_원예학과, 전라남도_국립목포대학교(제1캠퍼스)_원예과학과, 전라남도_국립목포대학교(제1캠퍼스)_원예, 전라남도_국립목포대학교(제1캠퍼스)_원예산림학부, 전라남도_국립순천대학교(제1캠퍼스)_원예학과, 전라남도_국립순천대학교(제1캠퍼스)_원예학전공, 경상북도_국립경국대학교(제1캠퍼스)_스마트원예과학과, 경상북도_국립경국대학교(제1캠퍼스)_원예육종학과, 경상북도_국립경국대학교(제1캠퍼스)_스마트원예과학전공, 경상북도_대구가톨릭대학교(제1캠퍼스)_원예학과, 경상북도_대구대학교(제1캠퍼스)_원예학과, 경상북도_대구대학교(제1캠퍼스)_스마트원예학과, 경상남도_경상국립대학교(제1캠퍼스)_원예학과, 경상남도_경상국립대학교(제1캠퍼스)_원예과학부, 경상남도_부산대학교(제2캠퍼스)_원예생명과학과, 제주특별자치도_제주대학교(제1캠퍼스)_원예환경전공, 제주특별자치도_제주대학교(제1캠퍼스)_원예과학전공","일반 선택: 대수, 미적분Ⅰ, 확률과 통계, 화학, 생명과학, 지구과학, 정보 등 | 진로 선택: 미적분Ⅱ, 인공지능 수학, 한국지리 탐구, 물질과 에너지, 화학 반응의 세계, 세포와 물질대사, 생물의 유전, 지구시스템과학, 생활과 과학 탐구 등 | 융합 선택: 실용 통계, 기후변화와 환경생태 등","공통과목: 과학, 수학, 사회, 생활ㆍ교양 | 일반선택과목: 과학교과 : 생명과학Ⅰ, 화학Ⅰ, 물리Ⅰ, 지구과학Ⅰ | 진로선택과목: 생명과학Ⅱ, 융합과학, 생활과 과학, 화학Ⅱ, 공학일반, 창의경영, 지식 재산 일반, 농업생명과학, 사회문제 탐구 | 전문교과Ⅰ: 고급 생명과학, 생명과학 실험, 물리화학 실험, 융합과학 탐구, 과학 과제연구, 생태와 환경, 정보과학 | 전문교과Ⅱ: 임산 가공, 제조화학, 생명공학 기술, 산림자원","농림토양평가관리기사, 농산물품질관리기사, 산림경영기사, 산림공학기사, 시설원예기사, 식물보호기사, 원예치료사, 유기농업기사, 임업종묘기사, 조경기사, 종자기사, 화훼장식기사",교사
384,원자력공학과,"서울특별시_서울대학교(제1캠퍼스)_원자핵공학과, 서울특별시_세종대학교(제1캠퍼스)_원자력공학과, 서울특별시_세종대학교(제1캠퍼스)_양자원자력공학과, 서울특별시_한양대학교(제1캠퍼스)_원자력공학과, 대전광역시_한국과학기술원(제1캠퍼스)_원자력및양자공학과, 울산광역시_울산과학기술원(제1캠퍼스)_원자력공학과, 광주광역시_조선대학교(제1캠퍼스)_원자력공학과, 광주광역시_조선대학교(제1캠퍼스)_원자력공학과(계약학과), 경기도_경희대학교(제2캠퍼스)_원자력공학과, 경상남도_인제대학교(제1캠퍼스)_원자력응용공학부, 제주특별자치도_제주대학교(제1캠퍼스)_원자력공학과","일반 선택: 대수, 미적분Ⅰ,확률과 통계, 물리학, 화학, 생명과학, 지구과학, 정보 등 | 진로 선택: 기하, 미적분Ⅱ, 역학과 에너지, 전자기와 양자, 물질과 에너지, 화학 반응의 세계, 세포와 물질대사, 지구시스템과학, 행성우주과학 등 | 융합 선택: 융합과학 탐구 등","공통과목: 수학, 과학, 기술ㆍ가정 | 일반선택과목: 수학교과 : 수학ⅠㆍⅡ, 미적분, 확률과 통계 | 진로선택과목: 기하, 수학과제 탐구, 물리학Ⅱ, 화학Ⅱ, 생활과 과학, 융합과학, 공학 일반 | 전문교과Ⅰ: 심화수학ⅠㆍⅡ, 고급 수학ⅠㆍⅡ, 고급 물리학, 물리학 실험, 고급 화학, 화학 실험, 정보과학, 융합과학탐구, 과학과제연구, 생태와 환경, 세계문제와 미래 사회 | 전문교과Ⅱ: 공업 일반, 원자력 발전 설비 운용, 프로그래밍","방사성동위원소취급자일반면허, 방사성동위원소취급자특수면허, 원자력기사, 원자력발전기술사",물리학연구원
131,유럽ㆍ기타어과,,"일반 선택: 화법과 언어, 독서와 작문, 문학, 세계시민과 지리, 세계사, 사회와 문화, 제2외국어 등 | 진로 선택: 문학과 영상, 인문학과 윤리, 국제 관계의 이해, 제2외국어 회화, 심화 제2외국어 등 | 융합 선택: 언어생활 탐구, 여행지리, 역사로 탐구하는 현대 세계, 사회문제 탐구, 제2외국어 문화 등","공통과목: 제2외국어, 사회, 예술, 국어 | 일반선택과목: 외국어교과 : 프랑스어, 독일어, 영어 회화, 영어 | 진로선택과목: 프랑스어Ⅱ, 독일어Ⅱ, 심화 국어, 고전 읽기, 고전과 윤리, 사회문제 탐구, 여행지리, 음악ㆍ미술감상 비평 | 전문교과Ⅰ: 전공기초 프랑스어, 프랑스어 회화, 프랑스어권 문화, 국제 관계와 국제기구, 국제 경제, 국제 정치, 지역 이해. 사회과제 연구 | 전문교과Ⅱ: 서양 조리","번역능력인정시험(TCT)노어-한국어, 번역능력인정시험(TCT)독어-한국어, 번역능력인정시험(TCT)불어-한국어, 번역능력인정시험(TCT)서어-한국어",관세사
390,유아교육과,"서울특별시_명지전문대학(제1캠퍼스)_유아교육학과, 서울특별시_배화여자대학교(제1캠퍼스)_유아교육학과, 서울특별시_배화여자대학교(제1캠퍼스)_아동보육과, 서울특별시_배화여자대학교(제1캠퍼스)_유아교육과, 서울특별시_배화여자대학교(제1캠퍼스)_아동심리과, 서울특별시_백석예술대학교(제1캠퍼스)_유아교육과, 서울특별시_백석예술대학교(제1캠퍼스)_유아교육과(3년제), 서울특별시_삼육보건대학교(제1캠퍼스)_아동보육학과, 서울특별시_삼육보건대학교(제1캠퍼스)_아동보육과, 서울특별시_서일대학교(제1캠퍼스)_유아교육학과, 서울특별시_숭의여자대학교(제1캠퍼스)_유아교육과, 서울특별시_숭의여자대학교(제1캠퍼스)_아동보육학과, 서울특별시_숭의여자대학교(제1캠퍼스)_아동보육과, 서울특별시_숭의여자대학교(제1캠퍼스)_유아교육학과, 서울특별시_한양여자대학교(제1캠퍼스)_아동보육과, 서울특별시_한양여자대학교(제1캠퍼스)_아동보육학과, 서울특별시_한양여자대학교(제1캠퍼스)_유아교육과, 서울특별시_한양여자대학교(제1캠퍼스)_유아교육학과, 부산광역시_경남정보대학교(제1캠퍼스)_유아교육학과, 부산광역시_경남정보대학교(제1캠퍼스)_유아교육과, 부산광역시_동의과학대학교(제1캠퍼스)_유아교육학과, 부산광역시_동의과학대학교(제1캠퍼스)_유아교육과, 부산광역시_부산경상대학교(제1캠퍼스)_유아교육과(3년제), 부산광역시_부산경상대학교(제1캠퍼스)_유아교육학과(1년제), 부산광역시_부산과학기술대학교(제1캠퍼스)_유아교육과, 부산광역시_부산과학기술대학교(제1캠퍼스)_유아교육학과, 부산광역시_부산과학기술대학교(제1캠퍼스)_유아교육과(3년제), 부산광역시_부산보건대학교(제1캠퍼스)_유아교육학과, 부산광역시_부산보건대학교(제1캠퍼스)_유아교육과, 부산광역시_부산여자대학교(제1캠퍼스)_아동보육과, 부산광역시_부산여자대학교(제1캠퍼스)_유아교육과, 부산광역시_부산여자대학교(제1캠퍼스)_아동문화계열, 인천광역시_경인여자대학교(제1캠퍼스)_아동보육과, 인천광역시_경인여자대학교(제1캠퍼스)_아동미술보육과, 인천광역시_경인여자대학교(제1캠퍼스)_아동보육학과, 인천광역시_경인여자대학교(제1캠퍼스)_유아교육과, 인천광역시_경인여자대학교(제1캠퍼스)_아동미술보육학과, 인천광역시_경인여자대학교(제1캠퍼스)_유아교육학과, 인천광역시_재능대학교(제1캠퍼스)_아동보육과, 인천광역시_재능대학교(제1캠퍼스)_유아교육과, 인천광역시_재능대학교(제1캠퍼스)_유아교육학과(1년제), 대전광역시_대덕대학교(제1캠퍼스)_아동보육상담학과, 대전광역시_대덕대학교(제1캠퍼스)_유아교육과, 대전광역시_대전과학기술대학교(제1캠퍼스)_유아교육학과, 대전광역시_대전과학기술대학교(제1캠퍼스)_유아교육과, 대전광역시_대전보건대학교(제1캠퍼스)_유아교육과, 대전광역시_대전보건대학교(제1캠퍼스)_유아교육학과, 대전광역시_우송정보대학(제1캠퍼스)_아동보육복지과, 대전광역시_우송정보대학(제1캠퍼스)_유아교육과(3년제), 대구광역시_계명문화대학교(제1캠퍼스)_유아교육과, 대구광역시_계명문화대학교(제1캠퍼스)_아동보육과(2년제), 대구광역시_계명문화대학교(제1캠퍼스)_유아교육학과, 대구광역시_대구공업대학교(제1캠퍼스)_유아교육과, 대구광역시_대구과학대학교(제1캠퍼스)_유아교육학과, 대구광역시_대구과학대학교(제1캠퍼스)_유아교육과, 대구광역시_대구보건대학교(제1캠퍼스)_유아교육학과, 대구광역시_수성대학교(제1캠퍼스)_미술심리보육과, 대구광역시_수성대학교(제1캠퍼스)_유아교육학과, 대구광역시_수성대학교(제1캠퍼스)_유아교육과, 대구광역시_영진전문대학교(제1캠퍼스)_유아교육학과(1년제), 대구광역시_영진전문대학교(제1캠퍼스)_유아교육과, 울산광역시_울산과학대학교(제1캠퍼스)_유아교육과, 울산광역시_울산과학대학교(제1캠퍼스)_유아교육학과(1년제), 울산광역시_춘해보건대학교(제1캠퍼스)_유아교육학과, 울산광역시_춘해보건대학교(제1캠퍼스)_유아교육과, 광주광역시_광주보건대학교(제1캠퍼스)_유아교육학과, 광주광역시_동강대학교(제1캠퍼스)_보육복지과, 광주광역시_동강대학교(제1캠퍼스)_유아교육과, 광주광역시_동강대학교(제1캠퍼스)_유아교육학과, 경기도_경기과학기술대학교(제1캠퍼스)_아동보육학과, 경기도_경민대학교(제1캠퍼스)_영유아통합보육학과, 경기도_경민대학교(제1캠퍼스)_아동심리보육과, 경기도_경민대학교(제1캠퍼스)_아동보육과, 경기도_경민대학교(제1캠퍼스)_영유아통합보육과, 경기도_경민대학교(제1캠퍼스)_유아교육학과, 경기도_경민대학교(제1캠퍼스)_유아교육과, 경기도_경민대학교(제1캠퍼스)_아동심리보육학과, 경기도_경민대학교(제1캠퍼스)_아동보육학과, 경기도_경복대학교(제1캠퍼스)_영유아보육과, 경기도_경복대학교(제1캠퍼스)_아동상담보육과, 경기도_경복대학교(제1캠퍼스)_유아교육학과(1년제), 경기도_경복대학교(제1캠퍼스)_유아교육과, 경기도_국제대학교(제1캠퍼스)_유아교육과(3년제), 경기도_국제대학교(제1캠퍼스)_유아교육학과, 경기도_김포대학교(제1캠퍼스)_아동보육학과, 경기도_김포대학교(제1캠퍼스)_유아교육학과, 경기도_김포대학교(제1캠퍼스)_아동보육과, 경기도_김포대학교(제1캠퍼스)_유아교육과, 경기도_대림대학교(제1캠퍼스)_유아교육과(유아교육ㆍ보육학부), 경기도_대림대학교(제1캠퍼스)_아동보육과(유아교육ㆍ보육학부), 경기도_대림대학교(제1캠퍼스)_유아교육과, 경기도_동남보건대학교(제1캠퍼스)_유아교육과, 경기도_동남보건대학교(제1캠퍼스)_아동보육복지과, 경기도_동남보건대학교(제1캠퍼스)_유아교육학과, 경기도_동서울대학교(제1캠퍼스)_아동보육과(인문사회), 경기도_두원공과대학교(제1캠퍼스)_아동보육과, 경기도_두원공과대학교(제2캠퍼스)_보육복지과, 경기도_두원공과대학교(제1캠퍼스)_유아교육과, 경기도_두원공과대학교(제2캠퍼스)_사회복지보육과, 경기도_두원공과대학교(제1캠퍼스)_유아교육학과, 경기도_부천대학교(제1캠퍼스)_유아교육학과(1년과정), 경기도_부천대학교(제1캠퍼스)_영유아보육과, 경기도_부천대학교(제1캠퍼스)_아동보육학과, 경기도_부천대학교(제1캠퍼스)_유아교육과, 경기도_부천대학교(제1캠퍼스)_아동보육과, 경기도_서영대학교(제2캠퍼스)_아동보육과, 경기도_서영대학교(제2캠퍼스)_유아교육과, 경기도_서영대학교(제2캠퍼스)_유아교육학과, 경기도_서영대학교(제2캠퍼스)_아동보육학과, 경기도_서정대학교(제1캠퍼스)_유아교육학과(1년제), 경기도_서정대학교(제1캠퍼스)_유아교육과, 경기도_세계사이버대학(제1캠퍼스)_아동보육학과, 경기도_수원과학대학교(제1캠퍼스)_보육심리상담과, 경기도_수원과학대학교(제1캠퍼스)_아동보육상담과, 경기도_수원여자대학교(제1캠퍼스)_보육과, 경기도_수원여자대학교(제1캠퍼스)_유아교육과, 경기도_수원여자대학교(제1캠퍼스)_유아교육학과, 경기도_수원여자대학교(제1캠퍼스)_아동보육과(3년제), 경기도_신구대학교(제1캠퍼스)_유아교육과, 경기도_신구대학교(제1캠퍼스)_아동보육학과, 경기도_신구대학교(제1캠퍼스)_아동보육과, 경기도_신구대학교(제1캠퍼스)_유아교육학과, 경기도_신구대학교(제1캠퍼스)_보육복지과, 경기도_신안산대학교(제1캠퍼스)_아동보육과, 경기도_안산대학교(제1캠퍼스)_보육과, 경기도_안산대학교(제1캠퍼스)_유아교육학과, 경기도_안산대학교(제1캠퍼스)_유아교육과, 경기도_여주대학교(제1캠퍼스)_아동보육복지학과, 경기도_여주대학교(제1캠퍼스)_아동보육복지과, 경기도_연성대학교(제1캠퍼스)_사회복지과 아동심리보육전공(3년제), 경기도_연성대학교(제1캠퍼스)_유아교육학과, 경기도_연성대학교(제1캠퍼스)_유아교육과, 경기도_연성대학교(제1캠퍼스)_아동보육과, 경기도_오산대학교(제1캠퍼스)_유아교육과, 경기도_오산대학교(제1캠퍼스)_아동보육과, 경기도_오산대학교(제1캠퍼스)_유아교육학과, 경기도_용인예술과학대학교(제1캠퍼스)_유아교육학과, 경기도_용인예술과학대학교(제1캠퍼스)_유아교육과, 경기도_유한대학교(제1캠퍼스)_아동보육학과(3년제), 경기도_유한대학교(제1캠퍼스)_사회서비스학과 아동보육전공, 경기도_유한대학교(제1캠퍼스)_아동보육학과, 경기도_장안대학교(제1캠퍼스)_유아교육학과(1년제), 경기도_장안대학교(제1캠퍼스)_유아교육과, 경기도_청강문화산업대학교(제1캠퍼스)_유아교육과(3년제), 강원특별자치도_강릉영동대학교(제1캠퍼스)_유아교육과, 강원특별자치도_강릉영동대학교(제1캠퍼스)_영유아보육과, 강원특별자치도_강원도립대학교(제1캠퍼스)_유아안전보육과, 강원특별자치도_송곡대학교(제1캠퍼스)_유아교육과, 강원특별자치도_송곡대학교(제1캠퍼스)_유아교육학과, 강원특별자치도_송곡대학교(제1캠퍼스)_영유아교육학과, 강원특별자치도_한림성심대학교(제1캠퍼스)_유아교육과, 강원특별자치도_한림성심대학교(제1캠퍼스)_유아교육학과, 충청북도_강동대학교(제1캠퍼스)_유아교육학과(학사), 충청북도_강동대학교(제1캠퍼스)_유아교육학과, 충청북도_강동대학교(제1캠퍼스)_유아교육과, 충청북도_대원대학교(제1캠퍼스)_유아교육과, 충청북도_대원대학교(제1캠퍼스)_유아교육학과, 충청북도_충청대학교(제1캠퍼스)_유아교육과, 충청북도_충청대학교(제1캠퍼스)_아동보육과, 충청남도_백석문화대학교(제1캠퍼스)_유아교육과(3년제), 충청남도_백석문화대학교(제1캠퍼스)_유아교육학과(1년제), 충청남도_신성대학교(제1캠퍼스)_유아교육학과, 충청남도_신성대학교(제1캠퍼스)_유아교육과, 충청남도_혜전대학교(제1캠퍼스)_유아교육과, 충청남도_혜전대학교(제1캠퍼스)_유아교육학과, 전북특별자치도_원광보건대학교(제1캠퍼스)_유아교육학과, 전북특별자치도_원광보건대학교(제1캠퍼스)_아동보육과, 전북특별자치도_원광보건대학교(제1캠퍼스)_유아교육과, 전북특별자치도_전북과학대학교(제1캠퍼스)_유아교육과(3년제), 전북특별자치도_전주기전대학(제1캠퍼스)_유아교육과, 전북특별자치도_전주비전대학교(제1캠퍼스)_유아교육과, 전북특별자치도_전주비전대학교(제1캠퍼스)_유아교육학과, 전라남도_광양보건대학교(제1캠퍼스)_유아교육과, 전라남도_나주대학교(제1캠퍼스)_아동보육복지과, 전라남도_나주대학교(제1캠퍼스)_유아교육과, 전라남도_동아보건대학교(제1캠퍼스)_유아교육과, 전라남도_순천제일대학교(제1캠퍼스)_유아교육과, 전라남도_순천제일대학교(제1캠퍼스)_유아교육학과, 전라남도_전남도립대학교(제1캠퍼스)_사회복지보육과, 전라남도_전남도립대학교(제1캠퍼스)_유아교육과, 전라남도_청암대학교(제1캠퍼스)_유아교육과, 경상북도_가톨릭상지대학교(제1캠퍼스)_유아교육학과(1년제), 경상북도_가톨릭상지대학교(제1캠퍼스)_유아교육과, 경상북도_경북과학대학교(제1캠퍼스)_보육전공, 경상북도_경북과학대학교(제1캠퍼스)_유아교육과(3년제), 경상북도_경북과학대학교(제1캠퍼스)_유아교육학과, 경상북도_경북전문대학교(제1캠퍼스)_유아교육학과, 경상북도_경북전문대학교(제1캠퍼스)_유아교육과, 경상북도_구미대학교(제1캠퍼스)_유아교육과, 경상북도_구미대학교(제1캠퍼스)_유아교육학과(1년제), 경상북도_대경대학교(제1캠퍼스)_유아교육과, 경상북도_선린대학교(제1캠퍼스)_유아교육학과, 경상북도_선린대학교(제1캠퍼스)_유아교육과, 경상북도_성운대학교(제1캠퍼스)_아동보육복지학과, 경상북도_성운대학교(제1캠퍼스)_유아교육과, 경상북도_안동과학대학교(제1캠퍼스)_유아교육과, 경상북도_포항대학교(제1캠퍼스)_유아교육과, 경상북도_한국복지사이버대학교(제1캠퍼스)_영유아보육학과, 경상남도_거제대학교(제1캠퍼스)_유아교육과, 경상남도_거제대학교(제1캠퍼스)_유아교육과(2년제), 경상남도_김해대학교(제1캠퍼스)_유아교육과, 경상남도_동원과학기술대학교(제1캠퍼스)_유아교육과, 경상남도_동원과학기술대학교(제1캠퍼스)_유아교육학과, 경상남도_마산대학교(제1캠퍼스)_아동놀이방송심리과, 경상남도_마산대학교(제1캠퍼스)_영유아보육과, 경상남도_마산대학교(제1캠퍼스)_유아특수보육과, 경상남도_창원문성대학교(제1캠퍼스)_유아교육과, 제주특별자치도_제주관광대학교(제1캠퍼스)_유아교육학과, 제주특별자치도_제주관광대학교(제1캠퍼스)_유아교육과, 제주특별자치도_제주한라대학교(제1캠퍼스)_유아교육과, 제주특별자치도_제주한라대학교(제1캠퍼스)_유아교육학과(1년제)","일반 선택: 화법과 언어, 독서와 작문, 문학, 대수, 미적분Ⅰ, 확률과 통계, 영어Ⅰ, 영어Ⅱ, 영어 독해와 작문, 세계시민과 지리, 세계사, 사회와 문화, 현대사회와 윤리, 체육1, 체육2, 음악, 미술 등 | 진로 선택: 주제 탐구 독서, 영어 발표와 토론, 교육의 이해 등 | 융합 선택: 독서 토론과 글쓰기, 미디어 영어, 사회문제 탐구 등","공통과목: 국어, 영어, 사회, 윤리 | 일반선택과목: 사회교과 : 생활과 윤리, 윤리와 사상 | 진로선택과목: 음악 연주, 미술 창작 | 전문교과Ⅰ: 합창, 스포츠 개론, 체조 운동, 연극의 이해, 문예 창작 입문 | 전문교과Ⅱ: 인간 발달, 영ㆍ유아 놀이지도, 아동 생활지도, 아동 복지","보육교사, 유치원2급정교사",보육교사
391,유아교육학과,"서울특별시_덕성여자대학교(제1캠퍼스)_유아교육과, 서울특별시_명지대학교 인문캠퍼스(제2캠퍼스)_영유아교육상담학과, 서울특별시_삼육대학교(제1캠퍼스)_유아교육과, 서울특별시_서울한영대학교(제1캠퍼스)_아동보육학과, 서울특별시_성신여자대학교(제1캠퍼스)_유아교육과, 서울특별시_이화여자대학교(제1캠퍼스)_유아교육과, 서울특별시_중앙대학교(제1캠퍼스)_유아교육과, 서울특별시_총신대학교(제1캠퍼스)_유아교육과, 서울특별시_한국방송통신대학교(제1캠퍼스)_유아교육과, 서울특별시_한국성서대학교(제1캠퍼스)_영유아보육학과, 서울특별시_한국열린사이버대학교(제1캠퍼스)_아동보육학과, 부산광역시_경성대학교(제1캠퍼스)_유아교육과, 부산광역시_고신대학교(제1캠퍼스)_유아교육과, 부산광역시_국립부경대학교(제1캠퍼스)_유아교육과, 부산광역시_동명대학교(제1캠퍼스)_유아교육과, 부산광역시_동의대학교(제1캠퍼스)_유아교육과, 부산광역시_부산교육대학교(제1캠퍼스)_초등특수ㆍ유아교육과, 부산광역시_부산교육대학교(제1캠퍼스)_유아교육과, 부산광역시_부산대학교(제1캠퍼스)_유아교육과, 부산광역시_부산디지털대학교(제1캠퍼스)_아동보육교육학부, 부산광역시_신라대학교(제1캠퍼스)_유아교육과, 인천광역시_인천대학교(제1캠퍼스)_유아교육과, 대전광역시_대전대학교(제1캠퍼스)_아동교육상담학과, 대전광역시_목원대학교(제1캠퍼스)_유아교육과, 대전광역시_배재대학교(제1캠퍼스)_유아교육과, 대전광역시_우송대학교(제1캠퍼스)_유아교육과, 대전광역시_한국침례신학대학교(제1캠퍼스)_유아교육과, 대구광역시_계명대학교(제1캠퍼스)_유아교육과, 광주광역시_광신대학교(제1캠퍼스)_유아교육과, 광주광역시_광주대학교(제1캠퍼스)_유아교육과, 광주광역시_광주여자대학교(제1캠퍼스)_유아교육과, 광주광역시_남부대학교(제1캠퍼스)_유아교육과, 광주광역시_송원대학교(제1캠퍼스)_유아교육과, 광주광역시_전남대학교(제1캠퍼스)_유아교육과, 광주광역시_호남대학교(제1캠퍼스)_유아교육학과, 경기도_가천대학교(제1캠퍼스)_유아교육학과, 경기도_강남대학교(제1캠퍼스)_유아교육과, 경기도_경기대학교(제1캠퍼스)_유아교육과, 경기도_경동대학교(제4캠퍼스)_유아교육과, 경기도_동양대학교(제2캠퍼스)_유아교육과(동두천), 경기도_서울신학대학교(제1캠퍼스)_유아교육과, 경기도_서울신학대학교(제1캠퍼스)_아동보육학과, 경기도_서울신학대학교(제1캠퍼스)_보육학과, 경기도_성결대학교(제1캠퍼스)_유아교육과, 경기도_신한대학교(제2캠퍼스)_유아통합교육학과, 경기도_신한대학교(제2캠퍼스)_유아교육과, 경기도_안양대학교(제1캠퍼스)_유아교육과, 경기도_을지대학교(제2캠퍼스)_유아교육학과, 경기도_중부대학교(제2캠퍼스)_유아교육과, 경기도_칼빈대학교(제1캠퍼스)_아동보육학과, 경기도_한신대학교(제1캠퍼스)_아동보육전공, 경기도_협성대학교(제1캠퍼스)_아동보육학과, 강원특별자치도_강원대학교(제2캠퍼스)_유아교육과, 강원특별자치도_국립강릉원주대학교(제2캠퍼스)_유아교육과, 강원특별자치도_상지대학교(제1캠퍼스)_유아교육학과, 충청북도_건국대학교 글로컬캠퍼스(제1캠퍼스)_유아교육과, 충청북도_국립한국교통대학교(제1캠퍼스)_유아교육학과, 충청북도_서원대학교(제1캠퍼스)_유아교육과, 충청북도_한국교원대학교(제1캠퍼스)_유아교육과, 충청남도_건양대학교(제1캠퍼스)_아동교육학과, 충청남도_건양대학교(제1캠퍼스)_유아교육과, 충청남도_건양대학교(제1캠퍼스)_아동보육학과, 충청남도_국립공주대학교(제1캠퍼스)_유아교육과, 충청남도_백석대학교(제1캠퍼스)_유아교육과, 충청남도_순천향대학교(제1캠퍼스)_유아교육과, 충청남도_유원대학교(제2캠퍼스)_유아교육과, 충청남도_중부대학교(제1캠퍼스)_아동보육학전공, 충청남도_호서대학교(제2캠퍼스)_유아교육과, 전북특별자치도_원광대학교(제1캠퍼스)_유아교육과, 전북특별자치도_호원대학교(제1캠퍼스)_유아교육과, 전라남도_동신대학교(제1캠퍼스)_유아교육학과, 전라남도_목포가톨릭대학교(제1캠퍼스)_유아교육과, 전라남도_세한대학교(제1캠퍼스)_유아교육과, 경상북도_국립경국대학교(제1캠퍼스)_유아교육과, 경상북도_김천대학교(제1캠퍼스)_유아교육과, 경상북도_대구가톨릭대학교(제1캠퍼스)_유아교육과, 경상북도_대구대학교(제1캠퍼스)_유아교육과, 경상북도_동국대학교 WISE캠퍼스(제1캠퍼스)_불교아동보육학과, 경상북도_동국대학교 WISE캠퍼스(제1캠퍼스)_유아교육과, 경상북도_동국대학교 WISE캠퍼스(제1캠퍼스)_아동청소년교육학과, 경상북도_동양대학교(제1캠퍼스)_유아교육과, 경상북도_영남대학교(제1캠퍼스)_유아교육과, 경상북도_위덕대학교(제1캠퍼스)_유아교육과, 경상남도_가야대학교(제1캠퍼스)_유아교육과, 경상남도_경남대학교(제1캠퍼스)_유아교육과, 경상남도_경상국립대학교(제1캠퍼스)_유아교육과, 경상남도_국립창원대학교(제1캠퍼스)_유아교육과, 경상남도_인제대학교(제1캠퍼스)_유아교육과, 경상남도_창신대학교(제1캠퍼스)_유아교육과, 제주특별자치도_제주국제대학교(제1캠퍼스)_유아교육과","일반 선택: 화법과 언어, 독서와 작문, 문학, 대수, 미적분Ⅰ, 확률과 통계, 영어Ⅰ, 영어Ⅱ, 영어 독해와 작문, 세계시민과 지리, 세계사, 사회와 문화, 현대사회와 윤리, 체육1, 체육2, 음악, 미술 등 | 진로 선택: 주제 탐구 독서, 영어 발표와 토론, 교육의 이해 등 | 융합 선택: 독서 토론과 글쓰기, 미디어 영어, 사회문제 탐구 등","공통과목: 국어, 영어, 사회, 윤리 | 일반선택과목: 사회교과 : 생활과 윤리, 윤리와 사상 | 진로선택과목: 음악 연주, 미술 창작 | 전문교과Ⅰ: 합창, 스포츠 개론, 체조 운동, 연극의 이해, 문예 창작 입문 | 전문교과Ⅱ: 인간 발달, 영ㆍ유아 놀이지도, 아동 생활지도, 아동 복지","보육교사, 유치원2급정교사",사범계열교수
10032,유아특수재활과,"부산광역시_부산보건대학교(제1캠퍼스)_스페셜아트전공, 부산광역시_부산보건대학교(제1캠퍼스)_특수재활과, 경기도_안산대학교(제1캠퍼스)_언어치료아동보육과(자연과학), 경기도_연성대학교(제1캠퍼스)_유아특수재활과(3년제), 경상북도_호산대학교(제1캠퍼스)_특수직업재활과","일반 선택: 화법과 언어, 독서와 작문, 문학, 대수, 미적분Ⅰ, 확률과 통계, 영어Ⅰ, 영어Ⅱ, 영어 독해와 작문, 세계시민과 지리, 세계사, 사회와 문화, 현대사회와 윤리, 체육1, 체육2, 음악, 미술 등 | 진로 선택: 주제 탐구 독서, 영어 발표와 토론, 교육의 이해 등 | 융합 선택: 독서 토론과 글쓰기, 미디어 영어, 사회문제 탐구 등","공통과목: 국어, 영어, 사회, 윤리 | 일반선택과목: 사회교과 : 생활과 윤리, 윤리와 사상 | 진로선택과목: 음악 연주, 미술 창작 | 전문교과Ⅰ: 합창, 스포츠 개론, 체조 운동, 연극의 이해, 문예 창작 입문 | 전문교과Ⅱ: 인간 발달, 영ㆍ유아 놀이지도, 아동 생활지도, 아동 복지","보육교사, 보육시설특수교사, 사회복지사, 특수아동교육사, 특수재활교육사",놀이치료사
392,유전공학과,경기도_용인대학교(제1캠퍼스)_유도학과,"일반 선택: 대수, 미적분 Ⅰ, 확률과 통계, 물리학, 화학, 생명과학, 정보 등 | 진로 선택: 기하, 미적분Ⅱ, 물질과 에너지, 화학 반응의 세계, 세포와 물질대사, 생물의 유전 등 | 융합 선택: 융합과학 탐구, 기후변화와 지속가능한 세계 등","공통과목: 수학, 과학, 기술ㆍ가정 | 일반선택과목: 수학교과 : 수학ⅠㆍⅡ, 미적분, 확률과 통계 | 진로선택과목: 기하, 수학과제 탐구, 물리학Ⅱ, 화학Ⅱ, 생명과학Ⅱ, 생활과 과학, 융합과학, 공학 일반 | 전문교과Ⅰ: 심화수학ⅠㆍⅡ, 고급 수학ⅠㆍⅡ, 고급 물리학, 물리학 실험, 고급 생명과학, 생명과학 실험, 융합과학탐구, 과학과제연구, 생태와 환경 | 전문교과Ⅱ: 공업 일반, 인간과 환경, 생명 공학 기술, 육종, 프로그래밍","생물분류기사(동물,식물), 자연생태복원기사, 축산기사, 토양환경기사",생명과학연구원
21018,유통물류과,"서울특별시_숭의여자대학교(제1캠퍼스)_스토아매니지먼트과, 부산광역시_부산경상대학교(제1캠퍼스)_스마트물류무역과, 부산광역시_부산경상대학교(제1캠퍼스)_항공해운무역과, 부산광역시_부산경상대학교(제1캠퍼스)_스마트항만해운과, 인천광역시_경인여자대학교(제1캠퍼스)_무역학과, 인천광역시_경인여자대학교(제1캠퍼스)_국제무역과, 인천광역시_인하공업전문대학(제1캠퍼스)_물류시스템학과, 인천광역시_재능대학교(제1캠퍼스)_유통물류학과, 인천광역시_재능대학교(제1캠퍼스)_유통물류경영과, 인천광역시_재능대학교(제1캠퍼스)_유통물류과, 경기도_연성대학교(제1캠퍼스)_유통물류과, 경기도_장안대학교(제1캠퍼스)_물류무역과, 경기도_장안대학교(제1캠퍼스)_경영계열 글로벌물류전공, 경기도_장안대학교(제1캠퍼스)_물류경영과, 경기도_장안대학교(제1캠퍼스)_스마트물류드론과, 경상북도_경북보건대학교(제1캠퍼스)_스마트물류학과, 경상북도_경북보건대학교(제1캠퍼스)_스마트물류과, 제주특별자치도_제주관광대학교(제1캠퍼스)_스마트콜드체인과","일반 선택: 화법과 언어, 독서와 작문, 문학, 대수, 미적분I, 확률과 통계, 영어I, 영어II, 영어 독해와 작문, 세계시민과 지리, 세계사, 사회와 문화, 정보, 제2외국어 과목 등 | 진로 선택: 미적분II, 기하, 경제 수학, 영어 발표와 토론, 법과 사회, 경제, 윤리와 사상, 국제 관계의 이해, 인공지능 기초, 데이터 과학 등 | 융합 선택: 실용 통계, 수학과제 탐구, 실생활 영어 회화, 세계 문화와 영어, 사회문제 탐구, 금융과 경제생활, 제2외국어 문화 과목 등","공통과목: 영어, 사회, 생활ㆍ교양 | 일반선택과목: 영어교과 : 영어 회화, 영어I, 영어 독해와 작문, 영어Ⅱ | 진로선택과목: 실용 수학, 실용 영어, 영어권 문화, 진로 영어, 영미 문학 읽기, 사회문제 탐구, 창의 경영, 지식 재산 일반, 제2외국어Ⅱ 과목 | 전문교과Ⅰ: 정보과학, 국제 정치, 국제 경제, 국제법, 지역 이해, 비교 문화, 세계 문제와 미래 사회, 사회 탐구 방법 및 사회과제 연구 | 전문교과Ⅱ: 커뮤니케이션, 국제 상무, 기업과 경영, 비즈니스 영어","EPR관리사, 경영지도사, 관세사, 물류관리사, 유통관리사",경매사
63,윤리교육과,"서울특별시_서울대학교(제1캠퍼스)_윤리교육과, 서울특별시_성신여자대학교(제1캠퍼스)_윤리교육과, 부산광역시_경성대학교(제1캠퍼스)_윤리교육과, 부산광역시_부산교육대학교(제1캠퍼스)_윤리교육과, 부산광역시_부산대학교(제1캠퍼스)_윤리교육과, 인천광역시_인천대학교(제1캠퍼스)_윤리교육과, 대구광역시_경북대학교(제1캠퍼스)_윤리교육과, 광주광역시_광주교육대학교(제1캠퍼스)_윤리교육과(심화전공), 광주광역시_전남대학교(제1캠퍼스)_윤리교육과, 강원특별자치도_강원대학교(제1캠퍼스)_윤리교육과, 충청북도_서원대학교(제1캠퍼스)_윤리교육과, 충청북도_충북대학교(제1캠퍼스)_윤리교육과, 충청북도_한국교원대학교(제1캠퍼스)_윤리교육과, 충청남도_국립공주대학교(제1캠퍼스)_윤리교육과, 전북특별자치도_전북대학교(제1캠퍼스)_윤리교육과, 전북특별자치도_전주교육대학교(제1캠퍼스)_윤리교육과(심화전공), 전라남도_국립목포대학교(제1캠퍼스)_윤리교육과, 경상북도_국립경국대학교(제1캠퍼스)_윤리교육과, 경상남도_경상국립대학교(제1캠퍼스)_윤리교육과, 제주특별자치도_제주대학교(제1캠퍼스)_윤리교육과","일반 선택: 화법과 언어, 독서와 작문, 문학, 대수, 미적분Ⅰ, 확률과 통계, 영어Ⅰ, 영어Ⅱ, 영어 독해와 작문, 세계시민과 지리, 세계사, 사회와 문화, 현대사회와 윤리, 제2외국어 과목 등 | 진로 선택: 주제 탐구 독서, 영어 발표와 토론, 한국지리 탐구, 동아시아 역사기행, 정치, 법과 사회, 경제, 윤리와 사상, 국제 관계의 이해 등 | 융합 선택: 독서 토론과 글쓰기, 미디어 영어, 여행지리, 역사로 탐구하는 현대세계, 사회문제 탐구, 금융과 경제생활, 윤리문제 탐구 등","공통과목: 영어, 한문, 사회, 윤리 | 일반선택과목: 사회교과 : 생활과 윤리, 윤리와 사상 | 진로선택과목: 한문Ⅱ, 고전과 윤리 | 전문교과Ⅰ: 사회 탐구 방법 또는 사회과제 연구",중등학교2급정교사,교육학연구원
64,윤리학과,"서울특별시_동국대학교(제1캠퍼스)_철학윤리문화학부 윤리문화학 전공, 서울특별시_동국대학교(제1캠퍼스)_철학윤리문화학부 독어문화학 전공, 부산광역시_동아대학교(제1캠퍼스)_철학생명의료윤리학과","일반 선택: 독서와 작문, 문학, 사회와 문화, 현대사회와 윤리 등 | 진로 선택: 주제 탐구 독서, 영미 문학 일기, 윤리와 사상, 인문학과 윤리, 법과 사회, 인간과 철학, 논리와 사고, 인간과 심리 등 | 융합 선택: 매체 의사소통, 언어생활 탐구, 사회문제 탐구, 윤리문제 탐구, 지식 재산 일반, 논술 등","공통과목: 사회, 교양, 과학 | 일반선택과목: 사회교과 : 윤리와 사상, 생활과 윤리, 사회문화, 세계사 | 진로선택과목: 사회문제 탐구, 고전과 윤리, 과학사, 생활과 과학, 고전 읽기 | 전문교과Ⅰ: 사회과제 연구, 사회탐구 방법, 현대세계의 변화, 비교 문화, 세계 문제와 미래 사회 | 전문교과Ⅱ: [출처 : 세종특별자치시교육청, 보인다 시리즈 5.0 - 전공ㆍ적성 개발 길라잡이]",중등학교2급정교사,교수
395,음악과,"서울특별시_국제예술대학교(제1캠퍼스)_음악과, 서울특별시_명지전문대학(제1캠퍼스)_뮤직콘텐츠기획과, 서울특별시_명지전문대학(제1캠퍼스)_엔터비즈니스학과, 서울특별시_명지전문대학(제1캠퍼스)_엔터융합비즈니스학과, 서울특별시_명지전문대학(제1캠퍼스)_엔터융합비즈니스과, 서울특별시_백석예술대학교(제1캠퍼스)_음악학부, 서울특별시_인덕대학교(제1캠퍼스)_방송연예과(K-POP전공), 서울특별시_정화예술대학교(제2캠퍼스)_뮤직테크놀로지전공, 서울특별시_한양여자대학교(제1캠퍼스)_실용음악과(3년제), 부산광역시_대동대학교(제1캠퍼스)_생활문화음악과, 부산광역시_대동대학교(제1캠퍼스)_뉴뮤직과, 부산광역시_부산보건대학교(제1캠퍼스)_실용음악과(3년제), 부산광역시_부산예술대학교(제1캠퍼스)_실용음악학부 창작전공, 부산광역시_부산예술대학교(제1캠퍼스)_프로덕션학부 보컬디자인과, 부산광역시_부산예술대학교(제1캠퍼스)_프로덕션학부 한국전통음악과, 부산광역시_부산예술대학교(제1캠퍼스)_실용음악학부 연주전공, 부산광역시_부산예술대학교(제1캠퍼스)_실용음악과(3년제), 부산광역시_부산예술대학교(제1캠퍼스)_한국음악과, 부산광역시_부산예술대학교(제1캠퍼스)_프로덕션학부 더 플레이어 뮤직과, 부산광역시_부산예술대학교(제1캠퍼스)_실용음악학부 보컬전공, 부산광역시_부산예술대학교(제1캠퍼스)_프로덕션학부 뮤직크리에이터과, 인천광역시_재능대학교(제1캠퍼스)_실용음악과(3년제), 대전광역시_우송정보대학(제1캠퍼스)_글로벌실용예술학부, 대구광역시_계명문화대학교(제1캠퍼스)_공연음악학부, 경기도_경민대학교(제1캠퍼스)_라이프콘텐츠과, 경기도_경복대학교(제1캠퍼스)_실용음악과(3년제), 경기도_경복대학교(제1캠퍼스)_실용음악학과(1년제), 경기도_국제대학교(제1캠퍼스)_K-POP전공(엔터테인먼트학부), 경기도_대경대학교(제2캠퍼스)_K-모델연기과, 경기도_대경대학교(제2캠퍼스)_K-POP모던음악과, 경기도_대림대학교(제1캠퍼스)_방송음향네트워크과, 경기도_대림대학교(제1캠퍼스)_방송음향기술과, 경기도_대림대학교(제1캠퍼스)_방송음향기술전공(방송음향영상학부), 경기도_대림대학교(제1캠퍼스)_방송음향기술과(방송음향영상학부), 경기도_동서울대학교(제1캠퍼스)_보컬기악전공, 경기도_동서울대학교(제1캠퍼스)_뮤직프로덕션전공, 경기도_동아방송예술대학교(제1캠퍼스)_실용음악계열 성악 전공, 경기도_동아방송예술대학교(제1캠퍼스)_방송기술과 방송음향기술 전공, 경기도_동아방송예술대학교(제1캠퍼스)_기악과, 경기도_동아방송예술대학교(제1캠퍼스)_성악(보컬)과, 경기도_동아방송예술대학교(제1캠퍼스)_실용음악계열 기악 전공, 경기도_동아방송예술대학교(제1캠퍼스)_K-POP학과, 경기도_동아방송예술대학교(제1캠퍼스)_실용음악계열 작곡 전공, 경기도_동아방송예술대학교(제1캠퍼스)_작곡과, 경기도_동아방송예술대학교(제1캠퍼스)_방송연예계열 K-POP 전공, 경기도_서울예술대학교(제1캠퍼스)_한국음악전공, 경기도_신안산대학교(제1캠퍼스)_뉴케이팝학과, 경기도_여주대학교(제1캠퍼스)_실용음악과(3년제), 경기도_연성대학교(제1캠퍼스)_K-POP과(3년제), 경기도_오산대학교(제1캠퍼스)_보컬ㆍK-POP콘텐츠과, 경기도_용인예술과학대학교(제1캠퍼스)_실용음악보컬과, 경기도_장안대학교(제1캠퍼스)_실용음악 K_POP과, 강원특별자치도_강릉영동대학교(제1캠퍼스)_휴먼레저음악과, 강원특별자치도_강릉영동대학교(제1캠퍼스)_실용음악예술과, 강원특별자치도_강릉영동대학교(제1캠퍼스)_실용음악예술과(2년제), 강원특별자치도_송곡대학교(제1캠퍼스)_K-POP학과, 충청북도_강동대학교(제1캠퍼스)_실용음악학과(1년제), 충청북도_강동대학교(제1캠퍼스)_실용음악과(3년제), 충청북도_강동대학교(제1캠퍼스)_K-POP문화콘텐츠과, 충청북도_강동대학교(제1캠퍼스)_실용음악학과(학사), 충청북도_충청대학교(제1캠퍼스)_실용예술학부 실용음악과, 충청북도_충청대학교(제1캠퍼스)_예술학부 실용음악전공, 전북특별자치도_백제예술대학교(제1캠퍼스)_전자음악과, 전북특별자치도_백제예술대학교(제1캠퍼스)_미디어음악과, 전북특별자치도_백제예술대학교(제1캠퍼스)_뉴미디어뮤직과, 전북특별자치도_백제예술대학교(제1캠퍼스)_음악과, 전북특별자치도_백제예술대학교(제1캠퍼스)_K-POP뮤직프로덕션과, 전북특별자치도_전주기전대학(제1캠퍼스)_음악과(예체능), 전북특별자치도_전주기전대학(제1캠퍼스)_음악과, 전라남도_전남과학대학교(제1캠퍼스)_음악과, 전라남도_전남과학대학교(제1캠퍼스)_음악학과, 전라남도_전남도립대학교(제1캠퍼스)_공연음악과, 전라남도_전남도립대학교(제1캠퍼스)_공연음악과(3년), 경상북도_경북과학대학교(제1캠퍼스)_뮤직프로덕션과, 제주특별자치도_제주한라대학교(제1캠퍼스)_음악과, 세종특별자치시_한국영상대학교(제1캠퍼스)_음향제작학과(학사)","일반 선택: 화법과 언어, 독서와 작문, 문학, 영어Ⅰ, 영어Ⅱ, 영어 독해와 작문, 사회와 문화, 음악 등 | 진로 선택: 주제 탐구 독서, 심화 영어, 법과 사회, 경제, 윤리와 사상, 음악 연주와 창작, 음악 감상과 비평, 음악 이론, 음악사, 시창·청음, 음악 전공 실기, 합창·합주, 음악 공연 실습 등 | 융합 선택: 매체 의사소통, 미디어 영어, 세계 문화와 영어, 여행지리, 음악과 미디어, 음악과 문화 등","공통과목: 음악, 윤리 | 일반선택과목: 예술교과 : 음악 | 진로선택과목: 음악 연주, 음악 감상과 비평 | 전문교과Ⅰ: 음악이론, 음악사, 시창ㆍ청음, 음악 전공 실기 | 전문교과Ⅱ: 음악 콘텐츠 제작","음악심리상담사, 음악심리지도사, 피아노실기지도사, 피아노조율기능사",가수
10022,음악교육과,"서울특별시_건국대학교(제1캠퍼스)_음악교육과, 부산광역시_부산교육대학교(제1캠퍼스)_음악교육과, 대전광역시_목원대학교(제1캠퍼스)_음악교육과, 광주광역시_광주교육대학교(제1캠퍼스)_음악교육과(심화전공), 광주광역시_전남대학교(제1캠퍼스)_음악교육과, 광주광역시_조선대학교(제1캠퍼스)_음악교육과, 충청북도_서원대학교(제1캠퍼스)_음악교육과, 충청북도_청주대학교(제1캠퍼스)_음악교육과, 충청북도_한국교원대학교(제1캠퍼스)_음악교육과, 충청남도_국립공주대학교(제1캠퍼스)_음악교육과, 전북특별자치도_전주교육대학교(제1캠퍼스)_음악교육과(심화전공), 경상남도_경남대학교(제1캠퍼스)_음악교육과, 경상남도_경상국립대학교(제1캠퍼스)_음악교육과, 경상남도_진주교육대학교(제1캠퍼스)_음악교육과(심화전공)","일반 선택: 화법과 언어, 독서와 작문, 문학, 대수, 확률과 통계, 영어Ⅰ, 영어Ⅱ, 영어 독해와 작문, 사회와 문화, 음악 등 | 진로 선택: 주제 탐구 독서, 심화 영어, 법과 사회, 경제, 윤리와 사상, 음악 연주와 창작, 음악 감상과 비평, 음악 이론, 음악사, 시창·청음, 음악 전공 실기, 합창·합주, 음악 공연 실습 등 | 융합 선택: 매체 의사소통, 미디어 영어, 세계 문화와 영어, 여행지리, 음악과 미디어, 음악과 문화 등","공통과목: 음악, 윤리 | 일반선택과목: 예술교과 : 음악 | 진로선택과목: 음악 연주, 음악 감상과 비평 | 전문교과Ⅰ: 음악 이론, 음악사, 시창ㆍ청음, 음악 전공 실기 | 전문교과Ⅱ: 음악 콘텐츠 제작",중등학교2급정교사,공연기획자
396,음악학과,"서울특별시_강서대학교(제1캠퍼스)_음악콘텐츠학과, 서울특별시_동국대학교(제1캠퍼스)_뮤지컬전공, 서울특별시_동덕여자대학교(제1캠퍼스)_음악학부, 서울특별시_삼육대학교(제1캠퍼스)_음악학과, 서울특별시_상명대학교(제1캠퍼스)_음악학부, 서울특별시_서경대학교(제1캠퍼스)_뮤지컬전공, 서울특별시_서경대학교(제1캠퍼스)_음악학부, 서울특별시_서울기독대학교(제1캠퍼스)_공연음악학과, 서울특별시_서울기독대학교(제1캠퍼스)_음악전공, 서울특별시_서울기독대학교(제1캠퍼스)_음악학과, 서울특별시_서울기독대학교(제1캠퍼스)_뮤지컬전공, 서울특별시_서울대학교(제1캠퍼스)_음악학과, 서울특별시_서울시립대학교(제1캠퍼스)_음악학과, 서울특별시_서울한영대학교(제1캠퍼스)_공연음악예술학부, 서울특별시_서울한영대학교(제1캠퍼스)_음악예술학부, 서울특별시_서울한영대학교(제1캠퍼스)_음악과, 서울특별시_세종대학교(제1캠퍼스)_음악과, 서울특별시_숭실사이버대학교(제1캠퍼스)_음악학과, 서울특별시_연세대학교(제1캠퍼스)_교회음악과, 서울특별시_이화여자대학교(제1캠퍼스)_음악대학, 서울특별시_장로회신학대학교(제1캠퍼스)_교회음악학과, 서울특별시_총신대학교(제1캠퍼스)_교회음악과, 서울특별시_추계예술대학교(제1캠퍼스)_융합예술학부, 서울특별시_한국예술종합학교(제2캠퍼스)_지휘과, 서울특별시_한국예술종합학교(제1캠퍼스)_연희과, 서울특별시_한국예술종합학교(제1캠퍼스)_음악과, 서울특별시_한국예술종합학교(제2캠퍼스)_음악학과, 서울특별시_홍익대학교(제1캠퍼스)_공연예술학부(뮤지컬전공), 부산광역시_경성대학교(제1캠퍼스)_뮤지컬전공, 부산광역시_경성대학교(제1캠퍼스)_음악학부, 부산광역시_고신대학교(제1캠퍼스)_음악과, 부산광역시_동서대학교(제2캠퍼스)_뮤지컬과, 부산광역시_동아대학교(제1캠퍼스)_음악학과, 부산광역시_동아대학교(제1캠퍼스)_음악학과 피아노전공, 부산광역시_동아대학교(제1캠퍼스)_음악학과 관현악전공, 부산광역시_동의대학교(제1캠퍼스)_음악학과, 부산광역시_부산대학교(제1캠퍼스)_음악학과, 부산광역시_신라대학교(제1캠퍼스)_음악학과, 부산광역시_신라대학교(제1캠퍼스)_창조공연예술학부 음악전공, 대전광역시_목원대학교(제1캠퍼스)_공연콘텐츠학부 공연콘텐츠기획전공, 대전광역시_배재대학교(제1캠퍼스)_클래식음악전공, 대전광역시_충남대학교(제1캠퍼스)_음악과, 대전광역시_한국침례신학대학교(제1캠퍼스)_음악학부, 대전광역시_한국침례신학대학교(제1캠퍼스)_교회음악과, 대구광역시_경북대학교(제1캠퍼스)_음악학과(성악전공, 피아노전공, 작곡전공, 관현악전공, 이론전공), 울산광역시_울산대학교(제1캠퍼스)_음악학부, 울산광역시_울산대학교(제1캠퍼스)_예술학부(음악계열트랙), 광주광역시_광신대학교(제1캠퍼스)_음악학부, 광주광역시_전남대학교(제1캠퍼스)_음악학과, 광주광역시_호남신학대학교(제1캠퍼스)_음악학과, 광주광역시_호남신학대학교(제1캠퍼스)_교회음악학과, 경기도_가톨릭대학교(제1캠퍼스)_음악과, 경기도_강남대학교(제1캠퍼스)_음악학과, 경기도_강남대학교(제1캠퍼스)_예체능학부 음악학전공, 경기도_경희대학교(제2캠퍼스)_PostModern음악학과, 경기도_단국대학교(제1캠퍼스)_음악학부, 경기도_단국대학교(제1캠퍼스)_음악ㆍ예술대학, 경기도_서울신학대학교(제1캠퍼스)_교회음악과, 경기도_서울장신대학교(제1캠퍼스)_교회음악과, 경기도_성결대학교(제1캠퍼스)_음악학부, 경기도_성결대학교(제1캠퍼스)_공연음악예술학부, 경기도_안양대학교(제1캠퍼스)_음악전공, 경기도_안양대학교(제1캠퍼스)_음악학부, 경기도_안양대학교(제1캠퍼스)_음악학과, 경기도_예원예술대학교(제2캠퍼스)_음악전공, 경기도_중앙대학교(제2캠퍼스)_전통예술학부(음악예술전공), 경기도_중앙대학교(제2캠퍼스)_음악학부, 경기도_평택대학교(제1캠퍼스)_음악학과, 경기도_한세대학교(제1캠퍼스)_음악학과, 강원특별자치도_가톨릭관동대학교(제1캠퍼스)_음악학부, 강원특별자치도_가톨릭관동대학교(제1캠퍼스)_음악학과, 강원특별자치도_가톨릭관동대학교(제1캠퍼스)_음악전공, 강원특별자치도_강원대학교(제1캠퍼스)_음악학과, 강원특별자치도_강원대학교(제1캠퍼스)_글로벌공연콘텐츠학전공, 강원특별자치도_국립강릉원주대학교(제1캠퍼스)_음악학과, 충청북도_국립한국교통대학교(제1캠퍼스)_음악학과, 충청북도_서원대학교(제1캠퍼스)_음악과, 충청북도_서원대학교(제1캠퍼스)_음악학과, 충청북도_순복음총회신학교(제1캠퍼스)_음악학부, 충청북도_청주대학교(제1캠퍼스)_음악학과, 충청남도_나사렛대학교(제1캠퍼스)_음악학과, 충청남도_나사렛대학교(제1캠퍼스)_음악목회학전공, 충청남도_단국대학교(제2캠퍼스)_생활음악과, 충청남도_단국대학교(제2캠퍼스)_뉴뮤직과, 충청남도_호서대학교(제2캠퍼스)_음악전공, 전북특별자치도_국립군산대학교(제1캠퍼스)_음악과, 전북특별자치도_원광대학교(제1캠퍼스)_음악과, 전북특별자치도_전북대학교(제1캠퍼스)_음악과, 전북특별자치도_전주대학교(제1캠퍼스)_음악학과, 전라남도_국립목포대학교(제1캠퍼스)_음악공연기획과, 전라남도_국립목포대학교(제1캠퍼스)_음악학과, 경상북도_국립경국대학교(제1캠퍼스)_음악과, 경상북도_국립경국대학교(제1캠퍼스)_공연예술음악학전공, 경상북도_국립경국대학교(제1캠퍼스)_공연예술음악과, 경상북도_김천대학교(제1캠퍼스)_공연예술학부(공연예술전공), 경상북도_대구가톨릭대학교(제1캠퍼스)_음악ㆍ공연예술대학(유형2), 경상북도_대구가톨릭대학교(제1캠퍼스)_음악ㆍ공연예술대학, 경상북도_대구가톨릭대학교(제1캠퍼스)_음악학과, 경상북도_대구예술대학교(제1캠퍼스)_교회실용음악전공, 경상북도_대신대학교(제1캠퍼스)_교회실용음악학부, 경상북도_대신대학교(제1캠퍼스)_음악학부, 경상북도_신경주대학교(제1캠퍼스)_음악학과, 경상북도_신경주대학교(제1캠퍼스)_악기제작학과, 경상북도_신경주대학교(제1캠퍼스)_음악예술학부, 경상북도_영남대학교(제1캠퍼스)_음악과, 경상북도_영남대학교(제1캠퍼스)_음악학부, 경상남도_국립창원대학교(제1캠퍼스)_음악과, 경상남도_인제대학교(제1캠퍼스)_음악치료ㆍ공연예술학과, 경상남도_인제대학교(제1캠퍼스)_음악학과, 경상남도_창신대학교(제1캠퍼스)_음악학과, 제주특별자치도_제주대학교(제1캠퍼스)_작곡ㆍ성악ㆍ피아노전공, 제주특별자치도_제주대학교(제1캠퍼스)_음악학부","일반 선택: 화법과 언어, 독서와 작문, 문학, 영어Ⅰ, 영어Ⅱ, 영어 독해와 작문, 사회와 문화, 음악 등 | 진로 선택: 주제 탐구 독서, 심화 영어, 법과 사회, 경제, 윤리와 사상, 음악 연주와 창작, 음악 감상과 비평, 음악 이론, 음악사, 시창·청음, 음악 전공 실기, 합창·합주, 음악 공연 실습 등 | 융합 선택: 매체 의사소통, 미디어 영어, 세계 문화와 영어, 여행지리, 음악과 미디어, 음악과 문화 등","공통과목: 음악, 윤리 | 일반선택과목: 예술교과 : 음악 | 진로선택과목: 음악 연주, 음악 감상과 비평 | 전문교과Ⅰ: 음악이론, 음악사, 시창ㆍ청음, 음악 전공 실기 | 전문교과Ⅱ: 음악 콘텐츠 제작",피아노조율산업기사,국악인
398,음향제작과,"경기도_동아방송예술대학교(제1캠퍼스)_음향제작과, 경기도_동아방송예술대학교(제1캠퍼스)_음향제작학과, 세종특별자치시_한국영상대학교(제1캠퍼스)_음향제작과, 세종특별자치시_한국영상대학교(제1캠퍼스)_음향제작학과","일반 선택: 화법과 언어, 독서와 작문, 문학, 영어Ⅰ, 영어Ⅱ, 영어 독해와 작문, 사회와 문화, 음악 등 | 진로 선택: 주제 탐구 독서, 심화 영어, 법과 사회, 경제, 윤리와 사상, 음악 연주와 창작, 음악 감상과 비평, 음악 이론, 음악사, 시창·청음, 음악 전공 실기, 합창·합주, 음악 공연 실습 등 | 융합 선택: 매체 의사소통, 미디어 영어, 세계 문화와 영어, 여행지리, 음악과 미디어, 음악과 문화 등","공통과목: 음악, 윤리 | 일반선택과목: 예술교과 : 음악 | 진로선택과목: 음악 연주, 음악 감상과 비평 | 전문교과Ⅰ: 음악이론, 음악사, 시창ㆍ청음, 음악 전공 실기 | 전문교과Ⅱ: 음악 콘텐츠 제작","무대예술전문인(무대기계,조명,음향), 전자산업기사, 통신선로산업기사",게임사운드크리에이터
399,응급구조과,"부산광역시_대동대학교(제1캠퍼스)_응급구조과, 부산광역시_동의과학대학교(제1캠퍼스)_산업보건응급구조학과, 부산광역시_동의과학대학교(제1캠퍼스)_응급구조과, 부산광역시_부산보건대학교(제1캠퍼스)_응급구조과, 부산광역시_부산보건대학교(제1캠퍼스)_응급구조학과, 인천광역시_경인여자대학교(제1캠퍼스)_응급구조학과, 대전광역시_대전보건대학교(제1캠퍼스)_국방응급의료과, 대전광역시_대전보건대학교(제1캠퍼스)_응급구조과, 대전광역시_대전보건대학교(제1캠퍼스)_의무부사관과, 대전광역시_대전보건대학교(제1캠퍼스)_응급구조학과, 대구광역시_계명문화대학교(제1캠퍼스)_응급구조과, 대구광역시_대구보건대학교(제1캠퍼스)_응급구조학과, 대구광역시_영진전문대학교(제1캠퍼스)_응급구조과, 대구광역시_영진전문대학교(제1캠퍼스)_국방군사계열(응급구조의무부사관과), 울산광역시_춘해보건대학교(제1캠퍼스)_응급구조과, 울산광역시_춘해보건대학교(제1캠퍼스)_응급구조학과, 광주광역시_광주보건대학교(제1캠퍼스)_응급구조학과, 광주광역시_동강대학교(제1캠퍼스)_응급구조과, 광주광역시_서영대학교(제1캠퍼스)_응급구조과, 광주광역시_서영대학교(제1캠퍼스)_응급구조학과, 경기도_경민대학교(제1캠퍼스)_응급구조학과, 경기도_국제대학교(제1캠퍼스)_응급구조학과, 경기도_대림대학교(제1캠퍼스)_응급구조과, 경기도_동남보건대학교(제1캠퍼스)_응급구조학과, 경기도_동남보건대학교(제1캠퍼스)_전문응급구조학과, 경기도_동남보건대학교(제1캠퍼스)_응급구조과, 경기도_두원공과대학교(제2캠퍼스)_응급구조과, 경기도_부천대학교(제1캠퍼스)_응급구조학과, 경기도_서영대학교(제2캠퍼스)_응급구조과(파주), 경기도_서정대학교(제1캠퍼스)_응급구조과, 경기도_안산대학교(제1캠퍼스)_응급구조학과, 경기도_연성대학교(제1캠퍼스)_응급구조과(3년제), 경기도_유한대학교(제1캠퍼스)_응급구조과, 강원특별자치도_세경대학교(제1캠퍼스)_소방응급구조과, 충청북도_강동대학교(제1캠퍼스)_응급구조학과, 충청북도_강동대학교(제1캠퍼스)_응급구조과, 충청북도_강동대학교(제1캠퍼스)_의무부사관과, 충청북도_대원대학교(제1캠퍼스)_응급구조학과, 충청북도_대원대학교(제1캠퍼스)_응급구조과, 충청북도_충북보건과학대학교(제1캠퍼스)_응급구조과, 충청북도_충북보건과학대학교(제1캠퍼스)_응급구조학과, 충청북도_충청대학교(제1캠퍼스)_응급구조과, 전북특별자치도_원광보건대학교(제1캠퍼스)_의무부사관과, 전북특별자치도_원광보건대학교(제1캠퍼스)_응급구조과, 전북특별자치도_전주기전대학(제1캠퍼스)_응급구조과, 전북특별자치도_전주비전대학교(제1캠퍼스)_응급구조학과, 전라남도_광양보건대학교(제1캠퍼스)_응급구조과, 전라남도_동아보건대학교(제1캠퍼스)_응급구조과, 전라남도_청암대학교(제1캠퍼스)_응급구조학과, 전라남도_청암대학교(제1캠퍼스)_응급구조과, 경상북도_구미대학교(제1캠퍼스)_응급구조의무부사관과, 경상북도_구미대학교(제1캠퍼스)_응급구조학과, 경상북도_구미대학교(제1캠퍼스)_응급구조학부, 경상북도_선린대학교(제1캠퍼스)_응급구조과, 경상북도_선린대학교(제1캠퍼스)_응급구조학과, 경상북도_포항대학교(제1캠퍼스)_응급구조과, 경상남도_김해대학교(제1캠퍼스)_응급구조과, 경상남도_마산대학교(제1캠퍼스)_응급구조과, 경상남도_마산대학교(제1캠퍼스)_응급구조학과, 제주특별자치도_제주한라대학교(제1캠퍼스)_응급구조과","일반 선택: 확률과 통계, 화학, 생명과학, 현대사회와 윤리 등 | 진로 선택: 세포와 물질대사, 생물의 유전, 법과 사회, 보건 등 | 융합 선택: 생명과학 실험 등","공통과목: 영어, 과학, 체육 | 일반선택과목: 영어교과 : 영어Ⅰ, 영어Ⅱ, 영어 독해와 작문 | 진로선택과목: 생명과학Ⅱ, 스포츠 생활, 체육 탐구 | 전문교과Ⅰ: 고급 생명과학, 생명과학 실험, 과학과제 연구, 체육 전공 실기 응용, 개인ㆍ대인 운동 | 전문교과Ⅱ: 인체 구조와 기능, 기초 간호 임상 실무, 보건 간호","심폐소생술자격증, 응급구조사",소방관
10014,응급구조학과,"부산광역시_고신대학교(제1캠퍼스)_응급구조학과, 부산광역시_동명대학교(제1캠퍼스)_응급구조학과, 부산광역시_신라대학교(제1캠퍼스)_소방안전ㆍ응급구조학과, 인천광역시_가천대학교(제2캠퍼스)_응급구조학과, 대전광역시_건양대학교(제2캠퍼스)_응급구조학과, 대전광역시_대전대학교(제1캠퍼스)_응급구조학과, 대전광역시_목원대학교(제1캠퍼스)_응급구조학과, 대전광역시_우송대학교(제1캠퍼스)_응급구조학과, 광주광역시_광주대학교(제1캠퍼스)_응급구조학과, 광주광역시_남부대학교(제1캠퍼스)_응급구조학과, 광주광역시_호남대학교(제1캠퍼스)_응급구조학과, 경기도_을지대학교(제2캠퍼스)_응급구조학과, 강원특별자치도_강원대학교(제2캠퍼스)_응급구조학과, 강원특별자치도_경동대학교(제3캠퍼스)_응급구조학과, 충청북도_국립한국교통대학교(제2캠퍼스)_응급구조학과, 충청북도_서원대학교(제1캠퍼스)_응급구조학과, 충청북도_유원대학교(제1캠퍼스)_응급구조학과, 충청남도_국립공주대학교(제1캠퍼스)_응급구조학과, 충청남도_나사렛대학교(제1캠퍼스)_응급구조학과, 충청남도_남서울대학교(제1캠퍼스)_응급구조학과, 충청남도_백석대학교(제1캠퍼스)_응급구조학과, 충청남도_선문대학교(제1캠퍼스)_응급구조학과, 충청남도_중부대학교(제1캠퍼스)_응급구조학과, 전북특별자치도_우석대학교(제1캠퍼스)_응급구조학과, 전북특별자치도_원광대학교(제1캠퍼스)_응급구조학과, 전북특별자치도_호원대학교(제1캠퍼스)_응급구조학과, 전라남도_동신대학교(제1캠퍼스)_응급구조학과, 경상북도_경일대학교(제1캠퍼스)_응급구조학과, 경상북도_국립경국대학교(제2캠퍼스)_응급구조학과, 경상북도_대구대학교(제1캠퍼스)_응급구조학과, 경상북도_동양대학교(제1캠퍼스)_의무군사학과, 경상북도_동양대학교(제1캠퍼스)_의무군사학과(자연과학), 경상남도_경남대학교(제1캠퍼스)_응급구조학과, 경상남도_인제대학교(제1캠퍼스)_응급구조학과, 경상남도_창신대학교(제1캠퍼스)_응급구조학과","일반 선택: 확률과 통계, 화학, 생명과학, 현대사회와 윤리 등 | 진로 선택: 세포와 물질대사, 생물의 유전, 법과 사회, 보건 등 | 융합 선택: 생명과학 실험 등","공통과목: 영어, 과학, 체육 | 일반선택과목: 영어교과 : 영어Ⅰ, 영어Ⅱ, 영어 독해와 작문 | 진로선택과목: 생명과학Ⅱ, 스포츠 생활, 체육 탐구 | 전문교과Ⅰ: 고급 생명과학, 생명과학 실험, 과학과제 연구, 체육 전공 실기 응용, 개인ㆍ대인 운동 | 전문교과Ⅱ: 인체 구조와 기능, 기초 간호 임상 실무, 보건 간호","심폐소생술자격증, 응급구조사",소방관
21019,응용미술학과,"서울특별시_건국대학교(제1캠퍼스)_현대미술학과, 서울특별시_동덕여자대학교(제1캠퍼스)_미술학부 큐레이터학전공, 서울특별시_동덕여자대학교(제1캠퍼스)_큐레이터학과, 서울특별시_상명대학교(제1캠퍼스)_미술학부 생활예술전공, 서울특별시_서울여자대학교(제1캠퍼스)_현대미술전공, 서울특별시_성신여자대학교(제1캠퍼스)_창의융합학부(예체능전공), 서울특별시_한성대학교(제1캠퍼스)_AI응용학과, 서울특별시_한성대학교(제1캠퍼스)_뷰티매니지먼트학과, 서울특별시_한양대학교(제1캠퍼스)_응용미술교육과, 서울특별시_홍익대학교(제1캠퍼스)_섬유미술ㆍ패션디자인과, 부산광역시_경성대학교(제1캠퍼스)_현대미술학과, 부산광역시_동아대학교(제1캠퍼스)_현대미술학과, 대전광역시_목원대학교(제1캠퍼스)_AI응용학과, 광주광역시_조선대학교(제1캠퍼스)_문화콘텐츠학부(시각문화큐레이터전공), 경기도_경기대학교(제1캠퍼스)_입체조형학과, 충청북도_청주대학교(제1캠퍼스)_비주얼아트학과, 전라남도_국립목포대학교(제1캠퍼스)_뉴아트영상 애니메이션, 전라남도_국립목포대학교(제1캠퍼스)_아트앤디자인학부, 경상북도_대구가톨릭대학교(제1캠퍼스)_인터미디어아트과, 경상북도_대구대학교(제1캠퍼스)_융합예술학부(아트앤디자인전공), 경상북도_대구예술대학교(제1캠퍼스)_아트&이노베이션전공","일반 선택: 화법과 언어, 독서와 작문, 문학, 영어 Ⅰ, 영어Ⅱ, 영어 독해와 작문, 세계사, 미술 등 | 진로 선택: 주제 탐구 독서, 문학과 영상, 미술 창작, 미술 감상과 비평, 인간과 철학, 인간과 심리 등 | 융합 선택: 매체 의사소통, 미디어 영어, 세계 문화와 영어, 여행지리, 미술과 매체 등","공통과목: 미술, 윤리 | 일반선택과목: 예술교과 : 미술 | 진로선택과목: 미술 창작, 미술 감상과 비평 | 전문교과Ⅰ: 미술 이론, 미술사, 드로잉 미술 전공 실기 | 전문교과Ⅱ: 디자인 일반, 시각디자인, 색체 관리","박물관및미술관준학예사, 시각디자인기사",중등학교교사
402,의료보장구과,"부산광역시_부산보건대학교(제1캠퍼스)_의료공학과, 부산광역시_부산보건대학교(제1캠퍼스)_디지털헬스케어과, 인천광역시_재능대학교(제1캠퍼스)_바이오테크과, 대구광역시_계명문화대학교(제1캠퍼스)_의료기기과, 대구광역시_영남이공대학교(제1캠퍼스)_의료기기과, 대구광역시_한국폴리텍 VI 대학 대구캠퍼스(제1캠퍼스)_디지털헬스케어과, 울산광역시_울산과학대학교(제1캠퍼스)_인공지능기반텔레헬스학과, 광주광역시_서영대학교(제1캠퍼스)_인공지능바이오헬스융합학과, 경기도_국제대학교(제1캠퍼스)_의료IT학과, 경기도_대림대학교(제1캠퍼스)_의공융합과, 경기도_대림대학교(제1캠퍼스)_바이오헬스케어학과, 경기도_동남보건대학교(제1캠퍼스)_의료영상3D모델링과, 경기도_동남보건대학교(제1캠퍼스)_의료영상3D모델링융합과, 경기도_동남보건대학교(제1캠퍼스)_의료인공지능학과, 경기도_동남보건대학교(제1캠퍼스)_보건3D프린팅융합과, 경기도_여주대학교(제1캠퍼스)_의료재활과학과, 경기도_유한대학교(제1캠퍼스)_의료뷰티학과 스킨케어전공, 강원특별자치도_강릉영동대학교(제1캠퍼스)_의료기기과, 충청북도_충북도립대학교(제1캠퍼스)_스마트헬스과, 충청북도_충청대학교(제1캠퍼스)_보건3D프린팅정보과, 전라남도_순천제일대학교(제1캠퍼스)_의료재활학과, 경상북도_안동과학대학교(제1캠퍼스)_의료공학과, 경상남도_김해대학교(제1캠퍼스)_AI융합의료과","일반 선택: 대수, 확률과 통계, 미적분 Ⅰ, 인공지능 수학, 세계시민과 지리, 사회와 문화, 정보 등 | 진로 선택: 기하, 미적분Ⅱ, 도시의 미래 탐구, 경제, 로봇과 공학세계, 인공지능 기초, 데이터 과학 등 | 융합 선택: 실용 통계, 사회문제 탐구, 금융과 경제생활, 윤리문제 탐구, 창의공학 설계, 소프트웨어와 생활 등","공통과목: 영어, 과학 | 일반선택과목: 영어교과 : 영어Ⅰ, 영어Ⅱ, 영어 독해와 작문 | 진로선택과목: 화학Ⅱ, 생명과학Ⅱ | 전문교과Ⅰ: 고급 화학, 화학 실험, 고급 생명과학, 생명과학 실험, 과학 과제 연구 | 전문교과Ⅱ: 인체 구조와 기능, 기초 간호 임상 실무, 보건 간호","보조공학사, 의지보조기기사",보조공학사
404,의료정보공학과,"서울특별시_세종대학교(제1캠퍼스)_공간정보공학과, 인천광역시_인하대학교(제1캠퍼스)_공간정보공학과, 대전광역시_건양대학교(제2캠퍼스)_의료인공지능학과, 대전광역시_건양대학교(제2캠퍼스)_의공학부, 대전광역시_건양대학교(제2캠퍼스)_의료IT공학과, 경기도_대진대학교(제1캠퍼스)_의료IT융합전공, 경기도_을지대학교(제2캠퍼스)_스마트의료정보학부, 경기도_을지대학교(제2캠퍼스)_의료공학과, 경기도_을지대학교(제2캠퍼스)_의료공학전공, 경기도_을지대학교(제2캠퍼스)_의료전산학 전공, 강원특별자치도_가톨릭관동대학교(제1캠퍼스)_의료IT학과, 강원특별자치도_가톨릭관동대학교(제1캠퍼스)_의료공학과, 강원특별자치도_상지대학교(제1캠퍼스)_디지털헬스케어학과, 강원특별자치도_연세대학교 미래캠퍼스(제1캠퍼스)_의공학부, 충청북도_건국대학교 글로컬캠퍼스(제1캠퍼스)_의학공학부, 충청북도_건국대학교 글로컬캠퍼스(제1캠퍼스)_의학공학전공, 충청북도_중원대학교(제1캠퍼스)_의료공학과, 충청남도_국립공주대학교(제1캠퍼스)_의료정보학과, 충청남도_국립공주대학교(제2캠퍼스)_반도체정보공학전공, 충청남도_나사렛대학교(제1캠퍼스)_재활융합기술학과, 충청남도_순천향대학교(제1캠퍼스)_의료IT공학과, 전라남도_전남대학교(제2캠퍼스)_의공학부, 경상북도_대구가톨릭대학교(제1캠퍼스)_의료공학과, 경상북도_대구한의대학교(제1캠퍼스)_디지털재활의료공학전공, 경상북도_대구한의대학교(제1캠퍼스)_의료공학전공, 경상북도_대구한의대학교(제1캠퍼스)_재활의료공학전공, 경상남도_인제대학교(제1캠퍼스)_의공학부, 경상남도_인제대학교(제1캠퍼스)_의료ㆍ헬스케어IT공학과, 세종특별자치시_고려대학교 세종캠퍼스(제1캠퍼스)_디지털헬스케어공학과","일반 선택: 대수, 확률과 통계, 미적분 Ⅰ, 물리학, 화학, 생명과학, 지구과학, 정보등 | 진로 선택: 기하, 미적분Ⅱ, 인공지능 수학, 역학과 에너지, 전자기와 양자, 물질과 에너지, 화학 반응의 세계, 세포와 물질대사, 생물의 유전, 지구시스템과학, 행성우주과학, 로봇과 공학세계, 생활과학 탐구, 인공지능 기초, 데이터 과학 등 | 융합 선택: 실용 통계, 수학과제 탐구, 융합과학 탐구, 사회문제 탐구, 창의 공학 설계, 소프트웨어와 생활 등","공통과목: 영어, 수학, 과학, 기술가정 | 일반선택과목: 영어교과 : 영어Ⅰ, 영어Ⅱ, 영어 독해와 작문 | 진로선택과목: 화학Ⅱ, 생명과학Ⅱ, 지식 재산 일반 | 전문교과Ⅰ: 정보 과학, 과학 과제 연구 | 전문교과Ⅱ: 빅데이터 분석, 정보 보호 관리, 정보 처리와 관리","의공기사, 의공산업기사, 의지보조기기사, 전기기사, 전자기사, 치과기공사면허",의료장비생산관리원
405,의료정보시스템과,"강원특별자치도_한국폴리텍 III 대학 원주캠퍼스(제1캠퍼스)_의료공학과(융합시스템제어), 강원특별자치도_한림성심대학교(제1캠퍼스)_의료기기정보과(자연)","일반 선택: 대수, 확률과 통계, 미적분 Ⅰ, 물리학, 화학, 생명과학, 지구과학, 정보등 | 진로 선택: 기하, 미적분Ⅱ, 인공지능 수학, 역학과 에너지, 전자기와 양자, 물질과 에너지, 화학 반응의 세계, 세포와 물질대사, 생물의 유전, 지구시스템과학, 행성우주과학, 로봇과 공학세계, 생활과학 탐구, 인공지능 기초, 데이터 과학 등 | 융합 선택: 실용 통계, 수학과제 탐구, 융합과학 탐구, 사회문제 탐구, 창의 공학 설계, 소프트웨어와 생활 등","공통과목: 영어, 수학, 과학, 기술가정 | 일반선택과목: 영어교과 : 영어Ⅰ, 영어Ⅱ, 영어 독해와 작문 | 진로선택과목: 화학Ⅱ, 생명과학Ⅱ, 지식 재산 일반 | 전문교과Ⅰ: 정보 과학, 과학 과제 연구 | 전문교과Ⅱ: 빅데이터 분석, 정보 보호 관리, 정보 처리와 관리","병원코디네이터, 병원행정사, 의료정보관리사, 컴퓨터활용능력",병원행정사
407,의류ㆍ의상학과,"서울특별시_경희대학교(제1캠퍼스)_의상학과, 서울특별시_디지털서울문화예술대학교(제1캠퍼스)_패션산업학과, 서울특별시_상명대학교(제1캠퍼스)_외식의류학부 의류학전공, 서울특별시_서울대학교(제1캠퍼스)_의류학과, 서울특별시_서울디지털대학교(제1캠퍼스)_패션학과, 서울특별시_서울여자대학교(제1캠퍼스)_패션산업학과, 서울특별시_성균관대학교(제1캠퍼스)_의상학과, 서울특별시_성신여자대학교(제2캠퍼스)_의류학과, 서울특별시_성신여자대학교(제2캠퍼스)_의류산업학과, 서울특별시_숙명여자대학교(제1캠퍼스)_의류학과, 서울특별시_연세대학교(제1캠퍼스)_의류환경학과, 서울특별시_이화여자대학교(제1캠퍼스)_의류산업학과, 서울특별시_이화여자대학교(제1캠퍼스)_의류학전공, 서울특별시_중앙대학교(제1캠퍼스)_의학부(의학), 서울특별시_한국방송통신대학교(제1캠퍼스)_생활과학부 의류패션학전공, 서울특별시_한성대학교(제1캠퍼스)_패션학부, 서울특별시_한양대학교(제1캠퍼스)_의류학과, 부산광역시_부산대학교(제1캠퍼스)_의류학과, 인천광역시_인천대학교(제1캠퍼스)_패션산업학과, 대전광역시_배재대학교(제1캠퍼스)_의류패션학과, 대전광역시_충남대학교(제1캠퍼스)_의류학과, 대전광역시_한남대학교(제1캠퍼스)_의류학전공, 대전광역시_한남대학교(제1캠퍼스)_의류학과, 대구광역시_경북대학교(제1캠퍼스)_의류학과, 대구광역시_계명대학교(제2캠퍼스)_패션마케팅학과, 울산광역시_울산대학교(제1캠퍼스)_의류학전공, 광주광역시_전남대학교(제1캠퍼스)_의류학과, 경기도_가천대학교(제1캠퍼스)_패션산업학과, 경기도_가톨릭대학교(제1캠퍼스)_의류학과, 경기도_수원대학교(제1캠퍼스)_의류학과, 경기도_중부대학교(제2캠퍼스)_토탈패션산업학과, 경기도_중앙대학교(제2캠퍼스)_의류학과, 경기도_한경국립대학교(제1캠퍼스)_의류산업학전공, 경기도_한경국립대학교(제1캠퍼스)_의류산업학과, 강원특별자치도_상지대학교(제1캠퍼스)_패션뷰티학부, 충청북도_서원대학교(제1캠퍼스)_패션의류학과, 충청북도_충북대학교(제1캠퍼스)_의류학과, 충청남도_국립공주대학교(제1캠퍼스)_의류상품학과, 전북특별자치도_국립군산대학교(제1캠퍼스)_의류학부, 전북특별자치도_전북대학교(제1캠퍼스)_의류학과, 전북특별자치도_전주대학교(제1캠퍼스)_패션산업학과, 전라남도_국립목포대학교(제1캠퍼스)_패션의류학과, 경상북도_국립경국대학교(제1캠퍼스)_패션라이프스타일학과, 경상북도_국립경국대학교(제1캠퍼스)_의류학과, 경상북도_국립경국대학교(제1캠퍼스)_패션라이프스타일학전공, 경상북도_영남대학교(제1캠퍼스)_의류패션학과, 경상남도_경남대학교(제1캠퍼스)_의류산업학과, 경상남도_경상국립대학교(제1캠퍼스)_의류학과, 경상남도_국립창원대학교(제1캠퍼스)_의류학과, 제주특별자치도_제주대학교(제1캠퍼스)_패션의류학과","일반 선택: 대수, 미적분Ⅰ, 확률과 통계, 사회와 문화, 세계사, 화학, 생명과학, 기술·가정, 정보 등 | 진로 선택: 미적분Ⅱ, 경제, 물질과 에너지, 화학 반응의 세계, 생활과학 탐구 등 | 융합 선택: 실용 통계 등","공통과목: 예술, 생활ㆍ교양, 사회, 과학, 영어 | 일반선택과목: 예술ㆍ과학교과 : 미술, 화학Ⅰ | 진로선택과목: 미술 감상과 비평, 미술 창작, 사회문제 탐구, 여행지리, 고전과 윤리, 가정 과학, 화학Ⅱ, 융합과학, 생활과 과학, 진로영어 | 전문교과Ⅰ: 사회과제 연구, 사회탐구 방법, 비교문화, 융합과학탐구, 화학실험, 과학과제연구, 현대 세계의 변화, 드로잉, 평면조형, 입체조형, 매체미술 | 전문교과Ⅱ: 색채관리, 컴퓨터그래픽, 디자인일반","섬유디자인산업기사, 의류기사, 컬러리스트, 패션디자인산업기사, 패션머천다이징산업기사",디스플레이어
408,의무행정과,"서울특별시_명지전문대학(제1캠퍼스)_보건의료정보과, 서울특별시_삼육보건대학교(제1캠퍼스)_의료정보과, 서울특별시_한국폴리텍 I 대학 서울강서캠퍼스(제1캠퍼스)_의료정보과, 서울특별시_한양여자대학교(제1캠퍼스)_사무행정과, 부산광역시_경남정보대학교(제1캠퍼스)_병원의료행정과, 부산광역시_부산경상대학교(제1캠퍼스)_보건의료행정과(3년제), 부산광역시_부산과학기술대학교(제1캠퍼스)_보건의료행정과(3년제), 부산광역시_부산과학기술대학교(제1캠퍼스)_의무행정과, 부산광역시_부산보건대학교(제1캠퍼스)_보건의료행정과(3년제), 인천광역시_재능대학교(제1캠퍼스)_보건의료행정과(3년제), 대전광역시_대덕대학교(제1캠퍼스)_의료정보과, 대전광역시_대전보건대학교(제1캠퍼스)_의무행정정보과, 대전광역시_대전보건대학교(제1캠퍼스)_보건의료정보과, 대전광역시_대전보건대학교(제1캠퍼스)_의무행정과, 대전광역시_대전보건대학교(제1캠퍼스)_의료경영과, 대전광역시_우송정보대학(제1캠퍼스)_병원행정과, 대구광역시_대구과학대학교(제1캠퍼스)_의무행정과, 대구광역시_대구과학대학교(제1캠퍼스)_의료보험서비스학과, 대구광역시_대구보건대학교(제1캠퍼스)_스마트의료IT과, 대구광역시_영남이공대학교(제1캠퍼스)_보건의료행정학과(1년제), 대구광역시_영남이공대학교(제1캠퍼스)_보건의료행정과(3년제), 대구광역시_영진전문대학교(제1캠퍼스)_보건의료행정과(3년제), 광주광역시_광주보건대학교(제1캠퍼스)_병원전산관리학과, 광주광역시_서영대학교(제1캠퍼스)_보험의료서비스과, 광주광역시_조선이공대학교(제1캠퍼스)_보건의료행정과(3년제), 경기도_경기과학기술대학교(제1캠퍼스)_보건의료행정학과(3년제), 경기도_경민대학교(제1캠퍼스)_보건의료행정과(3년제), 경기도_경민대학교(제1캠퍼스)_보건의료행정학과(1년제), 경기도_동원대학교(제1캠퍼스)_보건의료행정과(3년제), 경기도_두원공과대학교(제2캠퍼스)_병원의료행정과(3년제), 경기도_두원공과대학교(제2캠퍼스)_병원의료행정과, 경기도_두원공과대학교(제1캠퍼스)_보건의료행정과(3년제), 경기도_부천대학교(제1캠퍼스)_보건의료행정학과(3년제), 경기도_서영대학교(제2캠퍼스)_보건의료행정과(3년제), 경기도_신구대학교(제1캠퍼스)_보건의료행정과(3년제), 경기도_신구대학교(제1캠퍼스)_보건의료행정학과(3년제), 경기도_안산대학교(제1캠퍼스)_의료정보과, 경기도_안산대학교(제1캠퍼스)_보건의료정보학과, 경기도_용인예술과학대학교(제1캠퍼스)_보건의료정보과, 경기도_용인예술과학대학교(제1캠퍼스)_보건의료정보과(2년제), 경기도_용인예술과학대학교(제1캠퍼스)_의료정보과, 경기도_장안대학교(제1캠퍼스)_글로벌자율계열 의료코디네이션전공, 강원특별자치도_강릉영동대학교(제1캠퍼스)_의료코디네이터과, 강원특별자치도_세경대학교(제1캠퍼스)_병원의료정보과, 강원특별자치도_한림성심대학교(제1캠퍼스)_의무행정과, 강원특별자치도_한림성심대학교(제1캠퍼스)_의무행정학과, 충청북도_대원대학교(제1캠퍼스)_보건의료행정과(3년제), 충청북도_충청대학교(제1캠퍼스)_보건의료정보과, 충청남도_신성대학교(제1캠퍼스)_보건의료행정과(3년제), 충청남도_혜전대학교(제1캠퍼스)_보건의료정보과(3년제), 충청남도_혜전대학교(제1캠퍼스)_보건의료행정과(3년제), 전북특별자치도_원광보건대학교(제1캠퍼스)_의무행정학과, 전북특별자치도_원광보건대학교(제1캠퍼스)_의무행정과, 전북특별자치도_전주비전대학교(제1캠퍼스)_보건의료정보관리학과, 전라남도_목포과학대학교(제1캠퍼스)_의료복지행정과, 전라남도_순천제일대학교(제1캠퍼스)_보건의료행정과(3년제), 전라남도_청암대학교(제1캠퍼스)_병원의료정보과, 경상북도_구미대학교(제1캠퍼스)_보건의료행정과(3년제), 경상남도_김해대학교(제1캠퍼스)_보건의료정보과, 경상남도_마산대학교(제1캠퍼스)_보건의료정보과","일반 선택: 화법과 언어, 독서와 작문, 문학, 확률과 통계, 영어 Ⅰ,영어프, 영어 독해와 작문, 세계시민과 지리, 사회와 문화, 현대사회와 윤리, 생명과학, 정보, 제2외국어 과목, 한문 등 | 진로 선택: 주제 탐구 독서, 영어 발표와 토론, 정치, 법과 사회, 경제, 윤리와 사상, 국제 관계의 이해, 생물의 유전 등 | 융합 선택: 독서 토론과 글쓰기, 실용 통계, 수학과제 탐구, 사회문제 탐구, 기후변화와 지속가능한 세계, 융합과학 탐구, 보건 등","공통과목: 영어, 수학, 과학, 기술가정 | 일반선택과목: 영어교과 : 영어Ⅰ, 영어Ⅱ, 영어 독해와 작문 | 진로선택과목: 화학Ⅱ, 생명과학Ⅱ, 지식 재산 일반 | 전문교과Ⅰ: 정보 과학, 과학 과제 연구 | 전문교과Ⅱ: 빅데이터 분석, 정보 보호 관리, 정보 처리와 관리","건강보험사, 병원행정사, 보건교육사, 의무기록사",병원코디네이터
413,의예과,"서울특별시_가톨릭대학교(제2캠퍼스)_의예과, 서울특별시_가톨릭대학교(제2캠퍼스)_의학과, 서울특별시_경희대학교(제1캠퍼스)_의학과, 서울특별시_경희대학교(제1캠퍼스)_의예과(자연계열), 서울특별시_고려대학교(제1캠퍼스)_의학과, 서울특별시_고려대학교(제1캠퍼스)_의예과, 서울특별시_서울대학교(제1캠퍼스)_의예과, 서울특별시_서울대학교(제2캠퍼스)_의학과, 서울특별시_성신여자대학교(제2캠퍼스)_글로벌의과학과, 서울특별시_연세대학교(제1캠퍼스)_의학과, 서울특별시_연세대학교(제1캠퍼스)_의예과, 서울특별시_이화여자대학교(제2캠퍼스)_의예과, 서울특별시_이화여자대학교(제2캠퍼스)_의학과, 서울특별시_중앙대학교(제1캠퍼스)_의학부(의예), 서울특별시_한양대학교(제1캠퍼스)_의예과, 서울특별시_한양대학교(제1캠퍼스)_의학과, 부산광역시_고신대학교(제2캠퍼스)_의학과, 부산광역시_고신대학교(제2캠퍼스)_의예과, 부산광역시_동아대학교(제2캠퍼스)_의학과, 부산광역시_동아대학교(제2캠퍼스)_의예과, 부산광역시_인제대학교(제2캠퍼스)_의학과, 인천광역시_가천대학교(제2캠퍼스)_의예과, 인천광역시_가천대학교(제2캠퍼스)_의학과, 인천광역시_인하대학교(제1캠퍼스)_의예과, 인천광역시_인하대학교(제1캠퍼스)_의학과, 대전광역시_건양대학교(제2캠퍼스)_의예과, 대전광역시_건양대학교(제2캠퍼스)_의학과, 대전광역시_을지대학교(제1캠퍼스)_의예과, 대전광역시_을지대학교(제1캠퍼스)_의학과, 대전광역시_충남대학교(제1캠퍼스)_의예과, 대전광역시_충남대학교(제1캠퍼스)_의학과, 대구광역시_경북대학교(제2캠퍼스)_의학과, 대구광역시_경북대학교(제2캠퍼스)_의예과, 대구광역시_계명대학교(제1캠퍼스)_의학과, 대구광역시_계명대학교(제1캠퍼스)_의예과, 대구광역시_대구가톨릭대학교(제2캠퍼스)_의예과, 대구광역시_대구가톨릭대학교(제2캠퍼스)_의학과, 대구광역시_영남대학교(제2캠퍼스)_의학과, 울산광역시_울산대학교(제1캠퍼스)_의예과, 광주광역시_전남대학교(제1캠퍼스)_의예과, 광주광역시_전남대학교(제1캠퍼스)_의학과, 광주광역시_조선대학교(제1캠퍼스)_의예과, 광주광역시_조선대학교(제1캠퍼스)_의학과, 경기도_성균관대학교(제2캠퍼스)_의예과, 경기도_성균관대학교(제2캠퍼스)_의과대학, 경기도_성균관대학교(제2캠퍼스)_의학과, 경기도_아주대학교(제1캠퍼스)_의학과(예과), 경기도_아주대학교(제1캠퍼스)_의학과(본과), 강원특별자치도_가톨릭관동대학교(제1캠퍼스)_의학과(의예과), 강원특별자치도_가톨릭관동대학교(제1캠퍼스)_의학과, 강원특별자치도_강원대학교(제1캠퍼스)_의예과, 강원특별자치도_강원대학교(제1캠퍼스)_의학과, 강원특별자치도_연세대학교 미래캠퍼스(제1캠퍼스)_의예과, 강원특별자치도_한림대학교(제1캠퍼스)_의학과, 충청북도_건국대학교 글로컬캠퍼스(제1캠퍼스)_의예과, 충청북도_건국대학교 글로컬캠퍼스(제1캠퍼스)_의학과, 충청북도_충북대학교(제1캠퍼스)_의학과, 충청북도_충북대학교(제1캠퍼스)_의예과, 충청남도_단국대학교(제2캠퍼스)_의학과, 충청남도_단국대학교(제2캠퍼스)_의예과, 충청남도_순천향대학교(제2캠퍼스)_의학과, 충청남도_순천향대학교(제1캠퍼스)_의예과, 전북특별자치도_원광대학교(제1캠퍼스)_의예과, 전북특별자치도_원광대학교(제1캠퍼스)_의학과, 전북특별자치도_전북대학교(제1캠퍼스)_의학과, 전북특별자치도_전북대학교(제1캠퍼스)_의예과, 경상북도_동국대학교 WISE캠퍼스(제1캠퍼스)_의예과, 경상북도_동국대학교 WISE캠퍼스(제1캠퍼스)_의학과, 경상북도_영남대학교(제1캠퍼스)_의예과, 경상남도_경상국립대학교(제1캠퍼스)_의예과, 경상남도_경상국립대학교(제1캠퍼스)_의학과, 경상남도_부산대학교(제3캠퍼스)_의예과, 경상남도_부산대학교(제3캠퍼스)_의학과, 경상남도_인제대학교(제1캠퍼스)_의예과, 제주특별자치도_제주대학교(제1캠퍼스)_의예과, 제주특별자치도_제주대학교(제1캠퍼스)_의학과","일반 선택: 미적분Ⅰ, 확률과 통계, 물리학, 화학, 생명과학, 현대사회와 윤리 등 | 진로 선택: 물질과 에너지, 화학 반응의 세계, 세포와 물질대사, 생물의 유전, 법과 사회 등 | 융합 선택: 융합과학 탐구, 생명과학 실험 등","공통과목: 영어, 수학, 과학, 윤리 | 일반선택과목: 영어교과 : 영어Ⅰ, 영어Ⅱ, 영어 독해와 작문 | 진로선택과목: 생명과학Ⅱ, 화학Ⅱ, 융합과학 | 전문교과Ⅰ: 고급 화학 및 고급 생명과학, 화학실험 및 생명과학 실험, 과학과제 연구 | 전문교과Ⅱ: 인체 구조와 기능",의사면허,가정의학과의사
414,의용공학과,"부산광역시_국립부경대학교(제1캠퍼스)_의공학IT융합전공, 부산광역시_국립부경대학교(제1캠퍼스)_의공학전공, 부산광역시_동명대학교(제1캠퍼스)_의용공학과, 부산광역시_동명대학교(제1캠퍼스)_의료기기학과, 인천광역시_가천대학교(제2캠퍼스)_의용생체공학과, 대전광역시_건양대학교(제2캠퍼스)_의공학과, 대구광역시_계명대학교(제1캠퍼스)_의용공학과, 울산광역시_울산대학교(제1캠퍼스)_의공학전공, 울산광역시_울산대학교(제1캠퍼스)_의학전공, 경기도_가천대학교(제1캠퍼스)_의공학과, 경기도_을지대학교(제2캠퍼스)_의료IT학과, 강원특별자치도_연세대학교 미래캠퍼스(제1캠퍼스)_의학과, 강원특별자치도_연세대학교 미래캠퍼스(제1캠퍼스)_의공학전공, 충청북도_건국대학교 글로컬캠퍼스(제1캠퍼스)_의용메카트로닉스전공 트랙, 충청남도_순천향대학교(제1캠퍼스)_의약공학과, 충청남도_순천향대학교(제1캠퍼스)_의공학과, 전라남도_전남대학교(제2캠퍼스)_의공학과, 경상북도_경일대학교(제1캠퍼스)_의용공학과, 경상북도_대구가톨릭대학교(제1캠퍼스)_의공학과, 경상남도_인제대학교(제1캠퍼스)_의용공학부, 경상남도_인제대학교(제1캠퍼스)_의공학과, 경상남도_인제대학교(제1캠퍼스)_의료IT학과","일반 선택: 대수, 확률과 통계, 미적분 Ⅰ, 인공지능 수학, 세계시민과 지리, 사회와 문화, 정보 등 | 진로 선택: 기하, 미적분Ⅱ, 도시의 미래 탐구, 경제, 로봇과 공학세계, 인공지능 기초, 데이터 과학 등 | 융합 선택: 실용 통계, 사회문제 탐구, 금융과 경제생활, 윤리문제 탐구, 창의공학 설계, 소프트웨어와 생활 등","공통과목: 영어, 과학 | 일반선택과목: 영어교과 : 영어Ⅰ, 영어Ⅱ, 영어 독해와 작문 | 진로선택과목: 화학Ⅱ, 생명과학Ⅱ | 전문교과Ⅰ: 고급 화학, 화학 실험, 고급 생명과학, 생명과학 실험, 과학과제 연구 | 전문교과Ⅱ: 인체 구조와 기능, 기초 간호 임상 실무, 보건 간호","의공기사, 의공산업기사",의료기기관리전문가
418,이벤트연출과,"인천광역시_경인여자대학교(제1캠퍼스)_웨딩&이벤트과, 경상북도_대경대학교(제1캠퍼스)_동물조련이벤트학과, 세종특별자치시_한국영상대학교(제1캠퍼스)_문화이벤트연출과, 세종특별자치시_한국영상대학교(제1캠퍼스)_이벤트연출과(3년제)","일반 선택: 화법과 언어, 문학, 연극 등 | 진로 선택: 문학과 영상, 연극과 몸, 연극과 말, 연기, 무대 미술과 기술, 연극제작 실습, 연극 감상과 비평 등 | 융합 선택: 매체 의사소통, 연극과 삶, 음악과 미디어, 미술과 매체 등","공통과목: 미술, 윤리 | 일반선택과목: 예술교과 : 미술 | 진로선택과목: 미술 창작, 미술 감상과 비평 | 전문교과Ⅰ: 미술 이론, 미술사, 드로잉 미술 전공 실기 | 전문교과Ⅱ: 디자인 일반, 시각디자인, 색체 관리","무대예술전문인(무대기계,조명,음향), 컨벤션기획사",레크리에이션지도자
10028,인터넷정보과,"경기도_ICT폴리텍대학(제1캠퍼스)_클라우드인터넷학과, 경기도_대림대학교(제1캠퍼스)_사물인터넷공학과, 경기도_서정대학교(제1캠퍼스)_인터넷정보과, 충청북도_한국폴리텍 IV 대학 청주캠퍼스(제1캠퍼스)_스마트팩토리ICT융합과, 경상북도_호산대학교(제1캠퍼스)_글로벌첨단공학부","일반 선택: 대수, 확률과 통계, 미적분 Ⅰ, 인공지능 수학, 영어 Ⅰ, 영어Ⅱ, 영어독해와 작문, 물리학, 정보 등 | 진로 선택: 기하, 미적분Ⅱ, 인공지능 수학, 전자기와 양자, 역학과 에너지, 로봇과 공학세계, 인공지능 기초, 데이터 과학 등 | 융합 선택: 실용 통계, 융합과학 탐구, 사회문제 탐구, 창의 공학 설계, 소프트웨어와 생활 등","공통과목: 수학, 사회, 과학, 기술ㆍ가정 | 일반선택과목: 수학교과 : 수학ⅠㆍⅡ, 미적분, 확률과 통계 | 진로선택과목: 실용수학, 기하, 수학과제 탐구, 물리학Ⅱ, 화학Ⅱ, 생활과 과학, 융합과학, 공학 일반, 사회문제 탐구 | 전문교과Ⅰ: 심화수학ⅠㆍⅡ, 고급 수학ⅠㆍⅡ, 고급 물리학, 물리학 실험, 고급 화학, 화학 실험, 정보과학, 융합과학탐구, 과학과제 연구, 생태와 환경, 지역 이해, 사회과제 연구 | 전문교과Ⅱ: 정보처리와 관리, 프로그래밍, 자료구조, 네트워크 프로그래밍, 정보보호 관리","PC정비사, 네트워크관리사, 웹디자인기능사, 인터넷보안전문가, 전자상거래관리사, 정보기기운용기능사, 정보처리산업기사, 컴퓨터활용능력",IT컨설턴트
486,인터넷정보학과,"서울특별시_광운대학교(제1캠퍼스)_데이터사이언스전공, 서울특별시_동국대학교(제1캠퍼스)_데이터사이언스전공, 서울특별시_동덕여자대학교(제1캠퍼스)_데이터사이언스전공, 서울특별시_명지대학교 인문캠퍼스(제2캠퍼스)_데이터사이언스전공, 서울특별시_숙명여자대학교(제1캠퍼스)_데이터사이언스전공, 서울특별시_이화여자대학교(제1캠퍼스)_데이터사이언스전공, 서울특별시_한양대학교(제1캠퍼스)_데이터사이언스전공, 경기도_국립한국교통대학교(제3캠퍼스)_데이터사이언스전공, 경기도_국제사이버대학교(제1캠퍼스)_인터넷방송학과, 충청남도_순천향대학교(제1캠퍼스)_사물인터넷학과, 전라남도_동신대학교(제1캠퍼스)_사물인터넷학과, 경상북도_영남대학교(제1캠퍼스)_AI데이터사이언스전공","일반 선택: 대수, 확률과 통계, 미적분 Ⅰ, 인공지능 수학, 영어 Ⅰ, 영어Ⅱ, 영어독해와 작문, 물리학, 정보 등 | 진로 선택: 기하, 미적분Ⅱ, 인공지능 수학, 전자기와 양자, 역학과 에너지, 로봇과 공학세계, 인공지능 기초, 데이터 과학 등 | 융합 선택: 실용 통계, 융합과학 탐구, 사회문제 탐구, 창의 공학 설계, 소프트웨어와 생활 등","공통과목: 수학, 사회, 과학, 기술ㆍ가정 | 일반선택과목: 수학교과 : 수학Ⅰ, 수학Ⅱ, 미적분, 확률과 통계 | 진로선택과목: 실용 수학, 기하, 수학과제 탐구, 물리학Ⅱ, 화학Ⅱ, 생활과 과학, 융합과학, 공학 일반, 사회문제 탐구 | 전문교과Ⅰ: 심화수학ⅠㆍⅡ, 고급 수학ⅠㆍⅡ, 고급 물리학, 물리학 실험, 고급 화학, 화학 실험, 정보과학, 융합과학탐구, 과학과제연구, 생태와 환경, 지역 이해, 사회과제 연구 | 전문교과Ⅱ: 정보처리와 관리, 프로그래밍, 자료구조, 네트워크 프로그래밍, 정보보호관리","3D프린터개발산업기사, e-TestProfessional, IEQ(인터넷윤리자격), PCMaster(정비사), RFID기술자격검정, SQL, SW테스트전문가(CSTS), 네트워크관리사, 데이터분석, 데이터아키텍처, 디지털정보활용능력(DIAT), 디지털포렌식전문가, 리눅스마스터, 소프트웨어자산관리사(C-SAM), 전자계산기기사, 정보기술자격(ITQ)시험, 정보기술프로젝트관리전문가(IT-PMP), 정보시스템감리사, 정보처리기사, 정보통신기사, 컴퓨터활용능력",IT컨설턴트
431,일반사회교육과,"부산광역시_부산대학교(제1캠퍼스)_일반사회교육과, 대구광역시_경북대학교(제1캠퍼스)_일반사회교육과, 강원특별자치도_강원대학교(제1캠퍼스)_일반사회교육과, 충청북도_한국교원대학교(제1캠퍼스)_일반사회교육과, 충청남도_국립공주대학교(제1캠퍼스)_일반사회교육과, 전북특별자치도_전북대학교(제1캠퍼스)_일반사회교육과, 경상북도_대구대학교(제1캠퍼스)_일반사회교육과, 경상남도_경상국립대학교(제1캠퍼스)_일반사회교육과","일반 선택: 화법과 언어, 독서와 작문, 문학, 대수, 미적분Ⅰ, 확률과 통계, 영어Ⅰ, 영어Ⅱ, 영어 독해와 작문, 세계시민과 지리, 세계사, 사회와 문화, 현대사회와 윤리, 제2외국어 과목 등 | 진로 선택: 주제 탐구 독서, 영어 발표와 토론, 한국지리 탐구, 동아시아 역사기행, 정치, 법과 사회, 경제, 윤리와 사상, 국제 관계의 이해 등 | 융합 선택: 독서 토론과 글쓰기, 미디어 영어, 여행지리, 역사로 탐구하는 현대세계, 사회문제 탐구, 금융과 경제생활, 윤리문제 탐구 등","공통과목: 사회, 생활ㆍ교양 | 일반선택과목: 사회교과 : 한국지리, 세계지리, 세계사, 경제, 정치와 법, 사회ㆍ문화, 생활과 윤리, 윤리와 사상 | 진로선택과목: 사회문제 탐구 | 전문교과Ⅰ: 국제 경제, 국제법, 지역 이해, 한국 사회의 이해, 비교 문화, 세계 문제와 미래 사회, 국제 관계와 국제기구, 현대 세계의 변화, 사회 탐구 방법 및 사회과제 연구 | 전문교과Ⅱ: 커뮤니케이션, 복지 서비스의 기초, 문화 콘텐츠 산업 일반, 빅데이터 분석",중등학교2급정교사,사범계열교수
434,일본학과,"서울특별시_경희사이버대학교(제1캠퍼스)_일본학과, 서울특별시_국민대학교(제1캠퍼스)_일본학과, 서울특별시_동국대학교(제1캠퍼스)_일본학과, 서울특별시_동덕여자대학교(제1캠퍼스)_일본어과, 서울특별시_동덕여자대학교(제1캠퍼스)_글로벌지역학부 일어일본학전공, 서울특별시_사이버한국외국어대학교(제1캠퍼스)_일본어학부, 서울특별시_삼육대학교(제1캠퍼스)_일본어학과, 서울특별시_성공회대학교(제1캠퍼스)_일어일본학전공, 서울특별시_숙명여자대학교(제1캠퍼스)_일본학과, 서울특별시_한국방송통신대학교(제1캠퍼스)_일본학과, 서울특별시_한국외국어대학교(제1캠퍼스)_일본문학전공, 서울특별시_한국외국어대학교(제1캠퍼스)_일본언어문화전공, 서울특별시_한국외국어대학교(제1캠퍼스)_일본어과, 서울특별시_한국외국어대학교(제1캠퍼스)_일본언어문화학부, 서울특별시_한양사이버대학교(제1캠퍼스)_일본어학과, 부산광역시_국립부경대학교(제1캠퍼스)_일본어문학전공, 부산광역시_동서대학교(제1캠퍼스)_일본어학과, 부산광역시_동아대학교(제2캠퍼스)_일본학과, 부산광역시_동의대학교(제1캠퍼스)_일본어학과, 부산광역시_동의대학교(제1캠퍼스)_일본학과, 부산광역시_부산외국어대학교(제1캠퍼스)_일본어융합학부, 부산광역시_부산외국어대학교(제1캠퍼스)_일본어융합학부(일본IT전공), 부산광역시_부산외국어대학교(제1캠퍼스)_일본어창의융합학부, 부산광역시_신라대학교(제1캠퍼스)_일본어일본학과, 인천광역시_인천대학교(제1캠퍼스)_일본지역문화학과, 대전광역시_국립한밭대학교(제1캠퍼스)_일본어과, 대전광역시_대전대학교(제1캠퍼스)_일본언어문화전공, 대전광역시_배재대학교(제1캠퍼스)_일본학과, 대전광역시_한남대학교(제1캠퍼스)_일본ㆍ프랑스어문학과, 대구광역시_계명대학교(제1캠퍼스)_일본어일본학과, 울산광역시_울산대학교(제1캠퍼스)_일본어ㆍ일본학전공, 광주광역시_조선대학교(제1캠퍼스)_일본어과, 경기도_경희대학교(제2캠퍼스)_일본어학과, 경기도_서울신학대학교(제1캠퍼스)_일본어과, 경기도_평택대학교(제1캠퍼스)_일본학과, 경기도_한신대학교(제1캠퍼스)_일본학과, 경기도_한양대학교 ERICA캠퍼스(제1캠퍼스)_일본학과, 강원특별자치도_강원대학교(제2캠퍼스)_일본어학과, 강원특별자치도_강원대학교(제2캠퍼스)_일본어학전공, 강원특별자치도_강원대학교(제1캠퍼스)_일본학과, 강원특별자치도_국립강릉원주대학교(제1캠퍼스)_일본학과, 강원특별자치도_한림대학교(제1캠퍼스)_일본학과, 충청남도_단국대학교(제2캠퍼스)_아시아중동학부 일본학전공, 충청남도_단국대학교(제2캠퍼스)_일본어과, 충청남도_상명대학교(제2캠퍼스)_일본어권지역학전공, 충청남도_한서대학교(제1캠퍼스)_일본학과, 전북특별자치도_전북대학교(제1캠퍼스)_일본학과, 전북특별자치도_전주대학교(제1캠퍼스)_일본언어문화전공, 전라남도_동신대학교(제1캠퍼스)_관광일본어학과, 경상북도_대구대학교(제1캠퍼스)_일본어일본학과","일반 선택: 세계시민과 지리, 세계사, 사회와 문화, 제2외국어 과목 등 | 진로 선택: 동아시아 역사 기행, 정치, 법과 사회, 경제, 국제 관계의 이해 등 | 융합 선택: 기후변화와 지속가능한 세계, 세계 문화와 영어 등","공통과목: 영어, 사회, 생활ㆍ교양 | 일반선택과목: 영어교과 : 영어 회화, 영어Ⅰ, 영어 독해와 작문, 영어Ⅱ | 진로선택과목: 여행지리, 사회문제 탐구, 제2외국어Ⅱ 과목 | 전문교과Ⅰ: 국제 정치, 국제 경제, 국제법, 지역 이해, 비교 문화, 세계 문제와 미래 사회, 국제 관계와 국제기구, 현대 세계의 변화, 사회 탐구 방법 및 사회과제 연구 | 전문교과Ⅱ: 커뮤니케이션, 비즈니스 영어","FLEX일본어, 관광통역안내사, 국내여행안내사, 번역능력인정시험(TCT)일본어-한국어, 외국어",국제무역사무원
10023,일어교육과,"서울특별시_건국대학교(제1캠퍼스)_일어교육과, 서울특별시_상명대학교(제1캠퍼스)_일어교육과, 부산광역시_신라대학교(제1캠퍼스)_일어교육과, 인천광역시_인천대학교(제1캠퍼스)_일어교육과, 전북특별자치도_원광대학교(제1캠퍼스)_일어교육과, 경상남도_경남대학교(제1캠퍼스)_일어교육과, 경상남도_경상국립대학교(제1캠퍼스)_일어교육과, 경상남도_영산대학교(제1캠퍼스)_일어전공","일반 선택: 화법과 언어, 독서와 작문, 문학, 대수, 미적분Ⅰ, 확률과 통계, 영어Ⅰ, 영어Ⅱ, 영어 독해와 작문, 세계시민과 지리, 세계사, 사회와 문화, 현대사회와 윤리, 제2외국어 과목 등 | 진로 선택: 주제 탐구 독서, 영어 발표와 토론, 심화 영어, 심화 영어 독해와 직문, 동아시아 역사 기행, 정치, 윤리와 사상, 제2외국어 회화 과목, 심화 제2외국어 과목 등 | 융합 선택: 독서 토론과 글쓰기, 언어생활 탐구, 실생활 영어 회화, 미디어 영어, 세계 문화와 영어, 사회문제 탐구, 제2외국어 문화 과목 등","공통과목: 제2외국어, 사회, 국어, 한문 | 일반선택과목: 외국어교과 : 중국어Ⅰ, 일본어Ⅰ | 진로선택과목: 사회문제 탐구, 일본어Ⅱ | 전문교과Ⅰ: 전공 기초 일본어, 일본어 회화Ⅰ, 일본 문화, 사회과제 연구, 사회 탐구 방법, 비교 문화 | 전문교과Ⅱ: 관광 일본어",중등학교2급정교사,관광가이드
436,일어일문학과,"서울특별시_고려대학교(제1캠퍼스)_일어일문학과, 서울특별시_덕성여자대학교(제1캠퍼스)_일어일문학과, 서울특별시_덕성여자대학교(제1캠퍼스)_일어일문학전공, 서울특별시_동국대학교(제1캠퍼스)_일어일문학과, 서울특별시_명지대학교 인문캠퍼스(제2캠퍼스)_일어일문학전공, 서울특별시_명지대학교 인문캠퍼스(제2캠퍼스)_일어일문학과, 서울특별시_서울여자대학교(제1캠퍼스)_일어일문학과, 서울특별시_성공회대학교(제1캠퍼스)_일어일본학과, 서울특별시_성신여자대학교(제1캠퍼스)_일본어문ㆍ문화학과, 서울특별시_성신여자대학교(제1캠퍼스)_일어일문학과, 서울특별시_세종대학교(제1캠퍼스)_일어일문학전공/국제학부, 서울특별시_세종대학교(제1캠퍼스)_일어일문학과, 서울특별시_숭실대학교(제1캠퍼스)_일어일문학과, 서울특별시_중앙대학교(제1캠퍼스)_아시아문화학부(일본어문학전공), 부산광역시_경성대학교(제1캠퍼스)_일어일문학전공, 부산광역시_국립부경대학교(제1캠퍼스)_일어일문학부, 부산광역시_동의대학교(제1캠퍼스)_일어일문학과, 부산광역시_부산대학교(제1캠퍼스)_일어일문학과, 부산광역시_부산외국어대학교(제1캠퍼스)_일본어융합학부(비즈니스일본어전공), 부산광역시_신라대학교(제1캠퍼스)_일어일문학과, 부산광역시_신라대학교(제1캠퍼스)_일어일본학전공, 인천광역시_인천대학교(제1캠퍼스)_일어일문학과, 인천광역시_인하대학교(제1캠퍼스)_일본언어문화학과, 대전광역시_대전대학교(제1캠퍼스)_비즈니스일본어학과, 대전광역시_충남대학교(제1캠퍼스)_일어일문학과, 대전광역시_한남대학교(제1캠퍼스)_일어일문학과, 대전광역시_한남대학교(제1캠퍼스)_일어일문학전공, 대구광역시_경북대학교(제1캠퍼스)_일어일문학과, 광주광역시_전남대학교(제1캠퍼스)_일어일문학과, 경기도_가톨릭대학교(제1캠퍼스)_일어일본문화학과, 경기도_경기대학교(제1캠퍼스)_일어일문전공, 경기도_성결대학교(제1캠퍼스)_일어일문학과, 경기도_수원대학교(제1캠퍼스)_일어일문학, 강원특별자치도_가톨릭관동대학교(제1캠퍼스)_일어일문학전공, 강원특별자치도_가톨릭관동대학교(제1캠퍼스)_일어일문학과, 충청북도_청주대학교(제1캠퍼스)_일어일문학과, 충청남도_남서울대학교(제1캠퍼스)_일어일문학과, 충청남도_선문대학교(제1캠퍼스)_일어일본학과, 충청남도_선문대학교(제1캠퍼스)_외국어학부 일본어전공, 충청남도_선문대학교(제1캠퍼스)_외국어자율전공학부 일본어전공, 전북특별자치도_국립군산대학교(제1캠퍼스)_동아시아학부(일어일문학전공), 전북특별자치도_국립군산대학교(제1캠퍼스)_일어일문학과, 전북특별자치도_전북대학교(제1캠퍼스)_일어일문학과, 전북특별자치도_전주대학교(제1캠퍼스)_일본언어문화학과, 전라남도_국립목포대학교(제1캠퍼스)_일어일문학, 전라남도_국립목포대학교(제1캠퍼스)_일어일문학과, 전라남도_국립순천대학교(제1캠퍼스)_일본어일본문화학과, 전라남도_국립순천대학교(제1캠퍼스)_일본어일본문화학전공, 경상북도_대구가톨릭대학교(제1캠퍼스)_일어일문학과, 경상북도_동국대학교 WISE캠퍼스(제1캠퍼스)_일어일문학전공, 경상북도_동국대학교 WISE캠퍼스(제1캠퍼스)_일어일문학과, 경상북도_영남대학교(제1캠퍼스)_일어일문학과, 경상북도_위덕대학교(제1캠퍼스)_일본언어문화학과, 경상남도_국립창원대학교(제1캠퍼스)_일어일문학과, 경상남도_영산대학교(제1캠퍼스)_일본비즈니스학과, 경상남도_인제대학교(제1캠퍼스)_일어일문학과, 제주특별자치도_제주대학교(제1캠퍼스)_일어일문학과","일반 선택: 화법과 언어, 독서와 작문, 문학, 세계시민과 지리, 세계사, 사회와 문화, 제2외국어, 한문 등 | 진로 선택: 문학과 영상, 인문학과 윤리, 동아시아 역사 기행, 국제 관계의 이해, 제2외국어 회화, 심화 제2외국어 등 | 융합 선택: 언어생활 탐구, 여행지리, 역사로 탐구하는 현대 세계, 사회문제 탐구, 제2외국어 문화, 언어생활과 한자 등","공통과목: 제2외국어, 사회, 국어, 한문 | 일반선택과목: 외국어교과 : 일본어, 중국어, 독일어, 영어 | 진로선택과목: 일본어Ⅱ, 일본어 회화, 한문Ⅱ, 심화 국어, 고전 읽기, 고전과 윤리, 사회문제 탐구, 여행지리, 일본 문화 | 전문교과Ⅰ: 관광 일본어, 사회과제 연구, 사회문제 탐구, 전공기초 일본어 | 전문교과Ⅱ: 관광 일본어, 일식 조리","관광통역안내사, 외국어번역행정사, 일본어능력시험(Flex일본어,JLPT,JPT등), 호텔경영사, 호텔관리사",무역담당자
440,임상병리학과,"부산광역시_동서대학교(제1캠퍼스)_임상병리학과, 부산광역시_동의대학교(제1캠퍼스)_임상병리학과, 부산광역시_부산가톨릭대학교(제1캠퍼스)_임상병리학과, 대전광역시_건양대학교(제2캠퍼스)_임상병리학과, 대전광역시_대전대학교(제1캠퍼스)_임상병리학과, 광주광역시_호남대학교(제1캠퍼스)_임상병리학과, 경기도_신한대학교(제2캠퍼스)_임상병리학과, 경기도_을지대학교(제3캠퍼스)_임상병리학과, 경기도_을지대학교(제2캠퍼스)_임상병리학과, 강원특별자치도_가톨릭관동대학교(제1캠퍼스)_임상병리학과, 강원특별자치도_경동대학교(제3캠퍼스)_임상병리학과, 강원특별자치도_상지대학교(제1캠퍼스)_임상병리학과, 강원특별자치도_연세대학교 미래캠퍼스(제1캠퍼스)_임상병리학과, 충청북도_극동대학교(제1캠퍼스)_임상병리학과, 충청북도_세명대학교(제1캠퍼스)_임상병리학과, 충청북도_중원대학교(제1캠퍼스)_임상병리학과, 충청북도_청주대학교(제1캠퍼스)_임상병리학과, 충청남도_건양대학교(제1캠퍼스)_임상의약학과, 충청남도_나사렛대학교(제1캠퍼스)_임상병리학과, 충청남도_남서울대학교(제1캠퍼스)_임상병리학과, 충청남도_단국대학교(제2캠퍼스)_임상병리학과, 충청남도_순천향대학교(제1캠퍼스)_임상병리학과, 충청남도_호서대학교(제1캠퍼스)_임상병리학과, 경상북도_경운대학교(제1캠퍼스)_임상병리학과, 경상북도_김천대학교(제1캠퍼스)_임상병리학과, 경상북도_대구한의대학교(제1캠퍼스)_임상병리학과, 경상남도_인제대학교(제1캠퍼스)_임상병리학과","일반 선택: 확률과 통계, 화학, 생명과학, 현대사회와 윤리 등 | 진로 선택: 물질과 에너지, 화학 반응의 세계, 세포와 물질대사, 생물의 유전,법과 사회, 보건 등 | 융합 선택: 화학 실험, 생명과학 실험 등","공통과목: 영어, 과학 | 일반선택과목: 영어교과 : 영어Ⅰ, 영어Ⅱ, 영어 독해와 작문 | 진로선택과목: 화학Ⅱ, 생명과학Ⅱ | 전문교과Ⅰ: 고급 화학, 화학 실험, 고급 생명과학, 생명과학 실험, 과학과제 연구 | 전문교과Ⅱ: 인체 구조와 기능, 기초 간호 임상 실무, 보건 간호",임상병리사,보건교육사
442,자동차공학과,"서울특별시_고려대학교(제1캠퍼스)_스마트모빌리티학부, 서울특별시_국민대학교(제1캠퍼스)_자동차ㆍ운송디자인학과, 서울특별시_국민대학교(제1캠퍼스)_자동차융합대학, 서울특별시_국민대학교(제1캠퍼스)_자동차IT융합학과, 서울특별시_국민대학교(제1캠퍼스)_자동차공학과, 서울특별시_국민대학교(제1캠퍼스)_미래모빌리티학과, 서울특별시_한성대학교(제1캠퍼스)_미래모빌리티학과, 서울특별시_한양대학교(제1캠퍼스)_미래자동차공학과, 서울특별시_한양사이버대학교(제1캠퍼스)_자동차IT융합공학과, 부산광역시_국립부경대학교(제1캠퍼스)_스마트모빌리티공학과, 부산광역시_동명대학교(제1캠퍼스)_미래자동차학과, 부산광역시_동명대학교(제1캠퍼스)_자동차공학과, 부산광역시_동의대학교(제1캠퍼스)_미래모빌리티학과, 부산광역시_동의대학교(제1캠퍼스)_자동차공학과, 부산광역시_동의대학교(제1캠퍼스)_미래형자동차학과, 부산광역시_동의대학교(제1캠퍼스)_자동차공학전공, 부산광역시_신라대학교(제1캠퍼스)_자동차공학과, 부산광역시_신라대학교(제1캠퍼스)_자동차기계공학전공, 부산광역시_신라대학교(제1캠퍼스)_지능형자동차공학부, 부산광역시_신라대학교(제1캠퍼스)_자동차공학전공, 부산광역시_신라대학교(제1캠퍼스)_배터리ㆍ자동차공학부, 부산광역시_신라대학교(제1캠퍼스)_자동차IT융합전공, 부산광역시_신라대학교(제1캠퍼스)_자동차기계공학과, 부산광역시_신라대학교(제1캠퍼스)_자동차ㆍ기계공학과, 부산광역시_영산대학교(제2캠퍼스)_자동차공학전공, 부산광역시_영산대학교(제2캠퍼스)_스마트자동차학과, 인천광역시_인천대학교(제1캠퍼스)_자동차공학전공, 인천광역시_인하대학교(제1캠퍼스)_스마트모빌리티공학과, 대전광역시_대전대학교(제1캠퍼스)_스마트모빌리티전공, 대구광역시_경북대학교(제1캠퍼스)_스마트모빌리티공학과, 대구광역시_계명대학교(제1캠퍼스)_자동차공학과, 울산광역시_울산대학교(제1캠퍼스)_미래모빌리티공학부, 광주광역시_광주대학교(제1캠퍼스)_IT자동차학과, 광주광역시_광주대학교(제1캠퍼스)_미래자동차공학과, 광주광역시_광주대학교(제1캠퍼스)_AI자동차학과, 광주광역시_남부대학교(제1캠퍼스)_자동차기계공학과(신), 광주광역시_전남대학교(제1캠퍼스)_지능형모빌리티융합학과, 광주광역시_전남대학교(제1캠퍼스)_미래모빌리티학과, 광주광역시_조선대학교(제1캠퍼스)_스마트이동체 융합시스템공학부, 광주광역시_조선대학교(제1캠퍼스)_기계시스템미래자동차공학부(미래자동차공학), 광주광역시_조선대학교(제1캠퍼스)_기계시스템미래자동차공학부, 광주광역시_조선대학교(제1캠퍼스)_스마트이동체융합시스템공학부(자동차공학전공), 광주광역시_호남대학교(제1캠퍼스)_미래자동차공학부, 광주광역시_호남대학교(제1캠퍼스)_미래모빌리티학과, 광주광역시_호남대학교(제1캠퍼스)_자율주행AI전공, 광주광역시_호남대학교(제1캠퍼스)_전기자동차전공, 경기도_가천대학교(제1캠퍼스)_미래자동차학과, 경기도_대진대학교(제1캠퍼스)_스마트모빌리티전공, 경기도_명지대학교 자연캠퍼스(제1캠퍼스)_스마트모빌리티공학전공, 경기도_신한대학교(제2캠퍼스)_기계자동차학과, 경기도_신한대학교(제2캠퍼스)_미래자동차공학과, 경기도_아주대학교(제1캠퍼스)_미래모빌리티공학과, 경기도_중부대학교(제2캠퍼스)_스마트모빌리티공학전공, 경기도_평택대학교(제1캠퍼스)_스마트모빌리티학과, 경기도_평택대학교(제1캠퍼스)_스마트자동차학과, 경기도_한국공학대학교(제1캠퍼스)_기계설계공학부(지능형모빌리티전공), 강원특별자치도_강원대학교(제2캠퍼스)_자동차공학전공, 강원특별자치도_강원대학교(제2캠퍼스)_자동차공학과, 강원특별자치도_국립강릉원주대학교(제2캠퍼스)_자동차공학과, 강원특별자치도_상지대학교(제1캠퍼스)_스마트자동차공학과, 강원특별자치도_상지대학교(제1캠퍼스)_인공지능융합공학부 스마트자동차전공, 강원특별자치도_한라대학교(제1캠퍼스)_미래모빌리티공학과, 강원특별자치도_한라대학교(제1캠퍼스)_스마트모빌리티(기계자동차)공학부, 충청북도_국립한국교통대학교(제1캠퍼스)_자동차공학과, 충청북도_국립한국교통대학교(제1캠퍼스)_자동차공학전공, 충청북도_충북대학교(제1캠퍼스)_미래자동차공학과, 충청남도_국립공주대학교(제2캠퍼스)_자동차공학전공, 충청남도_국립공주대학교(제2캠퍼스)_미래자동차공학과, 충청남도_국립공주대학교(제2캠퍼스)_지능형모빌리티공학과, 충청남도_상명대학교(제2캠퍼스)_AI모빌리티공학과, 충청남도_선문대학교(제1캠퍼스)_미래자동차공학부, 충청남도_선문대학교(제1캠퍼스)_스마트자동차공학부, 충청남도_순천향대학교(제1캠퍼스)_스마트자동차학과, 충청남도_순천향대학교(제1캠퍼스)_스마트모빌리티공학과, 충청남도_유원대학교(제2캠퍼스)_미래모빌리티학과, 충청남도_유원대학교(제2캠퍼스)_미래자동차학과, 충청남도_한서대학교(제1캠퍼스)_자유전공학과, 충청남도_호서대학교(제1캠퍼스)_미래자동차공학과, 충청남도_호서대학교(제3캠퍼스)_자동차ICT공학과, 전북특별자치도_국립군산대학교(제1캠퍼스)_기계공학부(자동차공학전공), 전북특별자치도_우석대학교(제1캠퍼스)_전기자동차공학부, 전북특별자치도_원광대학교(제1캠퍼스)_스마트자동차공학과, 전북특별자치도_전북대학교(제1캠퍼스)_융합기술공학부(IT융합자동차공학전공), 전북특별자치도_전주대학교(제1캠퍼스)_친환경자동차학과, 전북특별자치도_호원대학교(제1캠퍼스)_자동차.기계공학부, 전북특별자치도_호원대학교(제1캠퍼스)_자동차기계공학과, 전북특별자치도_호원대학교(제1캠퍼스)_미래자동차공학과, 전라남도_동신대학교(제1캠퍼스)_전기자동차학과, 경상북도_경북대학교(제3캠퍼스)_자동차공학부, 경상북도_경일대학교(제1캠퍼스)_스마트공학부 기계자동차공학전공, 경상북도_경일대학교(제1캠퍼스)_기계전기융합학부 AIㆍ자율주행전공, 경상북도_경일대학교(제1캠퍼스)_스마트산업학부, 경상북도_국립경국대학교(제1캠퍼스)_자동차공학과, 경상북도_국립경국대학교(제1캠퍼스)_스마트모빌리티공학과, 경상북도_국립금오공과대학교(제1캠퍼스)_기계공학부 스마트모빌리티전공, 경상북도_김천대학교(제1캠퍼스)_스마트모빌리티학과, 경상북도_대구가톨릭대학교(제1캠퍼스)_미래자동차공학전공, 경상북도_대구가톨릭대학교(제1캠퍼스)_자동차ICT융합공학과, 경상북도_대구가톨릭대학교(제1캠퍼스)_미래자동차공학과, 경상북도_대구가톨릭대학교(제1캠퍼스)_미래자동차부품전공, 경상북도_대구가톨릭대학교(제1캠퍼스)_자동차생산전공, 경상북도_대구대학교(제1캠퍼스)_기계자동차공학부(미래자동차공학전공), 경상북도_동국대학교 WISE캠퍼스(제1캠퍼스)_자동차소재부품공학전공, 경상북도_동국대학교 WISE캠퍼스(제1캠퍼스)_자동차소재부품공학과, 경상북도_동양대학교(제1캠퍼스)_스마트모빌리티학과, 경상북도_신경주대학교(제1캠퍼스)_AI전기자동차학과, 경상북도_영남대학교(제1캠퍼스)_스마트모빌리티학과, 경상북도_영남대학교(제1캠퍼스)_자동차소프트웨어학과, 경상북도_영남대학교(제1캠퍼스)_미래자동차공학과, 경상북도_영남대학교(제1캠퍼스)_자동차기계공학과, 경상남도_경남대학교(제1캠퍼스)_미래자동차학과, 경상남도_경상국립대학교(제1캠퍼스)_자동차공학과, 경상남도_경상국립대학교(제1캠퍼스)_미래자동차공학과, 경상남도_인제대학교(제1캠퍼스)_전자IT기계자동차공학부, 경상남도_인제대학교(제1캠퍼스)_융합기술공학과, 경상남도_인제대학교(제1캠퍼스)_기계ㆍ전기차공학과, 제주특별자치도_제주국제대학교(제1캠퍼스)_에너지기계공학부 기계자동차공학전공, 세종특별자치시_고려대학교 세종캠퍼스(제1캠퍼스)_미래모빌리티학과, 세종특별자치시_홍익대학교 세종캠퍼스(제2캠퍼스)_융합전공 미래모빌리티전공","일반 선택: 대수, 미적분Ⅰ, 확률과 통계, 물리학, 화학, 생명과학, 정보, 기술·가정 등 | 진로 선택: 기하, 미적분 II, 수학과제 탐구, 인공지능 수학, 역학과 에너지, 전자기와 양자, 물질과 에너지, 화학 반응의 세계, 인공지능 기초, 데이터 과학, 로봇과 공학세계 등 | 융합 선택: 창의 공학 설계, 소프트웨어와 생활 등","공통과목: 수학, 과학, 기술ㆍ가정 | 일반선택과목: 수학교과 : 수학ⅠㆍⅡ, 미적분, 확률과 통계 | 진로선택과목: 기하, 수학과제 탐구, 물리학Ⅱ, 화학Ⅱ, 생활과 과학, 융합과학, 공학 일반 | 전문교과Ⅰ: 심화수학ⅠㆍⅡ, 고급 수학ⅠㆍⅡ, 고급 물리학, 물리학 실험, 고급 화학, 화학 실험, 정보과학, 과학과제연구 | 전문교과Ⅱ: 기계 제도, 자동차 일반, 자동차 기관, 자동차 전기ㆍ전자 제어, 자동차 엔진 정비, 자동차 차체 정비","그린전동자동차기사, 금속기사, 일반기계기사, 자동차보수도장기능사, 자동차정비기능장, 자동차정비기사, 자동차차체수리기능사, 전기기사, 전자기사",기계공학기술자ㆍ연구원
443,자동차과,"서울특별시_삼육보건대학교(제1캠퍼스)_자유전공과, 서울특별시_서일대학교(제1캠퍼스)_스마트자동차공학과(서비스어드바이저전공), 서울특별시_서일대학교(제1캠퍼스)_스마트자동차공학과, 서울특별시_서일대학교(제1캠퍼스)_스마트자동차공학과(테크니션전공), 서울특별시_인덕대학교(제1캠퍼스)_친환경자율주행자동차학과, 서울특별시_한국폴리텍 I 대학 서울정수캠퍼스(제1캠퍼스)_미래형자동차과, 서울특별시_한국폴리텍 I 대학 서울정수캠퍼스(제1캠퍼스)_자동차과, 부산광역시_경남정보대학교(제1캠퍼스)_전기자동차공학과, 부산광역시_경남정보대학교(제1캠퍼스)_전기수소자동차과, 부산광역시_경남정보대학교(제1캠퍼스)_자동차공학과, 부산광역시_동의과학대학교(제1캠퍼스)_스마트기계자동차과, 부산광역시_동의과학대학교(제1캠퍼스)_전기자동차과, 부산광역시_동의과학대학교(제1캠퍼스)_자동차공학과, 부산광역시_부산과학기술대학교(제1캠퍼스)_자동차공학계열, 부산광역시_부산과학기술대학교(제1캠퍼스)_자동차과, 부산광역시_부산과학기술대학교(제1캠퍼스)_자동차공학과, 부산광역시_부산과학기술대학교(제1캠퍼스)_지능형모빌리티과, 부산광역시_부산과학기술대학교(제1캠퍼스)_자동차계열, 부산광역시_부산보건대학교(제1캠퍼스)_스마트자동차과, 부산광역시_한국폴리텍 VII 대학 부산캠퍼스(제1캠퍼스)_미래자동차과, 부산광역시_한국폴리텍 VII 대학 부산캠퍼스(제1캠퍼스)_전기자동차과, 부산광역시_한국폴리텍 VII 대학 부산캠퍼스(제1캠퍼스)_자동차과, 인천광역시_인하공업전문대학(제1캠퍼스)_첨단스마트자동차과, 인천광역시_인하공업전문대학(제1캠퍼스)_자동차공학과, 인천광역시_한국폴리텍 II 대학 인천캠퍼스(제1캠퍼스)_자동차공학과, 인천광역시_한국폴리텍 II 대학 인천캠퍼스(제1캠퍼스)_스마트전기자동차과, 인천광역시_한국폴리텍 II 대학 인천캠퍼스(제1캠퍼스)_스마트전기자동차과(ICT그린자동차), 인천광역시_한국폴리텍 II 대학 인천캠퍼스(제1캠퍼스)_자동차과, 인천광역시_한국폴리텍 II 대학 인천캠퍼스(제1캠퍼스)_자동차과(ICT그린자동차), 대전광역시_대덕대학교(제1캠퍼스)_미래자동차학과, 대전광역시_대덕대학교(제1캠퍼스)_자동차학과, 대전광역시_대덕대학교(제1캠퍼스)_미래자동차과, 대전광역시_우송정보대학(제1캠퍼스)_자동차ㆍ기계학부, 대구광역시_대구공업대학교(제1캠퍼스)_모빌리티융합과, 대구광역시_대구공업대학교(제1캠퍼스)_자동차과, 대구광역시_대구공업대학교(제1캠퍼스)_스마트자동차과, 대구광역시_영남이공대학교(제1캠퍼스)_모빌리티계열, 대구광역시_영남이공대학교(제1캠퍼스)_스마트 e-자동차과, 대구광역시_영남이공대학교(제1캠퍼스)_자동차과, 울산광역시_울산과학대학교(제2캠퍼스)_미래모빌리티제조학과, 울산광역시_울산과학대학교(제2캠퍼스)_전기자동차학과, 광주광역시_동강대학교(제1캠퍼스)_미래지능형모빌리티과, 광주광역시_동강대학교(제1캠퍼스)_미래모빌리티과, 광주광역시_동강대학교(제1캠퍼스)_미래자동차과, 광주광역시_동강대학교(제1캠퍼스)_AI융합미래자동차과, 광주광역시_동강대학교(제1캠퍼스)_AI미래자동차과, 광주광역시_서영대학교(제1캠퍼스)_AI미래자동차과, 광주광역시_서영대학교(제1캠퍼스)_자동차과, 광주광역시_조선이공대학교(제1캠퍼스)_자동차과, 광주광역시_조선이공대학교(제1캠퍼스)_자동화시스템과, 광주광역시_조선이공대학교(제1캠퍼스)_미래자동차학부, 광주광역시_조선이공대학교(제1캠퍼스)_자동화시스템공학과, 광주광역시_한국폴리텍 V 대학 광주캠퍼스(제1캠퍼스)_자동차과, 광주광역시_한국폴리텍 V 대학 광주캠퍼스(제1캠퍼스)_스마트전기자동차과, 경기도_경기과학기술대학교(제1캠퍼스)_미래전기자동차과, 경기도_경기과학기술대학교(제1캠퍼스)_미래전기자동차과(e-MU), 경기도_경기과학기술대학교(제1캠퍼스)_자동차과(산업체위탁과정), 경기도_경기과학기술대학교(제1캠퍼스)_모빌리티공학과, 경기도_경기과학기술대학교(제1캠퍼스)_미래전기자동차공학과(e-MU), 경기도_경기과학기술대학교(제1캠퍼스)_자동차공학과, 경기도_경기과학기술대학교(제1캠퍼스)_자동차과(e-MU), 경기도_경기과학기술대학교(제1캠퍼스)_자동차과, 경기도_경기과학기술대학교(제1캠퍼스)_특수자동차공학과(e-MU), 경기도_경기과학기술대학교(제1캠퍼스)_기계자동화공학과, 경기도_국제대학교(제1캠퍼스)_드론자동차운용학과, 경기도_국제대학교(제1캠퍼스)_미래자동차과, 경기도_국제대학교(제1캠퍼스)_스마트자동차학과, 경기도_국제대학교(제1캠퍼스)_드론자동차학과, 경기도_국제대학교(제1캠퍼스)_자동차학과, 경기도_김포대학교(제1캠퍼스)_전기차드론과, 경기도_대림대학교(제1캠퍼스)_미래자동차과, 경기도_대림대학교(제1캠퍼스)_미래자동차공학부, 경기도_대림대학교(제1캠퍼스)_미래자동차학부, 경기도_대림대학교(제1캠퍼스)_미래자동차공학과, 경기도_대림대학교(제1캠퍼스)_자동차학부, 경기도_대림대학교(제1캠퍼스)_자동차과, 경기도_동서울대학교(제1캠퍼스)_미래자동차학과, 경기도_동서울대학교(제1캠퍼스)_미래자동차학과(3년제), 경기도_두원공과대학교(제1캠퍼스)_자동차손해보상과, 경기도_두원공과대학교(제2캠퍼스)_전기자동차과, 경기도_두원공과대학교(제1캠퍼스)_자동차과, 경기도_두원공과대학교(제2캠퍼스)_자동차튜닝과, 경기도_두원공과대학교(제2캠퍼스)_스마트자동차과, 경기도_서영대학교(제2캠퍼스)_미래자동차과, 경기도_서영대학교(제2캠퍼스)_자동차기계공학과, 경기도_서영대학교(제2캠퍼스)_미래자동차공학과, 경기도_서정대학교(제1캠퍼스)_스마트자동차학과, 경기도_서정대학교(제1캠퍼스)_자동차과, 경기도_서정대학교(제1캠퍼스)_스마트자동차과, 경기도_서정대학교(제1캠퍼스)_자동차학과, 경기도_서정대학교(제1캠퍼스)_스마트모빌리티과, 경기도_서정대학교(제1캠퍼스)_미래자동차과정, 경기도_수원과학대학교(제1캠퍼스)_자동차과, 경기도_여주대학교(제1캠퍼스)_자동차과, 경기도_여주대학교(제1캠퍼스)_미래자동차과, 경기도_여주대학교(제1캠퍼스)_미래자동차공학과, 경기도_오산대학교(제1캠퍼스)_자동차튜닝과, 경기도_오산대학교(제1캠퍼스)_미래전기자동차과, 경기도_오산대학교(제1캠퍼스)_자동차계열, 경기도_오산대학교(제1캠퍼스)_자동차과, 경기도_오산대학교(제1캠퍼스)_자동차공학과, 경기도_용인예술과학대학교(제1캠퍼스)_자동차과, 경기도_용인예술과학대학교(제1캠퍼스)_자동차기계학과, 강원특별자치도_세경대학교(제1캠퍼스)_전기자동차드론과, 강원특별자치도_송곡대학교(제1캠퍼스)_미래전기자동차학과, 강원특별자치도_송곡대학교(제1캠퍼스)_미래전기자동차과, 강원특별자치도_송호대학교(제1캠퍼스)_이모빌리티과, 충청북도_강동대학교(제1캠퍼스)_자동차튜닝과, 충청북도_충북도립대학교(제1캠퍼스)_미래자동차과, 충청북도_충북도립대학교(제1캠퍼스)_미래자동차전공, 충청북도_충북보건과학대학교(제1캠퍼스)_미래자동차과, 충청북도_충북보건과학대학교(제1캠퍼스)_미래자동차과(미래차기술전공), 충청북도_충청대학교(제1캠퍼스)_자동차모빌리티학과(1년제), 충청북도_충청대학교(제1캠퍼스)_자동차모빌리티학과, 충청북도_충청대학교(제1캠퍼스)_항공자동차모빌리티학부, 충청북도_충청대학교(제1캠퍼스)_항공자동차모빌리티과, 충청남도_신성대학교(제1캠퍼스)_자동차항공모빌리티과, 충청남도_신성대학교(제1캠퍼스)_자동차과, 충청남도_신성대학교(제1캠퍼스)_미래모빌리티학과, 충청남도_신성대학교(제1캠퍼스)_스마트자동차계열, 충청남도_신성대학교(제1캠퍼스)_미래모빌리티계열, 충청남도_신성대학교(제1캠퍼스)_미래자동차과, 충청남도_아주자동차대학교(제1캠퍼스)_미래자동차계열, 충청남도_아주자동차대학교(제1캠퍼스)_자동차공학과, 충청남도_아주자동차대학교(제1캠퍼스)_미래자동차공학부, 충청남도_한국폴리텍 IV 대학 아산캠퍼스(제1캠퍼스)_자동차기계과, 충청남도_한국폴리텍 IV 대학 아산캠퍼스(제1캠퍼스)_자동차융합기계과, 충청남도_한국폴리텍 IV 대학 충남캠퍼스(제1캠퍼스)_전기자동차과, 전북특별자치도_군장대학교(제1캠퍼스)_스마트자동차기계공학과, 전북특별자치도_전주비전대학교(제1캠퍼스)_미래모빌리티학과, 전북특별자치도_전주비전대학교(제1캠퍼스)_자동차융합학과, 전북특별자치도_전주비전대학교(제1캠퍼스)_미래모빌리티공학과, 전북특별자치도_전주비전대학교(제1캠퍼스)_자동차과, 전북특별자치도_전주비전대학교(제1캠퍼스)_자동차로봇학과, 전북특별자치도_전주비전대학교(제1캠퍼스)_자동차공학과, 전북특별자치도_한국폴리텍 V 대학 익산캠퍼스(제1캠퍼스)_자동차융합기계과, 전북특별자치도_한국폴리텍 V 대학 전북캠퍼스(제1캠퍼스)_스마트전기자동차과(자동차기계시스템), 전북특별자치도_한국폴리텍 V 대학 전북캠퍼스(제1캠퍼스)_스마트전기자동차과, 전라남도_전남과학대학교(제1캠퍼스)_스마트융합자동차과, 전라남도_전남과학대학교(제1캠퍼스)_스마트융합자동차학과, 전라남도_전남도립대학교(제1캠퍼스)_미래자동차학과, 전라남도_한국폴리텍 V 대학 전남캠퍼스(제1캠퍼스)_미래전기자동차과, 경상북도_가톨릭상지대학교(제1캠퍼스)_하이브리드자동차과, 경상북도_가톨릭상지대학교(제1캠퍼스)_자동차모터스포츠과, 경상북도_경북전문대학교(제1캠퍼스)_스마트전기자동차과, 경상북도_구미대학교(제1캠퍼스)_자동차공학과, 경상북도_구미대학교(제1캠퍼스)_자동차기계공학과, 경상북도_대경대학교(제1캠퍼스)_자동차딜러과, 경상북도_대경대학교(제1캠퍼스)_신산업창조학부 자동차딜러전공, 경상남도_경남도립거창대학(제1캠퍼스)_미래자동차공학부, 경상남도_김해대학교(제1캠퍼스)_지역산업학부 미래자동차과, 경상남도_동원과학기술대학교(제1캠퍼스)_자동차공학과, 경상남도_동원과학기술대학교(제1캠퍼스)_자동차과, 경상남도_마산대학교(제1캠퍼스)_전기자동차공학과, 경상남도_창원문성대학교(제1캠퍼스)_자동차과, 경상남도_창원문성대학교(제1캠퍼스)_미래자동차과, 경상남도_한국폴리텍 VII 대학 창원캠퍼스(제1캠퍼스)_스마트전기자동차과","일반 선택: 대수, 미적분Ⅰ, 확률과 통계, 물리학, 화학, 생명과학, 정보, 기술·가정 등 | 진로 선택: 기하, 미적분 II, 수학과제 탐구, 인공지능 수학, 역학과 에너지, 전자기와 양자, 물질과 에너지, 화학 반응의 세계, 인공지능 기초, 데이터 과학, 로봇과 공학세계 등 | 융합 선택: 창의 공학 설계, 소프트웨어와 생활 등","공통과목: 수학, 과학, 기술ㆍ가정 | 일반선택과목: 수학교과 : 수학ⅠㆍⅡ, 미적분, 확률과 통계 | 진로선택과목: 기하, 수학과제 탐구, 물리학Ⅱ, 화학Ⅱ, 생활과 과학, 융합과학, 공학일반 | 전문교과Ⅰ: 심화수학ⅠㆍⅡ, 고급 수학ⅠㆍⅡ, 고급 물리학, 물리학 실험, 고급 화학, 화학 실험, 정보과학, 과학과제연구 | 전문교과Ⅱ: 기계 제도, 자동차 일반, 자동차 기관, 자동차 전기ㆍ전자 제어, 자동차 엔진 정비, 자동차 차체 정비","기계설계산업기사, 기계조립산업기사, 메카트로닉스산업기사, 자동차정비산업기사",메카트로닉공학기술자
445,자동차정비과,"경기도_동서울대학교(제1캠퍼스)_기계자동차과, 충청북도_충북도립대학교(제1캠퍼스)_기계자동차과, 전라남도_순천제일대학교(제1캠퍼스)_기계자동차과, 경상남도_마산대학교(제1캠퍼스)_기계자동차과, 경상남도_마산대학교(제1캠퍼스)_기계자동차공학부","일반 선택: 대수, 미적분Ⅰ, 확률과 통계, 물리학, 화학, 생명과학, 정보, 기술·가정 등 | 진로 선택: 기하, 미적분 II, 수학과제 탐구, 인공지능 수학, 역학과 에너지, 전자기와 양자, 물질과 에너지, 화학 반응의 세계, 인공지능 기초, 데이터 과학, 로봇과 공학세계 등 | 융합 선택: 창의 공학 설계, 소프트웨어와 생활 등","공통과목: 수학, 과학, 기술ㆍ가정 | 일반선택과목: 수학교과 : 수학ⅠㆍⅡ, 미적분, 확률과 통계 | 진로선택과목: 기하, 수학과제 탐구, 물리학Ⅱ, 화학Ⅱ, 생활과 과학, 융합과학, 공학일반 | 전문교과Ⅰ: 심화수학ⅠㆍⅡ, 고급 수학ⅠㆍⅡ, 고급 물리학, 물리학 실험, 고급 화학, 화학 실험, 정보과학, 과학과제연구 | 전문교과Ⅱ: 기계 제도, 자동차 일반, 자동차 기관, 자동차 전기ㆍ전자 제어, 자동차 엔진 정비, 자동차 차체 정비","기계설계산업기사, 기계조립산업기사, 자동차정비산업기사",운송장비정비원
451,자율전공학부,"서울특별시_건국대학교(제1캠퍼스)_KU자유전공학부, 서울특별시_경기대학교(제2캠퍼스)_자유전공학부(서울), 서울특별시_경희대학교(제1캠퍼스)_자율전공학부, 서울특별시_경희사이버대학교(제1캠퍼스)_글로벌자율학부, 서울특별시_고려대학교(제1캠퍼스)_자유전공학부, 서울특별시_고려대학교(제1캠퍼스)_학부대학, 서울특별시_광운대학교(제1캠퍼스)_자율전공학부, 서울특별시_국민대학교(제1캠퍼스)_자유전공, 서울특별시_국민대학교(제1캠퍼스)_미래융합전공, 서울특별시_덕성여자대학교(제1캠퍼스)_자유전공학부, 서울특별시_동국대학교(제1캠퍼스)_열린전공학부, 서울특별시_동덕여자대학교(제1캠퍼스)_자율전공학부, 서울특별시_동덕여자대학교(제1캠퍼스)_자연정보융합학부, 서울특별시_명지대학교 인문캠퍼스(제2캠퍼스)_자율전공학부(인문), 서울특별시_삼육대학교(제1캠퍼스)_미래융합자유전공학부, 서울특별시_삼육대학교(제1캠퍼스)_창의융합자유전공학부, 서울특별시_상명대학교(제1캠퍼스)_자유전공(IT계열), 서울특별시_상명대학교(제1캠퍼스)_자유전공(이공계열), 서울특별시_상명대학교(제1캠퍼스)_자유전공(예체능계열), 서울특별시_서강대학교(제1캠퍼스)_인문학기반자유전공학부, 서울특별시_서강대학교(제1캠퍼스)_AI기반자유전공학부, 서울특별시_서강대학교(제1캠퍼스)_SCIENCE기반자유전공학부, 서울특별시_서경대학교(제1캠퍼스)_미래융합학부1, 서울특별시_서경대학교(제1캠퍼스)_미래융합학부2, 서울특별시_서경대학교(제1캠퍼스)_자유전공학부, 서울특별시_서울과학기술대학교(제1캠퍼스)_ST자유전공학부, 서울특별시_서울과학기술대학교(제1캠퍼스)_자유전공학부(미래융합대학), 서울특별시_서울대학교(제1캠퍼스)_자유전공학부, 서울특별시_서울대학교(제1캠퍼스)_첨단융합학부, 서울특별시_서울대학교(제1캠퍼스)_(학부대학)광역, 서울특별시_서울시립대학교(제1캠퍼스)_자유전공학부(자연), 서울특별시_서울시립대학교(제1캠퍼스)_자유전공학부, 서울특별시_서울시립대학교(제1캠퍼스)_자유전공학부(인문), 서울특별시_서울여자대학교(제1캠퍼스)_과학기술융합자유전공, 서울특별시_서울여자대학교(제1캠퍼스)_자유전공학부, 서울특별시_서울여자대학교(제1캠퍼스)_인문자유전공, 서울특별시_성균관대학교(제1캠퍼스)_자유전공계열, 서울특별시_성신여자대학교(제1캠퍼스)_창의융합학부(자유전공), 서울특별시_세종대학교(제1캠퍼스)_자유전공학부, 서울특별시_숙명여자대학교(제1캠퍼스)_자유전공학부, 서울특별시_숭실대학교(제1캠퍼스)_자유전공학부(인문), 서울특별시_숭실대학교(제1캠퍼스)_자유전공학부, 서울특별시_숭실대학교(제1캠퍼스)_자유전공학부(자연), 서울특별시_이화여자대학교(제1캠퍼스)_호크마학부, 서울특별시_이화여자대학교(제1캠퍼스)_자유전공, 서울특별시_한국외국어대학교(제1캠퍼스)_자유전공학부(서울), 서울특별시_홍익대학교(제1캠퍼스)_자율전공(미술대), 서울특별시_홍익대학교(제1캠퍼스)_서울캠퍼스 자율전공, 부산광역시_고신대학교(제1캠퍼스)_자율전공학부, 부산광역시_국립부경대학교(제1캠퍼스)_수산과학대학자유전공학부, 부산광역시_국립부경대학교(제1캠퍼스)_자유전공학부, 부산광역시_동서대학교(제1캠퍼스)_자유전공학부, 부산광역시_동아대학교(제1캠퍼스)_자유전공학부, 부산광역시_동의대학교(제1캠퍼스)_자유전공, 부산광역시_부산가톨릭대학교(제1캠퍼스)_자율전공학부, 부산광역시_부산외국어대학교(제1캠퍼스)_글로벌자유전공학부, 부산광역시_영산대학교(제2캠퍼스)_자유전공학부, 인천광역시_연세대학교(제2캠퍼스)_글로벌인재학부, 인천광역시_인천가톨릭대학교(제2캠퍼스)_자유전공, 인천광역시_인천대학교(제1캠퍼스)_자유전공학부(인문), 인천광역시_인천대학교(제1캠퍼스)_자유전공학부(자연), 인천광역시_인하대학교(제1캠퍼스)_자유전공융합학부, 인천광역시_청운대학교(제2캠퍼스)_미래융합자율전공학부, 대전광역시_국립한밭대학교(제1캠퍼스)_자율전공학부, 대전광역시_목원대학교(제1캠퍼스)_자율전공학부, 대전광역시_배재대학교(제1캠퍼스)_자율전공학부, 대전광역시_우송대학교(제1캠퍼스)_자유전공학부, 대전광역시_충남대학교(제1캠퍼스)_첨단융합학부, 대전광역시_충남대학교(제1캠퍼스)_자율전공융합학부, 대전광역시_한남대학교(제1캠퍼스)_자유전공학부, 대구광역시_경북대학교(제1캠퍼스)_첨단기술융합대학 자율학부2, 대구광역시_경북대학교(제1캠퍼스)_자율전공학부, 대구광역시_계명대학교(제1캠퍼스)_자율전공부, 울산광역시_울산대학교(제1캠퍼스)_자율전공학부, 광주광역시_광주과학기술원(제1캠퍼스)_도전탐색과정, 광주광역시_광주여자대학교(제1캠퍼스)_자율전공학부 2, 광주광역시_광주여자대학교(제1캠퍼스)_자율전공학부 1, 광주광역시_전남대학교(제1캠퍼스)_자율전공학부, 광주광역시_전남대학교(제1캠퍼스)_자율전공학부(4년), 광주광역시_전남대학교(제1캠퍼스)_자율전공학부(1년), 광주광역시_조선대학교(제1캠퍼스)_자유전공학부, 광주광역시_호남대학교(제1캠퍼스)_자유전공학부, 경기도_가천대학교(제1캠퍼스)_자유전공학부, 경기도_가톨릭대학교(제1캠퍼스)_자유전공학부, 경기도_강남대학교(제1캠퍼스)_자유전공학부, 경기도_경기대학교(제1캠퍼스)_자유전공학부(수원), 경기도_경희대학교(제2캠퍼스)_자유전공학부, 경기도_국립한국교통대학교(제3캠퍼스)_철도대학자유전공학부, 경기도_단국대학교(제1캠퍼스)_SW융합계열광역, 경기도_단국대학교(제1캠퍼스)_퇴계혁신칼리지, 경기도_대진대학교(제1캠퍼스)_자율전공학부, 경기도_루터대학교(제1캠퍼스)_휴먼케어서비스학부, 경기도_명지대학교 자연캠퍼스(제1캠퍼스)_자율전공학부(자연), 경기도_서울신학대학교(제1캠퍼스)_자율전공학부, 경기도_성결대학교(제1캠퍼스)_자율전공학부, 경기도_수원대학교(제1캠퍼스)_자유전공학부, 경기도_신한대학교(제1캠퍼스)_마이크로디그리대학, 경기도_아주대학교(제1캠퍼스)_자유전공학부(자연), 경기도_아주대학교(제1캠퍼스)_자유전공학부(인문), 경기도_안양대학교(제1캠퍼스)_자유전공, 경기도_안양대학교(제1캠퍼스)_이공계열자유전공, 경기도_용인대학교(제1캠퍼스)_무전공학부, 경기도_용인대학교(제1캠퍼스)_자연계열전공학부, 경기도_을지대학교(제3캠퍼스)_자유전공학부, 경기도_중부대학교(제2캠퍼스)_자율설계전공학부, 경기도_한경국립대학교(제1캠퍼스)_HK자율전공학부, 경기도_한국공학대학교(제1캠퍼스)_자유전공학부, 경기도_한국외국어대학교(제2캠퍼스)_자유전공학부(글로벌), 경기도_한국항공대학교(제1캠퍼스)_자유전공학부(통합), 경기도_한국항공대학교(제1캠퍼스)_자유전공학부, 경기도_한세대학교(제1캠퍼스)_자유전공학부, 경기도_한신대학교(제1캠퍼스)_자유전공학부, 경기도_한양대학교 ERICA캠퍼스(제1캠퍼스)_LIONS자율전공학부(전계열), 경기도_한양대학교 ERICA캠퍼스(제1캠퍼스)_LIONS자율전공학부(자연계열), 경기도_협성대학교(제1캠퍼스)_자율전공학부, 강원특별자치도_가톨릭관동대학교(제1캠퍼스)_자율전공학부, 강원특별자치도_강원대학교(제2캠퍼스)_자유전공학부(인문계열), 강원특별자치도_강원대학교(제2캠퍼스)_자유전공학부(자연계열), 강원특별자치도_강원대학교(제1캠퍼스)_자유전공학부(인문계열), 강원특별자치도_강원대학교(제1캠퍼스)_자유전공학부(자연계열), 강원특별자치도_국립강릉원주대학교(제1캠퍼스)_자유전공학부, 강원특별자치도_상지대학교(제1캠퍼스)_자유전공학부, 강원특별자치도_연세대학교 미래캠퍼스(제1캠퍼스)_자율융합계열, 강원특별자치도_한라대학교(제1캠퍼스)_자유전공학부, 충청북도_가톨릭꽃동네대학교(제1캠퍼스)_자율전공학부, 충청북도_건국대학교 글로컬캠퍼스(제1캠퍼스)_KU자유전공학부, 충청북도_건국대학교 글로컬캠퍼스(제1캠퍼스)_자율전공학부, 충청북도_국립한국교통대학교(제1캠퍼스)_자유전공학부(충주), 충청북도_국립한국교통대학교(제1캠퍼스)_공대자유전공학부, 충청북도_세명대학교(제1캠퍼스)_자율전공학부, 충청북도_우석대학교(제2캠퍼스)_휴먼테크 자율전공학부(진천), 충청북도_유원대학교(제1캠퍼스)_자율설계학부, 충청북도_중원대학교(제1캠퍼스)_자율전공학부, 충청북도_청주대학교(제1캠퍼스)_자유전공학부, 충청북도_충북대학교(제1캠퍼스)_자율전공학부(자연과학자율전공계열), 충청남도_국립공주대학교(제1캠퍼스)_자율전공학부(공주캠퍼스), 충청남도_국립공주대학교(제2캠퍼스)_자율전공학부(천안공과대학), 충청남도_국립공주대학교(제1캠퍼스)_자율전공학부(자연과학대학), 충청남도_나사렛대학교(제1캠퍼스)_쿰칼리지, 충청남도_단국대학교(제2캠퍼스)_율곡혁신칼리지, 충청남도_단국대학교(제2캠퍼스)_자연공학계열광역, 충청남도_백석대학교(제1캠퍼스)_자유전공학부(인문ㆍ자연계열), 충청남도_백석대학교(제1캠퍼스)_자유전공학부(자연계열), 충청남도_상명대학교(제2캠퍼스)_자유전공(아트&컬처), 충청남도_상명대학교(제2캠퍼스)_자유전공(공학계열), 충청남도_선문대학교(제1캠퍼스)_자유전공학부, 충청남도_선문대학교(제1캠퍼스)_자유전공대학, 충청남도_선문대학교(제1캠퍼스)_글로벌자유전공학부, 충청남도_유원대학교(제2캠퍼스)_창의설계학부, 충청남도_청운대학교(제1캠퍼스)_자율전공학부, 충청남도_한서대학교(제1캠퍼스)_자연과학전공자율학과, 충청남도_호서대학교(제1캠퍼스)_자유전공학부, 전북특별자치도_국립군산대학교(제1캠퍼스)_자율전공학부, 전북특별자치도_우석대학교(제1캠퍼스)_수소테크 자율전공학부, 전북특별자치도_우석대학교(제1캠퍼스)_휴먼테크 자율전공학부(전주), 전북특별자치도_원광대학교(제1캠퍼스)_자율전공학부, 전북특별자치도_전북대학교(제1캠퍼스)_융합자율전공학부 1, 전북특별자치도_전북대학교(제2캠퍼스)_융합자율전공학부 2, 전북특별자치도_전주대학교(제1캠퍼스)_자유전공학부, 전라남도_국립목포대학교(제1캠퍼스)_자율전공학부, 전라남도_국립순천대학교(제1캠퍼스)_미래융합학부, 전라남도_국립순천대학교(제1캠퍼스)_자유전공학부, 전라남도_국립순천대학교(제1캠퍼스)_예체능분야, 전라남도_동신대학교(제1캠퍼스)_자유전공학부, 전라남도_전남대학교(제2캠퍼스)_창의융합학부, 전라남도_초당대학교(제1캠퍼스)_평생교육대학, 경상북도_경북대학교(제3캠퍼스)_자율미래인재학부, 경상북도_경일대학교(제1캠퍼스)_자율전공학부, 경상북도_국립경국대학교(제1캠퍼스)_자유전공학부, 경상북도_국립금오공과대학교(제1캠퍼스)_자율전공학부, 경상북도_대구가톨릭대학교(제1캠퍼스)_자율전공학부, 경상북도_대구가톨릭대학교(제1캠퍼스)_유스티노자유대학(유형2), 경상북도_대구대학교(제1캠퍼스)_자유전공학부, 경상북도_대구한의대학교(제1캠퍼스)_자율전공학부, 경상북도_대구한의대학교(제1캠퍼스)_자연계열통합모집단위, 경상북도_대신대학교(제1캠퍼스)_무전공학부, 경상북도_동국대학교 WISE캠퍼스(제1캠퍼스)_글로컬인재학부, 경상북도_동국대학교 WISE캠퍼스(제1캠퍼스)_자유전공학부, 경상북도_영남대학교(제1캠퍼스)_전공자유선택학부, 경상북도_위덕대학교(제1캠퍼스)_자율전공학부, 경상남도_경남대학교(제1캠퍼스)_자유전공학부, 경상남도_경상국립대학교(제1캠퍼스)_자연과학자율전공, 경상남도_국립창원대학교(제1캠퍼스)_사림아너스학부, 경상남도_인제대학교(제1캠퍼스)_자유전공학부, 제주특별자치도_제주대학교(제1캠퍼스)_글로벌자율전공, 제주특별자치도_제주대학교(제1캠퍼스)_자유전공, 세종특별자치시_홍익대학교 세종캠퍼스(제2캠퍼스)_세종캠퍼스 자율전공","[출처 : 서울특별시교육청교육연구정보원, 2022 개정 교육과정 선택 과목 안내서, 자율전공]","공통과목: 영어, 사회, 생활ㆍ교양 | 일반선택과목: 영어교과 : 영어 회화, 영어Ⅰ, 영어 독해와 작문, 영어Ⅱ | 진로선택과목: 실용 수학, 실용 영어, 영어권 문화, 진로 영어, 사회문제 탐구, 창의경영, 지식 재산 일반 | 전문교과Ⅰ: 정보과학, 지역 이해, 비교 문화, 세계 문제와 미래 사회, 사회 탐구 방법 및 사회과제 연구 | 전문교과Ⅱ: 기업과 경영, 정보처리와 관리, 커뮤니케이션, 정보통신, 빅데이터 분석","인문, 사회, 과학, 경영 등 본인이 관심 있는 분야 관련 자격",검사
452,작곡과,"서울특별시_경희대학교(제1캠퍼스)_작곡과, 서울특별시_국민대학교(제1캠퍼스)_작곡전공, 서울특별시_상명대학교(제1캠퍼스)_뉴미디어작곡과, 서울특별시_서울대학교(제1캠퍼스)_작곡과, 서울특별시_서울대학교(제1캠퍼스)_작곡과(작곡전공), 서울특별시_서울대학교(제1캠퍼스)_작곡과(이론전공), 서울특별시_성신여자대학교(제1캠퍼스)_작곡과, 서울특별시_숙명여자대학교(제1캠퍼스)_작곡과, 서울특별시_연세대학교(제1캠퍼스)_작곡과, 서울특별시_이화여자대학교(제1캠퍼스)_작곡전공, 서울특별시_이화여자대학교(제1캠퍼스)_작곡과, 서울특별시_추계예술대학교(제1캠퍼스)_작곡과, 서울특별시_한국예술종합학교(제2캠퍼스)_작곡과, 서울특별시_한국예술종합학교(제1캠퍼스)_한국음악작곡과, 서울특별시_한양대학교(제1캠퍼스)_작곡과, 대전광역시_목원대학교(제1캠퍼스)_작곡과, 대전광역시_목원대학교(제1캠퍼스)_관현악학부 작곡전공, 대전광역시_목원대학교(제1캠퍼스)_관현악ㆍ작곡학부 작곡전공, 대구광역시_계명대학교(제1캠퍼스)_작곡전공, 경기도_가천대학교(제1캠퍼스)_음악학부(작곡), 경기도_단국대학교(제1캠퍼스)_음악학부 작곡전공, 경기도_명지대학교 자연캠퍼스(제1캠퍼스)_예술학부(작곡전공), 경기도_명지대학교 자연캠퍼스(제1캠퍼스)_작곡전공, 경기도_명지대학교 자연캠퍼스(제1캠퍼스)_예술학부(아트앤멀티미디어작곡전공), 경기도_명지대학교 자연캠퍼스(제1캠퍼스)_음악학부(작곡전공), 경기도_수원대학교(제1캠퍼스)_작곡과, 경기도_수원대학교(제1캠퍼스)_아트앤테크놀로지작곡과, 경기도_중앙대학교(제2캠퍼스)_음악학부(작곡전공), 충청남도_단국대학교(제2캠퍼스)_뉴뮤직학부 싱어송라이팅전공, 충청남도_단국대학교(제2캠퍼스)_뉴뮤직학부, 충청남도_단국대학교(제2캠퍼스)_뉴뮤직학부 뮤직테크놀러지 전공, 제주특별자치도_제주대학교(제1캠퍼스)_작곡전공","일반 선택: 화법과 언어, 독서와 작문, 문학, 영어Ⅰ, 영어Ⅱ, 영어 독해와 작문, 사회와 문화, 음악 등 | 진로 선택: 주제 탐구 독서, 심화 영어, 법과 사회, 경제, 윤리와 사상, 음악 연주와 창작, 음악 감상과 비평, 음악 이론, 음악사, 시창·청음, 음악 전공 실기, 합창·합주, 음악 공연 실습 등 | 융합 선택: 매체 의사소통, 미디어 영어, 세계 문화와 영어, 여행지리, 음악과 미디어, 음악과 문화 등","공통과목: 음악, 윤리 | 일반선택과목: 예술교과 : 음악 | 진로선택과목: 음악 연주, 음악 감상과 비평 | 전문교과Ⅰ: 음악이론, 음악사, 시창ㆍ청음, 음악 전공 실기 | 전문교과Ⅱ: 음악 콘텐츠 제작",,예체능강사
453,작업치료과,"부산광역시_경남정보대학교(제1캠퍼스)_작업치료학과, 부산광역시_경남정보대학교(제1캠퍼스)_작업치료과, 부산광역시_부산보건대학교(제1캠퍼스)_작업치료과, 부산광역시_부산보건대학교(제1캠퍼스)_작업치료학과, 인천광역시_경인여자대학교(제1캠퍼스)_작업치료학과, 대전광역시_대전보건대학교(제1캠퍼스)_작업치료학과, 대전광역시_대전보건대학교(제1캠퍼스)_작업치료과, 대구광역시_계명문화대학교(제1캠퍼스)_작업치료과, 대구광역시_대구보건대학교(제1캠퍼스)_작업치료학과, 울산광역시_춘해보건대학교(제1캠퍼스)_작업치료과, 울산광역시_춘해보건대학교(제1캠퍼스)_작업치료학과, 광주광역시_동강대학교(제1캠퍼스)_작업치료과, 경기도_경복대학교(제1캠퍼스)_작업치료학과, 경기도_경복대학교(제1캠퍼스)_작업치료과, 경기도_동남보건대학교(제1캠퍼스)_작업치료과, 경기도_동남보건대학교(제1캠퍼스)_작업치료학과, 경기도_두원공과대학교(제1캠퍼스)_작업치료과, 경기도_수원여자대학교(제1캠퍼스)_작업치료과, 경기도_신구대학교(제1캠퍼스)_작업치료과, 경기도_여주대학교(제1캠퍼스)_작업치료과, 경기도_연성대학교(제1캠퍼스)_작업치료과, 경기도_오산대학교(제1캠퍼스)_작업치료과, 경기도_유한대학교(제1캠퍼스)_작업치료과, 충청북도_충북보건과학대학교(제1캠퍼스)_작업치료과, 충청북도_충북보건과학대학교(제1캠퍼스)_작업치료학과, 충청남도_신성대학교(제1캠퍼스)_작업치료과, 충청남도_충남도립대학교(제1캠퍼스)_작업치료학과, 충청남도_혜전대학교(제1캠퍼스)_작업치료과, 전북특별자치도_전주기전대학(제1캠퍼스)_작업치료과, 전라남도_순천제일대학교(제1캠퍼스)_작업치료학과, 전라남도_순천제일대학교(제1캠퍼스)_작업치료과, 전라남도_전남과학대학교(제1캠퍼스)_작업치료과, 경상북도_가톨릭상지대학교(제1캠퍼스)_작업치료과, 경상북도_경북과학대학교(제1캠퍼스)_작업치료과, 경상북도_경북보건대학교(제1캠퍼스)_작업치료과, 경상북도_경북전문대학교(제1캠퍼스)_작업치료과, 경상북도_구미대학교(제1캠퍼스)_작업치료과, 경상북도_포항대학교(제1캠퍼스)_작업치료과, 경상북도_호산대학교(제1캠퍼스)_작업치료과, 경상남도_마산대학교(제1캠퍼스)_작업치료학과, 경상남도_마산대학교(제1캠퍼스)_작업치료과, 제주특별자치도_제주한라대학교(제1캠퍼스)_작업치료과","일반 선택: 물리학, 화학, 생명과학, 현대사회와 윤리 등 | 진로 선택: 세포와 물질대사, 생물의 유전, 법과 사회, 보건 등 | 융합 선택: 융합과학 탐구 등","공통과목: 영어, 과학 | 일반선택과목: 영어교과 : 영어Ⅰ, 영어Ⅱ, 영어 독해와 작문 | 진로선택과목: 생명과학Ⅱ | 전문교과Ⅰ: 체육지도법, 개인ㆍ대인 운동, 체육 전공 실기 응용 | 전문교과Ⅱ: 인체 구조와 기능, 기초 간호 임상 실무, 보건 간호",작업치료사,놀이치료사
454,장례지도과,"부산광역시_부산과학기술대학교(제1캠퍼스)_장례풍수명리복지과, 부산광역시_부산과학기술대학교(제1캠퍼스)_스마트장례마케팅과, 부산광역시_부산과학기술대학교(제1캠퍼스)_장례행정복지과, 부산광역시_부산과학기술대학교(제1캠퍼스)_스마트장례마케팅전공, 대전광역시_대전보건대학교(제1캠퍼스)_장례지도과, 경상남도_창원문성대학교(제1캠퍼스)_사회복지장례과","일반 선택: 현대사회와 윤리, 사회와 문화 등 | 진로 선택: 윤리와 사상, 정치, 법과 사회, 경제, 한국지리탐구, 도시의 미래 탐구, 국제 관계의 이해, 생활과학 탐구, 인간과 심리 등 | 융합 선택: 사회문제 탐구, 윤리문제 탐구, 등","공통과목: 사회, 생활ㆍ교양 | 일반선택과목: 사회교과 : 사회ㆍ문화, 생활과 윤리, 윤리와 사상 | 진로선택과목: 사회문제 탐구 | 전문교과Ⅰ: 지역 이해, 세계 문제와 미래 사회, 현대 세계의 변화, 사회 탐구 방법 및 사회과제 연구 | 전문교과Ⅱ: 사무 행정, 인간 발달, 아동 복지, 복지 서비스의 기초, 대인 복지 서비스","간호조무사, 사회복지사, 장례지도사",장례지도사
457,재료과,"인천광역시_인하공업전문대학(제1캠퍼스)_재료공학과, 인천광역시_한국폴리텍 II 대학 남인천캠퍼스(제1캠퍼스)_스마트표면처리과, 울산광역시_한국폴리텍 VII 대학 울산캠퍼스(제1캠퍼스)_재료화학, 강원특별자치도_강릉영동대학교(제1캠퍼스)_글로벌에너지신소재과, 전북특별자치도_전주비전대학교(제1캠퍼스)_탄소융합기계과, 경상북도_한국복지사이버대학교(제1캠퍼스)_운동재활치료학과","일반 선택: 대수, 미적분Ⅰ,확률과 통계, 물리학, 화학, 생명과학, 지구과학, 정보 등 | 진로 선택: 기하, 미적분Ⅱ, 역학과 에너지, 전자기와 양자, 물질과 에너지, 화학 반응의 세계, 세포와 물질대사, 로봇과 공학세계 등 | 융합 선택: 융합과학 탐구 등","공통과목: 수학, 과학, 기술ㆍ가정 | 일반선택과목: 수학교과 : 수학ⅠㆍⅡ, 미적분, 확률과 통계 | 진로선택과목: 기하, 물리학Ⅱ, 화학Ⅱ, 공학 일반 | 전문교과Ⅰ: 심화수학ⅠㆍⅡ, 고급 수학ⅠㆍⅡ, 고급 물리학, 물리학 실험, 고급 화학, 화학 실험, 과학과제연구 | 전문교과Ⅱ: 공업 일반, 금속 열처리, 금속 재료 가공","3D프린터개발산업기사, 금속재료산업기사, 자기비파괴검사산업기사, 초음파비파괴검사산업기사",3D프린팅전문가
460,전기ㆍ전자ㆍ통신공학교육과,대전광역시_충남대학교(제1캠퍼스)_전기ㆍ전자ㆍ통신공학교육과,"일반 선택: 화법과 언어, 독서와 작문, 문학, 대수, 미적분Ⅰ, 확률과 통계, 영어Ⅰ, 영어Ⅱ, 영어 독해와 작문, 물리학, 화학, 생명과학, 지구과학, 기술·가정, 정보, 생태와 환경 등 | 진로 선택: 주제 탐구 독서, 기하, 미적분Ⅱ, 역학과 에너지, 전자기와 양자, 물질과 에너지, 화학 반응의 세계, 세포와 물질대사, 생물의 유전, 지구시스템과학 등 | 융합 선택: 기후변화와 환경생태, 융합과학 탐구 등","공통과목: 수학, 과학, 기술ㆍ가정 | 일반선택과목: 수학교과 : 수학ⅠㆍⅡ, 미적분, 확률과 통계 | 진로선택과목: 기하, 수학과제 탐구, 물리학Ⅱ, 화학Ⅱ, 생활과 과학, 융합과학, 공학 일반 | 전문교과Ⅰ: 심화 수학ⅠㆍⅡ, 고급 수학ⅠㆍⅡ, 고급 물리학, 물리학 실험, 고급 화학, 화학 실험, 정보과학, 융합과학 탐구, 과학과제 연구 | 전문교과Ⅱ: 전기 회로, 전기 기기, 전기 설비, 자동화 설비","무선설비기사, 전기기사, 전자기사, 전파전자기사, 전파통신기사, 정보통신기사, 정보통신기사, 중등학교2급정교사",전기감리기술자
459,전기공학과,"서울특별시_건국대학교(제1캠퍼스)_전기공학과, 서울특별시_광운대학교(제1캠퍼스)_스마트전기전자학과, 서울특별시_광운대학교(제1캠퍼스)_전기공학과, 서울특별시_동국대학교(제1캠퍼스)_전기공학과, 서울특별시_상명대학교(제1캠퍼스)_SW융합학부 전기공학전공, 서울특별시_서울과학기술대학교(제1캠퍼스)_전기정보공학과, 서울특별시_서울대학교(제1캠퍼스)_전기ㆍ정보공학부, 서울특별시_세종대학교(제1캠퍼스)_지능기전공학과, 서울특별시_숭실대학교(제1캠퍼스)_전기공학부, 서울특별시_숭실사이버대학교(제1캠퍼스)_전기공학과, 서울특별시_한양대학교(제1캠퍼스)_전기공학전공, 서울특별시_한양대학교(제1캠퍼스)_전기ㆍ생체공학부, 부산광역시_경성대학교(제1캠퍼스)_전기공학과, 부산광역시_국립부경대학교(제1캠퍼스)_전기공학전공, 부산광역시_국립부경대학교(제1캠퍼스)_전기공학부, 부산광역시_동명대학교(제1캠퍼스)_전기공학과, 부산광역시_동명대학교(제1캠퍼스)_전기제어학부, 부산광역시_동명대학교(제1캠퍼스)_전기에너지전공, 부산광역시_동아대학교(제1캠퍼스)_전기ㆍ전자ㆍ컴퓨터공학부 전기공학과, 부산광역시_동아대학교(제1캠퍼스)_전기공학과, 부산광역시_동의대학교(제1캠퍼스)_전기공학과, 부산광역시_동의대학교(제1캠퍼스)_전기공학전공, 부산광역시_부산대학교(제1캠퍼스)_발전공학과, 부산광역시_부산대학교(제1캠퍼스)_전기전자공학부 전기공학전공, 부산광역시_신라대학교(제1캠퍼스)_스마트전기전자공학부, 부산광역시_신라대학교(제1캠퍼스)_전기공학전공, 인천광역시_인천대학교(제1캠퍼스)_전기공학과, 인천광역시_인하대학교(제1캠퍼스)_전기공학과, 대전광역시_국립한밭대학교(제1캠퍼스)_전기시스템공학과, 대전광역시_국립한밭대학교(제1캠퍼스)_전기공학과, 대전광역시_배재대학교(제1캠퍼스)_전기공학과, 대전광역시_우송대학교(제1캠퍼스)_철도시스템학부 철도전기시스템전공, 대전광역시_충남대학교(제1캠퍼스)_전기공학과, 대구광역시_경북대학교(제1캠퍼스)_전기공학과, 대구광역시_계명대학교(제1캠퍼스)_전기에너지공학과, 대구광역시_계명대학교(제1캠퍼스)_전기공학과, 광주광역시_광주대학교(제1캠퍼스)_전기공학과, 광주광역시_광주대학교(제1캠퍼스)_전기공학부, 광주광역시_남부대학교(제1캠퍼스)_전기공학과, 광주광역시_송원대학교(제1캠퍼스)_전기공학과, 광주광역시_송원대학교(제1캠퍼스)_철도차량ㆍ전기시스템학과, 광주광역시_전남대학교(제1캠퍼스)_전기공학과, 광주광역시_조선대학교(제1캠퍼스)_전기공학과, 광주광역시_호남대학교(제1캠퍼스)_전기공학과, 경기도_가천대학교(제1캠퍼스)_전기공학과, 경기도_국립한국교통대학교(제3캠퍼스)_철도전기정보공학과, 경기도_국립한국교통대학교(제3캠퍼스)_철도전기전자전공, 경기도_명지대학교 자연캠퍼스(제1캠퍼스)_전기공학전공, 경기도_명지대학교 자연캠퍼스(제1캠퍼스)_전기공학과, 경기도_수원대학교(제1캠퍼스)_전기공학, 경기도_한경국립대학교(제1캠퍼스)_전기공학전공, 경기도_한국공학대학교(제1캠퍼스)_에너지ㆍ전기공학부(미래에너지시스템전공), 경기도_한국공학대학교(제1캠퍼스)_에너지ㆍ전기공학부, 경기도_한국공학대학교(제1캠퍼스)_에너지전기공학과, 경기도_한국공학대학교(제1캠퍼스)_에너지ㆍ전기공학부(전력응용시스템전공), 강원특별자치도_강원대학교(제2캠퍼스)_전기공학전공, 강원특별자치도_강원대학교(제2캠퍼스)_전기제어계측공학부 전기공학전공, 강원특별자치도_강원대학교(제2캠퍼스)_전기공학과, 강원특별자치도_국립강릉원주대학교(제2캠퍼스)_전기공학과, 충청북도_국립한국교통대학교(제1캠퍼스)_스마트전기에너지공학과, 충청북도_국립한국교통대학교(제1캠퍼스)_전기공학과, 충청북도_국립한국교통대학교(제1캠퍼스)_전기공학전공, 충청북도_세명대학교(제1캠퍼스)_전기공학과, 충청북도_우석대학교(제2캠퍼스)_에너지전기공학과, 충청북도_중원대학교(제1캠퍼스)_전기반도체컴퓨터학부, 충청북도_중원대학교(제1캠퍼스)_전기반도체공학과, 충청북도_충북대학교(제1캠퍼스)_전기공학부, 충청남도_국립공주대학교(제2캠퍼스)_전기공학전공, 충청남도_순천향대학교(제1캠퍼스)_전기공학과, 충청남도_한서대학교(제1캠퍼스)_항공전기전공, 충청남도_호서대학교(제1캠퍼스)_전기공학과, 전북특별자치도_국립군산대학교(제1캠퍼스)_전기공학과, 전북특별자치도_원광대학교(제1캠퍼스)_전기공학과, 전북특별자치도_전북대학교(제1캠퍼스)_전기공학과, 전북특별자치도_호원대학교(제1캠퍼스)_전기공학과, 전북특별자치도_호원대학교(제1캠퍼스)_전기소방학부, 전북특별자치도_호원대학교(제1캠퍼스)_전기공학부, 전북특별자치도_호원대학교(제1캠퍼스)_전기소방안전학과, 전북특별자치도_호원대학교(제1캠퍼스)_소방.전기융합학과, 전라남도_국립목포대학교(제1캠퍼스)_전기공학과, 전라남도_국립순천대학교(제1캠퍼스)_전기공학과, 전라남도_국립순천대학교(제1캠퍼스)_전기공학전공, 전라남도_동신대학교(제1캠퍼스)_전기공학과, 전라남도_전남대학교(제2캠퍼스)_스마트전기제어공학과, 전라남도_전남대학교(제2캠퍼스)_전기컴퓨터공학부, 경상북도_경일대학교(제1캠퍼스)_조기취업형계약학부 스마트전력인프라학과, 경상북도_경일대학교(제1캠퍼스)_기계전기융합학부 전기에너지전공, 경상북도_경일대학교(제1캠퍼스)_스마트공학부 전기에너지공학전공, 경상북도_경일대학교(제1캠퍼스)_전기공학과, 경상북도_경일대학교(제1캠퍼스)_전기전자융합학과, 경상북도_국립경국대학교(제1캠퍼스)_전기에너지공학전공, 경상북도_대구가톨릭대학교(제1캠퍼스)_전기공학과, 경상북도_대구가톨릭대학교(제1캠퍼스)_전기공학전공, 경상북도_대구대학교(제1캠퍼스)_전자전기공학부(전기공학전공), 경상북도_동국대학교 WISE캠퍼스(제1캠퍼스)_에너지ㆍ전기공학과, 경상북도_동국대학교 WISE캠퍼스(제1캠퍼스)_에너지ㆍ전기공학전공, 경상북도_동양대학교(제1캠퍼스)_철도전기융합학과, 경상북도_동양대학교(제1캠퍼스)_철도운전ㆍ전기신호학과, 경상북도_영남대학교(제1캠퍼스)_전기공학과, 경상북도_위덕대학교(제1캠퍼스)_에너지전기공학부, 경상북도_위덕대학교(제1캠퍼스)_전력시스템공학과, 경상북도_위덕대학교(제1캠퍼스)_전기공학전공, 경상남도_경남대학교(제1캠퍼스)_전기공학과, 경상남도_경상국립대학교(제1캠퍼스)_전기공학과, 경상남도_경상국립대학교(제1캠퍼스)_전기에너지공학과, 경상남도_국립창원대학교(제1캠퍼스)_전기공학과, 경상남도_국립창원대학교(제1캠퍼스)_전기전자제어공학부 전기공학전공, 경상남도_인제대학교(제1캠퍼스)_전기ㆍ배터리공학과, 제주특별자치도_제주국제대학교(제1캠퍼스)_전기공학과, 제주특별자치도_제주국제대학교(제1캠퍼스)_에너지기계공학부 전기공학전공, 제주특별자치도_제주대학교(제1캠퍼스)_전기공학전공, 제주특별자치도_제주대학교(제1캠퍼스)_전기공학과, 제주특별자치도_제주대학교(제1캠퍼스)_전기에너지공학과, 세종특별자치시_고려대학교 세종캠퍼스(제1캠퍼스)_디스플레이ㆍ반도체물리학과, 세종특별자치시_홍익대학교 세종캠퍼스(제2캠퍼스)_전자ㆍ전기공학과","일반 선택: 대수, 미적분Ⅰ, 확률과 통계, 물리학, 화학, 생명과학, 지구과학, 정보, 기술·가정 등 | 진로 선택: 기하, 미적분Ⅱ, 역학과 에너지, 전자기와 양자, 물질과 에너지, 화학 반응의 세계, 인공지능 기초, 데이터 과학, 로봇과 공학세계 등 | 융합 선택: 창의 공학 설계, 소프트웨어와 생활 등","공통과목: 수학, 과학, 기술ㆍ가정 | 일반선택과목: 수학교과 : 수학ⅠㆍⅡ, 미적분, 확률과 통계 | 진로선택과목: 기하, 수학과제 탐구, 물리학Ⅱ, 화학Ⅱ, 생활과 과학, 융합과학, 공학 일반 | 전문교과Ⅰ: 심화수학ⅠㆍⅡ, 고급 수학ⅠㆍⅡ, 고급 물리학, 물리학 실험, 고급 화학, 화학 실험, 정보과학, 융합과학탐구, 과학과제연구 | 전문교과Ⅱ: 전기회로, 전기 기기, 전기 설비, 자동화 설비","발송배전기술사, 원자력발전기술사, 전기공사기사, 전기기사, 전기기술사, 전기안전기술사, 전기철도기사, 전자기사",무인자동차엔지니어
461,전기과,"서울특별시_한국폴리텍 I 대학 서울정수캠퍼스(제1캠퍼스)_전기과, 부산광역시_경남정보대학교(제1캠퍼스)_전기과, 부산광역시_동의과학대학교(제1캠퍼스)_전기과, 부산광역시_한국폴리텍 VII 대학 부산캠퍼스(제1캠퍼스)_전기과, 대전광역시_대덕대학교(제1캠퍼스)_전기과, 대전광역시_대전과학기술대학교(제1캠퍼스)_전기과, 대구광역시_계명문화대학교(제1캠퍼스)_전기과, 울산광역시_한국폴리텍 VII 대학 울산캠퍼스(제1캠퍼스)_전기과, 광주광역시_동강대학교(제1캠퍼스)_전기과, 광주광역시_서영대학교(제1캠퍼스)_전기과, 광주광역시_조선이공대학교(제1캠퍼스)_전기과, 광주광역시_한국폴리텍 V 대학 광주캠퍼스(제1캠퍼스)_전기과, 경기도_경기과학기술대학교(제1캠퍼스)_전기모빌리티과, 경기도_국제대학교(제1캠퍼스)_전기과, 경기도_대림대학교(제1캠퍼스)_전기과, 경기도_부천대학교(제1캠퍼스)_전기과, 경기도_수원과학대학교(제1캠퍼스)_전기과, 경기도_신안산대학교(제1캠퍼스)_전기과, 경기도_여주대학교(제1캠퍼스)_전기과, 경기도_연성대학교(제1캠퍼스)_전기과, 경기도_오산대학교(제1캠퍼스)_전기과, 경기도_용인예술과학대학교(제1캠퍼스)_전기과, 경기도_유한대학교(제1캠퍼스)_전기공학과 스마트팩토리융합전공, 경기도_한국폴리텍 I 대학 성남캠퍼스(제1캠퍼스)_전기과, 강원특별자치도_강릉영동대학교(제1캠퍼스)_전기과, 강원특별자치도_강릉영동대학교(제1캠퍼스)_전기ㆍ드론전공, 강원특별자치도_강원도립대학교(제1캠퍼스)_전기통신로봇과, 충청북도_강동대학교(제1캠퍼스)_소방전기에너지학부, 충청북도_충북보건과학대학교(제1캠퍼스)_전기과, 충청북도_충청대학교(제1캠퍼스)_전기과, 충청남도_백석문화대학교(제1캠퍼스)_전기과, 충청남도_한국폴리텍 IV 대학 충남캠퍼스(제1캠퍼스)_전기과, 충청남도_혜전대학교(제1캠퍼스)_전기과, 전북특별자치도_전북과학대학교(제1캠퍼스)_전기과, 전라남도_목포과학대학교(제1캠퍼스)_전기과, 전라남도_청암대학교(제1캠퍼스)_전기과, 전라남도_한국폴리텍 V 대학 전남캠퍼스(제1캠퍼스)_전기과, 경상북도_가톨릭상지대학교(제1캠퍼스)_전기과, 경상북도_경북전문대학교(제1캠퍼스)_전기과, 경상북도_한국폴리텍 VI 대학 구미캠퍼스(제1캠퍼스)_전기과, 경상남도_한국폴리텍 VII 대학 창원캠퍼스(제1캠퍼스)_전기과","일반 선택: 대수, 미적분Ⅰ, 확률과 통계, 물리학, 화학, 생명과학, 지구과학, 정보, 기술·가정 등 | 진로 선택: 기하, 미적분Ⅱ, 역학과 에너지, 전자기와 양자, 물질과 에너지, 화학 반응의 세계, 인공지능 기초, 데이터 과학, 로봇과 공학세계 등 | 융합 선택: 창의 공학 설계, 소프트웨어와 생활 등","공통과목: 수학, 과학, 기술ㆍ가정 | 일반선택과목: 수학교과 : 수학ⅠㆍⅡ, 미적분, 확률과 통계 | 진로선택과목: 기하, 수학과제 탐구, 물리학Ⅱ, 화학Ⅱ, 생활과 과학, 융합과학, 공학일반 | 전문교과Ⅰ: 심화수학ⅠㆍⅡ, 고급 수학ⅠㆍⅡ, 고급 물리학, 물리학 실험, 고급 화학, 화학 실험, 정보과학, 융합과학탐구, 과학과제연구 | 전문교과Ⅱ: 전기 회로, 전기 기기, 전기 설비, 자동화 설비","소방설비산업기사, 전기공사산업기사, 전기산업기사, 전기철도산업기사, 전파전자통신산업기사",무인자동차엔지니어
580,전기자동화과,"부산광역시_부산과학기술대학교(제1캠퍼스)_전기자동화과, 대전광역시_한국폴리텍 IV 대학 대전캠퍼스(제1캠퍼스)_로봇자동화과, 대구광역시_영남이공대학교(제1캠퍼스)_전기자동화과, 경기도_김포대학교(제1캠퍼스)_로봇자동화과, 경기도_대림대학교(제1캠퍼스)_로봇자동화공학과, 경기도_부천대학교(제1캠퍼스)_자동화로봇과, 경기도_한국폴리텍 I 대학 성남캠퍼스(제1캠퍼스)_AI자동화과, 충청남도_한국폴리텍 IV 대학 충남캠퍼스(제1캠퍼스)_AI자동화시스템과, 전북특별자치도_한국폴리텍 V 대학 전북캠퍼스(제1캠퍼스)_AI로봇자동화과, 전라남도_순천제일대학교(제1캠퍼스)_전기자동화과, 경상북도_안동과학대학교(제1캠퍼스)_전기자동화과, 경상북도_한국폴리텍 특성화대학 로봇캠퍼스(제1캠퍼스)_로봇자동화과","일반 선택: 대수, 미적분Ⅰ, 확률과 통계, 물리학, 화학, 생명과학, 지구과학, 정보, 기술·가정 등 | 진로 선택: 기하, 미적분Ⅱ, 역학과 에너지, 전자기와 양자, 물질과 에너지, 화학 반응의 세계, 인공지능 기초, 데이터 과학, 로봇과 공학세계 등 | 융합 선택: 창의 공학 설계, 소프트웨어와 생활 등","공통과목: 수학, 과학, 기술ㆍ가정 | 일반선택과목: 수학교과 : 수학ⅠㆍⅡ, 미적분, 확률과 통계 | 진로선택과목: 기하, 물리학Ⅱ, 화학Ⅱ, 공학 일반 | 전문교과Ⅰ: 심화수학ⅠㆍⅡ, 고급 수학ⅠㆍⅡ, 고급 물리학, 물리학 실험, 고급 화학, 화학 실험, 정보과학, 융합과학탐구, 과학과제연구 | 전문교과Ⅱ: 공업 일반, 기계 제도, 기계 일반, 기계 제어 설계, 전자 회로, 산업용 전자 기기 소프트웨어 개발","기계설계산업기사, 산업안전산업기사, 생산자동화산업기사, 전기공사산업기사",전기공학기술자
463,전기전자공학과,"서울특별시_경희대학교(제1캠퍼스)_정보디스플레이학과, 서울특별시_경희대학교(제1캠퍼스)_미래정보디스플레이학부, 서울특별시_서울디지털대학교(제1캠퍼스)_전기전자공학과, 서울특별시_서울사이버대학교(제1캠퍼스)_전기전자공학과, 서울특별시_세종사이버대학교(제1캠퍼스)_전기전자공학과, 서울특별시_한양사이버대학교(제1캠퍼스)_전기전자공학과, 부산광역시_국립부경대학교(제1캠퍼스)_스마트전기전자공학전공, 부산광역시_국립한국해양대학교(제1캠퍼스)_전자전기정보공학부(나노반도체공학전공), 부산광역시_동서대학교(제1캠퍼스)_전기전자공학과, 부산광역시_부산대학교(제1캠퍼스)_전기전자공학부 반도체공학전공, 부산광역시_신라대학교(제1캠퍼스)_전기전자공학과, 부산광역시_영산대학교(제2캠퍼스)_전기전자공학과, 부산광역시_영산대학교(제2캠퍼스)_자기설계전공학부, 대전광역시_목원대학교(제1캠퍼스)_전기전자공학과, 대전광역시_배재대학교(제1캠퍼스)_전기전자공학과, 대전광역시_한남대학교(제1캠퍼스)_전기전자공학과, 울산광역시_울산과학기술원(제1캠퍼스)_전기전자공학과, 광주광역시_송원대학교(제1캠퍼스)_전기전자공학과, 경기도_단국대학교(제1캠퍼스)_전자전기공학부 융합반도체공학전공, 경기도_안양대학교(제1캠퍼스)_전기전자공학과, 경기도_중부대학교(제2캠퍼스)_전기전자공학과, 경기도_한국항공대학교(제1캠퍼스)_전기전자공학과, 강원특별자치도_강원대학교(제1캠퍼스)_전기전자공학과, 강원특별자치도_상지대학교(제1캠퍼스)_전기전자공학과, 강원특별자치도_연세대학교 미래캠퍼스(제1캠퍼스)_응용전기전자융합공학전공, 강원특별자치도_한라대학교(제1캠퍼스)_전기전자공학과, 충청북도_세명대학교(제1캠퍼스)_전기전자공학과, 충청북도_중원대학교(제1캠퍼스)_전기전자공학과, 충청남도_국립공주대학교(제2캠퍼스)_전기전자공학과, 충청남도_선문대학교(제1캠퍼스)_정보디스플레이학과, 충청남도_한서대학교(제1캠퍼스)_전기전자공학과, 전북특별자치도_우석대학교(제1캠퍼스)_전기전자공학과, 전북특별자치도_전주대학교(제1캠퍼스)_전기전자공학과, 전라남도_국립목포대학교(제1캠퍼스)_전기ㆍ전자ㆍ통신자율전공학부, 전라남도_전남대학교(제2캠퍼스)_전기ㆍ전자통신ㆍ컴퓨터공학부, 경상북도_국립경국대학교(제1캠퍼스)_전기전자교육과, 경상북도_대구사이버대학교(제1캠퍼스)_전기전자공학과, 경상남도_경상국립대학교(제1캠퍼스)_스마트전력공학전공, 세종특별자치시_고려대학교 세종캠퍼스(제1캠퍼스)_디스플레이융합전공","일반 선택: 대수, 미적분 Ⅰ, 확률과 통계, 물리학, 화학, 지구과학, 정보, 기술·가정 등 | 진로 선택: 기하, 미적분Ⅱ, 역학과 에너지, 전자기와 양자, 물질과 에너지, 화학 반응의 세계, 인공지능 기초, 데이터 과학, 로봇과 공학세계 등 | 융합 선택: 창의 공학 설계, 소프트웨어와 생활 등","공통과목: 수학, 과학, 기술ㆍ가정 | 일반선택과목: 수학교과 : 수학ⅠㆍⅡ, 미적분, 확률과 통계 | 진로선택과목: 기하, 수학과제 탐구, 물리학Ⅱ, 화학Ⅱ, 생활과 과학, 융합과학, 공학 일반 | 전문교과Ⅰ: 심화수학ⅠㆍⅡ, 고급 수학ⅠㆍⅡ, 고급 물리학, 물리학 실험, 고급 화학, 화학 실험, 정보과학, 융합과학탐구, 과학과제연구 | 전문교과Ⅱ: 전자 회로, 디지털 논리 회로, 산업용 전자 기기 소프트웨어 개발","반도체설계기사, 발송배전기술사, 원자력발전기술사, 전기공사기사, 전기기사, 전기기술사, 전기안전기술사, 전기철도기사, 전자계산기기사, 전자기사",로봇공학자
464,전기전자과,"서울특별시_동양미래대학교(제1캠퍼스)_전기공학과, 서울특별시_동양미래대학교(제1캠퍼스)_응용전자과, 서울특별시_동양미래대학교(제1캠퍼스)_정보전자공학과, 서울특별시_명지전문대학(제1캠퍼스)_전자공학과, 서울특별시_명지전문대학(제1캠퍼스)_전기공학과, 서울특별시_서일대학교(제1캠퍼스)_IoT전자공학과, 서울특별시_서일대학교(제1캠퍼스)_컴퓨터전자공학과, 서울특별시_서일대학교(제1캠퍼스)_전기융합공학과, 서울특별시_서일대학교(제1캠퍼스)_전기공학과, 서울특별시_인덕대학교(제1캠퍼스)_컴퓨터전자공학과, 서울특별시_한국폴리텍 I 대학 서울강서캠퍼스(제1캠퍼스)_전기과(2년제), 서울특별시_한국폴리텍 I 대학 서울정수캠퍼스(제1캠퍼스)_전기공학과, 부산광역시_경남정보대학교(제1캠퍼스)_전자공학과, 부산광역시_경남정보대학교(제1캠퍼스)_전기공학과, 부산광역시_동의과학대학교(제1캠퍼스)_전기전자공학과, 부산광역시_동의과학대학교(제1캠퍼스)_전자전공, 부산광역시_동의과학대학교(제1캠퍼스)_전기전공, 부산광역시_동의과학대학교(제1캠퍼스)_반도체전자산업과, 부산광역시_부산과학기술대학교(제1캠퍼스)_스마트전자과, 부산광역시_부산과학기술대학교(제1캠퍼스)_전기공학과, 부산광역시_부산보건대학교(제1캠퍼스)_전기전자과, 부산광역시_한국폴리텍 VII 대학 동부산캠퍼스(제1캠퍼스)_스마트전기과, 부산광역시_한국폴리텍 VII 대학 부산캠퍼스(제1캠퍼스)_반도체시스템과(융합전기전자), 부산광역시_한국폴리텍 VII 대학 부산캠퍼스(제1캠퍼스)_전기공학과, 부산광역시_한국폴리텍 VII 대학 부산캠퍼스(제1캠퍼스)_스마트전자과, 부산광역시_한국폴리텍 VII 대학 부산캠퍼스(제1캠퍼스)_스마트전자과(융합전기전자), 인천광역시_인하공업전문대학(제1캠퍼스)_전자공학과, 인천광역시_인하공업전문대학(제1캠퍼스)_전기공학과, 인천광역시_재능대학교(제1캠퍼스)_AI응용전기전자과, 인천광역시_재능대학교(제1캠퍼스)_AI학부 사물인터넷전공, 인천광역시_재능대학교(제1캠퍼스)_인공지능전자과, 인천광역시_재능대학교(제1캠퍼스)_전자공학과, 인천광역시_재능대학교(제1캠퍼스)_AI응용전기전자공학과, 인천광역시_한국폴리텍 II 대학 인천캠퍼스(제1캠퍼스)_전기공학과, 인천광역시_한국폴리텍 II 대학 인천캠퍼스(제1캠퍼스)_전기에너지시스템과, 대전광역시_대덕대학교(제1캠퍼스)_전기공학과, 대전광역시_대덕대학교(제1캠퍼스)_반도체자동화과, 대전광역시_대덕대학교(제1캠퍼스)_전기전자과, 대전광역시_우송정보대학(제1캠퍼스)_스마트기기생산과, 대전광역시_한국폴리텍 IV 대학 대전캠퍼스(제1캠퍼스)_SG전기전자제어과, 대전광역시_한국폴리텍 IV 대학 대전캠퍼스(제1캠퍼스)_전기전자제어과, 대구광역시_계명문화대학교(제1캠퍼스)_컴퓨터전기학부, 대구광역시_계명문화대학교(제1캠퍼스)_디지털융합과, 대구광역시_계명문화대학교(제1캠퍼스)_디지털전자과, 대구광역시_대구공업대학교(제1캠퍼스)_전기전자과, 대구광역시_대구공업대학교(제1캠퍼스)_전자정보계열, 대구광역시_수성대학교(제1캠퍼스)_전자정보과, 대구광역시_영남이공대학교(제1캠퍼스)_전자정보계열, 대구광역시_영남이공대학교(제1캠퍼스)_전자정보계열(2년제), 대구광역시_영남이공대학교(제1캠퍼스)_전자계열, 대구광역시_영진전문대학교(제1캠퍼스)_디지털전기공학과, 대구광역시_영진전문대학교(제1캠퍼스)_전기공학과, 대구광역시_영진전문대학교(제1캠퍼스)_ICT융합전자과, 대구광역시_한국폴리텍 VI 대학 대구캠퍼스(제1캠퍼스)_이차전지시스템과, 대구광역시_한국폴리텍 VI 대학 대구캠퍼스(제1캠퍼스)_스마트전기과, 대구광역시_한국폴리텍 VI 대학 대구캠퍼스(제1캠퍼스)_스마트전자과, 대구광역시_한국폴리텍 VI 대학 대구캠퍼스(제1캠퍼스)_스마트전자과(ICT융합전자), 울산광역시_울산과학대학교(제2캠퍼스)_전기전자학부, 울산광역시_울산과학대학교(제2캠퍼스)_산업전기공학과, 울산광역시_울산과학대학교(제2캠퍼스)_전기전자공학부, 광주광역시_동강대학교(제1캠퍼스)_AI융합전기과, 광주광역시_동강대학교(제1캠퍼스)_스마트전기과, 광주광역시_조선이공대학교(제1캠퍼스)_전기에너지과, 광주광역시_한국폴리텍 V 대학 광주캠퍼스(제1캠퍼스)_반도체시스템제어과, 경기도_경기과학기술대학교(제1캠퍼스)_전기공학과, 경기도_경기과학기술대학교(제1캠퍼스)_전자기기융합과, 경기도_경기과학기술대학교(제1캠퍼스)_전자공학과(e-MU), 경기도_경기과학기술대학교(제1캠퍼스)_전자공학과, 경기도_국제대학교(제1캠퍼스)_전기공학과, 경기도_김포대학교(제1캠퍼스)_항공전기전자과, 경기도_대림대학교(제1캠퍼스)_전기과(2년제), 경기도_대림대학교(제1캠퍼스)_전기공학과, 경기도_대림대학교(제1캠퍼스)_전자통신AI공학과, 경기도_대림대학교(제1캠퍼스)_전기공학과(2년), 경기도_대림대학교(제1캠퍼스)_디지털전자과, 경기도_대림대학교(제1캠퍼스)_스마트전자ㆍ통신학부, 경기도_대림대학교(제1캠퍼스)_융합전자통신과, 경기도_동서울대학교(제1캠퍼스)_전자공학과, 경기도_동서울대학교(제1캠퍼스)_컴퓨터전자과, 경기도_동서울대학교(제1캠퍼스)_전기공학과, 경기도_동서울대학교(제1캠퍼스)_전기정보제어학과, 경기도_동서울대학교(제1캠퍼스)_디지털전자과, 경기도_동원대학교(제1캠퍼스)_전자정보과, 경기도_동원대학교(제1캠퍼스)_정보전자과, 경기도_두원공과대학교(제2캠퍼스)_디스플레이공학과, 경기도_두원공과대학교(제2캠퍼스)_디스플레이전자공학과, 경기도_두원공과대학교(제2캠퍼스)_전기설비과, 경기도_두원공과대학교(제1캠퍼스)_전기공학과(3년제), 경기도_두원공과대학교(제2캠퍼스)_디스플레이전자과, 경기도_두원공과대학교(제2캠퍼스)_디스플레이시스템공학과, 경기도_두원공과대학교(제1캠퍼스)_전기공학과, 경기도_부천대학교(제1캠퍼스)_전기공학과(1년과정), 경기도_부천대학교(제1캠퍼스)_전자공학과 전자공학전공, 경기도_부천대학교(제1캠퍼스)_전자공학과, 경기도_서영대학교(제2캠퍼스)_전기전자과, 경기도_수원과학대학교(제1캠퍼스)_컴퓨터전자과, 경기도_수원과학대학교(제1캠퍼스)_전자정보통신공학과 전자전공, 경기도_신안산대학교(제1캠퍼스)_스마트전자전기과, 경기도_신안산대학교(제1캠퍼스)_전기공학과, 경기도_연성대학교(제1캠퍼스)_전자공학과(3년제), 경기도_연성대학교(제1캠퍼스)_디지털전자과(3년제), 경기도_용인예술과학대학교(제1캠퍼스)_스마트전자과, 경기도_유한대학교(제1캠퍼스)_전기공학과 전기공학전공, 경기도_유한대학교(제1캠퍼스)_전자공학과, 경기도_유한대학교(제1캠퍼스)_전기공학과, 경기도_유한대학교(제1캠퍼스)_전기공학과 전자공학전공, 경기도_한국폴리텍 I 대학 성남캠퍼스(제1캠퍼스)_스마트전기과, 강원특별자치도_강릉영동대학교(제1캠퍼스)_전자정보과, 강원특별자치도_한국폴리텍 III 대학 춘천캠퍼스(제1캠퍼스)_전기과(2년제), 강원특별자치도_한림성심대학교(제1캠퍼스)_전기정보과, 강원특별자치도_한림성심대학교(제1캠퍼스)_전기공학과, 충청북도_강동대학교(제1캠퍼스)_전기설비과, 충청북도_강동대학교(제1캠퍼스)_전기전자과, 충청북도_대원대학교(제1캠퍼스)_전기전자과, 충청북도_충북도립대학교(제1캠퍼스)_전기에너지시스템과, 충청북도_충북도립대학교(제1캠퍼스)_전기에너지전공, 충청북도_충북보건과학대학교(제1캠퍼스)_반도체전자과, 충청북도_충북보건과학대학교(제1캠퍼스)_이차전지과, 충청북도_충청대학교(제1캠퍼스)_전기전자공학부 전기과, 충청북도_충청대학교(제1캠퍼스)_컴퓨터전자공학과, 충청북도_충청대학교(제1캠퍼스)_전기전자공학부, 충청북도_충청대학교(제1캠퍼스)_컴퓨터전자과, 충청북도_충청대학교(제1캠퍼스)_전기전자학부, 충청북도_충청대학교(제1캠퍼스)_전기전자공학부 반도체전자공학과, 충청북도_한국폴리텍 IV 대학 청주캠퍼스(제1캠퍼스)_전기에너지과, 충청남도_백석문화대학교(제1캠퍼스)_미래커리어개발학부(전기과), 충청남도_신성대학교(제1캠퍼스)_전기과(2년제), 충청남도_아주자동차대학교(제1캠퍼스)_전기 및 설비 전공, 충청남도_충남도립대학교(제1캠퍼스)_전기전자과, 충청남도_충남도립대학교(제1캠퍼스)_전기전자공학과, 충청남도_혜전대학교(제1캠퍼스)_전기과(2년제), 충청남도_혜전대학교(제1캠퍼스)_전기전자서비스과, 충청남도_혜전대학교(제1캠퍼스)_전자CAD과, 충청남도_혜전대학교(제1캠퍼스)_전기과(3년제), 전북특별자치도_전주기전대학(제1캠퍼스)_2차전지소재부품과(웰니스), 전북특별자치도_전주기전대학(제1캠퍼스)_2차전지소재부품과, 전북특별자치도_전주비전대학교(제1캠퍼스)_전기공학과, 전북특별자치도_한국폴리텍 V 대학 전북캠퍼스(제1캠퍼스)_스마트전기과, 전라남도_광양보건대학교(제1캠퍼스)_응용전지과, 전라남도_나주대학교(제1캠퍼스)_에너지전기학부, 전라남도_순천제일대학교(제1캠퍼스)_산업기술전자과, 전라남도_순천제일대학교(제1캠퍼스)_산업융합전자과, 전라남도_전남도립대학교(제1캠퍼스)_신재생에너지전기과, 경상북도_경북전문대학교(제1캠퍼스)_전기공학과, 경상북도_경북전문대학교(제1캠퍼스)_전기소방시스템공학과, 경상북도_구미대학교(제1캠퍼스)_전자통신컴퓨터공학부, 경상북도_구미대학교(제1캠퍼스)_전기융합에너지과, 경상북도_구미대학교(제1캠퍼스)_전기에너지공학과, 경상북도_구미대학교(제1캠퍼스)_전기에너지과, 경상북도_선린대학교(제1캠퍼스)_스마트전기에너지과, 경상북도_선린대학교(제1캠퍼스)_이차전지융합과, 경상북도_포항대학교(제1캠퍼스)_전기에너지과, 경상북도_한국폴리텍 VI 대학 구미캠퍼스(제1캠퍼스)_스마트전자과, 경상북도_한국폴리텍 VI 대학 구미캠퍼스(제1캠퍼스)_AI전자과(스마트융합전자), 경상북도_한국폴리텍 VI 대학 구미캠퍼스(제1캠퍼스)_AI전자과, 경상북도_한국폴리텍 VI 대학 영주캠퍼스(제1캠퍼스)_AI융합전자과, 경상남도_거제대학교(제1캠퍼스)_전기공학과, 경상남도_거제대학교(제1캠퍼스)_전기공학전공, 경상남도_경남도립남해대학(제1캠퍼스)_전기ㆍ자동차계열, 경상남도_동원과학기술대학교(제1캠퍼스)_전기에너지과, 경상남도_동원과학기술대학교(제1캠퍼스)_스마트전기전자과, 경상남도_마산대학교(제1캠퍼스)_스마트전기과, 경상남도_마산대학교(제1캠퍼스)_스마트전기공학과, 경상남도_연암공과대학교(제1캠퍼스)_스마트전기전자공학과, 경상남도_연암공과대학교(제1캠퍼스)_전기전자공학과, 경상남도_창원문성대학교(제1캠퍼스)_전기공학과, 경상남도_한국폴리텍 VII 대학 창원캠퍼스(제1캠퍼스)_AI융합전자과, 경상남도_한국폴리텍 VII 대학 창원캠퍼스(제1캠퍼스)_스마트전기과, 경상남도_한국폴리텍 VII 대학 창원캠퍼스(제1캠퍼스)_전기공학과","일반 선택: 대수, 미적분 Ⅰ, 확률과 통계, 물리학, 화학, 지구과학, 정보, 기술·가정 등 | 진로 선택: 기하, 미적분Ⅱ, 역학과 에너지, 전자기와 양자, 물질과 에너지, 화학 반응의 세계, 인공지능 기초, 데이터 과학, 로봇과 공학세계 등 | 융합 선택: 창의 공학 설계, 소프트웨어와 생활 등","공통과목: 수학, 과학, 기술ㆍ가정 | 일반선택과목: 수학교과 : 수학ⅠㆍⅡ, 미적분, 확률과 통계 | 진로선택과목: 기하, 수학과제 탐구, 물리학Ⅱ, 화학Ⅱ, 생활과 과학, 융합과학, 공학일반 | 전문교과Ⅰ: 심화수학ⅠㆍⅡ, 고급 수학ⅠㆍⅡ, 고급 물리학, 물리학 실험, 고급 화학, 화학 실험, 정보과학, 융합과학탐구, 과학과제연구 | 전문교과Ⅱ: 전기 회로, 전기 기기, 전기 설비, 자동화 설비","소방설비산업기사, 전기공사산업기사, 전기산업기사, 전기철도산업기사, 전파전자통신산업기사",발전장치조작원
465,전기제어공학과,"충청북도_청주대학교(제1캠퍼스)_전기제어공학과, 전라남도_국립목포대학교(제1캠퍼스)_전기및제어공학과","일반 선택: 대수, 미적분 Ⅰ, 확률과 통계, 물리학, 화학, 지구과학, 정보, 기술·가정 등 | 진로 선택: 기하, 미적분Ⅱ, 역학과 에너지, 전자기와 양자, 물질과 에너지, 화학 반응의 세계, 인공지능 기초, 데이터 과학, 로봇과 공학세계 등 | 융합 선택: 창의 공학 설계, 소프트웨어와 생활 등","공통과목: 수학, 과학, 기술ㆍ가정 | 일반선택과목: 수학교과 : 수학ⅠㆍⅡ, 미적분, 확률과 통계 | 진로선택과목: 기하, 물리학Ⅱ, 화학Ⅱ, 공학 일반 | 전문교과Ⅰ: 심화수학ⅠㆍⅡ, 고급 수학ⅠㆍⅡ, 고급 물리학, 물리학 실험, 고급 화학, 화학 실험, 정보과학, 융합과학탐구, 과학과제연구 | 전문교과Ⅱ: 공업 일반, 기계 제어 설계, 기계 소프트웨어 개발, 프로그래밍, 사물 인터넷 서비스 기획","메카트로닉스기사, 전기공사기사, 전기기사, 전기철도기사",로봇연구원
469,전자공학과,"서울특별시_건국대학교(제1캠퍼스)_전기전자공학부, 서울특별시_건국대학교(제1캠퍼스)_전자공학부, 서울특별시_건국대학교(제1캠퍼스)_전자공학과, 서울특별시_경희사이버대학교(제1캠퍼스)_컴퓨터정보통신공학전공, 서울특별시_고려대학교(제1캠퍼스)_전기전자전파공학부, 서울특별시_고려대학교(제1캠퍼스)_전기전자공학부, 서울특별시_고려사이버대학교(제1캠퍼스)_전기전자공학부, 서울특별시_광운대학교(제1캠퍼스)_전자융합공학과, 서울특별시_광운대학교(제1캠퍼스)_전자공학과, 서울특별시_국민대학교(제1캠퍼스)_나노전자물리학과, 서울특별시_국민대학교(제1캠퍼스)_전자공학전공, 서울특별시_국민대학교(제1캠퍼스)_전자시스템공학전공, 서울특별시_국민대학교(제1캠퍼스)_지능형반도체융합전자전공, 서울특별시_국민대학교(제1캠퍼스)_전자공학부, 서울특별시_국민대학교(제1캠퍼스)_융합전자공학전공, 서울특별시_국민대학교(제1캠퍼스)_지능전자공학전공, 서울특별시_국민대학교(제1캠퍼스)_지능형ICT융합전공, 서울특별시_동국대학교(제1캠퍼스)_전자전기공학부, 서울특별시_동국대학교(제1캠퍼스)_전자전기공학전공, 서울특별시_동국대학교(제1캠퍼스)_IT학부 전자공학전공, 서울특별시_상명대학교(제1캠퍼스)_SW융합학부 지능IOT융합전공, 서울특별시_상명대학교(제1캠퍼스)_전기전자공학부 융합전자공학전공, 서울특별시_서강대학교(제1캠퍼스)_시스템반도체공학과, 서울특별시_서강대학교(제1캠퍼스)_전자공학과, 서울특별시_서경대학교(제1캠퍼스)_전자공학과, 서울특별시_서경대학교(제1캠퍼스)_전자컴퓨터공학과, 서울특별시_서울과학기술대학교(제1캠퍼스)_전자공학과, 서울특별시_서울시립대학교(제1캠퍼스)_전자전기컴퓨터공학부, 서울특별시_서울시립대학교(제1캠퍼스)_물리학-전자물리학 전공, 서울특별시_세종대학교(제1캠퍼스)_전자공학과, 서울특별시_세종대학교(제1캠퍼스)_AI융합전자공학과, 서울특별시_숙명여자대학교(제1캠퍼스)_전자공학전공, 서울특별시_숙명여자대학교(제1캠퍼스)_지능형전자시스템전공, 서울특별시_숭실대학교(제1캠퍼스)_전자정보공학부 전자공학전공, 서울특별시_연세대학교(제1캠퍼스)_시스템반도체공학과, 서울특별시_연세대학교(제1캠퍼스)_디스플레이융합공학과, 서울특별시_연세대학교(제1캠퍼스)_전기전자공학전공, 서울특별시_연세대학교(제1캠퍼스)_전기전자공학부, 서울특별시_이화여자대학교(제1캠퍼스)_전자전기공학전공, 서울특별시_이화여자대학교(제1캠퍼스)_전자공학과, 서울특별시_중앙대학교(제1캠퍼스)_전자전기공학부, 서울특별시_한양대학교(제1캠퍼스)_융합전자공학부, 서울특별시_홍익대학교(제1캠퍼스)_전자ㆍ전기공학부, 부산광역시_경성대학교(제1캠퍼스)_전자공학과, 부산광역시_국립부경대학교(제1캠퍼스)_전자공학전공, 부산광역시_국립부경대학교(제1캠퍼스)_전기전자SW공학전공, 부산광역시_국립한국해양대학교(제1캠퍼스)_전자전기정보공학부(전자정보통신공학전공), 부산광역시_국립한국해양대학교(제1캠퍼스)_전자전기정보공학부(전기전자공학전공), 부산광역시_국립한국해양대학교(제1캠퍼스)_전자전기정보공학부(전자통신공학전공), 부산광역시_동명대학교(제1캠퍼스)_전자공학과, 부산광역시_동서대학교(제1캠퍼스)_융합전자공학과, 부산광역시_동서대학교(제1캠퍼스)_전기전자공학전공, 부산광역시_동아대학교(제1캠퍼스)_전자공학과, 부산광역시_동아대학교(제1캠퍼스)_전기ㆍ전자ㆍ컴퓨터공학부 전자공학과, 부산광역시_동의대학교(제1캠퍼스)_전자공학과, 부산광역시_동의대학교(제1캠퍼스)_전자공학전공, 부산광역시_부산대학교(제1캠퍼스)_전기전자공학부 전자공학전공, 부산광역시_부산대학교(제1캠퍼스)_전자전기공학부, 부산광역시_부산외국어대학교(제1캠퍼스)_전자로봇공학과, 부산광역시_부산외국어대학교(제1캠퍼스)_전자로봇ㆍ보안학부(전자로봇전공), 부산광역시_부산외국어대학교(제1캠퍼스)_전자ㆍ인공지능융합전공, 부산광역시_신라대학교(제1캠퍼스)_전자공학과, 부산광역시_신라대학교(제1캠퍼스)_전자공학전공, 인천광역시_인천대학교(제1캠퍼스)_전자공학전공, 인천광역시_인천대학교(제1캠퍼스)_전자공학과, 인천광역시_인천대학교(제1캠퍼스)_전자공학부, 인천광역시_인하대학교(제1캠퍼스)_전자공학과, 인천광역시_인하대학교(제1캠퍼스)_전기전자공학부, 인천광역시_인하대학교(제1캠퍼스)_반도체산업융합학과(계약), 인천광역시_청운대학교(제2캠퍼스)_전자공학과, 대전광역시_국립한밭대학교(제1캠퍼스)_전자공학과, 대전광역시_대전대학교(제1캠퍼스)_전자ㆍ정보통신공학과, 대전광역시_배재대학교(제1캠퍼스)_전자공학과, 대전광역시_충남대학교(제1캠퍼스)_전자공학과, 대전광역시_한국과학기술원(제1캠퍼스)_전기및전자공학부, 대전광역시_한남대학교(제1캠퍼스)_전자공학과, 대구광역시_경북대학교(제1캠퍼스)_전자공학부(인공지능전공), 대구광역시_경북대학교(제1캠퍼스)_전자공학부, 대구광역시_계명대학교(제1캠퍼스)_전자공학과, 울산광역시_울산과학기술원(제1캠퍼스)_전기전자컴퓨터공학부, 울산광역시_울산대학교(제1캠퍼스)_전기전자융합학부, 울산광역시_울산대학교(제1캠퍼스)_전기전자공학전공, 광주광역시_광주과학기술원(제1캠퍼스)_전기전자컴퓨터공학과, 광주광역시_광주과학기술원(제1캠퍼스)_전기전자컴퓨터공학부, 광주광역시_광주대학교(제1캠퍼스)_전기전자공학부, 광주광역시_전남대학교(제1캠퍼스)_전자컴퓨터공학부, 광주광역시_전남대학교(제1캠퍼스)_전자공학과, 광주광역시_조선대학교(제1캠퍼스)_전자공학과, 광주광역시_조선대학교(제1캠퍼스)_전자공학부(전자공학전공), 광주광역시_조선대학교(제1캠퍼스)_전자공학부(지능IoT전공), 광주광역시_호남대학교(제1캠퍼스)_전자공학과, 경기도_가천대학교(제1캠퍼스)_전자공학부(차세대반도체전공), 경기도_가천대학교(제1캠퍼스)_반도체ㆍ전자공학부, 경기도_가천대학교(제1캠퍼스)_전자공학부(전자공학전공), 경기도_가천대학교(제1캠퍼스)_전자공학과, 경기도_가천대학교(제1캠퍼스)_전자공학부(시스템반도체전공), 경기도_강남대학교(제1캠퍼스)_IoT전자공학과, 경기도_강남대학교(제1캠퍼스)_전자반도체공학부, 경기도_경기대학교(제1캠퍼스)_전자공학부, 경기도_경기대학교(제1캠퍼스)_전자공학과, 경기도_경기대학교(제1캠퍼스)_전자물리학과, 경기도_경희대학교(제2캠퍼스)_전자공학과, 경기도_경희대학교(제2캠퍼스)_전자정보공학부 전자공학과, 경기도_경희대학교(제2캠퍼스)_전자정보공학부 반도체공학과, 경기도_단국대학교(제1캠퍼스)_전자전기공학부, 경기도_단국대학교(제1캠퍼스)_전자전기공학과, 경기도_대진대학교(제1캠퍼스)_전자공학과, 경기도_명지대학교 자연캠퍼스(제1캠퍼스)_전자공학과, 경기도_명지대학교 자연캠퍼스(제1캠퍼스)_전기전자공학부, 경기도_명지대학교 자연캠퍼스(제1캠퍼스)_전자공학전공, 경기도_성균관대학교(제2캠퍼스)_전자전기공학부, 경기도_수원대학교(제1캠퍼스)_전기전자공학부, 경기도_수원대학교(제1캠퍼스)_전자공학, 경기도_수원대학교(제1캠퍼스)_전자물리, 경기도_신한대학교(제1캠퍼스)_전자공학과, 경기도_신한대학교(제2캠퍼스)_전자공학과, 경기도_아주대학교(제1캠퍼스)_전자공학과, 경기도_안양대학교(제1캠퍼스)_정보전기전자공학과, 경기도_중부대학교(제2캠퍼스)_전자출판인쇄공학전공, 경기도_중부대학교(제2캠퍼스)_전기전자공학전공, 경기도_한경국립대학교(제1캠퍼스)_전자전기공학부, 경기도_한경국립대학교(제1캠퍼스)_전자공학전공, 경기도_한경국립대학교(제1캠퍼스)_전기전자제어공학과, 경기도_한국공학대학교(제1캠퍼스)_전자공학부, 경기도_한국공학대학교(제1캠퍼스)_컴퓨터전자공학과, 경기도_한국공학대학교(제1캠퍼스)_AI컴퓨터전자융합공학과, 경기도_한국공학대학교(제1캠퍼스)_전자공학부(전자공학전공), 경기도_한국외국어대학교(제2캠퍼스)_반도체전자공학부(반도체공학전공), 경기도_한국외국어대학교(제2캠퍼스)_전자공학과, 경기도_한국외국어대학교(제2캠퍼스)_컴퓨터.전자시스템공학부, 경기도_한국외국어대학교(제2캠퍼스)_반도체전자공학부(전자공학전공), 경기도_한국외국어대학교(제2캠퍼스)_전자물리학과, 경기도_한국외국어대학교(제2캠퍼스)_컴퓨터.전자시스템공학전공, 경기도_한국항공대학교(제1캠퍼스)_전자및항공전자전공, 경기도_한신대학교(제1캠퍼스)_AI시스템반도체학, 경기도_한양대학교 ERICA캠퍼스(제1캠퍼스)_전자공학부, 강원특별자치도_가톨릭관동대학교(제1캠퍼스)_전자공학과, 강원특별자치도_강원대학교(제1캠퍼스)_컴퓨터정보통신공학전공, 강원특별자치도_강원대학교(제1캠퍼스)_자원공학과, 강원특별자치도_강원대학교(제2캠퍼스)_전자공학전공, 강원특별자치도_강원대학교(제2캠퍼스)_전자ㆍAI시스템공학과, 강원특별자치도_강원대학교(제1캠퍼스)_전자공학전공, 강원특별자치도_강원대학교(제1캠퍼스)_전자공학과, 강원특별자치도_강원대학교(제1캠퍼스)_전기전자공학전공, 강원특별자치도_국립강릉원주대학교(제1캠퍼스)_전자ㆍ반도체공학부(전자공학전공), 강원특별자치도_국립강릉원주대학교(제1캠퍼스)_전자공학과, 강원특별자치도_국립강릉원주대학교(제1캠퍼스)_전자ㆍ반도체공학부(반도체공학전공), 강원특별자치도_국립강릉원주대학교(제1캠퍼스)_전자ㆍ반도체공학부, 강원특별자치도_상지대학교(제1캠퍼스)_반도체물리전자학과, 강원특별자치도_상지대학교(제1캠퍼스)_전자ㆍ보안공학부, 강원특별자치도_상지대학교(제1캠퍼스)_전자ㆍ보안공학부 전자공학전공, 강원특별자치도_상지대학교(제1캠퍼스)_전자공학과, 강원특별자치도_한림대학교(제1캠퍼스)_전자공학과, 충청북도_건국대학교 글로컬캠퍼스(제1캠퍼스)_의용전자공학전공 트랙, 충청북도_건국대학교 글로컬캠퍼스(제1캠퍼스)_기계전자전공, 충청북도_건국대학교 글로컬캠퍼스(제1캠퍼스)_첨단산업융합학과, 충청북도_국립한국교통대학교(제1캠퍼스)_전자공학과, 충청북도_극동대학교(제1캠퍼스)_에너지IT공학과, 충청북도_세명대학교(제1캠퍼스)_전자공학과, 충청북도_중원대학교(제1캠퍼스)_전기반도체컴퓨터공학과, 충청북도_중원대학교(제1캠퍼스)_융합기계ㆍ전기전자부품공학과, 충청북도_청주대학교(제1캠퍼스)_전자공학과, 충청북도_청주대학교(제1캠퍼스)_시스템반도체공학과, 충청북도_청주대학교(제1캠퍼스)_융합전자공학부, 충청북도_충북대학교(제1캠퍼스)_전자공학부, 충청북도_충북대학교(제1캠퍼스)_전자정보자율전공학부, 충청북도_충북대학교(제1캠퍼스)_전자공학부 반도체공학전공, 충청북도_충북대학교(제1캠퍼스)_전자공학과, 충청북도_충북대학교(제1캠퍼스)_전자공학부 전자공학전공, 충청북도_충북대학교(제1캠퍼스)_전기전자컴퓨터공학부, 충청남도_국립공주대학교(제2캠퍼스)_전자공학나노정보공학전공, 충청남도_국립공주대학교(제2캠퍼스)_전기전자응용공학과, 충청남도_국립공주대학교(제2캠퍼스)_나노정보공학전공, 충청남도_국립공주대학교(제2캠퍼스)_전자공학전공, 충청남도_국립공주대학교(제2캠퍼스)_전기전자제어공학부(성인학습자전담과정), 충청남도_국립공주대학교(제2캠퍼스)_전기전자제어공학부, 충청남도_남서울대학교(제1캠퍼스)_전자공학과, 충청남도_단국대학교(제2캠퍼스)_디스플레이공학과, 충청남도_단국대학교(제2캠퍼스)_전자공학과, 충청남도_상명대학교(제2캠퍼스)_전자공학과, 충청남도_상명대학교(제2캠퍼스)_시스템반도체공학과, 충청남도_선문대학교(제1캠퍼스)_전자공학과, 충청남도_순천향대학교(제1캠퍼스)_전자물리학과, 충청남도_순천향대학교(제1캠퍼스)_전자공학과, 충청남도_한서대학교(제1캠퍼스)_전자공학과, 충청남도_호서대학교(제1캠퍼스)_전자공학과, 충청남도_호서대학교(제1캠퍼스)_전자융합공학부, 전북특별자치도_국립군산대학교(제1캠퍼스)_전자공학과, 전북특별자치도_원광대학교(제1캠퍼스)_전자공학과, 전북특별자치도_원광대학교(제1캠퍼스)_전자융합공학과, 전북특별자치도_전북대학교(제1캠퍼스)_전자공학부(제어로봇공학전공), 전북특별자치도_전북대학교(제1캠퍼스)_전자공학부(나노전자공학전공), 전북특별자치도_전북대학교(제1캠퍼스)_전자공학부, 전북특별자치도_호원대학교(제1캠퍼스)_전자공학과, 전라남도_국립순천대학교(제1캠퍼스)_전자공학전공, 전라남도_국립순천대학교(제1캠퍼스)_전자공학과, 경상북도_경운대학교(제1캠퍼스)_전기전자전공, 경상북도_경운대학교(제1캠퍼스)_전기전자융합전공, 경상북도_경일대학교(제1캠퍼스)_전자공학과, 경상북도_국립경국대학교(제1캠퍼스)_전자공학과, 경상북도_국립경국대학교(제1캠퍼스)_전자공학전공, 경상북도_국립경국대학교(제1캠퍼스)_전자ㆍ기계공학부, 경상북도_국립경국대학교(제1캠퍼스)_전자공학교육과, 경상북도_국립금오공과대학교(제1캠퍼스)_제어및로봇전공, 경상북도_국립금오공과대학교(제1캠퍼스)_전자공학부, 경상북도_국립금오공과대학교(제1캠퍼스)_전자IT융합전공, 경상북도_국립금오공과대학교(제1캠퍼스)_전자공학부[FA2], 경상북도_국립금오공과대학교(제1캠퍼스)_전자및전파전공, 경상북도_대구가톨릭대학교(제1캠퍼스)_전자전기공학부, 경상북도_대구가톨릭대학교(제1캠퍼스)_반도체전자공학과, 경상북도_대구가톨릭대학교(제1캠퍼스)_전자공학전공, 경상북도_대구대학교(제1캠퍼스)_전자전기공학부(반도체전자공학전공), 경상북도_대구대학교(제1캠퍼스)_전자전기공학부, 경상북도_대구대학교(제1캠퍼스)_전자전기공학부(전자공학전공), 경상북도_동국대학교 WISE캠퍼스(제1캠퍼스)_전자ㆍ정보통신공학과, 경상북도_영남대학교(제1캠퍼스)_전자공학과, 경상북도_위덕대학교(제1캠퍼스)_반도체전자공학전공, 경상북도_포항공과대학교(제1캠퍼스)_전자전기공학과, 경상북도_한동대학교(제1캠퍼스)_전산전자공학부, 경상남도_경남대학교(제1캠퍼스)_전자SW공학과, 경상남도_경상국립대학교(제1캠퍼스)_융합전자공학전공, 경상남도_경상국립대학교(제1캠퍼스)_융합전자공학부, 경상남도_경상국립대학교(제1캠퍼스)_전자공학부, 경상남도_경상국립대학교(제1캠퍼스)_전자공학과, 경상남도_경상국립대학교(제1캠퍼스)_전자공학전공, 경상남도_국립창원대학교(제1캠퍼스)_전기전자제어공학부 전자공학전공, 경상남도_국립창원대학교(제1캠퍼스)_전기전자제어공학부, 경상남도_국립창원대학교(제1캠퍼스)_전자공학과, 경상남도_인제대학교(제1캠퍼스)_반도체ㆍ전자공학부, 제주특별자치도_제주대학교(제1캠퍼스)_전자공학과, 제주특별자치도_제주대학교(제1캠퍼스)_전자공학전공, 세종특별자치시_홍익대학교 세종캠퍼스(제2캠퍼스)_전자전기융합공학과","일반 선택: 대수, 미적분 Ⅰ, 확률과 통계, 물리학, 화학, 지구과학, 정보, 기술·가정 등 | 진로 선택: 기하, 미적분Ⅱ, 역학과 에너지, 전자기와 양자, 물질과 에너지, 화학 반응의 세계, 인공지능 기초, 데이터 과학, 로봇과 공학세계 등 | 융합 선택: 창의 공학 설계, 소프트웨어와 생활 등","공통과목: 수학, 과학, 기술ㆍ가정 | 일반선택과목: 수학교과 : 수학ⅠㆍⅡ, 미적분, 확률과 통계 | 진로선택과목: 기하, 수학과제 탐구, 물리학Ⅱ, 화학Ⅱ, 생활과 과학, 융합과학, 공학 일반 | 전문교과Ⅰ: 심화수학ⅠㆍⅡ, 고급 수학ⅠㆍⅡ, 고급 물리학, 물리학 실험, 고급 화학, 화학 실험, 정보과학, 융합과학탐구, 과학과제연구 | 전문교과Ⅱ: 전자 회로, 디지털 논리 회로, 산업용 전자 기기 소프트웨어 개발","반도체설계기사, 전기기사, 전자계산기기사, 전자계산기기사, 전자기사, 전파전자통신기사, 정보처리기사",로봇연구원
470,전자과,"부산광역시_부산과학기술대학교(제1캠퍼스)_전자과, 부산광역시_한국폴리텍 VII 대학 부산캠퍼스(제1캠퍼스)_전자과, 인천광역시_재능대학교(제1캠퍼스)_전자과, 광주광역시_조선이공대학교(제1캠퍼스)_전자과, 광주광역시_한국폴리텍 V 대학 광주캠퍼스(제1캠퍼스)_전자과, 경기도_부천대학교(제1캠퍼스)_전자과, 경기도_수원과학대학교(제1캠퍼스)_전자과, 경기도_오산대학교(제1캠퍼스)_전자과, 경기도_용인예술과학대학교(제1캠퍼스)_전자과, 경기도_유한대학교(제1캠퍼스)_전자공학과 스마트팩토리융합전공, 충청북도_충북보건과학대학교(제1캠퍼스)_전자과, 경상북도_한국폴리텍 특성화대학 로봇캠퍼스(제1캠퍼스)_로봇전자과","일반 선택: 대수, 미적분 Ⅰ, 확률과 통계, 물리학, 화학, 지구과학, 정보, 기술·가정 등 | 진로 선택: 기하, 미적분Ⅱ, 역학과 에너지, 전자기와 양자, 물질과 에너지, 화학 반응의 세계, 인공지능 기초, 데이터 과학, 로봇과 공학세계 등 | 융합 선택: 창의 공학 설계, 소프트웨어와 생활 등","공통과목: 수학, 과학, 기술ㆍ가정 | 일반선택과목: 수학교과 : 수학ⅠㆍⅡ, 미적분, 확률과 통계 | 진로선택과목: 기하, 수학과제 탐구, 물리학Ⅱ, 화학Ⅱ, 생활과 과학, 융합과학, 공학일반 | 전문교과Ⅰ: 심화수학ⅠㆍⅡ, 고급 수학ⅠㆍⅡ, 고급 물리학, 물리학 실험, 고급 화학, 화학 실험, 정보과학, 융합과학탐구, 과학과제연구 | 전문교과Ⅱ: 전자 회로, 디지털 논리 회로, 산업용 전자 기기 소프트웨어 개발","무선설비산업기사, 방송통신산업기사, 전자산업기사, 정보통신산업기사",반도체공학기술자
479,전통조리과,대전광역시_대전보건대학교(제1캠퍼스)_전통조리과,"일반 선택: 대수, 미적분 Ⅰ, 확률과 통계, 사회와 문화, 화학, 생명과학, 기술·가정,정보 등 | 진로 선택: 미적분Ⅱ, 경제, 물질과 에너지, 화학 반응의 세계, 세포와 물질대사, 생물의 유전, 생활과학 탐구 등 | 융합 선택: 실용 통계 등","공통과목: 과학, 생활ㆍ교양, 사회 | 일반선택과목: 과학교과 : 생명과학Ⅰ, 화학Ⅰ, 물리Ⅰ | 진로선택과목: 생명과학Ⅱ, 화학Ⅱ, 융합과학, 생활과 과학, 농업생명과학, 가정과학 | 전문교과Ⅰ: 생명과학실험, 물리/화학 실험, 융합과학 탐구, 과학과제 연구 | 전문교과Ⅱ: 식품과 영양, 식품위생, 급식관리, 식품과학, 식품분석","복어조리기능사, 양식조리기능사, 위생사, 일식조리기능사, 제과기능사, 제빵기능사, 조리산업기사, 중식조리기능사, 한식조리기능사",전통식품제조원
484,정밀화학과,서울특별시_서울과학기술대학교(제1캠퍼스)_정밀화학과,"일반 선택: 대수, 미적분 Ⅰ,확률과 통계, 물리학, 화학, 생명과학, 정보 등 | 진로 선택: 기하, 미적분Ⅱ, 역학과 에너지, 전자기와 양자, 물질과 에너지, 화학 반응의 세계, 세포와 물질대사, 로봇과 공학세계 등 | 융합 선택: 융합과학 탐구 등","공통과목: 과학, 수학, 교양, 영어 | 일반선택과목: 과학교과 : 화학Ⅰ, 생명과학Ⅰ, 물리Ⅰ, 지구과학Ⅰ | 진로선택과목: 화학Ⅱ, 융합과학, 과학사, 생활과 과학, 수학 과제 탐구, 기하, 생명과학Ⅱ | 전문교과Ⅰ: 고급화학, 화학 실험, 과학과제 연구, 융합과학 탐구, 정보과학, 심화수학Ⅰ, 심화수학Ⅱ, 고급수학Ⅰ, 고급수학Ⅱ | 전문교과Ⅱ: 환경화학 기초, 공업화학, 제조화학","가스기사1,2급, 공업화학기사, 화공기사, 환경기사",이공학계열교수
488,정보보호학과,"서울특별시_서울디지털대학교(제1캠퍼스)_정보보안전공, 서울특별시_서울여자대학교(제1캠퍼스)_정보보호학과, 서울특별시_세종대학교(제1캠퍼스)_정보보호학과, 서울특별시_세종사이버대학교(제1캠퍼스)_정보보호학과, 서울특별시_숭실대학교(제1캠퍼스)_정보보호학과, 부산광역시_동명대학교(제1캠퍼스)_정보보호학과, 부산광역시_동서대학교(제1캠퍼스)_정보보안학과, 부산광역시_부산외국어대학교(제1캠퍼스)_정보보호학과, 대전광역시_대전대학교(제1캠퍼스)_정보보안학과, 경기도_가천대학교(제1캠퍼스)_컴퓨터공학부(스마트보안전공), 경기도_가천대학교(제1캠퍼스)_스마트보안학과, 경기도_경기대학교(제1캠퍼스)_SW안전보안전공, 경기도_경동대학교(제4캠퍼스)_정보보안학과, 경기도_중부대학교(제2캠퍼스)_정보보호학과, 경기도_한경국립대학교(제1캠퍼스)_정보보안전공, 강원특별자치도_상지대학교(제1캠퍼스)_정보보안학과, 강원특별자치도_한라대학교(제1캠퍼스)_AI정보보안학과, 충청북도_청주대학교(제1캠퍼스)_디지털보안학과, 충청남도_건양대학교(제1캠퍼스)_스마트보안학과, 충청남도_상명대학교(제2캠퍼스)_정보보안공학과, 충청남도_순천향대학교(제1캠퍼스)_정보보호학과, 충청남도_호서대학교(제1캠퍼스)_정보보호학전공, 전북특별자치도_우석대학교(제1캠퍼스)_정보보안학과, 전라남도_국립목포대학교(제1캠퍼스)_컴퓨터ㆍ정보보호학부, 전라남도_국립목포대학교(제1캠퍼스)_정보보호학과, 전라남도_동신대학교(제1캠퍼스)_정보보안학과, 경상북도_대구대학교(제1캠퍼스)_컴퓨터정보공학부(정보보호전공), 제주특별자치도_제주국제대학교(제1캠퍼스)_안전공학부 정보보안공학전공, 제주특별자치도_제주국제대학교(제1캠퍼스)_정보보안공학과","일반 선택: 대수, 확률과 통계, 미적분 Ⅰ, 인공지능 수학, 물리학, 정보 등 | 진로 선택: 기하, 미적분Ⅱ, 인공지능 수학, 전자기와 양자, 역학과 에너지, 로봇과 공학세계, 인공지능 기초, 데이터 과학 등 | 융합 선택: 수학과 문화, 실용 통계, 수학과제 탐구, 창의 공학 설계, 소프트웨어와 생활 등","공통과목: 수학, 사회, 과학, 기술ㆍ가정 | 일반선택과목: 수학교과 : 수학Ⅰ, 수학Ⅱ, 미적분, 확률과 통계 | 진로선택과목: 실용 수학, 기하, 수학과제 탐구, 물리학Ⅱ, 화학Ⅱ, 생활과 과학, 융합과학, 공학 일반, 사회문제 탐구 | 전문교과Ⅰ: 심화수학ⅠㆍⅡ, 고급 수학ⅠㆍⅡ, 고급 물리학, 물리학 실험, 고급 화학, 화학 실험, 정보과학, 융합과학탐구, 과학과제연구, 생태와 환경, 지역 이해, 사회과제 연구 | 전문교과Ⅱ: 정보처리와 관리, 프로그래밍, 자료구조, 네트워크 프로그래밍, 정보보호관리","3D프린터개발산업기사, e-TestProfessional, IEQ(인터넷윤리자격), PCMaster(정비사), RFID기술자격검정, SQL, SW테스트전문가(CSTS), 국방사업관리사, 네트워크관리사, 데이터분석, 데이터아키텍처, 디지털정보활용능력(DIAT), 디지털포렌식전문가, 디지털포렌식전문가, 리눅스마스터, 산업보안관리사, 소프트웨어자산관리사(C-SAM), 전자계산기기사, 정보기술자격(ITQ)시험, 정보기술프로젝트관리전문가(IT-PMP), 정보보안기사, 정보시스템감리사, 정보처리기사, 정보통신기사, 컴퓨터활용능력",디지털포렌식수사관
490,정보통신공학과,"서울특별시_건국대학교(제1캠퍼스)_스마트ICT융합공학과, 서울특별시_경희사이버대학교(제1캠퍼스)_전자정보공학과, 서울특별시_경희사이버대학교(제1캠퍼스)_AI사이버보안전공, 서울특별시_고려대학교(제1캠퍼스)_컴퓨터ㆍ통신공학부, 서울특별시_고려대학교(제1캠퍼스)_차세대통신학과, 서울특별시_고려대학교(제1캠퍼스)_스마트보안학부, 서울특별시_고려사이버대학교(제1캠퍼스)_정보관리보안학과, 서울특별시_고려사이버대학교(제1캠퍼스)_AIㆍ데이터과학부, 서울특별시_광운대학교(제1캠퍼스)_게임콘텐츠학과, 서울특별시_광운대학교(제1캠퍼스)_정보제어전공, 서울특별시_광운대학교(제1캠퍼스)_전자통신공학과, 서울특별시_광운대학교(제1캠퍼스)_지능시스템전공, 서울특별시_광운대학교(제1캠퍼스)_정보콘텐츠학과, 서울특별시_광운대학교(제1캠퍼스)_정보공학전공, 서울특별시_광운대학교(제1캠퍼스)_컴퓨터정보공학부, 서울특별시_광운대학교(제1캠퍼스)_지능정보공학전공, 서울특별시_덕성여자대학교(제1캠퍼스)_데이터사이언스학과, 서울특별시_덕성여자대학교(제1캠퍼스)_사이버보안전공, 서울특별시_동국대학교(제1캠퍼스)_융합보안학과, 서울특별시_동국대학교(제1캠퍼스)_컴퓨터정보통신공학부 정보통신공학전공, 서울특별시_동국대학교(제1캠퍼스)_컴퓨터정보통신공학부 컴퓨터공학전공, 서울특별시_동국대학교(제1캠퍼스)_정보통신공학과, 서울특별시_상명대학교(제1캠퍼스)_지능ㆍ데이터융합학부, 서울특별시_상명대학교(제1캠퍼스)_지능ㆍ데이터융합학부 핀테크전공, 서울특별시_서울과학기술대학교(제1캠퍼스)_정보통신융합공학과, 서울특별시_서울과학기술대학교(제1캠퍼스)_스마트ICT융합공학과, 서울특별시_서울과학기술대학교(제1캠퍼스)_전자IT미디어공학과, 서울특별시_서울사이버대학교(제1캠퍼스)_빅데이터ㆍ정보보호학과, 서울특별시_서울여자대학교(제1캠퍼스)_개인정보보호전공, 서울특별시_서울여자대학교(제1캠퍼스)_정보보호학부, 서울특별시_서울여자대학교(제1캠퍼스)_데이터사이언스학과, 서울특별시_서울여자대학교(제1캠퍼스)_지능정보보호학부, 서울특별시_서울여자대학교(제1캠퍼스)_사이버보안전공, 서울특별시_성공회대학교(제1캠퍼스)_정보통신공학과, 서울특별시_성공회대학교(제1캠퍼스)_정보통신공학전공, 서울특별시_성공회대학교(제1캠퍼스)_글로컬IT학과, 서울특별시_성신여자대학교(제1캠퍼스)_융합보안공학과, 서울특별시_성신여자대학교(제1캠퍼스)_정보시스템공학과, 서울특별시_세종대학교(제1캠퍼스)_데이터사이언스학과, 서울특별시_세종대학교(제1캠퍼스)_정보통신공학과, 서울특별시_세종대학교(제1캠퍼스)_국방시스템공학과, 서울특별시_세종대학교(제1캠퍼스)_전자정보통신공학과, 서울특별시_세종대학교(제1캠퍼스)_인공지능데이터사이언스학과, 서울특별시_숙명여자대학교(제1캠퍼스)_IT공학전공, 서울특별시_숙명여자대학교(제1캠퍼스)_인공지능공학부, 서울특별시_숭실대학교(제1캠퍼스)_전자정보공학부 IT융합전공, 서울특별시_연세대학교(제1캠퍼스)_응용정보공학전공, 서울특별시_이화여자대학교(제1캠퍼스)_데이터사이언스학과, 서울특별시_이화여자대학교(제1캠퍼스)_사이버보안전공, 서울특별시_이화여자대학교(제1캠퍼스)_인공지능데이터사이언스학부, 서울특별시_이화여자대학교(제1캠퍼스)_사이버보안학과, 서울특별시_태재대학교(제1캠퍼스)_데이터과학과 인공지능학부, 서울특별시_한국방송통신대학교(제1캠퍼스)_첨단공학부 AI전공, 서울특별시_한성대학교(제1캠퍼스)_전자정보공학과, 서울특별시_한성대학교(제1캠퍼스)_IT응용시스템공학과, 서울특별시_한성대학교(제1캠퍼스)_융합보안학과, 서울특별시_한성대학교(제1캠퍼스)_정보시스템공학과, 서울특별시_한양대학교(제1캠퍼스)_정보공학전공, 서울특별시_한양대학교(제1캠퍼스)_정보시스템학과, 서울특별시_한양사이버대학교(제1캠퍼스)_정보시스템통신공학과, 서울특별시_한양사이버대학교(제1캠퍼스)_해킹보안학과, 부산광역시_경성대학교(제1캠퍼스)_정보통신공학과, 부산광역시_국립부경대학교(제1캠퍼스)_전자정보통신공학부, 부산광역시_국립부경대학교(제1캠퍼스)_정보통신공학전공, 부산광역시_국립한국해양대학교(제1캠퍼스)_전자전기정보공학부(전파융합공학전공), 부산광역시_국립한국해양대학교(제1캠퍼스)_전자전기정보공학부(전파모빌리티융합공학전공), 부산광역시_동명대학교(제1캠퍼스)_Dept. of Information System and Security, 부산광역시_동명대학교(제1캠퍼스)_정보통신소프트웨어전공, 부산광역시_동명대학교(제1캠퍼스)_AI학부, 부산광역시_동서대학교(제1캠퍼스)_정보네트워크공학전공, 부산광역시_동서대학교(제1캠퍼스)_ICT융합공학과, 부산광역시_동서대학교(제1캠퍼스)_정보통신공학전공, 부산광역시_동의대학교(제1캠퍼스)_정보통신공학전공, 부산광역시_동의대학교(제1캠퍼스)_전기전자통신공학부, 부산광역시_부산가톨릭대학교(제1캠퍼스)_컴퓨터정보공학과, 부산광역시_부산대학교(제1캠퍼스)_정보컴퓨터공학부, 부산광역시_부산외국어대학교(제1캠퍼스)_사이버경찰전공, 부산광역시_부산외국어대학교(제1캠퍼스)_경찰정보보호학부(사이버경찰전공), 부산광역시_부산외국어대학교(제1캠퍼스)_임베디드IT학부, 부산광역시_부산외국어대학교(제1캠퍼스)_스마트융합보안전공, 부산광역시_부산외국어대학교(제1캠퍼스)_전자로봇ㆍ보안학부(스마트융합보안전공), 부산광역시_부산외국어대학교(제1캠퍼스)_소프트웨어학부(사물인터넷(IoT)전공), 부산광역시_부산외국어대학교(제1캠퍼스)_스마트융합보안학과, 부산광역시_신라대학교(제1캠퍼스)_컴퓨터정보공학부, 부산광역시_신라대학교(제1캠퍼스)_클라우드/빅데이터전공, 부산광역시_신라대학교(제1캠퍼스)_IT학과, 부산광역시_신라대학교(제1캠퍼스)_IT전공, 부산광역시_신라대학교(제1캠퍼스)_IoT융합전공, 부산광역시_영산대학교(제2캠퍼스)_사이버보안학과, 인천광역시_안양대학교(제2캠퍼스)_게임콘텐츠학과, 인천광역시_인천대학교(제1캠퍼스)_정보통신공학과, 인천광역시_인천대학교(제1캠퍼스)_임베디드시스템공학과, 인천광역시_인하대학교(제1캠퍼스)_전자전기공학계열, 인천광역시_인하대학교(제1캠퍼스)_ISE학과, 인천광역시_인하대학교(제1캠퍼스)_데이터사이언스학과, 인천광역시_인하대학교(제1캠퍼스)_정보통신공학과, 인천광역시_인하대학교(제1캠퍼스)_정보공학계열, 대전광역시_국립한밭대학교(제1캠퍼스)_모바일융합공학과, 대전광역시_국립한밭대학교(제1캠퍼스)_정보기술학부, 대전광역시_국립한밭대학교(제1캠퍼스)_정보통신공학과, 대전광역시_대전대학교(제1캠퍼스)_정보통신공학과, 대전광역시_대전대학교(제1캠퍼스)_디지털금융(핀테크)전공, 대전광역시_대전대학교(제1캠퍼스)_빅데이터인공지능학과, 대전광역시_대전대학교(제1캠퍼스)_컴퓨터정보통신공학과, 대전광역시_대전대학교(제1캠퍼스)_정보통신ㆍ전자공학과, 대전광역시_목원대학교(제1캠퍼스)_정보통신융합공학부, 대전광역시_목원대학교(제1캠퍼스)_정보통신공학과, 대전광역시_목원대학교(제1캠퍼스)_게임콘텐츠학과, 대전광역시_배재대학교(제1캠퍼스)_정보통신공학과, 대전광역시_배재대학교(제1캠퍼스)_정보보안학전공, 대전광역시_배재대학교(제1캠퍼스)_사이버보안학과, 대전광역시_배재대학교(제1캠퍼스)_정보통신공학전공, 대전광역시_배재대학교(제1캠퍼스)_IT경영정보학과, 대전광역시_충남대학교(제1캠퍼스)_전파정보통신공학과, 대전광역시_충남대학교(제1캠퍼스)_정보통신융합학부, 대전광역시_충남대학교(제1캠퍼스)_전파공학과, 대전광역시_충남대학교(제1캠퍼스)_정보통신공학과, 대전광역시_한국과학기술원(제1캠퍼스)_정보통신공학과, 대전광역시_한남대학교(제1캠퍼스)_정보통신공학과, 대전광역시_한남대학교(제1캠퍼스)_컴퓨터통신무인기술학과, 대구광역시_경북대학교(제1캠퍼스)_전자공학부모바일공학전공, 울산광역시_울산대학교(제1캠퍼스)_AI융합전공, 울산광역시_울산대학교(제1캠퍼스)_ICT융합학부(인공지능트랙), 광주광역시_남부대학교(제1캠퍼스)_IT공학과, 광주광역시_송원대학교(제1캠퍼스)_컴퓨터정보학과, 광주광역시_전남대학교(제1캠퍼스)_지능실감미디어융합전공, 광주광역시_전남대학교(제1캠퍼스)_컴퓨터정보통신공학과, 광주광역시_조선대학교(제1캠퍼스)_정보통신공학과, 광주광역시_조선대학교(제1캠퍼스)_신산업융합학부(스마트ICT융합전공), 광주광역시_조선대학교(제1캠퍼스)_AI소프트웨어학부(정보통신공학전공), 광주광역시_조선대학교(제1캠퍼스)_정보통신공학부(정보통신공학전공), 광주광역시_조선대학교(제1캠퍼스)_정보통신공학부(정보보안전공), 광주광역시_조선대학교(제1캠퍼스)_AI소프트웨어학부(정보보안전공), 광주광역시_호남대학교(제1캠퍼스)_정보통신공학과, 경기도_가톨릭대학교(제1캠퍼스)_컴퓨터정보공학부, 경기도_가톨릭대학교(제1캠퍼스)_정보통신전자공학부, 경기도_가톨릭대학교(제1캠퍼스)_정보통신전자공학전공, 경기도_가톨릭대학교(제1캠퍼스)_데이터사이언스학과, 경기도_강남대학교(제1캠퍼스)_인공지능융합공학부, 경기도_강남대학교(제1캠퍼스)_ICT공학부, 경기도_경기대학교(제1캠퍼스)_융합보안학과, 경기도_경희대학교(제2캠퍼스)_ICT 광역모집, 경기도_단국대학교(제1캠퍼스)_사이버보안학과, 경기도_대진대학교(제1캠퍼스)_스마트융합보안학과, 경기도_대진대학교(제1캠퍼스)_데이터사이언스학과, 경기도_명지대학교 자연캠퍼스(제1캠퍼스)_정보통신공학전공, 경기도_명지대학교 자연캠퍼스(제1캠퍼스)_정보통신공학과, 경기도_서울신학대학교(제1캠퍼스)_데이터사이언스학과, 경기도_성결대학교(제1캠퍼스)_정보통신공학과, 경기도_성균관대학교(제2캠퍼스)_정보통신대학, 경기도_수원대학교(제1캠퍼스)_정보통신학부, 경기도_수원대학교(제1캠퍼스)_정보보호, 경기도_수원대학교(제1캠퍼스)_정보통신, 경기도_아주대학교(제1캠퍼스)_사이버보안학과, 경기도_아주대학교(제1캠퍼스)_국방디지털융합학과, 경기도_안양대학교(제1캠퍼스)_정보전기전자공학전공, 경기도_안양대학교(제1캠퍼스)_정보통신공학과, 경기도_용인대학교(제1캠퍼스)_AI학부, 경기도_중부대학교(제2캠퍼스)_정보통신학과, 경기도_중부대학교(제2캠퍼스)_정보보호학전공, 경기도_평택대학교(제1캠퍼스)_정보통신학과, 경기도_평택대학교(제1캠퍼스)_데이터정보학과, 경기도_한국공학대학교(제1캠퍼스)_전자공학부(임베디드시스템전공), 경기도_한국공학대학교(제1캠퍼스)_스마트전자공학과, 경기도_한국외국어대학교(제2캠퍼스)_AI데이터융합학부, 경기도_한국외국어대학교(제2캠퍼스)_AI데이터융합전공, 경기도_한국외국어대학교(제2캠퍼스)_정보통신공학과, 경기도_한국외국어대학교(제2캠퍼스)_디지털정보공학과, 경기도_한국항공대학교(제1캠퍼스)_항공전자정보공학부, 경기도_한세대학교(제1캠퍼스)_ICT디바이스학과, 경기도_한세대학교(제1캠퍼스)_IT학부, 경기도_한세대학교(제1캠퍼스)_융합보안학과, 경기도_한신대학교(제1캠퍼스)_AIㆍSW학, 경기도_한신대학교(제1캠퍼스)_정보통신학전공, 경기도_한신대학교(제1캠퍼스)_정보통신학부, 경기도_한양대학교 ERICA캠퍼스(제1캠퍼스)_국방전략기술공학과, 경기도_한양대학교 ERICA캠퍼스(제1캠퍼스)_융합보안학과, 경기도_한양대학교 ERICA캠퍼스(제1캠퍼스)_국방정보공학과, 경기도_화성의과학대학교(제1캠퍼스)_데이터사이언스학과, 강원특별자치도_가톨릭관동대학교(제1캠퍼스)_정보통신공학과, 강원특별자치도_강원대학교(제1캠퍼스)_전자통신공학전공, 강원특별자치도_강원대학교(제2캠퍼스)_전자정보통신공학과, 강원특별자치도_강원대학교(제2캠퍼스)_전자정보통신공학부, 강원특별자치도_강원대학교(제2캠퍼스)_정보통신공학전공, 강원특별자치도_강원대학교(제1캠퍼스)_디지털밀리터리학과, 강원특별자치도_국립강릉원주대학교(제2캠퍼스)_정보통신공학과, 강원특별자치도_국립강릉원주대학교(제1캠퍼스)_데이터사이언스학과, 강원특별자치도_상지대학교(제1캠퍼스)_인공지능융합공학부 정보통신소프트웨어전공, 강원특별자치도_상지대학교(제1캠퍼스)_정보통신소프트웨어공학과, 강원특별자치도_상지대학교(제1캠퍼스)_인공지능융합공학부, 강원특별자치도_상지대학교(제1캠퍼스)_전자ㆍ보안공학부 사이버보안공학전공, 강원특별자치도_상지대학교(제1캠퍼스)_인공지능융합공학부 인공지능전공, 강원특별자치도_연세대학교 미래캠퍼스(제1캠퍼스)_정보통신공학전공, 강원특별자치도_연세대학교 미래캠퍼스(제1캠퍼스)_컴퓨터정보통신공학부, 강원특별자치도_한라대학교(제1캠퍼스)_의료IT융합학과, 강원특별자치도_한림대학교(제1캠퍼스)_스마트IoT전공, 강원특별자치도_한림대학교(제1캠퍼스)_융합과학수사학과, 충청북도_국립한국교통대학교(제2캠퍼스)_IT응용융합학과, 충청북도_극동대학교(제1캠퍼스)_해킹보안학과, 충청북도_극동대학교(제1캠퍼스)_산업보안조사학과, 충청북도_세명대학교(제1캠퍼스)_스마트IT학부, 충청북도_세명대학교(제1캠퍼스)_정보통신학부, 충청북도_우석대학교(제2캠퍼스)_IT전자융합공학과, 충청북도_청주대학교(제1캠퍼스)_컴퓨터정보공학과, 충청북도_청주대학교(제1캠퍼스)_데이터사이언스학과, 충청북도_청주대학교(제1캠퍼스)_정보통신공학전공, 충청북도_충북대학교(제1캠퍼스)_정보통신공학부, 충청북도_충북대학교(제1캠퍼스)_소프트웨어학부 인공지능전공, 충청남도_건양대학교(제1캠퍼스)_융합IT학부, 충청남도_건양대학교(제1캠퍼스)_사이버보안학과, 충청남도_건양대학교(제1캠퍼스)_융합IT학과, 충청남도_건양대학교(제1캠퍼스)_사이버보안공학과, 충청남도_국립공주대학교(제2캠퍼스)_스마트정보기술공학과, 충청남도_국립공주대학교(제2캠퍼스)_정보통신공학전공, 충청남도_국립공주대학교(제2캠퍼스)_정보통신공학과, 충청남도_국립공주대학교(제2캠퍼스)_스마트정보기술공학전공, 충청남도_나사렛대학교(제1캠퍼스)_IT인공지능학부(인공지능빅데이터트랙/정보통신보안트랙/멀티미디어콘텐츠트랙), 충청남도_나사렛대학교(제1캠퍼스)_정보통신학과, 충청남도_남서울대학교(제1캠퍼스)_지능정보통신공학과, 충청남도_백석대학교(제1캠퍼스)_첨단IT학부, 충청남도_상명대학교(제2캠퍼스)_스마트정보통신공학과, 충청남도_선문대학교(제1캠퍼스)_스마트정보통신공학과, 충청남도_선문대학교(제1캠퍼스)_IT 교육학부, 충청남도_선문대학교(제1캠퍼스)_정보통신공학과, 충청남도_순천향대학교(제1캠퍼스)_정보통신공학과, 충청남도_순천향대학교(제1캠퍼스)_전자정보공학과, 충청남도_한국기술교육대학교(제1캠퍼스)_전기ㆍ전자ㆍ통신공학부, 충청남도_한국기술교육대학교(제1캠퍼스)_인터넷미디어공학부, 충청남도_한서대학교(제1캠퍼스)_컴퓨터정보공학과, 충청남도_호서대학교(제1캠퍼스)_정보통신공학부, 충청남도_호서대학교(제1캠퍼스)_정보통신공학전공, 전북특별자치도_국립군산대학교(제1캠퍼스)_소프트웨어학부(인공지능융합전공), 전북특별자치도_국립군산대학교(제1캠퍼스)_글로벌융합학부(글로벌IT전공), 전북특별자치도_국립군산대학교(제1캠퍼스)_컴퓨터소프트웨어학부(인공지능융합전공), 전북특별자치도_국립군산대학교(제1캠퍼스)_컴퓨터정보통신공학부(정보통신공학전공), 전북특별자치도_국립군산대학교(제1캠퍼스)_컴퓨터정보공학과, 전북특별자치도_국립군산대학교(제1캠퍼스)_IT융합통신공학과, 전북특별자치도_원광대학교(제1캠퍼스)_게임콘텐츠학과, 전북특별자치도_원광대학교(제1캠퍼스)_정보통신공학과, 전북특별자치도_전북대학교(제1캠퍼스)_전자공학부(정보통신공학전공), 전북특별자치도_전북대학교(제1캠퍼스)_IT정보공학과, 전북특별자치도_전북대학교(제1캠퍼스)_IT응용시스템공학과, 전북특별자치도_전북대학교(제1캠퍼스)_전자공학부(융합IT공학전공), 전북특별자치도_전주대학교(제1캠퍼스)_데이터공학과, 전북특별자치도_전주대학교(제1캠퍼스)_정보통신공학과, 전북특별자치도_전주대학교(제1캠퍼스)_게임콘텐츠학과, 전북특별자치도_호원대학교(제1캠퍼스)_IT소프트웨어보안학과, 전북특별자치도_호원대학교(제1캠퍼스)_사이버수사보안학부, 전라남도_국립목포대학교(제1캠퍼스)_정보통신공학과, 전라남도_국립목포대학교(제1캠퍼스)_정보보호, 전라남도_국립목포대학교(제1캠퍼스)_정보전자공학과, 전라남도_국립목포대학교(제1캠퍼스)_전자ㆍ정보통신공학과, 전라남도_국립순천대학교(제1캠퍼스)_인공지능공학부, 전라남도_국립순천대학교(제1캠퍼스)_정보통신ㆍ멀티미디어공학부(정보통신공학전공), 전라남도_동신대학교(제1캠퍼스)_정보통신공학과, 전라남도_동신대학교(제1캠퍼스)_IT전공, 전라남도_전남대학교(제2캠퍼스)_스마트ICT융합공학과, 전라남도_전남대학교(제2캠퍼스)_전자통신공학과, 경상북도_경운대학교(제1캠퍼스)_항공정보통신공학과, 경상북도_경일대학교(제1캠퍼스)_게임콘텐츠학과, 경상북도_국립경국대학교(제1캠퍼스)_정보통신공학과, 경상북도_국립경국대학교(제1캠퍼스)_디지털ICT공학전공, 경상북도_국립금오공과대학교(제1캠퍼스)_전자통신전공, 경상북도_국립금오공과대학교(제1캠퍼스)_정보전자전공, 경상북도_국립금오공과대학교(제1캠퍼스)_메디컬IT융합공학과, 경상북도_김천대학교(제1캠퍼스)_ICT군사학부, 경상북도_김천대학교(제1캠퍼스)_IT융복합공학과, 경상북도_대구가톨릭대학교(제1캠퍼스)_컴퓨터정보학부, 경상북도_대구가톨릭대학교(제1캠퍼스)_스마트IoT전공, 경상북도_대구가톨릭대학교(제1캠퍼스)_사이버보안전공, 경상북도_대구가톨릭대학교(제1캠퍼스)_IT공학부, 경상북도_대구대학교(제1캠퍼스)_전자전기공학부(정보통신공학전공), 경상북도_대구대학교(제1캠퍼스)_컴퓨터정보공학부, 경상북도_대구대학교(제1캠퍼스)_컴퓨터정보공학부(사이버보안전공), 경상북도_대구사이버대학교(제1캠퍼스)_전자정보통신공학과, 경상북도_동국대학교 WISE캠퍼스(제1캠퍼스)_전자ㆍ정보통신공학전공, 경상북도_동국대학교 WISE캠퍼스(제1캠퍼스)_정보통신공학부, 경상북도_동양대학교(제1캠퍼스)_컴퓨터ㆍ정보통신군사학과, 경상북도_동양대학교(제1캠퍼스)_정보통신군사학과, 경상북도_영남대학교(제1캠퍼스)_정보통신공학과, 경상북도_영남대학교(제1캠퍼스)_정보통신공학전공, 경상남도_경남대학교(제1캠퍼스)_컴퓨터보안전공, 경상남도_경상국립대학교(제1캠퍼스)_AI정보공학과, 경상남도_경상국립대학교(제2캠퍼스)_정보통신공학과, 경상남도_경상국립대학교(제2캠퍼스)_지능형통신공학과, 경상남도_국립창원대학교(제1캠퍼스)_정보통신공학과, 경상남도_부산대학교(제2캠퍼스)_IT응용공학과, 제주특별자치도_제주대학교(제1캠퍼스)_전파정보통신공학전공, 제주특별자치도_제주대학교(제1캠퍼스)_통신공학과, 제주특별자치도_제주대학교(제1캠퍼스)_데이터사이언스학과, 제주특별자치도_제주대학교(제1캠퍼스)_전기전자통신컴퓨터공학부, 제주특별자치도_제주대학교(제1캠퍼스)_통신공학전공, 세종특별자치시_고려대학교 세종캠퍼스(제1캠퍼스)_컴퓨터정보학과, 세종특별자치시_고려대학교 세종캠퍼스(제1캠퍼스)_전자및정보공학과, 세종특별자치시_고려대학교 세종캠퍼스(제1캠퍼스)_사이버보안전공, 세종특별자치시_고려대학교 세종캠퍼스(제1캠퍼스)_인공지능사이버보안학과, 세종특별자치시_홍익대학교 세종캠퍼스(제2캠퍼스)_컴퓨터정보통신공학과","일반 선택: 대수, 확률과 통계, 미적분 Ⅰ, 인공지능 수학, 영어 Ⅰ, 영어Ⅱ, 영어독해와 작문, 물리학, 정보 등 | 진로 선택: 기하, 미적분Ⅱ, 인공지능 수학, 전자기와 양자, 역학과 에너지, 로봇과 공학세계, 인공지능 기초, 데이터 과학 등 | 융합 선택: 실용 통계, 융합과학 탐구, 사회문제 탐구, 창의 공학 설계, 소프트웨어와 생활 등","공통과목: 수학, 사회, 과학, 기술ㆍ가정 | 일반선택과목: 수학교과 : 수학Ⅰ, 수학Ⅱ, 미적분, 확률과 통계 | 진로선택과목: 실용 수학, 기하, 수학과제 탐구, 물리학Ⅱ, 화학Ⅱ, 생활과 과학, 융합과학, 공학 일반, 사회문제 탐구 | 전문교과Ⅰ: 심화수학ⅠㆍⅡ, 고급 수학ⅠㆍⅡ, 고급 물리학, 물리학 실험, 고급 화학, 화학 실험, 정보과학, 융합과학탐구, 과학과제연구, 생태와 환경, 지역 이해, 사회과제 연구 | 전문교과Ⅱ: 정보처리와 관리, 프로그래밍, 자료구조, 네트워크 프로그래밍, 정보보호관리","3D프린터개발산업기사, e-TestProfessional, IEQ(인터넷윤리자격), RFID기술자격검정, SQL, 국방사업관리사, 네트워크관리사, 데이터분석, 데이터아키텍처, 디지털정보활용능력(DIAT), 디지털포렌식전문가, 디지털포렌식전문가, 리눅스마스터, 산업보안관리사, 소프트웨어자산관리사(C-SAM), 전자계산기기사, 정보기술자격(ITQ)시험, 정보기술프로젝트관리전문가(IT-PMP), 정보보안기사, 정보시스템감리사, 정보처리기사, 정보통신기사",드론전문가
491,정보통신과,"서울특별시_동양미래대학교(제1캠퍼스)_컴퓨터정보공학과, 서울특별시_동양미래대학교(제1캠퍼스)_정보통신공학과, 서울특별시_명지전문대학(제1캠퍼스)_AIㆍ빅데이터학과, 서울특별시_명지전문대학(제1캠퍼스)_정보통신공학과, 서울특별시_배화여자대학교(제1캠퍼스)_스마트IT학과, 서울특별시_배화여자대학교(제1캠퍼스)_반도체소프트웨어과, 서울특별시_서일대학교(제1캠퍼스)_정보통신공학과, 서울특별시_인덕대학교(제1캠퍼스)_정보통신공학과, 서울특별시_한국폴리텍 I 대학 서울강서캠퍼스(제1캠퍼스)_데이터분석과, 서울특별시_한국폴리텍 I 대학 서울정수캠퍼스(제1캠퍼스)_정보통신시스템과, 서울특별시_한국폴리텍 I 대학 서울정수캠퍼스(제1캠퍼스)_모바일정보통신과, 서울특별시_한국폴리텍 I 대학 서울정수캠퍼스(제1캠퍼스)_스마트정보통신과, 서울특별시_한양여자대학교(제1캠퍼스)_AI융합과, 서울특별시_한양여자대학교(제1캠퍼스)_스마트IT과, 부산광역시_경남정보대학교(제1캠퍼스)_클라우드시스템학과, 부산광역시_경남정보대학교(제1캠퍼스)_컴퓨터정보공학과, 부산광역시_부산과학기술대학교(제1캠퍼스)_전자통신과, 부산광역시_부산과학기술대학교(제1캠퍼스)_항공전자통신과, 부산광역시_부산과학기술대학교(제1캠퍼스)_전자통신공학과, 부산광역시_한국폴리텍 VII 대학 부산캠퍼스(제1캠퍼스)_IT융합제어과, 부산광역시_한국폴리텍 VII 대학 부산캠퍼스(제1캠퍼스)_정보통신시스템과, 인천광역시_인하공업전문대학(제1캠퍼스)_정보통신공학과, 인천광역시_인하공업전문대학(제1캠퍼스)_스마트정보통신공학과, 인천광역시_인하공업전문대학(제1캠퍼스)_컴퓨터정보공학과, 인천광역시_재능대학교(제1캠퍼스)_정보통신과, 인천광역시_재능대학교(제1캠퍼스)_AI정보통신과, 인천광역시_재능대학교(제1캠퍼스)_인공지능정보통신과, 인천광역시_재능대학교(제2캠퍼스)_AI학부 의료소프트웨어전공, 인천광역시_한국폴리텍 II 대학 인천캠퍼스(제1캠퍼스)_정보통신과, 인천광역시_한국폴리텍 II 대학 인천캠퍼스(제1캠퍼스)_정보통신공학과, 인천광역시_한국폴리텍 II 대학 인천캠퍼스(제1캠퍼스)_AI정보통신과, 대전광역시_대덕대학교(제1캠퍼스)_스마트홈융합과, 대전광역시_대덕대학교(제1캠퍼스)_컴퓨터정보학과, 대전광역시_대전보건대학교(제1캠퍼스)_컴퓨터정보학과, 대전광역시_대전보건대학교(제1캠퍼스)_의료IT융합과, 대전광역시_한국폴리텍 IV 대학 대전캠퍼스(제1캠퍼스)_정보통신시스템과, 대전광역시_한국폴리텍 IV 대학 대전캠퍼스(제1캠퍼스)_AI융합과, 대구광역시_계명문화대학교(제1캠퍼스)_스마트IT과, 대구광역시_대구공업대학교(제1캠퍼스)_스마트IT융합과, 대구광역시_대구공업대학교(제1캠퍼스)_전자정보통신과, 대구광역시_대구공업대학교(제1캠퍼스)_스마트IT과, 대구광역시_영진사이버대학교(제1캠퍼스)_IT융합학과, 대구광역시_영진사이버대학교(제1캠퍼스)_컴퓨터정보통신학과, 대구광역시_영진전문대학교(제1캠퍼스)_컴퓨터정보계열, 대구광역시_영진전문대학교(제1캠퍼스)_컴퓨터정보공학과(1년과정), 대구광역시_영진전문대학교(제1캠퍼스)_국방군사계열(국방정보통신과), 대구광역시_영진전문대학교(제1캠퍼스)_전자정보통신공학과, 울산광역시_울산과학대학교(제1캠퍼스)_IT응용기술학부, 울산광역시_울산과학대학교(제1캠퍼스)_컴퓨터정보학부, 울산광역시_울산과학대학교(제1캠퍼스)_IT융합학과, 광주광역시_서영대학교(제1캠퍼스)_스마트IT과, 광주광역시_조선이공대학교(제1캠퍼스)_정보통신과, 광주광역시_조선이공대학교(제1캠퍼스)_ICT융합과, 광주광역시_한국폴리텍 V 대학 광주캠퍼스(제1캠퍼스)_AI융합과, 경기도_ICT폴리텍대학(제1캠퍼스)_정보보안학과, 경기도_ICT폴리텍대학(제1캠퍼스)_IT융합학과, 경기도_ICT폴리텍대학(제1캠퍼스)_정보통신학과, 경기도_ICT폴리텍대학(제1캠퍼스)_스마트통신학과, 경기도_ICT폴리텍대학(제1캠퍼스)_AI네트워크학과, 경기도_경기과학기술대학교(제1캠퍼스)_전자통신공학과, 경기도_경기과학기술대학교(제1캠퍼스)_전자통신과(e-MU), 경기도_경기과학기술대학교(제1캠퍼스)_전자통신과, 경기도_경기과학기술대학교(제1캠퍼스)_컴퓨터모바일융합과, 경기도_경기과학기술대학교(제1캠퍼스)_전자통신공학과(e-MU), 경기도_경민대학교(제1캠퍼스)_컴퓨터정보통신과, 경기도_경민대학교(제1캠퍼스)_컴퓨터정보통신학과, 경기도_경민대학교(제1캠퍼스)_정보통신학과, 경기도_경민대학교(제1캠퍼스)_IT경영과, 경기도_경민대학교(제1캠퍼스)_정보통신과, 경기도_경민대학교(제1캠퍼스)_e커머스시스템과, 경기도_경복대학교(제1캠퍼스)_소프트웨어융합과 사이버보안전공, 경기도_경복대학교(제1캠퍼스)_IT보안과, 경기도_국제대학교(제1캠퍼스)_전자정보통신공학과, 경기도_국제대학교(제1캠퍼스)_정보통신전공(컴퓨터정보통신과)(3년제), 경기도_대림대학교(제1캠퍼스)_ICT융합안전공학과, 경기도_대림대학교(제1캠퍼스)_전자ㆍ통신과, 경기도_대림대학교(제1캠퍼스)_모바일인터넷과, 경기도_대림대학교(제1캠퍼스)_전자통신과, 경기도_대림대학교(제1캠퍼스)_컴퓨터정보학부, 경기도_동서울대학교(제1캠퍼스)_ICT융합전공, 경기도_동서울대학교(제1캠퍼스)_정보통신과, 경기도_동서울대학교(제1캠퍼스)_인공지능공학과, 경기도_동서울대학교(제1캠퍼스)_컴퓨터정보과(3년제), 경기도_동서울대학교(제1캠퍼스)_인공지능컴퓨팅과, 경기도_동서울대학교(제1캠퍼스)_네트워크통신보안전공, 경기도_동서울대학교(제1캠퍼스)_컴퓨터통신과, 경기도_동원대학교(제1캠퍼스)_스마트ICT융합과, 경기도_두원공과대학교(제2캠퍼스)_스마트IT학과, 경기도_두원공과대학교(제1캠퍼스)_정보통신공학과, 경기도_두원공과대학교(제2캠퍼스)_AI융합과, 경기도_두원공과대학교(제1캠퍼스)_정보통신보안공학과, 경기도_부천대학교(제1캠퍼스)_컴퓨터정보보안학과, 경기도_부천대학교(제1캠퍼스)_컴퓨터정보보안과, 경기도_부천대학교(제1캠퍼스)_정보통신공학과, 경기도_부천대학교(제1캠퍼스)_정보통신과, 경기도_부천대학교(제1캠퍼스)_IT융합비즈니스학과, 경기도_서영대학교(제2캠퍼스)_디지털전기과, 경기도_서정대학교(제1캠퍼스)_게임영상컨텐츠과, 경기도_세계사이버대학(제1캠퍼스)_컴퓨터정보통신학과, 경기도_수원과학대학교(제1캠퍼스)_컴퓨터정보과(3년제), 경기도_수원과학대학교(제1캠퍼스)_정보통신과, 경기도_수원과학대학교(제1캠퍼스)_전자정보통신공학과 정보통신전공, 경기도_신구대학교(제1캠퍼스)_정보통신전공, 경기도_신구대학교(제1캠퍼스)_정보통신보안과, 경기도_신구대학교(제1캠퍼스)_IT보안과, 경기도_신안산대학교(제1캠퍼스)_전자정보통신과, 경기도_신안산대학교(제1캠퍼스)_컴퓨터정보학과, 경기도_안산대학교(제1캠퍼스)_컴퓨터정보학과, 경기도_안산대학교(제1캠퍼스)_디지털정보통신과, 경기도_여주대학교(제1캠퍼스)_항공전자통신과, 경기도_연성대학교(제1캠퍼스)_정보통신과(3년), 경기도_오산대학교(제1캠퍼스)_컴퓨터정보계열, 경기도_용인예술과학대학교(제1캠퍼스)_정보통신드론과, 경기도_유한대학교(제1캠퍼스)_IT정보통신학과 인공지능전공, 경기도_유한대학교(제1캠퍼스)_IT융합비즈니스학과, 경기도_유한대학교(제1캠퍼스)_IT정보통신학과 IT비즈니스전공, 경기도_유한대학교(제1캠퍼스)_IT정보통신학과 컴퓨터정보통신전공, 경기도_유한대학교(제1캠퍼스)_정보통신공학과, 경기도_유한대학교(제1캠퍼스)_정보통신학과, 경기도_장안대학교(제1캠퍼스)_인터넷정보통신과(3년제), 경기도_청강문화산업대학교(제1캠퍼스)_모바일통신전공, 경기도_한국폴리텍 I 대학 성남캠퍼스(제1캠퍼스)_전자정보통신과, 강원특별자치도_강릉영동대학교(제1캠퍼스)_정보통신과, 강원특별자치도_강원도립대학교(제1캠퍼스)_정보통신과, 강원특별자치도_세경대학교(제1캠퍼스)_정보기술과, 강원특별자치도_한림성심대학교(제1캠퍼스)_정보통신네트워크과, 충청북도_충북도립대학교(제1캠퍼스)_컴퓨터드론전공, 충청북도_충북도립대학교(제1캠퍼스)_정보보안학과, 충청북도_충북보건과학대학교(제1캠퍼스)_정보통신부사관과, 충청북도_충청대학교(제1캠퍼스)_국방정보통신과, 충청북도_충청대학교(제1캠퍼스)_전자컴퓨터학부 컴퓨터정보전공, 충청북도_한국폴리텍 IV 대학 청주캠퍼스(제1캠퍼스)_정보통신시스템과, 충청남도_백석문화대학교(제1캠퍼스)_컴퓨터정보학부, 충청남도_백석문화대학교(제1캠퍼스)_컴퓨터정보학과, 충청남도_충남도립대학교(제1캠퍼스)_건설정보학과, 충청남도_한국폴리텍 IV 대학 아산캠퍼스(제1캠퍼스)_정보통신시스템과, 전북특별자치도_전주비전대학교(제1캠퍼스)_정보통신과, 전북특별자치도_전주비전대학교(제1캠퍼스)_컴퓨터정보공학과, 전북특별자치도_한국폴리텍 V 대학 전북캠퍼스(제1캠퍼스)_스마트IoT과, 전라남도_전남과학대학교(제1캠퍼스)_특수통신전기드론과, 전라남도_전남과학대학교(제1캠퍼스)_국방정보통신부사관과, 경상북도_가톨릭상지대학교(제1캠퍼스)_스마트IoT융합과, 경상북도_구미대학교(제1캠퍼스)_정보통신공학과, 경상북도_구미대학교(제1캠퍼스)_컴퓨터정보전공, 경상북도_포항대학교(제1캠퍼스)_국방전자통신과, 경상북도_포항대학교(제1캠퍼스)_IT컴퓨터계열, 경상남도_마산대학교(제1캠퍼스)_전자통신과, 경상남도_창원문성대학교(제1캠퍼스)_스마트팩토리학과, 제주특별자치도_제주한라대학교(제1캠퍼스)_인공지능공학과, 제주특별자치도_제주한라대학교(제1캠퍼스)_통신컴퓨터공학과, 제주특별자치도_제주한라대학교(제1캠퍼스)_정보통신과","일반 선택: 대수, 확률과 통계, 미적분 Ⅰ, 인공지능 수학, 영어 Ⅰ, 영어Ⅱ, 영어독해와 작문, 물리학, 정보 등 | 진로 선택: 기하, 미적분Ⅱ, 인공지능 수학, 전자기와 양자, 역학과 에너지, 로봇과 공학세계, 인공지능 기초, 데이터 과학 등 | 융합 선택: 실용 통계, 융합과학 탐구, 사회문제 탐구, 창의 공학 설계, 소프트웨어와 생활 등","공통과목: 수학, 사회, 과학, 기술ㆍ가정 | 일반선택과목: 수학교과 : 수학ⅠㆍⅡ, 미적분, 확률과 통계 | 진로선택과목: 실용수학, 기하, 수학과제 탐구, 물리학Ⅱ, 화학Ⅱ, 생활과 과학, 융합과학, 공학 일반, 사회문제 탐구 | 전문교과Ⅰ: 심화수학ⅠㆍⅡ, 고급 수학ⅠㆍⅡ, 고급 물리학, 물리학 실험, 고급 화학, 화학 실험, 정보과학, 융합과학탐구, 과학과제 연구, 생태와 환경, 지역 이해, 사회과제 연구 | 전문교과Ⅱ: 정보처리와 관리, 프로그래밍, 자료구조, 네트워크 프로그래밍, 정보보호 관리","사무자동화산업기사, 전자계산기제어산업기사, 전자산업기사, 전파전자통신산업기사, 통신선로산업기사",IT컨설턴트
495,제어계측공학과,"서울특별시_고려사이버대학교(제1캠퍼스)_기계제어공학부, 서울특별시_세종대학교(제1캠퍼스)_스마트기기공학전공, 서울특별시_세종대학교(제1캠퍼스)_지능기전공학부, 서울특별시_세종대학교(제1캠퍼스)_무인이동체공학전공, 부산광역시_국립부경대학교(제1캠퍼스)_제어계측공학전공, 부산광역시_국립한국해양대학교(제1캠퍼스)_인공지능공학부(지능제어시스템공학전공), 대전광역시_국립한밭대학교(제1캠퍼스)_전자ㆍ제어공학과, 대전광역시_목원대학교(제1캠퍼스)_자율주행학과, 대전광역시_충남대학교(제1캠퍼스)_자율운항시스템공학과, 경기도_국립한국교통대학교(제3캠퍼스)_철도운전시스템공학과, 경기도_대진대학교(제1캠퍼스)_휴먼ㆍ로봇융합전공, 경기도_한국공학대학교(제1캠퍼스)_메카트로닉스공학부(AI로봇전공), 경기도_한국공학대학교(제1캠퍼스)_메카트로닉스공학부(메카트로닉스전공), 경기도_한세대학교(제1캠퍼스)_IT융합지능로봇공학과, 강원특별자치도_강원대학교(제2캠퍼스)_전기제어계측공학부, 강원특별자치도_강원대학교(제2캠퍼스)_전기제어계측공학부 제어계측공학전공, 강원특별자치도_강원대학교(제2캠퍼스)_제어계측공학전공, 강원특별자치도_강원대학교(제2캠퍼스)_제어계측공학과, 충청북도_청주대학교(제1캠퍼스)_전기제어전공, 충청남도_국립공주대학교(제2캠퍼스)_제어계측공학전공, 충청남도_상명대학교(제2캠퍼스)_휴먼지능로봇공학과, 충청남도_호서대학교(제1캠퍼스)_시스템제어공학과, 전북특별자치도_국립군산대학교(제1캠퍼스)_IT정보제어공학부(정보제어공학전공), 경상북도_국립경국대학교(제1캠퍼스)_스마트센서공학전공, 경상북도_국립경국대학교(제1캠퍼스)_스마트센서공학과, 경상북도_대구가톨릭대학교(제1캠퍼스)_AI자동화로봇학과, 경상북도_대구가톨릭대학교(제1캠퍼스)_제어공학전공, 경상북도_동양대학교(제1캠퍼스)_철도운전제어학과, 경상북도_위덕대학교(제1캠퍼스)_원전ㆍ제어시스템공학전공, 경상북도_한동대학교(제1캠퍼스)_기계제어공학부, 경상남도_경상국립대학교(제1캠퍼스)_제어계측공학과, 경상남도_경상국립대학교(제1캠퍼스)_제어로봇공학과, 경상남도_국립창원대학교(제1캠퍼스)_지능로봇융합공학과, 경상남도_국립창원대학교(제1캠퍼스)_전기전자제어공학부 로봇제어계측공학전공, 세종특별자치시_고려대학교 세종캠퍼스(제1캠퍼스)_제어계측공학과, 세종특별자치시_고려대학교 세종캠퍼스(제1캠퍼스)_전자ㆍ기계융합공학과","일반 선택: 대수, 미적분 Ⅰ, 확률과 통계, 물리학, 화학, 지구과학, 정보, 기술·가정 등 | 진로 선택: 기하, 미적분Ⅱ, 역학과 에너지, 전자기와 양자, 물질과 에너지, 화학 반응의 세계, 인공지능 기초, 데이터 과학, 로봇과 공학세계 등 | 융합 선택: 창의 공학 설계, 소프트웨어와 생활 등","공통과목: 수학, 과학, 기술ㆍ가정 | 일반선택과목: 수학교과 : 수학ⅠㆍⅡ, 미적분, 확률과 통계 | 진로선택과목: 기하, 물리학Ⅱ, 화학Ⅱ, 공학 일반 | 전문교과Ⅰ: 심화수학ⅠㆍⅡ, 고급 수학ⅠㆍⅡ, 고급 물리학, 물리학 실험, 고급 화학, 화학 실험, 정보과학, 융합과학탐구, 과학과제연구 | 전문교과Ⅱ: 공업 일반, 기계 제어 설계, 기계 소프트웨어 개발, 프로그래밍, 사물 인터넷 서비스 기획","로봇기구개발기사, 로봇하드웨어개발기사, 메카트로닉스기사, 산업계측기술사, 전기공사기사, 전기기사, 전기철도기사",로봇공학기술자
496,제어계측과,"부산광역시_한국폴리텍 VII 대학 부산캠퍼스(제1캠퍼스)_자동제어시스템과, 인천광역시_한국폴리텍 II 대학 남인천캠퍼스(제1캠퍼스)_스마트전기과(ICT융합제어), 인천광역시_한국폴리텍 II 대학 인천캠퍼스(제1캠퍼스)_디지털융합제어, 대전광역시_우송정보대학(제1캠퍼스)_스마트팩토리과, 대구광역시_영남이공대학교(제1캠퍼스)_스마트팩토리과, 울산광역시_한국폴리텍 VII 대학 울산캠퍼스(제1캠퍼스)_스마트제어과, 광주광역시_동강대학교(제1캠퍼스)_자동화설비과, 광주광역시_한국폴리텍 V 대학 광주캠퍼스(제1캠퍼스)_스마트팩토리과, 경기도_경기과학기술대학교(제1캠퍼스)_전기제어과, 경기도_경기과학기술대학교(제1캠퍼스)_첨단전자계측과, 경기도_경기과학기술대학교(제1캠퍼스)_전기제어공학과, 경기도_대림대학교(제1캠퍼스)_스마트팩토리과, 경기도_두원공과대학교(제1캠퍼스)_전기제어과, 경기도_한국폴리텍 I 대학 성남캠퍼스(제1캠퍼스)_스마트시스템제어과, 경기도_한국폴리텍 I 대학 성남캠퍼스(제1캠퍼스)_스마트기계정비과, 경기도_한국폴리텍 II 대학 화성캠퍼스(제1캠퍼스)_스마트전기과(ICT융합제어), 경기도_한국폴리텍 특성화대학 반도체융합캠퍼스(제1캠퍼스)_반도체품질측정과, 경기도_한국폴리텍 특성화대학 반도체융합캠퍼스(제1캠퍼스)_반도체측정과, 강원특별자치도_한국폴리텍 III 대학 춘천캠퍼스(제1캠퍼스)_전기과(융합제어), 충청북도_한국폴리텍 IV 대학 청주캠퍼스(제1캠퍼스)_스마트팩토리과, 전라남도_청암대학교(제1캠퍼스)_전기제어과, 경상북도_구미대학교(제1캠퍼스)_스마트팩토리과, 경상남도_동원과학기술대학교(제1캠퍼스)_AI기계제어과, 경상남도_한국폴리텍 VII 대학 창원캠퍼스(제1캠퍼스)_스마트팩토리과","일반 선택: 대수, 미적분 Ⅰ, 확률과 통계, 물리학, 화학, 지구과학, 정보, 기술·가정 등 | 진로 선택: 기하, 미적분Ⅱ, 역학과 에너지, 전자기와 양자, 물질과 에너지, 화학 반응의 세계, 인공지능 기초, 데이터 과학, 로봇과 공학세계 등 | 융합 선택: 창의 공학 설계, 소프트웨어와 생활 등","공통과목: 수학, 과학, 기술ㆍ가정 | 일반선택과목: 수학교과 : 수학ⅠㆍⅡ, 미적분, 확률과 통계 | 진로선택과목: 기하, 물리학Ⅱ, 화학Ⅱ, 공학일반 | 전문교과Ⅰ: 심화수학ⅠㆍⅡ, 고급 수학ⅠㆍⅡ, 고급 물리학, 물리학 실험, 고급 화학, 화학 실험, 정보과학, 융합과학탐구, 과학과제연구 | 전문교과Ⅱ: 공업 일반, 기계 제어 설계, 기계 소프트웨어 개발, 프로그래밍, 사물 인터넷 서비스 기획","전자계산기제어산업기사, 전자산업기사, 전파전자통신산업기사, 정보처리산업기사, 정보통신산업기사, 통신선로산업기사",비행기조종사
498,제지공학과,"강원특별자치도_강원대학교(제1캠퍼스)_종이소재과학전공, 강원특별자치도_강원대학교(제1캠퍼스)_제지공학과, 강원특별자치도_강원대학교(제1캠퍼스)_목재ㆍ종이과학부, 강원특별자치도_강원대학교(제1캠퍼스)_제지공학전공, 충청북도_충북대학교(제1캠퍼스)_목재ㆍ종이과학과, 전라남도_국립순천대학교(제1캠퍼스)_인공지능공학전공","일반 선택: 대수, 확률과 통계, 미적분 Ⅰ, 인공지능 수학, 세계시민과 지리, 사회와 문화, 정보 등 | 진로 선택: 기하, 미적분Ⅱ, 도시의 미래 탐구, 경제, 로봇과 공학세계, 인공지능 기초, 데이터 과학 등 | 융합 선택: 실용 통계, 사회문제 탐구, 금융과 경제생활, 윤리문제 탐구, 창의공학 설계, 소프트웨어와 생활 등","공통과목: 수학, 사회, 과학, 기술ㆍ가정 | 일반선택과목: 수학교과 : 수학ⅠㆍⅡ, 미적분, 확률과 통계 | 진로선택과목: 실용수학, 기하, 경제수학, 수학과제 탐구, 물리학Ⅱ, 화학Ⅱ, 생명과학Ⅱ, 지구과학Ⅱ, 생활과 과학, 융합과학, 공학 일반, 사회문제 탐구 | 전문교과Ⅰ: 심화수학ⅠㆍⅡ, 고급 수학ⅠㆍⅡ, 고급 물리학, 물리학 실험, 고급 화학, 화학 실험, 고급 생명과학, 생명과학 실험, 고급 지구과학, 지구과학 실험, 정보과학, 융합과학탐구, 과학과제연구, 생태와 환경, 지역 이해, 사회과제 연구 | 전문교과Ⅱ: 환경 화학 기초, 인간과 환경, 환경 생태 관리, 수질 관리, 대기 관리, 폐기물 관리","임산가공기사, 화공기사",임업기술자
499,제철금속과,"부산광역시_부산과학기술대학교(제1캠퍼스)_GQE전공, 충청남도_신성대학교(제1캠퍼스)_제철산업과, 전라남도_광양보건대학교(제1캠퍼스)_제철산업과, 전라남도_순천제일대학교(제1캠퍼스)_제철산업과, 전라남도_순천제일대학교(제1캠퍼스)_제철산업학부 제철공정전공, 전라남도_순천제일대학교(제1캠퍼스)_제철산업학부, 전라남도_포스코기술대학(제2캠퍼스)_철강융합과, 경상북도_선린대학교(제1캠퍼스)_제철산업계열, 경상북도_포스코기술대학(제1캠퍼스)_철강융합과","일반 선택: 대수, 미적분Ⅰ,확률과 통계, 물리학, 화학, 생명과학, 지구과학, 정보 등 | 진로 선택: 기하, 미적분Ⅱ, 역학과 에너지, 전자기와 양자, 물질과 에너지, 화학 반응의 세계, 세포와 물질대사, 로봇과 공학세계 등 | 융합 선택: 융합과학 탐구 등","공통과목: 수학, 과학, 기술ㆍ가정 | 일반선택과목: 수학교과 : 수학ⅠㆍⅡ, 미적분, 확률과 통계 | 진로선택과목: 기하, 물리학Ⅱ, 화학Ⅱ, 공학 일반 | 전문교과Ⅰ: 심화수학ⅠㆍⅡ, 고급 수학ⅠㆍⅡ, 고급 물리학, 물리학 실험, 고급 화학, 화학 실험, 정보과학, 융합과학탐구, 과학과제연구 | 전문교과Ⅱ: 공업 일반, 기계 제도, 기계 일반, 기계 제어 설계","금속재료산업기사, 주조산업기사, 표면처리산업기사",금속공학기술자
500,제품디자인과,"대전광역시_대덕대학교(제1캠퍼스)_리빙디자인과, 대구광역시_한국폴리텍 VI 대학 대구캠퍼스(제1캠퍼스)_스마트제품디자인과(정밀금형), 경기도_계원예술대학교(제1캠퍼스)_리빙가구디자인과, 경기도_김포대학교(제1캠퍼스)_라이프디자인학과, 경기도_동서울대학교(제1캠퍼스)_제품생활디자인전공, 경기도_용인예술과학대학교(제1캠퍼스)_리빙디자인과, 전북특별자치도_원광보건대학교(제1캠퍼스)_3D제품디자인과","일반 선택: 독서와 작문, 문학, 대수, 확률과 통계, 영어Ⅰ, 영어Ⅱ, 영어 독해오작문, 미술, 정보 등 | 진로 선택: 주제 탐구 독서, 문학과 영상, 미술 창작, 미술 감상과 비평, 인간과 심리 등 | 융합 선택: 매체 의사소통, 미디어 영어, 세계 문화와 영어, 여행지리, 사회문제 탐구, 미술과 매체 등","공통과목: 미술, 윤리 | 일반선택과목: 예술교과 : 미술 | 진로선택과목: 미술 창작, 미술 감상과 비평 | 전문교과Ⅰ: 미술 이론, 미술사, 드로잉 미술 전공 실기 | 전문교과Ⅱ: 디자인 일반, 시각디자인, 색체 관리","제품디자인산업기사, 컬러리스트산업기사, 컴퓨터그래픽스운용기능사",3D모델러
504,조리과학과,전라남도_국립순천대학교(제1캠퍼스)_조리과학과,"일반 선택: 대수, 미적분 Ⅰ, 확률과 통계, 사회와 문화, 화학, 생명과학, 기술·가정,정보 등 | 진로 선택: 미적분Ⅱ, 경제, 물질과 에너지, 화학 반응의 세계, 세포와 물질대사, 생물의 유전, 생활과학 탐구 등 | 융합 선택: 실용 통계 등","공통과목: 과학, 생활ㆍ교양, 사회 | 일반선택과목: 과학교과 : 생명과학Ⅰ, 화학Ⅰ, 물리Ⅰ | 진로선택과목: 생명과학Ⅱ, 화학Ⅱ, 융합과학, 생활과 과학, 농업생명과학, 가정과학 | 전문교과Ⅰ: 생명과학실험, 물리/화학 실험, 융합과학 탐구, 과학 과제 연구 | 전문교과Ⅱ: 식품과 영양, 식품위생, 급식관리, 식품과학, 식품분석","복어조리기능사, 식품기사, 양식조리기능사, 영양사, 와인소믈리에, 일식조리기능사, 조리산업기사, 커피바리스타, 포드코디네이터, 한식조리기능사",식음료전문가
10037,조선과,"울산광역시_울산과학대학교(제1캠퍼스)_조선해양산업공학과, 울산광역시_울산과학대학교(제2캠퍼스)_조선해양시스템공학과, 강원특별자치도_강원도립대학교(제1캠퍼스)_항만어촌매니지먼트과, 전라남도_목포과학대학교(제1캠퍼스)_조선학과, 경상남도_거제대학교(제1캠퍼스)_선박건조전공, 경상남도_거제대학교(제1캠퍼스)_조선해양공학과, 경상남도_거제대학교(제1캠퍼스)_조선기술전공(조선해양공학과)","일반 선택: 대수, 미적분 Ⅰ,확률과 통계, 물리학, 화학, 생명과학, 지구과학, 정보등 | 진로 선택: 기하, 미적분Ⅱ, 역학과 에너지, 전자기와 양자, 물질과 에너지, 화학 반응의 세계, 세포와 물질대사, 지구시스템과학, 데이터 과학 등 | 융합 선택: 융합과학 탐구 등","공통과목: 수학, 과학, 기술ㆍ가정 | 일반선택과목: 수학교과 : 수학ⅠㆍⅡ, 미적분, 확률과 통계 | 진로선택과목: 기하, 수학과제 탐구, 물리학Ⅱ, 화학Ⅱ, 지구과학Ⅱ, 공학 일반, 해양 문화와 기술 | 전문교과Ⅰ: 심화수학ⅠㆍⅡ, 고급 수학ⅠㆍⅡ, 고급 물리학, 물리학 실험, 고급 화학, 화학 실험, 고급 지구과학, 지구과학 실험, 정보과학, 융합과학탐구, 과학과제연구 | 전문교과Ⅱ: 기계 제도, 기초 제도, 선박 구조, 선박 건조, 해양의 이해, 해양 정보 관리",조선산업기사,선박정비원
507,조소학과,"서울특별시_동국대학교(제1캠퍼스)_조소전공, 서울특별시_서울대학교(제1캠퍼스)_조소과, 서울특별시_성신여자대학교(제1캠퍼스)_조소과, 서울특별시_이화여자대학교(제1캠퍼스)_조소전공(신), 서울특별시_홍익대학교(제1캠퍼스)_조소과, 대전광역시_충남대학교(제1캠퍼스)_조소과, 울산광역시_울산대학교(제1캠퍼스)_조소전공, 경기도_수원대학교(제1캠퍼스)_조소, 경기도_중앙대학교(제2캠퍼스)_미술학부(조소전공), 충청북도_충북대학교(제1캠퍼스)_조소전공, 충청남도_단국대학교(제2캠퍼스)_조소전공","일반 선택: 화법과 언어, 독서와 작문, 문학, 영어 Ⅰ, 영어Ⅱ, 영어 독해와 작문, 세계사, 미술 등 | 진로 선택: 주제 탐구 독서, 문학과 영상, 미술 창작, 미술 감상과 비평, 인간과 철학, 인간과 심리 등 | 융합 선택: 매체 의사소통, 미디어 영어, 세계 문화와 영어, 여행지리, 미술과 매체 등","공통과목: 미술, 윤리 | 일반선택과목: 예술교과 : 미술 | 진로선택과목: 미술 창작, 미술 감상과 비평 | 전문교과Ⅰ: 미술 이론, 미술사, 드로잉 미술 전공 실기 | 전문교과Ⅱ: 디자인 일반, 시각디자인, 색체 관리","박물관및미술관준학예사, 시각디자인기사",문화재보존원
21021,조형과,경기도_용인예술과학대학교(제1캠퍼스)_3D조형과,"일반 선택: 화법과 언어, 독서와 작문, 문학, 영어 I, 영어Ⅱ, 영어 독해와 작문, 세계사, 미술 등 | 진로 선택: 주제 탐구 독서, 문학과 영상, 미술 창작, 미술 감상과 비평, 인간과 철학, 인간과 심리 등 | 융합 선택: 매체 의사소통, 미디어 영어, 세계 문화와 영어, 여행지리, 미술과 매체 등","공통과목: 미술, 윤리 | 일반선택과목: 예술교과 : 미술 | 진로선택과목: 미술 창작, 미술 감상과 비평 | 전문교과Ⅰ: 미술 이론, 미술사, 드로잉 미술 전공 실기 | 전문교과Ⅱ: 디자인 일반, 시각 디자인, 색채 관리","도자기공예산업기사, 문화재수리기술사, 시각디자인산업기사, 실기교사",가구디자이너
508,조형디자인학과,"서울특별시_상명대학교(제1캠퍼스)_미술학부 조형예술전공, 서울특별시_상명대학교(제1캠퍼스)_가구조형전공, 서울특별시_서울과학기술대학교(제1캠퍼스)_조형예술학과, 서울특별시_이화여자대학교(제1캠퍼스)_조형예술학부, 서울특별시_한국예술종합학교(제1캠퍼스)_조형예술과, 서울특별시_홍익대학교(제1캠퍼스)_판화과, 부산광역시_동아대학교(제1캠퍼스)_미술학과 목조형가구전공, 부산광역시_동의대학교(제1캠퍼스)_디자인조형학과, 부산광역시_부산대학교(제1캠퍼스)_조형학과, 부산광역시_신라대학교(제1캠퍼스)_조형미술전공, 인천광역시_인천가톨릭대학교(제2캠퍼스)_조형예술학과, 인천광역시_인천대학교(제1캠퍼스)_조형예술학부, 인천광역시_인하대학교(제1캠퍼스)_조형예술학과, 대전광역시_목원대학교(제1캠퍼스)_입체조형학부, 대전광역시_목원대학교(제1캠퍼스)_입체조형학부 입체캐릭터전공, 대전광역시_목원대학교(제1캠퍼스)_입체조형학부 조소전공, 울산광역시_울산대학교(제1캠퍼스)_입체조형예술전공, 경기도_수원대학교(제1캠퍼스)_조형예술학부, 강원특별자치도_강원대학교(제2캠퍼스)_생활조형디자인학과, 강원특별자치도_국립강릉원주대학교(제1캠퍼스)_조형예술ㆍ디자인학과, 충청북도_건국대학교 글로컬캠퍼스(제1캠퍼스)_조형예술학과, 충청북도_충북대학교(제1캠퍼스)_조형예술학과","일반 선택: 화법과 언어, 독서와 작문, 문학, 영어 I, 영어Ⅱ, 영어 독해와 작문, 세계사, 미술 등 | 진로 선택: 주제 탐구 독서, 문학과 영상, 미술 창작, 미술 감상과 비평, 인간과 철학, 인간과 심리 등 | 융합 선택: 매체 의사소통, 미디어 영어, 세계 문화와 영어, 여행지리, 미술과 매체 등","공통과목: 미술, 윤리 | 일반선택과목: 예술교과 : 미술 | 진로선택과목: 미술 창작, 미술 감상과 비평 | 전문교과Ⅰ: 미술 이론, 미술사, 드로잉 미술 전공 실기 | 전문교과Ⅱ: 디자인 일반, 시각디자인, 색체 관리","도자기공예산업기사, 문화재수리기술사, 시각디자인기사, 실기교사",가구디자이너
510,종교교육과,"서울특별시_장로회신학대학교(제1캠퍼스)_기독교교육과, 서울특별시_총신대학교(제1캠퍼스)_기독교교육과, 부산광역시_고신대학교(제1캠퍼스)_기독교교육과, 경기도_서울신학대학교(제1캠퍼스)_기독교교육과, 경기도_안양대학교(제1캠퍼스)_기독교교육과, 경기도_한신대학교(제1캠퍼스)_기독교교육학전공","일반 선택: 화법과 언어, 독서와 작문, 문학, 대수, 미적분Ⅰ, 확률과 통계, 영어Ⅰ, 영어Ⅱ, 영어 독해와 작문, 세계시민과 지리, 세계사, 사회와 문화, 현대사회와 윤리, 제2외국어 과목 등 | 진로 선택: 주제 탐구 독서, 영어 발표와 토론, 동아시아 역사 기행, 정치, 법과사회, 윤리와 사상, 교육의 이해 등 | 융합 선택: 독서 토론과 글쓰기, 미디어 영어, 역사로 탐구하는 현대 세계, 사회문제 탐구 등","공통과목: 영어, 사회, 생활ㆍ교양 | 일반선택과목: 영어교과 : 영어 회화, 영어Ⅰ, 영어 독해와 작문, 영어Ⅱ | 진로선택과목: 영어권 문화, 영미 문학 읽기, 사회문제 탐구 | 전문교과Ⅰ: 지역 이해, 비교 문화, 세계 문제와 미래 사회, 사회 탐구 방법 및 사회과제 연구 | 전문교과Ⅱ: 빅데이터 분석",중등학교2급정교사,선교사
511,종교학과,"서울특별시_감리교신학대학교(제1캠퍼스)_신학부, 서울특별시_동국대학교(제1캠퍼스)_불교학전공, 서울특별시_동국대학교(제1캠퍼스)_불교학부, 서울특별시_서강대학교(제1캠퍼스)_종교학과, 서울특별시_서울기독대학교(제1캠퍼스)_기독교신학전공, 서울특별시_서울대학교(제1캠퍼스)_종교학과, 서울특별시_서울한영대학교(제1캠퍼스)_글로벌기독학부, 서울특별시_성공회대학교(제1캠퍼스)_기독교문화전공, 서울특별시_숭실대학교(제1캠퍼스)_교목, 서울특별시_숭실사이버대학교(제1캠퍼스)_크리스천리더십학과, 서울특별시_이화여자대학교(제1캠퍼스)_기독교학전공, 서울특별시_한국성서대학교(제1캠퍼스)_성서학과, 서울특별시_한국성서대학교(제1캠퍼스)_신학부, 부산광역시_고신대학교(제1캠퍼스)_국제문화선교학과, 부산광역시_고신대학교(제1캠퍼스)_성경학과, 부산광역시_고신대학교(제1캠퍼스)_기독교상담학과, 부산광역시_고신대학교(제1캠퍼스)_태권도선교학과, 인천광역시_연세대학교(제2캠퍼스)_신학계열, 대전광역시_배재대학교(제1캠퍼스)_복지신학과, 대전광역시_한국침례신학대학교(제1캠퍼스)_신학부(자율전공학부), 대구광역시_대구가톨릭대학교(제3캠퍼스)_신학부, 대구광역시_대구가톨릭대학교(제3캠퍼스)_신학전공, 경기도_가톨릭대학교(제1캠퍼스)_종교학과, 경기도_강남대학교(제1캠퍼스)_기독교커뮤니케이션학과, 경기도_대진대학교(제1캠퍼스)_대순종학과, 경기도_루터대학교(제1캠퍼스)_신학전공, 경기도_서울장신대학교(제1캠퍼스)_신학부, 경기도_서울장신대학교(제1캠퍼스)_목회실천학부, 경기도_성결대학교(제1캠퍼스)_신학대학자율전공학부, 경기도_성결대학교(제1캠퍼스)_기독교교육상담학과, 경기도_성결대학교(제1캠퍼스)_문화선교학과, 경기도_성결대학교(제1캠퍼스)_신학부, 경기도_아신대학교(제1캠퍼스)_글로벌미션신학부, 경기도_아신대학교(제1캠퍼스)_기독교교육과 미디어학과, 경기도_아신대학교(제1캠퍼스)_신학부, 경기도_아신대학교(제1캠퍼스)_선교문화복지학과, 경기도_아신대학교(제1캠퍼스)_기독교상담학과, 경기도_아신대학교(제1캠퍼스)_기독교교육상담학과, 경기도_아신대학교(제1캠퍼스)_교육미디어커뮤니케이션학부, 경기도_아신대학교(제1캠퍼스)_사회복지선교학과, 경기도_중앙승가대학교(제1캠퍼스)_불교학부, 경기도_중앙승가대학교(제1캠퍼스)_승가학부, 경기도_중앙승가대학교(제1캠퍼스)_선명상상담학전공, 경기도_중앙승가대학교(제1캠퍼스)_불교학역경학전공, 경기도_칼빈대학교(제1캠퍼스)_신학부, 경기도_한세대학교(제1캠퍼스)_기독교교육ㆍ상담학과, 경기도_한신대학교(제1캠퍼스)_종교문화학과, 경기도_한신대학교(제1캠퍼스)_종교문화학, 경기도_한신대학교(제1캠퍼스)_신학부, 경기도_한신대학교(제1캠퍼스)_신학, 경기도_한신대학교(제1캠퍼스)_신학전공, 경기도_한신대학교(제1캠퍼스)_종교문화학전공, 충청북도_순복음총회신학교(제1캠퍼스)_신학부 신학전공, 충청북도_중원대학교(제1캠퍼스)_종교문화재학과, 충청북도_중원대학교(제1캠퍼스)_종교문화학부, 충청남도_금강대학교(제1캠퍼스)_불교인문학부, 충청남도_금강대학교(제1캠퍼스)_불교학전공, 충청남도_나사렛대학교(제1캠퍼스)_기독교학부, 충청남도_나사렛대학교(제1캠퍼스)_기독교상담학전공, 충청남도_백석대학교(제1캠퍼스)_기독교학부, 충청남도_선문대학교(제1캠퍼스)_신학순결학과, 전북특별자치도_원광대학교(제1캠퍼스)_원불교학과, 전북특별자치도_원광디지털대학교(제1캠퍼스)_원불교학과, 전북특별자치도_전주대학교(제1캠퍼스)_신학과경배찬양학과, 전북특별자치도_전주대학교(제1캠퍼스)_경배와찬양학과, 전북특별자치도_한일장신대학교(제1캠퍼스)_신학부, 전라남도_영산선학대학교(제1캠퍼스)_원불교학부, 경상북도_대신대학교(제1캠퍼스)_선교학부, 경상북도_동국대학교 WISE캠퍼스(제1캠퍼스)_불교학전공, 경상북도_동국대학교 WISE캠퍼스(제1캠퍼스)_불교학부, 경상북도_영남대학교(제1캠퍼스)_글로벌교육학부, 경상북도_위덕대학교(제1캠퍼스)_불교문화학과","일반 선택: 독서와 작문, 세계시민과 지리, 세계사, 사회와 문화, 현대사회와 윤리, 정보 등 | 진로 선택: 주제 탐구 독서, 영미 문학 읽기, 한국지리 탐구, 동아시아 역사 기행, 법과 사회, 윤리와 사상, 인문학과 윤리, 미술 감상과 비평, 삶과 종교, 인간과 심리 등 | 융합 선택: 세계 문화와 영어, 여행지리, 역사로 탐구하는 현대 세계, 사회문제 탐구, 윤리문제 탐구, 과학의 역사와 문화, 미술과 매체, 지식 재산 일반 등","공통과목: 영어, 사회, 생활ㆍ교양 | 일반선택과목: 영어교과 : 영어 회화, 영어Ⅰ, 영어 독해와 작문, 영어Ⅱ | 진로선택과목: 영어권 문화, 영미 문학 읽기, 사회문제 탐구 | 전문교과Ⅰ: 지역 이해, 비교 문화, 세계 문제와 미래 사회, 사회 탐구 방법 및 사회과제 연구 | 전문교과Ⅱ: 빅데이터 분석","사서, 사서교사, 사회복지사, 실기교사, 전문상담교사",성직자
598,주얼리디자인과,"서울특별시_숭의여자대학교(제1캠퍼스)_주얼리디자인과, 서울특별시_인덕대학교(제1캠퍼스)_주얼리디자인학과, 서울특별시_한국폴리텍 I 대학 서울강서캠퍼스(제1캠퍼스)_주얼리디자인과, 대전광역시_대전보건대학교(제1캠퍼스)_주얼리디자인과, 대구광역시_대구과학대학교(제1캠퍼스)_패션주얼리과, 경기도_계원예술대학교(제1캠퍼스)_리빙디자인과, 경기도_동서울대학교(제1캠퍼스)_주얼리디자인과, 경기도_동서울대학교(제1캠퍼스)_워치주얼리디자인과, 경기도_장안대학교(제1캠퍼스)_쥬얼리디자인과, 경기도_장안대학교(제1캠퍼스)_주얼리디자인과, 전북특별자치도_원광보건대학교(제1캠퍼스)_주얼리디자인과","일반 선택: 독서와 작문, 문학, 대수, 확률과 통계, 영어Ⅰ, 영어Ⅱ, 영어 독해오작문, 미술, 정보 등 | 진로 선택: 주제 탐구 독서, 문학과 영상, 미술 창작, 미술 감상과 비평, 인간과 심리 등 | 융합 선택: 매체 의사소통, 미디어 영어, 세계 문화와 영어, 여행지리, 사회문제 탐구, 미술과 매체 등","공통과목: 미술, 윤리 | 일반선택과목: 예술교과 : 미술 | 진로선택과목: 미술 창작, 미술 감상과 비평 | 전문교과Ⅰ: 미술 이론, 미술사, 드로잉 미술 전공 실기 | 전문교과Ⅱ: 디자인 일반, 시각디자인, 색체 관리","귀금속가공기능사, 귀금속가공산업기사, 보석감정사, 보석디자인산업기사, 제품디자인산업기사, 제품응용모델링기능사, 포장산업기사",3D모델러
514,중국어과,"서울특별시_명지전문대학(제1캠퍼스)_중국어비즈니스과, 서울특별시_배화여자대학교(제1캠퍼스)_글로벌커뮤니케이션과 중국어전공, 서울특별시_배화여자대학교(제1캠퍼스)_관광중국어과, 서울특별시_서일대학교(제1캠퍼스)_비즈니스중국어과, 서울특별시_서일대학교(제1캠퍼스)_중국어문화학과, 서울특별시_인덕대학교(제1캠퍼스)_비즈니스중국어학과, 서울특별시_인덕대학교(제1캠퍼스)_비즈니스중국어과, 서울특별시_한양여자대학교(제1캠퍼스)_실무중국어학과, 서울특별시_한양여자대학교(제1캠퍼스)_실무중국어과, 부산광역시_동의과학대학교(제1캠퍼스)_관광중국어전공, 부산광역시_부산경상대학교(제1캠퍼스)_항공관광영어ㆍ중국어과, 부산광역시_부산과학기술대학교(제1캠퍼스)_보건관광중국어과, 인천광역시_경인여자대학교(제1캠퍼스)_글로벌관광서비스과 중국어전공, 경기도_연성대학교(제1캠퍼스)_관광과 관광중국어전공, 경기도_장안대학교(제1캠퍼스)_관광비즈니스중국어학과, 경기도_장안대학교(제1캠퍼스)_관광비즈니스중국어과, 경기도_장안대학교(제1캠퍼스)_디지털비즈니스중국어과, 경기도_한국관광대학교(제1캠퍼스)_관광중국어과, 경상남도_마산대학교(제1캠퍼스)_의료관광중국어과, 제주특별자치도_제주관광대학교(제1캠퍼스)_관광중국어학과, 제주특별자치도_제주관광대학교(제1캠퍼스)_의료관광중국어학과, 제주특별자치도_제주관광대학교(제1캠퍼스)_관광중국어과, 제주특별자치도_제주관광대학교(제1캠퍼스)_국제의료중국어통역학과, 제주특별자치도_제주한라대학교(제1캠퍼스)_관광중국어과","일반 선택: 화법과 언어, 독서와 작문, 문학, 세계시민과 지리, 세계사, 사회와 문화, 제2외국어, 한문 등 | 진로 선택: 문학과 영상, 인문학과 윤리, 동아시아 역사 기행, 국제 관계의 이해, 제2외국어 회화, 심화 제2외국어 등 | 융합 선택: 언어생활 탐구, 여행지리, 역사로 탐구하는 현대 세계, 사회문제 탐구, 제2외국어 문화, 언어생활과 한자 등","공통과목: 제2외국어, 사회, 예술, 국어, 한문 | 일반선택과목: 외국어교과 : 중국어, 일본어, 영어 회화, 영어 | 진로선택과목: 중국어Ⅱ, 한문Ⅱ, 심화 국어, 고전 읽기, 고전과 윤리, 사회문제 탐구, 여행지리, 미술감상 비평 | 전문교과Ⅰ: 전공기초 중국어, 중국어 회화, 중국어 독해와 작문, 중국 문화, 사회과제 연구 | 전문교과Ⅱ: 관광 중국어, 중국 조리","관광통역안내사, 국내여행안내사, 외국어번역행정사, 호텔경영사, 호텔관리사","언론인(기자,PD,아나운서등)"
516,중국학과,"서울특별시_국민대학교(제1캠퍼스)_중국정경전공, 서울특별시_삼육대학교(제1캠퍼스)_중국어학과, 서울특별시_한국외국어대학교(제1캠퍼스)_중국문학전공, 부산광역시_경성대학교(제1캠퍼스)_중국학과, 부산광역시_국립부경대학교(제1캠퍼스)_중국학과, 부산광역시_동서대학교(제1캠퍼스)_중국어학과, 부산광역시_동아대학교(제1캠퍼스)_중국어학과, 부산광역시_동아대학교(제2캠퍼스)_중국학과, 부산광역시_동아대학교(제2캠퍼스)_국제학부 중국학전공, 부산광역시_동의대학교(제1캠퍼스)_중국어학과, 인천광역시_인하대학교(제1캠퍼스)_중국학과, 대전광역시_목원대학교(제1캠퍼스)_중국문화ㆍ비즈니스학과, 대전광역시_배재대학교(제1캠퍼스)_중국학과, 광주광역시_호남대학교(제1캠퍼스)_중국어학과, 경기도_경희대학교(제2캠퍼스)_중국어학과, 경기도_용인대학교(제1캠퍼스)_중국학과, 경기도_한세대학교(제1캠퍼스)_중국어학과, 경기도_한신대학교(제1캠퍼스)_중국학과, 경기도_한신대학교(제1캠퍼스)_중국어문화영상융합학과, 경기도_한양대학교 ERICA캠퍼스(제1캠퍼스)_중국학과, 경기도_협성대학교(제1캠퍼스)_중국통상ㆍ문화학과, 강원특별자치도_가톨릭관동대학교(제1캠퍼스)_중국학과, 강원특별자치도_상지대학교(제1캠퍼스)_중국학과, 강원특별자치도_한림대학교(제1캠퍼스)_중국학과, 충청북도_국립한국교통대학교(제1캠퍼스)_중국어학과, 충청남도_남서울대학교(제1캠퍼스)_중국학과, 충청남도_단국대학교(제2캠퍼스)_아시아중동학부 중국학전공, 충청남도_상명대학교(제2캠퍼스)_중국어권지역학전공, 충청남도_순천향대학교(제1캠퍼스)_중국학과, 충청남도_청운대학교(제1캠퍼스)_중국학과, 충청남도_한서대학교(제1캠퍼스)_중국학과, 충청남도_호서대학교(제2캠퍼스)_중국학과, 전북특별자치도_원광대학교(제1캠퍼스)_중국학과, 전라남도_국립순천대학교(제1캠퍼스)_글로벌중국학전공, 전라남도_동신대학교(제1캠퍼스)_중국어학과, 경상남도_경남대학교(제1캠퍼스)_중국학과, 경상남도_국립창원대학교(제1캠퍼스)_중국학과","일반 선택: 세계시민과 지리, 세계사, 사회와 문화, 제2외국어 과목 등 | 진로 선택: 동아시아 역사 기행, 정치, 법과 사회, 경제, 국제 관계의 이해 등 | 융합 선택: 기후변화와 지속가능한 세계, 세계 문화와 영어 등","공통과목: 영어, 사회, 생활ㆍ교양 | 일반선택과목: 영어교과 : 영어 회화, 영어Ⅰ, 영어 독해와 작문, 영어Ⅱ | 진로선택과목: 여행지리, 사회문제 탐구, 제2외국어Ⅱ 과목 | 전문교과Ⅰ: 국제 정치, 국제 경제, 국제법, 지역 이해, 비교 문화, 세계 문제와 미래 사회, 국제 관계와 국제기구, 현대 세계의 변화, 사회 탐구 방법 및 사회과제 연구 | 전문교과Ⅱ: 커뮤니케이션, 비즈니스 영어","관광통역안내사, 국내여행안내사, 중국어능력시험(CPT), 한어수평고사(HSK), 한자능력급수자격증",국제무역사무원
