school_name,shl_idf_cd,shl_cd,crse_cd,sido,gugun,sido_code,gugun_code,found,addr
제천상업고등학교,3ff1adcc-33d2-42b6-908c-83c38614b136,M100000194,04,충청북도,제천시,4300000000,4315000000,공립,충청북도 제천시 신백동
일신여자고등학교,2b0ae8b7-611f-4ecc-8969-8d482d40c51f,M100000187,04,충청북도,청주시 상당구,4300000000,4311000000,사립,충청북도 청주시 상당구 탑동
산남고등학교,9e80c657-815b-4f10-b4b8-758618298091,M100001916,04,충청북도,청주시 서원구,4300000000,4311000000,공립,충청북도 청주시 서원구 산남동
오창고등학교,6c4dfed3-b851-466d-be4f-8ab4be171d0c,M100000176,04,충청북도,청주시 청원구,4300000000,4311000000,공립,충청북도 청주시 청원구 오창읍 괴정리
영동고등학교,7b6164bf-cfb8-404d-ba8f-e2868c43edf2,M100000168,04,충청북도,영동군,4300000000,4374000000,공립,충청북도 영동군 영동읍 계산리
영동미래고등학교,7bd4db2d-7e53-49f4-802b-c2786acdd4d0,M100000173,04,충청북도,영동군,4300000000,4374000000,사립,충청북도 영동군 영동읍 계산리
진천상업고등학교,75ed509f-324d-4523-a4f5-959471a3991c,M100000207,04,충청북도,진천군,4300000000,4375000000,공립,충청북도 진천군 진천읍 신정리
진천고등학교,c3918940-a4c8-4c3a-9e97-fea145f65916,M100000204,04,충청북도,진천군,4300000000,4375000000,공립,충청북도 진천군 진천읍 신정리
광명고등학교,b277f9a9-2933-424f-9870-043119f35c36,J100000482,04,경기도,광명시,4100000000,4121000000,공립,경기도 광명시 철산동
광명북고등학교,3838560c-2da3-4f2a-8dd6-d75f77169490,J100000484,04,경기도,광명시,4100000000,4121000000,공립,경기도 광명시 철산동
창의경영고등학교,1aedcc3e-e59f-4b4d-9ad9-0c0ac0ac1c4c,J100000488,04,경기도,광명시,4100000000,4121000000,공립,경기도 광명시 소하동
소하고등학교,67e83753-5deb-41a0-9c12-2e21fc4a440c,J100000632,04,경기도,광명시,4100000000,4121000000,공립,경기도 광명시 소하동
충현고등학교,80d97ae8-b6e2-4811-af3a-e7f7f6f94f6b,J100000820,04,경기도,광명시,4100000000,4121000000,공립,경기도 광명시 소하동
광휘고등학교,a16419c3-ac41-4ff6-af42-1eae6166a332,J100006645,04,경기도,광명시,4100000000,4121000000,공립,경기도 광명시 소하동
운산고등학교,19e9abd7-bab9-4926-a8b4-dfea7cd3f7db,J100005798,04,경기도,광명시,4100000000,4121000000,공립,경기도 광명시 소하동
은혜고등학교,ec3506b6-67cb-4650-8266-166e8417106b,J100000755,04,경기도,평택시,4100000000,4122000000,사립,경기도 평택시 장안동
태광고등학교,23f739fc-d22b-49f8-9f52-c4b091f865cb,J100000821,04,경기도,평택시,4100000000,4122000000,사립,경기도 평택시 신장동
평택여자고등학교,869ea306-bdde-48f1-bafb-fca48624cd16,J100000840,04,경기도,평택시,4100000000,4122000000,공립,경기도 평택시 세교동
안중고등학교,01c96bf8-9638-477f-951a-8c73f9d26317,J100000701,04,경기도,평택시,4100000000,4122000000,사립,경기도 평택시 안중읍 현화리
현화고등학교,994bdf47-46fa-4e57-90f4-3cb1817935b2,J100005290,04,경기도,평택시,4100000000,4122000000,공립,경기도 평택시 안중읍 현화리
동두천외국어고등학교,fe2ae495-e1a2-47a9-80b8-bd5d2815b928,J100005168,04,경기도,동두천시,4100000000,4125000000,공립,경기도 동두천시 지행동
동두천중앙고등학교,c6ae475d-1c98-493f-936a-eb0244b12687,J100000539,04,경기도,동두천시,4100000000,4125000000,공립,경기도 동두천시 지행동
신길고등학교,d2cea9b3-1151-4015-ade4-967228d6da78,J100005674,04,경기도,안산시 단원구,4100000000,4127000000,공립,경기도 안산시 단원구 신길동
초지고등학교,f132fc5b-adea-42f7-9cb1-0ae853e22f02,J100000819,04,경기도,안산시 단원구,4100000000,4127000000,공립,경기도 안산시 단원구 초지동
대부고등학교,4b2bd028-8c2a-4b75-b1ba-ee2584cb38bf,J100000524,04,경기도,안산시 단원구,4100000000,4127000000,공립,경기도 안산시 단원구 대부북동
장안고등학교,1da0c262-fb48-441a-99d2-9c42c091c3c5,J100000779,04,경기도,수원시 장안구,4100000000,4111000000,공립,경기도 수원시 장안구 정자동
수성고등학교,1f40a4ba-b9b7-4c9f-a80a-a70adaf307a2,J100000641,04,경기도,수원시 장안구,4100000000,4111000000,공립,경기도 수원시 장안구 정자동
수성고등학교부설방송통신고등학교,0491f38a-febd-4ed3-bcc8-bffc5667eb6b,J100000642,04,경기도,수원시 장안구,4100000000,4111000000,공립,경기도 수원시 장안구 정자동
대평고등학교,42380cbf-dc8b-4458-aaca-250a8006f4fe,J100000527,04,경기도,수원시 장안구,4100000000,4111000000,공립,경기도 수원시 장안구 정자동
이의고등학교,08262c74-65c9-4825-a5bd-1a13ab56463e,J100006813,04,경기도,수원시 영통구,4100000000,4111000000,공립,경기도 수원시 영통구 하동
경민비즈니스고등학교,d6336780-3ee4-4d6c-8b12-410310d2ca16,J100000453,04,경기도,의정부시,4100000000,4115000000,사립,경기도 의정부시 가능동
경민IT고등학교,8e8a3131-59b0-4648-8c32-d98e0fec8bad,J100000455,04,경기도,의정부시,4100000000,4115000000,사립,경기도 의정부시 가능동
경민고등학교,94b02707-854b-4839-a52c-634f68d0caf0,J100000451,04,경기도,의정부시,4100000000,4115000000,사립,경기도 의정부시 가능동
한국모빌리티고등학교,54ba6446-1071-4afc-a300-243e5769be2d,J100000757,04,경기도,의정부시,4100000000,4115000000,공립,경기도 의정부시 가능동
의정부광동고등학교,d707a7c3-09fd-434e-8168-54d1dbe38067,J100000480,04,경기도,의정부시,4100000000,4115000000,사립,경기도 의정부시 가능동
의정부여자고등학교,49adf7b6-9e05-403b-bacd-1b5d7bdf2efb,J100000758,04,경기도,의정부시,4100000000,4115000000,공립,경기도 의정부시 가능동
의정부고등학교,e73cf6eb-0019-4821-beca-df16f2df1fc6,J100000756,04,경기도,의정부시,4100000000,4115000000,공립,경기도 의정부시 가능동
평촌경영고등학교,9f97028f-a525-4968-81ed-d14c587ce9d8,J100000836,04,경기도,안양시 동안구,4100000000,4117000000,공립,경기도 안양시 동안구 관양동
관양고등학교,0836526a-cee0-4c46-9b9b-6baf1821264a,J100000477,04,경기도,안양시 동안구,4100000000,4117000000,공립,경기도 안양시 동안구 관양동
인덕원고등학교,592e7d26-cd95-4633-9ed8-d66bf8dbb6fe,J100004905,04,경기도,안양시 동안구,4100000000,4117000000,공립,경기도 안양시 동안구 관양동
과천여자고등학교,63d39a49-914c-4009-9764-3c05fcbc8181,J100000473,04,경기도,과천시,4100000000,4129000000,사립,경기도 과천시 중앙동
과천외국어고등학교,81db413f-6a40-4fd2-9f54-dcd309639ad1,J100000474,04,경기도,과천시,4100000000,4129000000,사립,경기도 과천시 중앙동
갈매고등학교,59df990c-e610-4658-94a1-0964d5d287e4,J100006906,04,경기도,구리시,4100000000,4131000000,공립,경기도 구리시 갈매동
인창고등학교,b5acf74d-9fab-4a6e-b44c-4dc74da1c4fc,J100000769,04,경기도,구리시,4100000000,4131000000,공립,경기도 구리시 인창동
서울삼육고등학교,0ed77608-2942-4f21-ad79-00b8c5409892,J100000606,04,경기도,구리시,4100000000,4131000000,사립,경기도 구리시 교문동
구리고등학교,8a9eb53c-7019-47bd-a841-154077ada221,J100000496,04,경기도,구리시,4100000000,4131000000,공립,경기도 구리시 수택동
수택고등학교,8552d980-7cda-45c5-90b7-610688eca0c8,J100000656,04,경기도,구리시,4100000000,4131000000,공립,경기도 구리시 수택동
금곡고등학교,61ecc0e8-bc4b-4bb6-9220-b72952039a84,J100000508,04,경기도,남양주시,4100000000,4136000000,공립,경기도 남양주시 금곡동
보라고등학교,499aa21f-2d59-4154-b01a-5cbfbb6bcb5a,J100005656,04,경기도,용인시 기흥구,4100000000,4146000000,공립,경기도 용인시 기흥구 보라동
대지고등학교,3515b280-22fd-4371-b105-999760a53e44,J100005458,04,경기도,용인시 수지구,4100000000,4146000000,공립,경기도 용인시 수지구 죽전동
죽전고등학교,d16c2695-b72c-4a90-ac03-a853b247b347,J100000801,04,경기도,용인시 수지구,4100000000,4146000000,공립,경기도 용인시 수지구 죽전동
현암고등학교,cdf32467-a152-42c5-87c5-f146dcf87529,J100005415,04,경기도,용인시 수지구,4100000000,4146000000,공립,경기도 용인시 수지구 죽전동
광탄고등학교,cf1005c1-9a65-4192-8b56-f97700574f9f,J100000494,04,경기도,파주시,4100000000,4148000000,사립,경기도 파주시 광탄면 신산리
다산고등학교,aec937c6-f16f-4a67-bf76-cd60eb997be6,J100000765,04,경기도,이천시,4100000000,4150000000,사립,경기도 이천시 사음동
안성여자고등학교,be938b0e-e9f5-44fe-b63a-8a0bf78b56cc,J100000686,04,경기도,안성시,4100000000,4155000000,공립,경기도 안성시 신소현동
가온고등학교,c03c2035-a801-4ec9-81bd-e8d7ef4a1fa6,J100000689,04,경기도,안성시,4100000000,4155000000,사립,경기도 안성시 발화동
도농고등학교,435cacbd-686c-488a-81c5-7cf911a691ed,J100004914,04,경기도,남양주시,4100000000,4136000000,공립,경기도 남양주시 도농동
별가람고등학교,cf381dba-535e-45f8-a160-b1fb2c6efc58,J100006905,04,경기도,남양주시,4100000000,4136000000,공립,경기도 남양주시 별내동
별내고등학교,87f7cd05-956e-48be-a888-7fc7d6128948,J100006520,04,경기도,남양주시,4100000000,4136000000,공립,경기도 남양주시 별내동
덕소고등학교,8b992cff-4c79-4d64-8e3c-947650f5b3d4,J100000529,04,경기도,남양주시,4100000000,4136000000,사립,경기도 남양주시 와부읍 도곡리
퇴계원고등학교,1bf3f651-5840-404c-a250-011d9ae52aae,J100000827,04,경기도,남양주시,4100000000,4136000000,공립,경기도 남양주시 퇴계원읍 퇴계원리
운천고등학교,8e298802-302f-4d5d-881f-e252df0b88b5,J100004835,04,경기도,오산시,4100000000,4137000000,공립,경기도 오산시 부산동
세마고등학교,fd110134-1700-4da7-bc72-3f8f91e98bff,J100005806,04,경기도,오산시,4100000000,4137000000,공립,경기도 오산시 세교동
시흥고등학교,f6cd63a0-358c-42ad-8676-3d908d89baa4,J100004834,04,경기도,시흥시,4100000000,4139000000,공립,경기도 시흥시 하상동
경기자동차과학고등학교,9393054e-f7a3-4f96-9774-ca007bb55745,J100000859,04,경기도,시흥시,4100000000,4139000000,사립,경기도 시흥시 무지내동
흥진고등학교,3f6396d9-7139-4a03-a8dd-8a8366fac0e1,J100000874,04,경기도,군포시,4100000000,4141000000,공립,경기도 군포시 금정동
군포고등학교,f955d5da-f4a4-4578-8428-644d44fba443,J100000502,04,경기도,군포시,4100000000,4141000000,사립,경기도 군포시 금정동
경기외국어고등학교,b95c0c13-e59e-4539-9fc7-d4633e017285,J100005040,04,경기도,의왕시,4100000000,4143000000,사립,경기도 의왕시 고천동
우성고등학교,db3002bd-529f-4354-8ab6-eca174a1d5c5,J100000746,04,경기도,의왕시,4100000000,4143000000,사립,경기도 의왕시 고천동
모락고등학교,226069a5-ccee-4938-a301-9b15adf1b7aa,J100005815,04,경기도,의왕시,4100000000,4143000000,공립,경기도 의왕시 오전동
신장고등학교,da632131-00a6-4186-91a5-6cf4ced9ea1f,J100004916,04,경기도,하남시,4100000000,4145000000,공립,경기도 하남시 신장동
하남고등학교,032b15e3-75ab-4179-a117-4f25ddda13e7,J100000848,04,경기도,하남시,4100000000,4145000000,사립,경기도 하남시 망월동
미사고등학교,535be285-378d-495c-9724-b1ebd1375cb3,J100006810,04,경기도,하남시,4100000000,4145000000,공립,경기도 하남시 망월동
미사강변고등학교,4a6ee946-6f27-4420-a3be-e563919089a7,J100006919,04,경기도,하남시,4100000000,4145000000,공립,경기도 하남시 선동
위례고등학교,cdd34c62-00ce-4325-9e42-d50aa98e2e49,J100007014,04,경기도,하남시,4100000000,4145000000,공립,경기도 하남시 학암동
고양고등학교,5104c4d4-8d85-4492-9ca4-23396ab49db0,J100000470,04,경기도,고양시 덕양구,4100000000,4128000000,공립,경기도 고양시 덕양구 삼송동
무원고등학교,fac29b05-555b-4ddf-919d-03618d6eefd0,J100000553,04,경기도,고양시 덕양구,4100000000,4128000000,공립,경기도 고양시 덕양구 행신동
서정고등학교,3a81114a-f7f5-4c16-824f-7946b197f7b8,J100005797,04,경기도,고양시 덕양구,4100000000,4128000000,공립,경기도 고양시 덕양구 행신동
행신고등학교,d24e0e0e-e1fc-4c91-80f0-39a3a63d3f51,J100000863,04,경기도,고양시 덕양구,4100000000,4128000000,공립,경기도 고양시 덕양구 행신동
백양고등학교,6081d554-20b2-4d01-bf62-980ba834b452,J100000567,04,경기도,고양시 덕양구,4100000000,4128000000,공립,경기도 고양시 덕양구 행신동
고양국제고등학교,1e45b58e-50d8-4b90-9ecc-c3b5baa88c31,J100006561,04,경기도,고양시 일산동구,4100000000,4128000000,공립,경기도 고양시 일산동구 식사동
저현고등학교,2f7bd0a7-4158-461b-8deb-3d35c5ca6a3d,J100006562,04,경기도,고양시 일산동구,4100000000,4128000000,공립,경기도 고양시 일산동구 식사동
안곡고등학교,d6ddc2b9-85d0-4188-a1b0-908a227bd8ae,J100005600,04,경기도,고양시 일산동구,4100000000,4128000000,공립,경기도 고양시 일산동구 중산동
중산고등학교,00f989f9-07ce-4e17-abb1-68b6d60cc1ed,J100000802,04,경기도,고양시 일산동구,4100000000,4128000000,공립,경기도 고양시 일산동구 중산동
백석고등학교,d64dd5fc-0075-42b7-9c6c-0daba3f196ab,J100000564,04,경기도,고양시 일산동구,4100000000,4128000000,공립,경기도 고양시 일산동구 마두동
정발고등학교,ce98d249-f67e-4520-8713-1e55f30b2e28,J100000791,04,경기도,고양시 일산동구,4100000000,4128000000,공립,경기도 고양시 일산동구 마두동
일산동고등학교,ef446a37-561d-4b7f-adaa-2c6153061ed2,J100000773,04,경기도,고양시 일산서구,4100000000,4128000000,공립,경기도 고양시 일산서구 탄현동
가좌고등학교,159bfc38-e79f-4b65-8b71-4d86557aa6f6,J100005380,04,경기도,고양시 일산서구,4100000000,4128000000,공립,경기도 고양시 일산서구 가좌동
경화여자English Business고등학교,ac5286a2-3dd8-4c8c-9500-aeb6dc92aa2b,J100005820,04,경기도,광주시,4100000000,4161000000,사립,경기도 광주시 송정동
광주고등학교,ee93130b-e263-4caa-a0b2-25077d0d0ac0,J100000490,04,경기도,광주시,4100000000,4161000000,공립,경기도 광주시 송정동
경화여자고등학교,fa550f28-7c52-48ea-923d-0b0d08ab014d,J100000460,04,경기도,광주시,4100000000,4161000000,사립,경기도 광주시 송정동
광남고등학교,b9f8290b-fb2a-416f-9ef5-f0cb5eab81c3,J100005675,04,경기도,광주시,4100000000,4161000000,공립,경기도 광주시 장지동
오포고등학교,98087d82-ddc6-400e-b9f9-bec5fb5e2b04,J100005802,04,경기도,광주시,4100000000,4161000000,공립,경기도 광주시 고산동
곤지암고등학교,87ada6a2-4ede-4b99-8ecb-f1d1938a19a1,J100000492,04,경기도,광주시,4100000000,4161000000,공립,경기도 광주시 곤지암읍 곤지암리
양주고등학교,7a1bc14d-4f69-49a4-92c2-7a6c8031fee5,J100005381,04,경기도,양주시,4100000000,4163000000,공립,경기도 양주시 삼숭동
옥빛고등학교,a91a5085-c366-4292-bfe5-1d088783465e,J100007409,04,경기도,양주시,4100000000,4163000000,공립,경기도 양주시 옥정동
옥정고등학교,29e90fca-590d-48c8-8ed1-bb81cd966713,J100006765,04,경기도,양주시,4100000000,4163000000,공립,경기도 양주시 옥정동
양주백석고등학교,1de4caa9-113d-4555-bf23-3f598919646c,J100005280,04,경기도,양주시,4100000000,4163000000,공립,경기도 양주시 백석읍 오산리
포천고등학교,5516e582-67d2-4cf7-a2ec-b7c906627b7c,J100000841,04,경기도,포천시,4100000000,4165000000,공립,경기도 포천시 신읍동
동남고등학교,5d0e6a0b-f46c-413f-bbaf-c292ca02768a,J100000534,04,경기도,포천시,4100000000,4165000000,사립,경기도 포천시 소흘읍 송우리
죽산고등학교,6090c815-43d5-48a0-9dd3-38469182a3fe,J100000800,04,경기도,안성시,4100000000,4155000000,공립,경기도 안성시 죽산면 죽산리
김포과학기술고등학교,10c36992-ee50-4e1e-a6fa-08f920fedeed,J100000511,04,경기도,김포시,4100000000,4157000000,공립,경기도 김포시 북변동
운양고등학교,380bf720-84fe-4306-b957-4cbfffafd540,J100006717,04,경기도,김포시,4100000000,4157000000,공립,경기도 김포시 운양동
김포제일고등학교,4e3f8e8d-4479-4d37-9321-e0acbba536f8,J100006814,04,경기도,김포시,4100000000,4157000000,공립,경기도 김포시 운양동
풍무고등학교,4ecec858-74e5-4766-a3ca-db05fab006d8,J100004919,04,경기도,김포시,4100000000,4157000000,공립,경기도 김포시 풍무동
하성고등학교,48ec9590-9a3f-4ff5-aadd-4576ae193c81,J100000850,04,경기도,김포시,4100000000,4157000000,공립,경기도 김포시 하성면 마곡리
창원경일고등학교,28b35fed-f8aa-4fc5-88b7-4c1f84cdd077,S100000688,04,경상남도,창원시 성산구,4800000000,4812000000,사립,경상남도 창원시 성산구 중앙동
창원기계공업고등학교,2f00091e-5380-4f9c-b8a3-b0958406a11b,S100000691,04,경상남도,창원시 성산구,4800000000,4812000000,공립,경상남도 창원시 성산구 중앙동
지평고등학교,022ca028-6684-498a-9d22-d3c29c3b0165,J100000805,04,경기도,양평군,4100000000,4183000000,공립,경기도 양평군 지평면 지평리
용문고등학교,9045fcea-0fda-4f7a-8291-2f55578b3a27,J100000739,04,경기도,양평군,4100000000,4183000000,사립,경기도 양평군 용문면 마룡리
양평전자과학고등학교,3582b01c-c96d-465b-a080-ce5305a5f2f1,J100000714,04,경기도,양평군,4100000000,4183000000,공립,경기도 양평군 양서면 국수리
수비고등학교,15b6ad8f-2c7a-4de2-b682-7b749dc145b2,R100000870,04,경상북도,영양군,4700000000,4776000000,공립,경상북도 영양군 수비면 발리리
진량고등학교,c7c57d10-2b63-4708-a259-aff17c4db473,R100000961,04,경상북도,경산시,4700000000,4729000000,사립,경상북도 경산시 진량읍 신상리
순심여자고등학교,230b1aec-64c2-466e-b925-736266ed4d85,R100000875,04,경상북도,칠곡군,4700000000,4785000000,사립,경상북도 칠곡군 왜관읍 왜관리
대아고등학교,15f3a21e-2311-4c3a-b971-30815bd63095,S100000536,04,경상남도,진주시,4800000000,4817000000,사립,경상남도 진주시 이현동
창원과학고등학교,53af68b8-77c3-4324-a7d8-9d3b8a79d3b5,S100003433,04,경상남도,창원시 의창구,4800000000,4812000000,공립,경상남도 창원시 의창구 서상동
창원고등학교,9d5178ce-833c-44e1-846f-eeb4f427b485,S100000689,04,경상남도,창원시 의창구,4800000000,4812000000,사립,경상남도 창원시 의창구 도계동
경상고등학교,5df12bb5-f442-4685-a335-f854d931ad0e,S100000492,04,경상남도,창원시 의창구,4800000000,4812000000,사립,경상남도 창원시 의창구 소계동
창원명곡고등학교,6ef2ac81-ac66-44bd-b0c8-8f66c95baba0,S100003230,04,경상남도,창원시 의창구,4800000000,4812000000,공립,경상남도 창원시 의창구 명곡동
창원명지여자고등학교,45985b8f-0c1e-44fa-95d7-0730d7638761,S100000695,04,경상남도,창원시 의창구,4800000000,4812000000,공립,경상남도 창원시 의창구 명서동
경남관광고등학교,fece7460-a7d2-4f94-9e70-7f086260a8d7,S100000700,04,경상남도,창원시 의창구,4800000000,4812000000,사립,경상남도 창원시 의창구 봉곡동
창원봉림고등학교,4bde443e-58e1-41e7-83c4-80860d9c784c,S100003209,04,경상남도,창원시 의창구,4800000000,4812000000,공립,경상남도 창원시 의창구 봉곡동
창원공업고등학교,9e46c383-145f-4b6d-8550-291f0c759f83,S100000690,04,경상남도,창원시 의창구,4800000000,4812000000,사립,경상남도 창원시 의창구 팔용동
창원성민여자고등학교,0aabf4f5-d9d0-4f86-8695-5b13a287c875,S100003488,04,경상남도,창원시 의창구,4800000000,4812000000,사립,경상남도 창원시 의창구 팔용동
창원경일여자고등학교,4367f053-d5b5-4313-b08a-ffb5cf098681,S100003228,04,경상남도,창원시 성산구,4800000000,4812000000,사립,경상남도 창원시 성산구 내동
창원중앙여자고등학교,ddfc5877-cc63-4a13-87be-e70a1a92e4b7,S100000702,04,경상남도,창원시 성산구,4800000000,4812000000,공립,경상남도 창원시 성산구 상남동
창원사파고등학교,b2aa50a4-2b07-43b5-83d9-a3c8bfa60fcc,S100000697,04,경상남도,창원시 성산구,4800000000,4812000000,공립,경상남도 창원시 성산구 사파동
창원남산고등학교,2cac182d-a243-439c-87e2-b1f5e2a76319,S100000693,04,경상남도,창원시 성산구,4800000000,4812000000,공립,경상남도 창원시 성산구 가음동
창원용호고등학교,f8579ae9-538d-48c9-b570-c7ee523d2868,S100000699,04,경상남도,창원시 성산구,4800000000,4812000000,공립,경상남도 창원시 성산구 용호동
창원중앙고등학교,1c92854a-5f55-4dce-a8d2-dd58e0e21309,S100000701,04,경상남도,창원시 성산구,4800000000,4812000000,공립,경상남도 창원시 성산구 용호동
마산삼진고등학교,1371ba36-03f7-43e1-ba5b-bb2992e61967,S100000551,04,경상남도,창원시 마산합포구,4800000000,4812000000,사립,경상남도 창원시 마산합포구 진동면 진동리
태봉고등학교,36953ba1-c681-46f1-b92b-a8646eaabafc,S100003447,04,경상남도,창원시 마산합포구,4800000000,4812000000,공립,경상남도 창원시 마산합포구 진동면 태봉리
마산구암고등학교,94678cfe-e6c4-4e11-81c4-79918f1f9dcb,S100000549,04,경상남도,창원시 마산회원구,4800000000,4812000000,공립,경상남도 창원시 마산회원구 구암동
학력인정 경남미용고등학교(3년제),ccff01da-ad5d-49e8-889b-aacfe6fae86d,S100000557,05,경상남도,창원시 마산회원구,4800000000,4812000000,사립,경상남도 창원시 마산회원구 봉암동
창신고등학교,a6fbe2a4-8e95-47e5-b9a7-155d2bafe31f,S100000687,04,경상남도,창원시 마산회원구,4800000000,4812000000,사립,경상남도 창원시 마산회원구 봉암동
한일여자고등학교,1c578c63-7150-4677-8c0f-928d226bb80f,S100000723,04,경상남도,창원시 마산회원구,4800000000,4812000000,사립,경상남도 창원시 마산회원구 양덕동
마산공업고등학교,bc255147-bbc4-4b7a-a904-12914a76ad30,S100000548,04,경상남도,창원시 마산회원구,4800000000,4812000000,사립,경상남도 창원시 마산회원구 합성동
마산무학여자고등학교,82a96425-ac20-4578-8b40-073bb260cf19,S100000550,04,경상남도,창원시 마산회원구,4800000000,4812000000,사립,경상남도 창원시 마산회원구 회원동
마산제일고등학교,7bfc1ad8-5479-4662-8df7-f2ae93aa6a87,S100000559,04,경상남도,창원시 마산회원구,4800000000,4812000000,사립,경상남도 창원시 마산회원구 내서읍 용담리
마산내서여자고등학교,3348c3e6-30d5-45f5-b9a0-22e3ed1f6d37,S100003242,04,경상남도,창원시 마산회원구,4800000000,4812000000,공립,경상남도 창원시 마산회원구 내서읍 삼계리
창원신월고등학교,0408875e-1942-432d-937b-57cbe24f77ee,S100003210,04,경상남도,창원시 성산구,4800000000,4812000000,공립,경상남도 창원시 성산구 신월동
창원문성고등학교,f81ccb24-b89a-4f75-8b49-0d5966339e9c,S100000696,04,경상남도,창원시 성산구,4800000000,4812000000,사립,경상남도 창원시 성산구 두대동
창원여자고등학교,9d718b57-1361-4c78-bbec-ca82578a7101,S100000698,04,경상남도,창원시 성산구,4800000000,4812000000,공립,경상남도 창원시 성산구 삼동동
마산가포고등학교,7c219761-3065-4a5d-b3c6-a6d14bc08b2f,S100000544,04,경상남도,창원시 마산합포구,4800000000,4812000000,공립,경상남도 창원시 마산합포구 가포동
합포고등학교,3acdb4af-96ae-4e99-8efe-3d6299c0a256,S100000740,04,경상남도,창원시 마산합포구,4800000000,4812000000,공립,경상남도 창원시 마산합포구 교방동
마산제일여자고등학교,ff9f4f45-9cfb-43d6-bfde-38ad017e2473,S100000560,04,경상남도,창원시 마산합포구,4800000000,4812000000,사립,경상남도 창원시 마산합포구 문화동
마산용마고등학교,06af236e-3302-408c-8e17-a5b122070432,S100000556,04,경상남도,창원시 마산합포구,4800000000,4812000000,공립,경상남도 창원시 마산합포구 산호동
경남전자고등학교,aca3e337-edea-45b6-8831-6533a3b1e581,S100000488,05,경상남도,창원시 마산합포구,4800000000,4812000000,사립,경상남도 창원시 마산합포구 상남동
마산중앙고등학교,e12ca052-1985-4b8b-b6e7-337d118c1e57,S100000561,04,경상남도,창원시 마산합포구,4800000000,4812000000,사립,경상남도 창원시 마산합포구 신월동
마산고등학교부설방송통신고등학교,5449d258-feb4-471b-abce-2e08e441b894,S100000547,04,경상남도,창원시 마산합포구,4800000000,4812000000,공립,경상남도 창원시 마산합포구 완월동
마산고등학교,c9ab1ad8-57ba-4b51-971f-77b9b71eacfb,S100000546,04,경상남도,창원시 마산합포구,4800000000,4812000000,공립,경상남도 창원시 마산합포구 완월동
마산여자고등학교,4da77b20-f634-4631-9bd8-df03ae27d181,S100000553,04,경상남도,창원시 마산합포구,4800000000,4812000000,공립,경상남도 창원시 마산합포구 완월동
성지여자고등학교,de780806-fd99-4887-8020-feddba9f27e0,S100000606,04,경상남도,창원시 마산합포구,4800000000,4812000000,사립,경상남도 창원시 마산합포구 완월동
창원북면고등학교,da9bdb58-7656-4c2f-a831-333a7f13dcf0,S100004047,04,경상남도,창원시 의창구,4800000000,4812000000,공립,경상남도 창원시 의창구 북면 감계리
창원대산고등학교,71a1a414-3eda-4f55-96df-517e82adb248,S100000694,04,경상남도,창원시 의창구,4800000000,4812000000,사립,경상남도 창원시 의창구 대산면 제동리
창원토월고등학교,1c334f41-5231-47aa-870b-51ec7cf8899e,S100003278,04,경상남도,창원시 성산구,4800000000,4812000000,공립,경상남도 창원시 성산구 토월동
창원남고등학교,38e4494f-52b9-4a2b-af3f-eff50bd2bb94,S100000692,04,경상남도,창원시 성산구,4800000000,4812000000,사립,경상남도 창원시 성산구 외동
창원대암고등학교,cd291afc-42ea-4282-8690-cdcf965d431a,S100003277,04,경상남도,창원시 성산구,4800000000,4812000000,공립,경상남도 창원시 성산구 대방동
함안고등학교,4031628d-5f1f-41d5-a57e-6402eb01f065,S100000724,04,경상남도,함안군,4800000000,4873000000,공립,경상남도 함안군 가야읍 도항리
명덕고등학교,c544abc5-77c2-4704-bce5-bfc32b9a3b10,S100000562,04,경상남도,함안군,4800000000,4873000000,사립,경상남도 함안군 가야읍 도항리
학력인정 경남보건고등학교(3년제),cd4da9e7-0f32-4677-ba7f-81f2984848f8,S100003437,05,경상남도,함안군,4800000000,4873000000,사립,경상남도 함안군 함안면 북촌리
군북고등학교,0b151c45-e3fa-4e59-b929-d08cdab4cb91,S100000505,04,경상남도,함안군,4800000000,4873000000,사립,경상남도 함안군 군북면 덕대리
경남로봇고등학교,711b381e-3534-4b34-b97d-b9208c635b94,S100000725,04,경상남도,함안군,4800000000,4873000000,사립,경상남도 함안군 대산면 평림리
칠원고등학교,f678a3c4-b03a-4bf7-a5b8-ebb7c26408b3,S100000710,04,경상남도,함안군,4800000000,4873000000,사립,경상남도 함안군 칠서면 무릉리
창녕고등학교,e16df895-167f-4506-b1e0-0c12aa846faf,S100000677,04,경상남도,창녕군,4800000000,4874000000,사립,경상남도 창녕군 창녕읍 교리
창녕여자고등학교,bbd2115a-921c-4e0a-9e02-e2e899ce832a,S100000682,04,경상남도,창녕군,4800000000,4874000000,사립,경상남도 창녕군 창녕읍 말흘리
창녕슈퍼텍고등학교,b12b81d5-9a1a-432f-92a8-af2d20b3d1d0,S100000684,04,경상남도,창녕군,4800000000,4874000000,공립,경상남도 창녕군 창녕읍 말흘리
남지고등학교,083b9bdb-301a-49b1-92e2-f9466c39b4fe,S100000519,04,경상남도,창녕군,4800000000,4874000000,사립,경상남도 창녕군 남지읍
한국과학기술고등학교,3afc2d3f-21fa-4086-a9a5-d4b4dad52ddd,S100000678,04,경상남도,창녕군,4800000000,4874000000,사립,경상남도 창녕군 고암면 우천리
창녕대성고등학교,5410b017-1f96-42bd-83b5-da8414937f65,S100000681,04,경상남도,창녕군,4800000000,4874000000,사립,경상남도 창녕군 대합면 등지리
창녕옥야고등학교,11155bd3-000a-4594-82d0-897d8162a815,S100000634,04,경상남도,창녕군,4800000000,4874000000,사립,경상남도 창녕군 이방면 장천리
영산고등학교,33fceb29-5db4-4cf3-8763-26def23c729b,S100000629,04,경상남도,창녕군,4800000000,4874000000,공립,경상남도 창녕군 영산면 성내리
의령고등학교,1bc5db9e-b703-4cf6-b60a-20c24fa437de,S100000643,04,경상남도,의령군,4800000000,4872000000,공립,경상남도 의령군 의령읍 동동리
의령여자고등학교,756fda9e-67a3-46e2-94e1-c01f93dfb71a,S100000644,04,경상남도,의령군,4800000000,4872000000,사립,경상남도 의령군 가례면 가례리
신반정보고등학교,6379961c-8b8b-4661-980d-0875e954ebe6,S100000613,04,경상남도,의령군,4800000000,4872000000,공립,경상남도 의령군 부림면 신반리
거제고등학교,49485eb5-5211-4d87-9848-39834b508da4,S100000464,04,경상남도,거제시,4800000000,4831000000,사립,경상남도 거제시 아주동
거제공업고등학교,db32285c-8b5c-4781-896b-42f0833d289d,S100000465,04,경상남도,거제시,4800000000,4831000000,공립,경상남도 거제시 고현동
거제중앙고등학교,58385a20-2281-4e27-ba94-4fbf6757dacf,S100000470,04,경상남도,거제시,4800000000,4831000000,공립,경상남도 거제시 고현동
거제상문고등학교,32f38aab-0fbd-461e-97ee-4bc11aaff2b1,S100003460,04,경상남도,거제시,4800000000,4831000000,공립,경상남도 거제시 문동동
거제제일고등학교,0ce404ed-aa64-4b9f-9184-9ac099f75683,S100000468,04,경상남도,거제시,4800000000,4831000000,공립,경상남도 거제시 거제면 서정리
거제여자상업고등학교,0e22c8af-7e52-450f-84df-9374849e8c8a,S100000467,04,경상남도,거제시,4800000000,4831000000,공립,경상남도 거제시 거제면 동상리
삼천포여자고등학교,934b9915-27b7-4b18-aca5-8fd570a8dd8c,S100000593,04,경상남도,사천시,4800000000,4824000000,사립,경상남도 사천시 동금동
삼천포공업고등학교,41f1c683-a10d-4575-bf3f-df9d30d91556,S100000592,04,경상남도,사천시,4800000000,4824000000,공립,경상남도 사천시 동금동
삼천포고등학교,1868d320-477b-4886-a148-15b421fce232,S100000591,04,경상남도,사천시,4800000000,4824000000,사립,경상남도 사천시 벌리동
삼천포중앙고등학교,04e9c68f-b721-4e38-84b5-551dc1f0d373,S100000595,04,경상남도,사천시,4800000000,4824000000,공립,경상남도 사천시 벌리동
연초고등학교,f1383dc5-d1df-46b0-a771-4972a998e097,S100003452,04,경상남도,거제시,4800000000,4831000000,공립,경상남도 거제시 연초면 연사리
거제옥포고등학교,8faba3ba-74ea-44dd-995e-7661d480d728,S100003299,04,경상남도,거제시,4800000000,4831000000,공립,경상남도 거제시 연초면 송정리
경남산업고등학교,89095b4f-6105-4a67-a913-09c539fbbd3f,S100000469,04,경상남도,거제시,4800000000,4831000000,공립,경상남도 거제시 하청면 하청리
통영여자고등학교,cda0fd02-9cc2-4004-b4c2-4cedf428a181,S100000716,04,경상남도,통영시,4800000000,4822000000,공립,경상남도 통영시 도천동
충무고등학교,a8c71691-dfde-4241-828e-d62f4933b910,S100000708,04,경상남도,통영시,4800000000,4822000000,공립,경상남도 통영시 북신동
통영고등학교,a9b35b9f-9f23-43ab-b481-7a6f96b4ad2f,S100000714,04,경상남도,통영시,4800000000,4822000000,공립,경상남도 통영시 봉평동
사천고등학교,566dd01c-0598-4130-b0b9-079f121899e1,S100000577,04,경상남도,사천시,4800000000,4824000000,사립,경상남도 사천시 사천읍 정의리
사천여자고등학교,6cf882d6-f429-42f9-a495-c31243325627,S100000580,04,경상남도,사천시,4800000000,4824000000,사립,경상남도 사천시 사천읍 평화리
경남자영고등학교,10cc2599-e00a-49a0-94a0-4b179c9a3e5b,S100000487,04,경상남도,사천시,4800000000,4824000000,공립,경상남도 사천시 정동면 화암리
양산남부고등학교,095b5ebe-c369-4097-b41a-2b926c879184,S100003213,04,경상남도,양산시,4800000000,4833000000,공립,경상남도 양산시 남부동
양산고등학교,f9b0b7c3-0926-4107-9f24-1527aa8b11e3,S100000618,04,경상남도,양산시,4800000000,4833000000,공립,경상남도 양산시 북부동
양산제일고등학교,843fd5f6-6f5e-499e-8201-d81b90b3e6b2,S100000619,04,경상남도,양산시,4800000000,4833000000,사립,경상남도 양산시 교동
양산여자고등학교,1e87c216-2c50-4428-b29e-45344785c6f5,S100000626,04,경상남도,양산시,4800000000,4833000000,사립,경상남도 양산시 교동
경남외국어고등학교,fb390a34-baec-4dc1-9cef-1a1586e86f6c,S100000486,04,경상남도,양산시,4800000000,4833000000,사립,경상남도 양산시 어곡동
서창고등학교,9c4f0735-6cfa-42a2-b71e-124786a9b8cd,S100003327,04,경상남도,양산시,4800000000,4833000000,공립,경상남도 양산시 삼호동
효암고등학교,f6d2468c-3eab-45f4-9214-47d17e869450,S100000747,04,경상남도,양산시,4800000000,4833000000,사립,경상남도 양산시 삼호동
충렬여자고등학교,7286e992-9ba4-47ba-8bfb-cde462a1112b,S100000706,04,경상남도,통영시,4800000000,4822000000,사립,경상남도 통영시 용남면 장평리
용남고등학교,231285bf-8580-4653-9179-c6643f4d2638,S100000639,04,경상남도,사천시,4800000000,4824000000,사립,경상남도 사천시 용현면 선진리
웅상고등학교,0c4f31be-92f0-4abd-b244-c61defd564e6,S100000640,04,경상남도,양산시,4800000000,4833000000,공립,경상남도 양산시 평산동
물금고등학교,490a8fcb-8857-4c85-ae5a-228019c71066,S100003281,04,경상남도,양산시,4800000000,4833000000,공립,경상남도 양산시 물금읍
증산고등학교,fb92349b-0c96-41c5-a241-ec8805535d62,S100004045,04,경상남도,양산시,4800000000,4833000000,공립,경상남도 양산시 물금읍 가촌리
범어고등학교,9b53b53b-f728-47b5-9e5a-664371abbee5,S100003455,04,경상남도,양산시,4800000000,4833000000,공립,경상남도 양산시 물금읍 범어리
사송고등학교,6c09aca7-3de3-4133-9d02-0aa8c6accb1f,S100004142,04,경상남도,양산시,4800000000,4833000000,공립,경상남도 양산시 동면
양산인공지능고등학교,12d0ec8a-7177-45f1-9924-ddfb19b73311,S100004080,04,경상남도,양산시,4800000000,4833000000,공립,경상남도 양산시 동면 금산리
동원고등학교,0b9bd425-3e0c-4707-bc86-a4a91a7bd43d,S100000717,04,경상남도,통영시,4800000000,4822000000,사립,경상남도 통영시 광도면 죽림리
곤양고등학교,d3265f1e-7467-4f88-b0d9-c49036beb637,S100000502,04,경상남도,사천시,4800000000,4824000000,공립,경상남도 사천시 곤양면 서정리
보광고등학교,e850f256-d960-4dd1-bcd8-bfaeb57cce90,S100000576,04,경상남도,양산시,4800000000,4833000000,사립,경상남도 양산시 하북면 순지리
진해고등학교,2911db5a-f657-4982-8208-874c88fe6017,S100000669,04,경상남도,창원시 진해구,4800000000,4812000000,공립,경상남도 창원시 진해구 여좌동
진해여자고등학교,a167fe75-f147-4534-906a-2cbe5ab0c7e4,S100000671,04,경상남도,창원시 진해구,4800000000,4812000000,공립,경상남도 창원시 진해구 여좌동
진해중앙고등학교,5fdb4d24-8872-4962-96d8-204add907b18,S100000675,04,경상남도,창원시 진해구,4800000000,4812000000,사립,경상남도 창원시 진해구 경화동
진해세화여자고등학교,3be04931-f0d2-4a43-ac39-6ff159e0ed0c,S100000670,04,경상남도,창원시 진해구,4800000000,4812000000,사립,경상남도 창원시 진해구 석동
김해중앙여자고등학교,32e5786f-43a5-4ed0-a79a-191b798e961a,S100000515,04,경상남도,김해시,4800000000,4825000000,사립,경상남도 김해시 동상동
김해여자고등학교,8208945a-b6b3-47cb-894a-f03f7ab29e21,S100000513,04,경상남도,김해시,4800000000,4825000000,공립,경상남도 김해시 대성동
김해건설공업고등학교,46b2a6a9-2a1e-4e8a-9c55-5a6c2a8b7fef,S100000509,04,경상남도,김해시,4800000000,4825000000,공립,경상남도 김해시 구산동
구산고등학교,44f4a8ae-fb25-4883-81da-d750913e2479,S100003464,04,경상남도,김해시,4800000000,4825000000,공립,경상남도 김해시 구산동
김해분성고등학교,d20092d9-1ce4-4b9a-a348-b29db58c4b7d,S100003211,04,경상남도,김해시,4800000000,4825000000,공립,경상남도 김해시 삼계동
김해분성여자고등학교,558417ac-caf2-4e5c-944c-e2c13c0b6ef7,S100003243,04,경상남도,김해시,4800000000,4825000000,공립,경상남도 김해시 삼계동
김해가야고등학교,07fdf744-066e-4020-b3b2-37cb04568b85,S100000508,04,경상남도,김해시,4800000000,4825000000,공립,경상남도 김해시 내동
김해경원고등학교,fa6de91b-c245-45dc-8d96-68507690751d,S100000510,04,경상남도,김해시,4800000000,4825000000,공립,경상남도 김해시 외동
김해생명과학고등학교,fb3cd889-79ae-4d78-9d0f-b1c77a96d69b,S100000512,04,경상남도,김해시,4800000000,4825000000,공립,경상남도 김해시 외동
김해제일고등학교,8335e5c8-e740-43d9-8998-28daf9fca77f,S100003429,04,경상남도,김해시,4800000000,4825000000,공립,경상남도 김해시 외동
김해임호고등학교,f5b4ec12-7ff4-4daa-aabe-ca9fd7c6c98c,S100003463,04,경상남도,김해시,4800000000,4825000000,공립,경상남도 김해시 외동
웅천고등학교,d356870e-1314-42a1-bcd3-133300748c7b,S100000673,04,경상남도,창원시 진해구,4800000000,4812000000,공립,경상남도 창원시 진해구 성내동
진해용원고등학교,a94037a4-caaf-43b1-a45a-8bdb27897359,S100003331,04,경상남도,창원시 진해구,4800000000,4812000000,공립,경상남도 창원시 진해구 용원동
김해고등학교,1723f796-6618-40aa-a041-e683ec9e87e8,S100000511,04,경상남도,김해시,4800000000,4825000000,공립,경상남도 김해시 삼정동
김해영운고등학교,9c665e1a-48c6-4a03-a9e5-09d83981a274,S100003279,04,경상남도,김해시,4800000000,4825000000,공립,경상남도 김해시 삼방동
김해삼방고등학교,f869bdaf-045c-4815-a1dc-5f78d35c8cc1,S100003328,04,경상남도,김해시,4800000000,4825000000,공립,경상남도 김해시 삼방동
김해한일여자고등학교,90873895-4951-410a-a553-634f8d6c189b,S100000516,04,경상남도,김해시,4800000000,4825000000,사립,경상남도 김해시 안동
장유고등학교,fb123df0-1898-4524-9a45-73168774ba39,S100000648,04,경상남도,김해시,4800000000,4825000000,공립,경상남도 김해시 부곡동
김해삼문고등학교,5c398f0f-3baa-4973-a41c-29ad8256069a,S100003244,04,경상남도,김해시,4800000000,4825000000,공립,경상남도 김해시 삼문동
김해대청고등학교,94b4fcaf-79df-4d1e-98d0-dec62b5e5396,S100003212,04,경상남도,김해시,4800000000,4825000000,공립,경상남도 김해시 대청동
김해외국어고등학교,09bb3bba-750e-4f71-9240-8a64753c2caa,S100003280,04,경상남도,김해시,4800000000,4825000000,공립,경상남도 김해시 율하동
김해수남고등학교,d5c0f6ed-5ae6-4c6e-90e8-ca183ba16784,S100003884,04,경상남도,김해시,4800000000,4825000000,공립,경상남도 김해시 율하동
김해율하고등학교,8942c942-7a08-440f-92da-083faf31326b,S100003454,04,경상남도,김해시,4800000000,4825000000,공립,경상남도 김해시 율하동
진영고등학교,793a7e2e-a7b5-4bf5-a9ea-904b43a80dd8,S100000655,04,경상남도,김해시,4800000000,4825000000,공립,경상남도 김해시 진영읍 진영리
진영제일고등학교,2a3fa27c-99bc-4164-b9a2-b032bf07415a,S100000658,04,경상남도,김해시,4800000000,4825000000,공립,경상남도 김해시 진영읍 여래리
진주고등학교부설방송통신고등학교,012a1ece-e964-4dff-9a0f-f19866a0fd0a,S100000661,04,경상남도,진주시,4800000000,4817000000,공립,경상남도 진주시 상봉동
경진고등학교,04a3a724-1b80-44cf-98df-81072342f33c,S100000607,04,경상남도,진주시,4800000000,4817000000,사립,경상남도 진주시 상봉동
진주고등학교,6ec30691-a752-4014-a346-67323797b38e,S100000660,04,경상남도,진주시,4800000000,4817000000,공립,경상남도 진주시 상봉동
진주여자고등학교,674510fa-5e33-4273-b95f-774035b8e8e6,S100000665,04,경상남도,진주시,4800000000,4817000000,공립,경상남도 진주시 상봉동
진주중앙고등학교,713e8bc5-53ec-4110-a8c9-4521f403eea4,S100000601,04,경상남도,진주시,4800000000,4817000000,공립,경상남도 진주시 하대동
진주제일여자고등학교,75a14ced-3de2-44b9-be26-dc5ba42b5f89,S100000668,04,경상남도,진주시,4800000000,4817000000,사립,경상남도 진주시 하대동
진주기계공업고등학교,e6fed239-4d73-4524-a152-a4c35c5fa1f3,S100000662,04,경상남도,진주시,4800000000,4817000000,공립,경상남도 진주시 상평동
삼현여자고등학교,31a638e5-82ab-47f9-aca6-1faaa5b49ee2,S100000596,04,경상남도,진주시,4800000000,4817000000,사립,경상남도 진주시 상평동
진주동명고등학교,6fae9e8f-3932-4487-8ef7-7e3bb068ae9a,S100000663,04,경상남도,진주시,4800000000,4817000000,사립,경상남도 진주시 초전동
명신고등학교,9321af74-47a5-4036-8784-ef47d864a5ba,S100000563,04,경상남도,진주시,4800000000,4817000000,공립,경상남도 진주시 초전동
경남자동차고등학교,300b411b-85a0-47f6-a00f-06746f2d572d,S100000532,04,경상남도,진주시,4800000000,4817000000,사립,경상남도 진주시 장재동
경남예술고등학교,17174c37-2c29-4c76-b1fb-ea796b952c16,S100000485,04,경상남도,진주시,4800000000,4817000000,사립,경상남도 진주시 장재동
선명여자고등학교,027e5d58-3c6f-42f4-af06-82f7ee272d79,S100000602,04,경상남도,진주시,4800000000,4817000000,사립,경상남도 진주시 평거동
경해여자고등학교,e977a017-f2a2-417b-a831-6c40ea003d5b,S100000493,04,경상남도,진주시,4800000000,4817000000,사립,경상남도 진주시 평거동
김해금곡고등학교,908b9dfe-0ce8-454d-8bc9-55d52b8c8921,S100003989,05,경상남도,김해시,4800000000,4825000000,공립,경상남도 김해시 한림면 금곡리
경남애니메이션고등학교,a1a91589-ef9a-40dd-8181-1058b7bf2b36,S100000482,05,경상남도,김해시,4800000000,4825000000,사립,경상남도 김해시 생림면 나전리
경상국립대학교사범대학부설고등학교,3802332f-60d7-41b1-b242-67890a95419d,A000003495,04,경상남도,진주시,4800000000,4817000000,국립,경상남도 진주시 가좌동
경남정보고등학교,ad945015-635e-4635-8ac6-2536adf3fc8a,S100000489,04,경상남도,진주시,4800000000,4817000000,공립,경상남도 진주시 호탄동
진양고등학교,cb95262c-cb84-47ca-a7f2-085d6e608abd,S100000654,04,경상남도,진주시,4800000000,4817000000,공립,경상남도 진주시 충무공동
밀양여자고등학교,05b929ab-1b37-4ed2-8ce9-3b2c917298b6,S100000571,04,경상남도,밀양시,4800000000,4827000000,공립,경상남도 밀양시 내일동
밀성제일고등학교,b37b92cf-7b13-4c9a-af59-fad51f5da9be,S100000567,04,경상남도,밀양시,4800000000,4827000000,사립,경상남도 밀양시 내이동
밀성고등학교,89810da9-b4e3-4e94-9e87-6e9451db12f0,S100000565,04,경상남도,밀양시,4800000000,4827000000,사립,경상남도 밀양시 내이동
밀양고등학교,44576aaa-97ed-42ef-8b5f-08740209fedf,S100000568,04,경상남도,밀양시,4800000000,4827000000,공립,경상남도 밀양시 내이동
경남체육고등학교,a3a5eed3-8807-4cc3-9733-13f845ac5a2f,S100000490,04,경상남도,진주시,4800000000,4817000000,공립,경상남도 진주시 진성면 가진리
경남과학고등학교,273568a4-8aef-4d90-ba2a-d54c6f5fb700,S100000481,04,경상남도,진주시,4800000000,4817000000,공립,경상남도 진주시 진성면 가진리
세종고등학교,1a699c47-1b3d-40f0-8693-b0418e45a63b,S100000608,04,경상남도,밀양시,4800000000,4827000000,사립,경상남도 밀양시 가곡동
삼랑진고등학교,854afaaf-413f-4ba8-b059-d96d2877717f,S100000588,04,경상남도,밀양시,4800000000,4827000000,사립,경상남도 밀양시 삼랑진읍 송지리
밀양동명고등학교,9ec29430-760d-4c35-9a18-5f3074672276,S100000570,04,경상남도,밀양시,4800000000,4827000000,사립,경상남도 밀양시 하남읍 수산리
진주외국어고등학교,a7a610be-0fae-486c-809f-76ac74a9ed5c,S100000667,04,경상남도,진주시,4800000000,4817000000,사립,경상남도 진주시 일반성면 창촌리
대곡고등학교,85903973-f5b3-4097-974a-a7d694b3e666,S100000531,04,경상남도,진주시,4800000000,4817000000,공립,경상남도 진주시 대곡면 유곡리
밀양영화고등학교,bf21c61a-fe87-4a15-8c7b-382984079e05,S100003906,05,경상남도,밀양시,4800000000,4827000000,공립,경상남도 밀양시 상남면 평촌리
한국나노마이스터고등학교,264a1e97-6386-4df1-8cf2-930811a77636,S100000569,04,경상남도,밀양시,4800000000,4827000000,공립,경상남도 밀양시 무안면 신법리
진서고등학교,a2b5c474-6abe-4332-98c7-b42a1b792df0,S100000653,04,경상남도,진주시,4800000000,4817000000,공립,경상남도 진주시 수곡면 대천리
해성고등학교,48ae8591-d370-4010-914d-d341c8adaf1e,S100000741,04,경상남도,거제시,4800000000,4831000000,사립,경상남도 거제시 장승포동
영해고등학교,9d82318e-e42a-4461-bb71-c01683d38e47,R100000924,04,경상북도,영덕군,4700000000,4777000000,공립,경상북도 영덕군 영해면 괴시리
청도고등학교,d7fd30a5-f08b-4c0a-8673-1fffd474c0ae,R100000964,04,경상북도,청도군,4700000000,4782000000,사립,경상북도 청도군 청도읍 고수리
의성유니텍고등학교,b1670dbd-b7e8-4bd9-891f-e1941392b292,R100000945,04,경상북도,의성군,4700000000,4773000000,공립,경상북도 의성군 의성읍 중리리
의성고등학교,4b437c42-9fbc-474d-8c50-c3c4d9a1f989,R100000944,04,경상북도,의성군,4700000000,4773000000,사립,경상북도 의성군 의성읍 중리리
금성고등학교,9088c567-c796-40ea-9e6e-476c69f79e01,R100000765,04,경상북도,의성군,4700000000,4773000000,공립,경상북도 의성군 금성면 탑리리
금성여자상업고등학교,33c30ece-1a94-471a-adea-8edc8168d0b3,R100000767,04,경상북도,의성군,4700000000,4773000000,공립,경상북도 의성군 금성면 탑리리
경북소프트웨어마이스터고등학교,3a5ab59c-5ef1-4bf1-af5a-3570592503e2,R100000822,04,경상북도,의성군,4700000000,4773000000,공립,경상북도 의성군 봉양면 화전리
성주고등학교,5b3ba589-60f0-46c0-bd20-162417adda5e,R100000864,04,경상북도,성주군,4700000000,4784000000,공립,경상북도 성주군 성주읍 금산리
순심고등학교,8443cf46-d0c3-4a1e-9bd4-975e48bf37fb,R100000874,04,경상북도,칠곡군,4700000000,4785000000,사립,경상북도 칠곡군 왜관읍
문경공업고등학교,015837ba-de99-4d0a-ac2c-8322c2320000,R100000815,04,경상북도,문경시,4700000000,4728000000,공립,경상북도 문경시 점촌동
문경여자고등학교,f3674d0c-fe1e-475e-8c88-956572a41aa2,R100000816,04,경상북도,문경시,4700000000,4728000000,사립,경상북도 문경시 점촌동
문창고등학교,a40b9538-3e33-41c2-bdd4-6d800b39e397,R100000819,04,경상북도,문경시,4700000000,4728000000,사립,경상북도 문경시 흥덕동
동명고등학교,600a7e7a-9560-422e-b04b-9089acf36d46,R100000802,04,경상북도,칠곡군,4700000000,4785000000,공립,경상북도 칠곡군 동명면 송산리
경북조리과학고등학교,496ef859-bfec-4143-9d92-0e0834acb459,R100005950,04,경상북도,문경시,4700000000,4728000000,공립,경상북도 문경시 문경읍 교촌리
문명고등학교,5c3c0d2f-c763-4519-826e-7cc9d3bfe768,R100000818,04,경상북도,경산시,4700000000,4729000000,사립,경상북도 경산시 백천동
경산과학고등학교,232c801f-2c7c-45c2-8dba-0390df3bd44b,R100006281,04,경상북도,경산시,4700000000,4729000000,공립,경상북도 경산시 갑제동
하양여자고등학교,86740473-caa7-491b-99b2-98ab5900b486,R100001001,04,경상북도,경산시,4700000000,4729000000,사립,경상북도 경산시 하양읍 대학리
안덕고등학교,1fb2018f-3593-462e-b863-9fbb28d183f3,R100000890,04,경상북도,청송군,4700000000,4775000000,공립,경상북도 청송군 안덕면 명당리
영남삼육고등학교,5f1e9756-ff81-4e38-b636-9f8fad200ae2,R100000903,04,경상북도,경산시,4700000000,4729000000,사립,경상북도 경산시 남산면 송내리
진보고등학교,d7ef620f-f68b-46d2-a72c-fb0fa0e28562,R100000962,04,경상북도,청송군,4700000000,4775000000,공립,경상북도 청송군 진보면 진안리
경북이커머스고등학교,d531b27c-1b85-4420-b464-7e8148265abd,R100000716,04,경상북도,영덕군,4700000000,4777000000,공립,경상북도 영덕군 강구면 삼사리
사곡고등학교,69ebacd4-dcf6-458e-9661-b80261d83489,R100006140,04,경상북도,구미시,4700000000,4719000000,공립,경상북도 구미시 사곡동
상모고등학교,92996546-31a8-430e-8cdd-d7860f909089,R100006139,04,경상북도,구미시,4700000000,4719000000,공립,경상북도 구미시 상모동
경북생활과학고등학교,e4460291-9a4d-4a2b-ab77-5bb8e39e2e99,R100000720,04,경상북도,구미시,4700000000,4719000000,공립,경상북도 구미시 해평면 월호리
영광여자고등학교,e6b2a573-5f68-45b0-94de-193b6d95534f,R100000902,04,경상북도,영주시,4700000000,4721000000,사립,경상북도 영주시 영주동
생초고등학교,dd74325d-56e4-4152-85ad-66e8527df3a7,S100000599,04,경상남도,산청군,4800000000,4886000000,공립,경상남도 산청군 생초면
경호고등학교,0a2bb510-2a1a-48a6-b1d7-01f040cc7bdd,S100000494,04,경상남도,산청군,4800000000,4886000000,공립,경상남도 산청군 금서면 화계리
합천평화고등학교,925b74de-9684-4a80-80c8-f05f96cd9060,S100000642,04,경상남도,합천군,4800000000,4889000000,사립,경상남도 합천군 적중면 황정리
덕산고등학교,42c0ff67-3279-4c0a-a479-c44dbbfe8490,S100000539,04,경상남도,산청군,4800000000,4886000000,공립,경상남도 산청군 시천면 원리
단성고등학교,ddd7aa10-a0a7-4e19-8f6f-cfc27d60462d,S100000529,04,경상남도,산청군,4800000000,4886000000,공립,경상남도 산청군 단성면 강누리
삼가고등학교,8319cc1c-79c9-4ad0-aece-937d242003c6,S100000587,04,경상남도,합천군,4800000000,4889000000,공립,경상남도 합천군 삼가면 일부리
영천고등학교,10788749-f0b8-4e86-bfa1-db75534c9ffb,R100000919,04,경상북도,영천시,4700000000,4723000000,공립,경상북도 영천시 야사동
영동고등학교,3facdd50-e01f-446e-afbf-a05f1b9903ae,R100000906,04,경상북도,영천시,4700000000,4723000000,사립,경상북도 영천시 야사동
포은고등학교,5857c11f-494d-4548-b0c3-36c462459601,R100000774,04,경상북도,영천시,4700000000,4723000000,공립,경상북도 영천시 금호읍 대미리
경북바이오마이스터고등학교,2231ef13-e883-4b5c-bd8e-cd6adc059396,R100005424,04,경상북도,영천시,4700000000,4723000000,공립,경상북도 영천시 신녕면 매양리
지리산고등학교,a928e691-0a7b-4e01-bf4e-705f9bd7b8e2,S100003285,04,경상남도,산청군,4800000000,4886000000,사립,경상남도 산청군 단성면 호리
간디고등학교,286f8656-5bb0-49df-8c74-12f02b652e79,S100003068,04,경상남도,산청군,4800000000,4886000000,사립,경상남도 산청군 신안면 외송리
경남간호고등학교,ceee2de7-cd31-4693-864a-a6538cef0613,S100000609,04,경상남도,산청군,4800000000,4886000000,사립,경상남도 산청군 생비량면 가계리
신등고등학교,4ac29571-4877-429a-9d22-27b066abbb6a,S100000611,04,경상남도,산청군,4800000000,4886000000,공립,경상남도 산청군 신등면 양전리
함양제일고등학교,e80cd87b-a390-4f16-b04c-b892b20aac9e,S100000734,04,경상남도,함양군,4800000000,4887000000,공립,경상남도 함양군 함양읍 교산리
함양고등학교,5f511687-6ee1-41ee-95b4-e5e19045c524,S100000731,04,경상남도,함양군,4800000000,4887000000,공립,경상남도 함양군 함양읍 백연리
안의고등학교,8f061dab-b85a-4417-a93f-84c926015e51,S100000615,04,경상남도,함양군,4800000000,4887000000,공립,경상남도 함양군 안의면 석천리
포항제철공업고등학교,53d8d3b2-7443-4c28-9657-9f530ca0fb29,R100000993,04,경상북도,포항시 남구,4700000000,4711000000,사립,경상북도 포항시 남구 지곡동
경북과학고등학교,3a97c52f-95ae-4621-9cfd-d53abc6b119a,R100000719,04,경상북도,포항시 남구,4700000000,4711000000,공립,경상북도 포항시 남구 지곡동
포항제철고등학교,e2f3e18a-b8a7-40b2-a6ba-1b808b5c0318,R100000992,04,경상북도,포항시 남구,4700000000,4711000000,사립,경상북도 포항시 남구 지곡동
남해제일고등학교,e56b468b-7b1b-4582-ae04-0c89adb70112,S100000526,04,경상남도,남해군,4800000000,4884000000,공립,경상남도 남해군 남해읍 북변리
서상고등학교,a962706a-5afd-4c11-912f-9998a5939c1a,S100000600,04,경상남도,함양군,4800000000,4887000000,공립,경상남도 함양군 서상면 도천리
포항중앙여자고등학교,41e7b6c4-ec07-4a8e-b249-764f0457bccc,R100000995,04,경상북도,포항시 북구,4700000000,4711000000,사립,경상북도 포항시 북구 우현동
포항중앙고등학교,7bd7426b-a834-48d4-9987-f8f1d5c75f1e,R100000994,04,경상북도,포항시 북구,4700000000,4711000000,사립,경상북도 포항시 북구 우현동
유성여자고등학교,b3fee2f9-bd29-44a4-87d5-e2085691cc79,R100000941,04,경상북도,포항시 북구,4700000000,4711000000,사립,경상북도 포항시 북구 우현동
대동고등학교,932ec6ce-0576-4299-83d2-162f966c466a,R100000793,04,경상북도,포항시 북구,4700000000,4711000000,사립,경상북도 포항시 북구 우현동
포항영신고등학교,6e536b31-4ec4-478c-b0d9-4977c560d6cf,R100000989,04,경상북도,포항시 북구,4700000000,4711000000,사립,경상북도 포항시 북구 우현동
세화고등학교,81de76ae-a4d5-4b01-8a34-38e008adb4ba,R100000868,04,경상북도,포항시 북구,4700000000,4711000000,사립,경상북도 포항시 북구 우현동
두호고등학교,e973898d-309c-47ff-8691-ba969686150d,R100006137,04,경상북도,포항시 북구,4700000000,4711000000,공립,경상북도 포항시 북구 두호동
남해고등학교,4d6e5ef2-1023-4029-bbe8-f2d0a1b38546,S100000521,04,경상남도,남해군,4800000000,4884000000,사립,경상남도 남해군 이동면 무림리
경남해양과학고등학교,1c568072-1eb2-4c64-b90e-383343e391f9,S100000523,04,경상남도,남해군,4800000000,4884000000,공립,경상남도 남해군 삼동면 지족리
거창대성고등학교,09191d03-92b2-4d5d-be14-ba256fcdd48b,S100000473,04,경상남도,거창군,4800000000,4888000000,사립,경상남도 거창군 거창읍 상림리
거창고등학교,2658849c-37b6-477d-a7be-469be20ab269,S100000472,04,경상남도,거창군,4800000000,4888000000,사립,경상남도 거창군 거창읍 중앙리
거창여자고등학교,64f47de0-dd5b-4252-bcc4-e1a1eaec9f92,S100000478,04,경상남도,거창군,4800000000,4888000000,공립,경상남도 거창군 거창읍 중앙리
아림고등학교,de67f2cc-3f14-4f93-b4c6-89f09094e6f6,S100000476,04,경상남도,거창군,4800000000,4888000000,공립,경상남도 거창군 거창읍 김천리
대성일고등학교,b5a81031-81c0-4116-b79e-8142721bc3e9,S100000475,04,경상남도,거창군,4800000000,4888000000,사립,경상남도 거창군 거창읍 가지리
거창중앙고등학교,bd90fac9-ecfb-4aa5-a7fc-9e1aae3f60c6,S100000480,04,경상남도,거창군,4800000000,4888000000,사립,경상남도 거창군 거창읍 가지리
포항보건고등학교,d3ca79d2-42cf-4e16-97c5-be997de2fcc3,R100000956,04,경상북도,포항시 북구,4700000000,4711000000,사립,경상북도 포항시 북구 죽장면
경주고등학교,37ff58ab-1521-4dc2-82b8-9b02c4626016,R100000734,04,경상북도,경주시,4700000000,4713000000,사립,경상북도 경주시 황오동
남해해성고등학교,7e08b893-e184-4f34-a753-2b65b62b78a7,S100000528,04,경상남도,남해군,4800000000,4884000000,사립,경상남도 남해군 남면 평산리
남해정보산업고등학교,0452fe48-5680-4a3c-b0a0-844ed6334a4f,S100000525,04,경상남도,남해군,4800000000,4884000000,공립,경상남도 남해군 고현면 대사리
고성중앙고등학교,8f6afcb8-724e-4896-9810-f5683d829b71,S100000500,04,경상남도,고성군,4800000000,4882000000,공립,경상남도 고성군 고성읍 수남리
철성고등학교,250afa2a-f670-4e88-ac5d-cccc6f38c250,S100000703,04,경상남도,고성군,4800000000,4882000000,사립,경상남도 고성군 고성읍 기월리
계림고등학교,1f9f473d-3eeb-40f9-a831-a313e8352a43,R100000746,04,경상북도,경주시,4700000000,4713000000,공립,경상북도 경주시 황성동
경주여자정보고등학교,4a3b25c0-d261-4aba-a4be-d7ba23b49f22,R100000740,04,경상북도,경주시,4700000000,4713000000,사립,경상북도 경주시 시래동
한국국제통상마이스터고등학교,170ad701-d2c5-4c2b-8c20-02e33b114d63,R100000715,04,경상북도,경주시,4700000000,4713000000,공립,경상북도 경주시 감포읍 오류리
경북모빌리티고등학교,ccc5d4c5-7cdc-428a-b9f9-4c53c15b2705,R100000886,04,경상북도,경주시,4700000000,4713000000,공립,경상북도 경주시 안강읍 안강리
남해보물섬고등학교,928aa28e-89dc-4d8f-94a7-fc02aa5e3cb4,S100003990,05,경상남도,남해군,4800000000,4884000000,공립,경상남도 남해군 창선면 서대리
창선고등학교,87197022-9015-41b3-88ee-69f554b8d5e1,S100000685,04,경상남도,남해군,4800000000,4884000000,사립,경상남도 남해군 창선면 상죽리
하동여자고등학교,aaf244fe-923c-4ab7-8b06-fab12a567369,S100000719,04,경상남도,하동군,4800000000,4885000000,사립,경상남도 하동군 하동읍 광평리
하동고등학교,76cf60d9-91f0-4a53-8f50-0cfbfb5c998d,S100000718,04,경상남도,하동군,4800000000,4885000000,공립,경상남도 하동군 하동읍 광평리
거창연극고등학교,1d36ce3b-64b4-4d59-8404-730ae7142df3,S100003988,05,경상남도,거창군,4800000000,4888000000,공립,경상남도 거창군 위천면 장기리
경남항공고등학교,67404c0d-bc02-421e-b188-e62344fd9052,S100000491,04,경상남도,고성군,4800000000,4882000000,공립,경상남도 고성군 고성읍 교사리
경주여자고등학교,0b735153-5ef6-4a98-8e0d-b9735b0e5b42,R100000738,04,경상북도,경주시,4700000000,4713000000,공립,경상북도 경주시 성건동
경남고성음악고등학교,9319278e-ac49-46c7-ace1-f73b187e3911,S100003923,05,경상남도,고성군,4800000000,4882000000,공립,경상남도 고성군 하일면 학림리
거창승강기고등학교,fa098f1a-3d9f-421d-9837-d667d2f7758b,S100000462,04,경상남도,거창군,4800000000,4888000000,공립,경상남도 거창군 가조면 마상리
김천중앙고등학교,7541b7b4-99a8-4d51-bc56-bce680f1da51,R100000783,04,경상북도,김천시,4700000000,4715000000,공립,경상북도 김천시 율곡동
김천중앙고등학교부설방송통신고등학교,f2ab61e5-df4d-4294-af23-da6fe255a9f7,R100000784,04,경상북도,김천시,4700000000,4715000000,공립,경상북도 김천시 율곡동
율곡고등학교,80d25787-f662-4bf0-a909-98f71bfd0283,R100006433,04,경상북도,김천시,4700000000,4715000000,공립,경상북도 김천시 율곡동
금남고등학교,c7f53d05-62c8-4a5a-8468-d7993e82e8f2,S100000506,04,경상남도,하동군,4800000000,4885000000,공립,경상남도 하동군 금남면 덕천리
합천고등학교,fd1b4261-51ec-42b3-ada6-9a2764e435ea,S100000736,04,경상남도,합천군,4800000000,4889000000,공립,경상남도 합천군 합천읍
합천여자고등학교,9f67638e-9ead-4cdb-8dd1-ba7ea0eb0685,S100000737,04,경상남도,합천군,4800000000,4889000000,사립,경상남도 합천군 합천읍 합천리
김천상업고등학교,9240242a-a750-434a-8578-3cd22c092a91,R100000780,04,경상북도,김천시,4700000000,4715000000,공립,경상북도 김천시 지례면 교리
진교고등학교,989b5f83-2432-4c50-8aae-4023c340a8ab,S100000650,04,경상남도,하동군,4800000000,4885000000,공립,경상남도 하동군 진교면 진교리
고성고등학교,d5a06607-d5d8-4d02-a142-30b7350f5448,S100000495,04,경상남도,고성군,4800000000,4882000000,사립,경상남도 고성군 회화면 배둔리
경일고등학교,f3425fb8-d5b4-4af3-98ad-dd45680a0b2e,R100000733,04,경상북도,안동시,4700000000,4717000000,사립,경상북도 안동시 신안동
길원여자고등학교,5469de7b-4de0-4799-8120-50cbfac10764,R100000776,04,경상북도,안동시,4700000000,4717000000,사립,경상북도 안동시 안막동
경안여자고등학교,f3735c57-e18e-4d64-b6fd-28ad95a64cff,R100000732,04,경상북도,안동시,4700000000,4717000000,사립,경상북도 안동시 송현동
성희여자고등학교,d4dc9ba0-8fb8-4d4b-aabe-e4d2bf38854b,R100000866,04,경상북도,안동시,4700000000,4717000000,사립,경상북도 안동시 정하동
예일메디텍고등학교,fe52c768-1724-4bb3-821a-a4d85117f939,R100000907,04,경상북도,안동시,4700000000,4717000000,사립,경상북도 안동시 정하동
옥종고등학교,431b382a-09fa-4dad-90b2-ba6aee62d9c8,S100000636,04,경상남도,하동군,4800000000,4885000000,공립,경상남도 하동군 옥종면 양구리
야로고등학교,a1485434-5fdd-450a-99ef-a7c4b4b0754d,S100000617,04,경상남도,합천군,4800000000,4889000000,공립,경상남도 합천군 야로면 구정리
산청고등학교,13d2652c-ceec-49c7-9edc-4c67c99ebe81,S100003972,04,경상남도,산청군,4800000000,4886000000,공립,경상남도 산청군 산청읍
산청고등학교(폐지),076c2ef8-5096-4057-988c-d433e2695087,S100000583,04,경상남도,산청군,4800000000,4886000000,공립,경상남도 산청군 산청읍 옥산리
초계고등학교,6548daa2-f88d-4907-a701-1d8fb17b5ede,S100000705,04,경상남도,합천군,4800000000,4889000000,공립,경상남도 합천군 초계면 아막리
달구벌고등학교,f31aa3a1-ce4d-4ad8-adc8-5634a512e068,D100001702,04,대구광역시,동구,2700000000,2714000000,사립,대구광역시 동구 덕곡동
대구서부고등학교,554858c6-6299-43a9-9973-b357bca0b8db,D100000296,04,대구광역시,서구,2700000000,2717000000,공립,대구광역시 서구 평리동
계성고등학교,a9f2034a-a798-4a6b-a4a3-4f600e39e513,D100000271,04,대구광역시,서구,2700000000,2717000000,사립,대구광역시 서구 상리동
경덕여자고등학교,033a8004-b65f-46f1-861f-e07e0cb7af5d,D100000244,04,대구광역시,서구,2700000000,2717000000,공립,대구광역시 서구 중리동
경명여자고등학교,87d09c5c-beb9-4230-ba91-c2faca2b4a96,D100000245,04,대구광역시,북구,2700000000,2723000000,사립,대구광역시 북구 칠성동2가
칠성고등학교,5a6b23dd-2061-4756-875d-9835711e9519,D100001851,04,대구광역시,북구,2700000000,2723000000,공립,대구광역시 북구 칠성동2가
경상여자고등학교,f0df4d3f-20f6-46e4-b45b-214828b50e99,D100000260,04,대구광역시,북구,2700000000,2723000000,사립,대구광역시 북구 침산동
정화여자고등학교,35a84918-92f4-4819-b5c9-99f66c7666b0,D100000346,04,대구광역시,수성구,2700000000,2726000000,사립,대구광역시 수성구 범어동
대구여자고등학교,7d44e792-bcdf-4332-9944-3150c2a4d53d,D100000300,04,대구광역시,수성구,2700000000,2726000000,공립,대구광역시 수성구 범어동
경신고등학교,2aa7e70f-2c96-49b6-9f16-e892a8f7e678,D100000262,04,대구광역시,수성구,2700000000,2726000000,사립,대구광역시 수성구 범어동
대구중앙고등학교,a03e9879-db09-4948-a0f2-86121c105307,D100000348,04,대구광역시,수성구,2700000000,2726000000,사립,대구광역시 수성구 수성동4가
대구외국어고등학교,13f7e501-a3e1-4f79-acfa-fd2421d5921b,D100000302,04,대구광역시,달서구,2700000000,2729000000,공립,대구광역시 달서구 신당동
성서고등학교,ac63b9da-0614-45f9-9eff-90afb7d91bb7,D100000322,04,대구광역시,달서구,2700000000,2729000000,공립,대구광역시 달서구 용산동
경원고등학교,2facfc2e-c1d0-45af-84fc-9e98b4e8dea6,D100000265,04,대구광역시,달서구,2700000000,2729000000,사립,대구광역시 달서구 용산동
성산고등학교,927188c3-17b8-4785-8c50-855e445a9342,D100001660,04,대구광역시,달서구,2700000000,2729000000,공립,대구광역시 달서구 용산동
대구하이텍고등학교,5cf3a433-14b1-468e-8074-7dab9e203a71,D100000291,04,대구광역시,달서구,2700000000,2729000000,공립,대구광역시 달서구 상인동
상인고등학교,dafc1e39-5418-45fa-821f-642ceb08faaf,D100000320,04,대구광역시,달서구,2700000000,2729000000,공립,대구광역시 달서구 상인동
경북기계공업고등학교,6c898f9a-734f-44d0-bda5-9bf69fbc1939,D100000249,04,대구광역시,달서구,2700000000,2729000000,공립,대구광역시 달서구 상인동
대구상원고등학교,22ee96c1-6531-4592-81f5-47513acee465,D100000295,04,대구광역시,달서구,2700000000,2729000000,공립,대구광역시 달서구 상인동
경북기계공업고등학교부설대구문화예술산업학교,19c1cfb2-7713-4059-a88d-930a9b06cb0e,D100001639,05,대구광역시,달서구,2700000000,2729000000,공립,대구광역시 달서구 상인동
영남고등학교,8bdad01a-917b-4b2a-a984-93012b224d8d,D100000331,04,대구광역시,달서구,2700000000,2729000000,사립,대구광역시 달서구 상인동
대진고등학교,a962b97f-7eac-439a-82aa-04950261969e,D100001756,04,대구광역시,달서구,2700000000,2729000000,공립,대구광역시 달서구 대곡동
대원고등학교,d518bd05-e8e7-4aa3-a646-13f9cf71bef6,D100000314,04,대구광역시,달성군,2700000000,2771000000,사립,대구광역시 달성군 화원읍 본리리
옥천고등학교,e508d1fe-8d64-40f4-b83e-3924a0027767,M100000177,04,충청북도,옥천군,4300000000,4373000000,공립,충청북도 옥천군 옥천읍 삼양리
학력인정 예일미용고등학교,7b388057-368b-446d-bdea-ceb72983eb71,M100001924,05,충청북도,청주시 상당구,4300000000,4311000000,사립,충청북도 청주시 상당구 북문로2가
제천산업고등학교,6a878bcb-01eb-48d5-9343-a93529692a6b,M100000186,04,충청북도,제천시,4300000000,4315000000,공립,충청북도 제천시 고명동
한국폴리텍다솜고등학교,46183ce0-6626-4a13-8da9-a0b8632e977a,M100002088,05,충청북도,제천시,4300000000,4315000000,사립,충청북도 제천시 강제동
심인고등학교,0526cc22-adf1-45b3-9683-74c7c81a40fe,D100000330,04,대구광역시,달성군,2700000000,2771000000,사립,대구광역시 달성군 다사읍 죽곡리
다사고등학교,0ece9bd2-2dec-4598-a769-435d8ab16c11,D100000278,04,대구광역시,달성군,2700000000,2771000000,공립,대구광역시 달성군 다사읍 죽곡리
전남여자고등학교부설방송통신고등학교,6c7a61b4-c639-40ba-b4d3-3d9c505c0ee8,F100000162,04,광주광역시,동구,2900000000,2911000000,공립,광주광역시 동구 장동
전남여자고등학교,b93fc195-9f1d-403a-95e1-cd417bc82051,F100000161,04,광주광역시,동구,2900000000,2911000000,공립,광주광역시 동구 장동
광주고등학교부설방송통신고등학교,9d8431bc-76b3-4e1c-9dd8-331ab6a10b75,F100000095,04,광주광역시,동구,2900000000,2911000000,공립,광주광역시 동구 계림동
광주고등학교,7be8548c-4999-411c-8df9-1fd111a1837f,F100000094,04,광주광역시,동구,2900000000,2911000000,공립,광주광역시 동구 계림동
조선대학교여자고등학교,e2b61b1d-14bd-4668-8949-1e1c1bf5a41e,F100000167,04,광주광역시,동구,2900000000,2911000000,사립,광주광역시 동구 지산동
살레시오여자고등학교,bfbd65e4-1697-4f6d-804a-c5f2839eb22f,F100000143,04,광주광역시,동구,2900000000,2911000000,사립,광주광역시 동구 지산동
조선대학교부속고등학교,5887398d-8f35-47cc-8188-7f04a57a10d2,F100000166,04,광주광역시,동구,2900000000,2911000000,사립,광주광역시 동구 학동
비슬고등학교,a9b09f85-2cd1-4586-8076-2e146ee483d6,D100002075,04,대구광역시,달성군,2700000000,2771000000,공립,대구광역시 달성군 현풍읍
포산고등학교,e523f8c3-da55-4edf-bd88-14957984d125,D100000351,04,대구광역시,달성군,2700000000,2771000000,공립,대구광역시 달성군 현풍읍 중리
현풍고등학교,a37e817e-cee3-4a57-bdf8-2843a01b8a6f,D100000356,04,대구광역시,달성군,2700000000,2771000000,사립,대구광역시 달성군 현풍읍 성하리
달서고등학교,247cba72-7038-47f1-b21f-4fb8eb0d00e6,D100000280,04,대구광역시,달성군,2700000000,2771000000,사립,대구광역시 달성군 하빈면 감문리
상일여자고등학교,8270e95a-7837-44b6-9ae4-e4f92e639f55,F100001226,04,광주광역시,서구,2900000000,2914000000,공립,광주광역시 서구 쌍촌동
상무고등학교,8e36b24e-4426-44ca-b7dd-9657f927d713,F100000144,04,광주광역시,서구,2900000000,2914000000,공립,광주광역시 서구 쌍촌동
광주서석고등학교,03a38ca2-9850-4b88-9bc2-2d30873b26a7,F100000107,04,광주광역시,서구,2900000000,2914000000,사립,광주광역시 서구 화정동
광덕고등학교,0054488c-4fa9-4679-9df9-94462f464bb3,F100000089,04,광주광역시,서구,2900000000,2914000000,사립,광주광역시 서구 화정동
광주여자고등학교,b1ba6d3f-1e90-450d-a9fe-9ea76e366b1f,F100000112,04,광주광역시,서구,2900000000,2914000000,공립,광주광역시 서구 화정동
전남고등학교,91392a5b-5813-4f54-9d23-aa154c5094c1,F100000155,04,광주광역시,서구,2900000000,2914000000,공립,광주광역시 서구 치평동
풍암고등학교,7ad47de3-7900-46af-9537-9065ab54006e,F100001119,04,광주광역시,서구,2900000000,2914000000,공립,광주광역시 서구 풍암동
광주대동고등학교,ada0a093-fe02-4696-9ee7-06d660bbf08f,F100000100,04,광주광역시,서구,2900000000,2914000000,사립,광주광역시 서구 매월동
대전여자상업고등학교,a0b40fec-0618-4cad-b4df-a5e481025592,G100000197,04,대전광역시,중구,3000000000,3014000000,사립,대전광역시 중구 선화동
호수돈여자고등학교,1ca3af55-1c91-4ab6-bda8-7d641624d09a,G100000243,04,대전광역시,중구,3000000000,3014000000,사립,대전광역시 중구 선화동
대전대성고등학교,80061689-c689-4a2a-9177-9132f7210d2d,G100000171,04,대전광역시,중구,3000000000,3014000000,사립,대전광역시 중구 목동
충남여자고등학교,e1f82143-b261-4a5a-96dd-6a87a9289fb6,G100000236,04,대전광역시,중구,3000000000,3014000000,공립,대전광역시 중구 목동
대전중앙고등학교,38fc2dac-b1c8-4e3e-89b7-1dac29376488,G100000202,04,대전광역시,중구,3000000000,3014000000,사립,대전광역시 중구 중촌동
대전고등학교,cbbfc3a8-0eba-47a2-aff3-346149af2469,G100000174,04,대전광역시,중구,3000000000,3014000000,공립,대전광역시 중구 대흥동
대전성모여자고등학교,6ed8c632-ec43-4856-b5b8-f3cd94deeffd,G100000191,04,대전광역시,중구,3000000000,3014000000,사립,대전광역시 중구 대흥동
대전고등학교부설방송통신고등학교,d28fb983-d76f-4c33-933c-c1e961feee7a,G100000175,04,대전광역시,중구,3000000000,3014000000,공립,대전광역시 중구 대흥동
광주석산고등학교,d76e2841-ae74-4bfb-9649-8a6ecd361b0d,F100000108,04,광주광역시,남구,2900000000,2915000000,사립,광주광역시 남구 백운동
대광여자고등학교,28c73118-6108-45bd-ba46-6302caff452e,F100000133,04,광주광역시,남구,2900000000,2915000000,사립,광주광역시 남구 주월동
호남삼육고등학교,8bc1cd38-ca5e-4f28-98e7-a6651fb06a95,F100000168,04,광주광역시,남구,2900000000,2915000000,사립,광주광역시 남구 주월동
서진여자고등학교,04973d92-ac13-4441-913a-7333a806f6fe,F100000146,04,광주광역시,남구,2900000000,2915000000,사립,광주광역시 남구 주월동
대성여자고등학교,b9ab37df-d386-4597-bbb5-b019c3aedc91,F100000134,04,광주광역시,남구,2900000000,2915000000,사립,광주광역시 남구 진월동
광주동성고등학교,ad8e2ee0-f729-4adb-b822-7e45239d0287,F100000101,04,광주광역시,남구,2900000000,2915000000,사립,광주광역시 남구 진월동
광주여자상업고등학교,767e07bf-bc3c-4558-811c-21c6b75cb368,F100000114,04,광주광역시,남구,2900000000,2915000000,사립,광주광역시 남구 진월동
송원미래인재고등학교,f382a61f-d45a-4211-ae36-146c85ebcf59,F100001096,04,광주광역시,남구,2900000000,2915000000,사립,광주광역시 남구 송하동
광주인성고등학교,d3b8b67d-bc37-4295-9e4c-a6cf6ef5e979,F100000118,04,광주광역시,남구,2900000000,2915000000,사립,광주광역시 남구 송하동
송원고등학교,2d6122bc-6f32-49d9-8b13-1eeda29e3046,F100000149,04,광주광역시,남구,2900000000,2915000000,사립,광주광역시 남구 송하동
송원여자고등학교,33151abd-76eb-47d3-ab00-d641bc7626bd,F100000150,04,광주광역시,남구,2900000000,2915000000,사립,광주광역시 남구 송하동
광주수피아여자고등학교,30b633ee-44e8-4525-91ca-cca238072169,F100000109,04,광주광역시,남구,2900000000,2915000000,사립,광주광역시 남구 양림동
숭의과학기술고등학교,ed039aad-590c-4582-8efa-85cc18d53a03,F100000154,04,광주광역시,남구,2900000000,2915000000,사립,광주광역시 남구 방림동
동일미래과학고등학교,867f4438-73c5-46fe-b130-459d1c2a6259,F100000137,04,광주광역시,남구,2900000000,2915000000,사립,광주광역시 남구 방림동
설월여자고등학교,4e09eff5-0a74-4e49-97fc-79d2f5018170,F100000147,04,광주광역시,남구,2900000000,2915000000,사립,광주광역시 남구 방림동
문성고등학교,dc005af8-0f02-4bfb-99a5-482ee21ecd47,F100000138,04,광주광역시,남구,2900000000,2915000000,사립,광주광역시 남구 봉선동
동아여자고등학교,4ea44d7e-6a46-49c5-bbd9-8a046f11f5e4,F100000136,04,광주광역시,남구,2900000000,2915000000,사립,광주광역시 남구 봉선동
대전가오고등학교,0746824c-9f4b-4e23-8d2d-d506cc57698a,G100001145,04,대전광역시,동구,3000000000,3011000000,공립,대전광역시 동구 가오동
대전여자고등학교,a1149f74-7822-467c-9ef1-0e2f20a777c7,G100000194,04,대전광역시,동구,3000000000,3011000000,공립,대전광역시 동구 대동
대전여자고등학교부설방송통신고등학교,916615b2-03c4-4e83-9e27-05add21e933a,G100000195,04,대전광역시,동구,3000000000,3011000000,공립,대전광역시 동구 대동
동아마이스터고등학교,ebc76e43-7b15-4dfa-a524-e019fc099569,G100000183,04,대전광역시,동구,3000000000,3011000000,사립,대전광역시 동구 자양동
우송고등학교,ae80be09-3698-4a6c-897b-e4769f72fa44,G100000225,04,대전광역시,동구,3000000000,3011000000,사립,대전광역시 동구 자양동
명석고등학교,1505f2de-dc65-45b5-ac49-4b82c55a2753,G100000211,04,대전광역시,동구,3000000000,3011000000,사립,대전광역시 동구 가양동
대전대성여자고등학교,0b7dfeb3-bb89-4176-83cd-07fd1608c1ca,G100000173,04,대전광역시,동구,3000000000,3011000000,사립,대전광역시 동구 가양동
계룡디지텍고등학교,8a510be0-c274-4dde-a69e-a7b66df527ec,G100000165,04,대전광역시,동구,3000000000,3011000000,사립,대전광역시 동구 삼성동
보문고등학교,3db3710a-7b5e-4f82-b34a-9074730cb4f6,G100000212,04,대전광역시,동구,3000000000,3011000000,사립,대전광역시 동구 삼성동
대전동신과학고등학교,8275be30-4e17-4af2-b86d-e720edaef125,G100000208,04,대전광역시,동구,3000000000,3011000000,공립,대전광역시 동구 비룡동
충남고등학교,41595170-2efe-4440-aa50-83a3f0e90fc6,G100000233,04,대전광역시,서구,3000000000,3017000000,공립,대전광역시 서구 둔산동
성신고등학교,102f4096-cb1c-4db4-89ef-7e0309f8786f,H100000090,04,울산광역시,중구,3100000000,3111000000,사립,울산광역시 중구 복산동
울산고등학교,fa0ca0af-7ac6-4274-b50b-9ba2b2e692b5,H100000098,04,울산광역시,중구,3100000000,3111000000,사립,울산광역시 중구 복산동
광주경신여자고등학교,8564010e-2d2c-49bc-ab3c-fe77b39fcd55,F100000093,04,광주광역시,북구,2900000000,2917000000,사립,광주광역시 북구 용봉동
전남대학교사범대학부설고등학교,b3b11190-11f4-4075-8f2d-29da2162720d,A000003516,04,광주광역시,북구,2900000000,2917000000,국립,광주광역시 북구 용봉동
광주체육고등학교,a6597299-5fe7-40af-b632-e8e2f3ddeb17,F100000127,04,광주광역시,북구,2900000000,2917000000,공립,광주광역시 북구 운암동
금호중앙여자고등학교,c42836a5-de8c-4cd8-9480-3cb3b9ec54e4,F100000125,04,광주광역시,북구,2900000000,2917000000,사립,광주광역시 북구 운암동
금호고등학교,66625f37-b69f-43f0-a7a8-fb6bb8bf1263,F100000131,04,광주광역시,북구,2900000000,2917000000,사립,광주광역시 북구 운암동
금파공업고등학교,6d2bf15f-27f0-4420-bb77-2c46c616ddc5,F100000129,04,광주광역시,북구,2900000000,2917000000,사립,광주광역시 북구 운암동
서강고등학교,0ba67f00-b7c4-4e4d-8a7b-367eb0232892,F100000145,04,광주광역시,북구,2900000000,2917000000,사립,광주광역시 북구 운암동
광주동신고등학교,557b8ef6-4a22-4675-adf5-390c356873fc,F100000102,04,광주광역시,북구,2900000000,2917000000,사립,광주광역시 북구 풍향동
광주동신여자고등학교,e2fa3443-13de-45a1-925a-67ef19fe05a8,F100000103,04,광주광역시,북구,2900000000,2917000000,사립,광주광역시 북구 풍향동
광주자연과학고등학교,a66523a0-1450-4837-985d-c658f78a75ff,F100000119,04,광주광역시,북구,2900000000,2917000000,공립,광주광역시 북구 오치동
문정여자고등학교,b6e8fe95-11ea-4435-9b58-12737097e8ce,F100001236,04,광주광역시,북구,2900000000,2917000000,공립,광주광역시 북구 오치동
전남여자상업고등학교,0cbe76f5-e5eb-4ef2-a05a-215469671105,F100000163,04,광주광역시,북구,2900000000,2917000000,사립,광주광역시 북구 삼각동
국제고등학교,70aca5d0-ee92-4294-8232-7510bcbcc489,F100000128,04,광주광역시,북구,2900000000,2917000000,사립,광주광역시 북구 삼각동
고려고등학교,0a41e092-523f-440e-a3c1-01ba7df49fc2,F100000088,04,광주광역시,북구,2900000000,2917000000,사립,광주광역시 북구 삼각동
광주예술고등학교,e1db837c-dd3d-40d5-8401-19a4753d162e,F100000116,04,광주광역시,북구,2900000000,2917000000,공립,광주광역시 북구 매곡동
광주공업고등학교,9a9c4ab8-4f9f-4e53-abe6-b133a313523e,F100000097,04,광주광역시,북구,2900000000,2917000000,공립,광주광역시 북구 매곡동
청주농업고등학교,9d6b342a-37fa-4224-a5d4-479f0200d769,M100000216,04,충청북도,청주시 청원구,4300000000,4311000000,공립,충청북도 청주시 청원구 내덕동
청주대성고등학교,0d567443-06af-49a8-a078-8405a570d230,M100000217,04,충청북도,청주시 청원구,4300000000,4311000000,사립,충청북도 청주시 청원구 내덕동
충북상업정보고등학교,7f4e3959-1dd6-4f43-8437-1abd086bbb17,M100000237,04,충청북도,청주시 청원구,4300000000,4311000000,공립,충청북도 청주시 청원구 율량동
청주여자고등학교,20600bed-dcac-4f62-be01-e245bd584ab9,M100000220,04,충청북도,청주시 청원구,4300000000,4311000000,공립,충청북도 청주시 청원구 율량동
청주신흥고등학교,c359db60-391c-4eb4-ac85-0c7e03f9adac,M100000164,04,충청북도,청주시 청원구,4300000000,4311000000,사립,충청북도 청주시 청원구 율량동
충원고등학교,af03766a-d4cb-425e-9c40-537d1e4b00d9,M100000241,04,충청북도,충주시,4300000000,4313000000,사립,충청북도 충주시 엄정면 용산리
도선고등학교,b285963a-ef0d-4420-a138-21bef861dc18,B100006382,04,서울특별시,성동구,1100000000,1120000000,공립,서울특별시 성동구 하왕십리동
살레시오고등학교,f366de44-ffed-408c-9956-df546797a1dd,F100000142,04,광주광역시,북구,2900000000,2917000000,사립,광주광역시 북구 일곡동
광주숭일고등학교,e14be841-957b-449f-9328-8d4310d6149e,F100000110,04,광주광역시,북구,2900000000,2917000000,사립,광주광역시 북구 일곡동
빛고을고등학교,e290c388-51b5-4de0-871b-c5be9338d7fa,F100001283,04,광주광역시,북구,2900000000,2917000000,공립,광주광역시 북구 신용동
광주과학고등학교,4b5357ba-ec97-4b24-9a17-a5238bfd2447,F100000096,04,광주광역시,북구,2900000000,2917000000,공립,광주광역시 북구 오룡동
광주소프트웨어마이스터고등학교,7217e316-1db1-43e8-9dd2-baca31d7aba9,F100000120,04,광주광역시,광산구,2900000000,2920000000,공립,광주광역시 광산구 송정동
동명고등학교,fcbea204-0e6b-4b2b-8b13-62afe4aeee9c,F100000135,04,광주광역시,광산구,2900000000,2920000000,사립,광주광역시 광산구 서봉동
보문고등학교,6163242a-feb2-4b3f-b0d5-4546068b671c,F100000139,04,광주광역시,광산구,2900000000,2920000000,사립,광주광역시 광산구 운수동
정광고등학교,ebca63f4-1429-43cb-a9ea-afce002fc0b1,F100000165,04,광주광역시,광산구,2900000000,2920000000,사립,광주광역시 광산구 소촌동
광주자동화설비마이스터고등학교,899032c7-481f-4b0a-a809-6558ee35f94d,F100000122,04,광주광역시,광산구,2900000000,2920000000,공립,광주광역시 광산구 우산동
수완고등학교,cb02353b-d032-405b-a3d8-ea89f608fafd,F100001232,04,광주광역시,광산구,2900000000,2920000000,공립,광주광역시 광산구 수완동
명진고등학교,00c48c4c-abed-47c9-917a-60d87aa9974c,F100000148,04,광주광역시,광산구,2900000000,2920000000,사립,광주광역시 광산구 수완동
광주전자공업고등학교,6b061da0-1221-40f6-bee5-a3efb124be32,F100000121,04,광주광역시,광산구,2900000000,2920000000,공립,광주광역시 광산구 월계동
비아고등학교,f9e0c3c4-5d27-49cf-ad0d-a8fc92fd5b06,F100001482,04,광주광역시,광산구,2900000000,2920000000,사립,광주광역시 광산구 월계동
첨단고등학교,a5613e75-36c7-45d3-ae94-6deee0f31063,F100001155,04,광주광역시,광산구,2900000000,2920000000,공립,광주광역시 광산구 월계동
숭덕고등학교,cbbf3442-3f13-4c92-b822-e0806e0de518,F100000153,04,광주광역시,광산구,2900000000,2920000000,사립,광주광역시 광산구 월계동
전남공업고등학교,fe65e57b-137d-49c5-977d-4249c288a327,F100000156,04,광주광역시,광산구,2900000000,2920000000,공립,광주광역시 광산구 신창동
광주진흥고등학교,2374c668-cb7c-4cd3-bcb7-66aea4fe0a9a,F100000126,04,광주광역시,광산구,2900000000,2920000000,사립,광주광역시 광산구 신창동
운남고등학교,77f3868c-5e8a-4a5b-85f6-e6beaa6069de,F100001118,04,광주광역시,광산구,2900000000,2920000000,공립,광주광역시 광산구 운남동
장덕고등학교,34f19b80-dce8-42f0-91f8-28ec2308dcd3,F100001230,04,광주광역시,광산구,2900000000,2920000000,공립,광주광역시 광산구 장덕동
성덕고등학교,77d0b4d5-a013-4d16-8e68-9f02d8f8d6f4,F100001278,04,광주광역시,광산구,2900000000,2920000000,공립,광주광역시 광산구 장덕동
광일고등학교,088ccea9-77bf-4e68-9ae3-a0763d3e8e4d,F100000092,04,광주광역시,광산구,2900000000,2920000000,사립,광주광역시 광산구 임곡동
봉명고등학교,bd866e0e-73e9-40af-8358-710cac6c990c,M100001917,04,충청북도,청주시 흥덕구,4300000000,4311000000,공립,충청북도 청주시 흥덕구 봉명동
충북산업과학고등학교,0253ff99-175b-4d9e-b756-43c2c78d6b5c,M100000179,04,충청북도,옥천군,4300000000,4373000000,공립,충청북도 옥천군 옥천읍 문정리
청주공업고등학교,af5c9109-ca2e-4382-8dec-7b303b727821,M100000215,04,충청북도,청주시 상당구,4300000000,4311000000,공립,충청북도 청주시 상당구 영동
신명고등학교,3a6a75f1-995b-44e8-a980-a13524c5eb00,D100000329,04,대구광역시,중구,2700000000,2711000000,사립,대구광역시 중구 동산동
세화고등학교,7e0cc566-7b34-4f5f-b2ed-41765e58af22,B100000473,04,서울특별시,서초구,1100000000,1165000000,사립,서울특별시 서초구 반포동
세화여자고등학교,9247bc4b-d33b-4f1a-9814-87943c5cb136,B100000474,04,서울특별시,서초구,1100000000,1165000000,사립,서울특별시 서초구 반포동
반포고등학교,fcaebb06-3003-4f2f-9fcf-599586edecfe,B100000440,04,서울특별시,서초구,1100000000,1165000000,공립,서울특별시 서초구 반포동
경북공업고등학교,f5eb9a53-6c09-43da-9d67-1d7d33c66406,D100000248,04,대구광역시,중구,2700000000,2711000000,사립,대구광역시 중구 남산동
경북여자고등학교,b651a6b5-ef1e-41b7-87d4-cd4109f98ea2,D100000252,04,대구광역시,중구,2700000000,2711000000,공립,대구광역시 중구 남산동
경북대학교사범대학부설고등학교,6371689f-3bee-4e74-817a-a2329d59f33e,A000003490,04,대구광역시,중구,2700000000,2711000000,국립,대구광역시 중구 대봉동
대구일마이스터고등학교,74620220-c5fc-4ce1-be68-61187d8afa9c,D100000292,04,대구광역시,동구,2700000000,2714000000,공립,대구광역시 동구 효목동
조일고등학교,341ce812-464f-4db2-84e5-4758bca4605d,D100000347,04,대구광역시,동구,2700000000,2714000000,사립,대구광역시 동구 신평동
정동고등학교,2f9e1fc1-cea4-48dc-860e-c43bedfcafd0,D100000345,04,대구광역시,동구,2700000000,2714000000,사립,대구광역시 동구 용계동
대구동부고등학교,b99e9912-df78-46ed-bd66-6a237de91803,D100000293,04,대구광역시,동구,2700000000,2714000000,사립,대구광역시 동구 각산동
대구일과학고등학교,5272d84c-7ce4-4749-9d3b-6966c8eea811,D100001936,04,대구광역시,동구,2700000000,2714000000,공립,대구광역시 동구 각산동
강동고등학교,c1f2d9f0-8744-4fbd-acae-94d0364c66aa,D100001667,04,대구광역시,동구,2700000000,2714000000,공립,대구광역시 동구 신서동
청주중앙여자고등학교,afc94b41-2a67-40da-8021-11a195f88e35,M100000226,04,충청북도,청주시 서원구,4300000000,4311000000,공립,충청북도 청주시 서원구 사창동
보은정보고등학교,c81f43fb-1672-4269-8386-69f2303421eb,M100000157,04,충청북도,보은군,4300000000,4372000000,공립,충청북도 보은군 보은읍 성주리
보은여자고등학교,ea052b0e-5abc-4612-a484-5dadb2bec739,M100000155,04,충청북도,보은군,4300000000,4372000000,공립,충청북도 보은군 보은읍 성주리
광주제일고등학교,8715475f-e497-4126-ae5b-f207752f2a22,F100000123,04,광주광역시,북구,2900000000,2917000000,공립,광주광역시 북구 누문동
영동산업과학고등학교,654fb07e-be1e-4441-bf0b-b39c7351a0c4,M100000169,04,충청북도,영동군,4300000000,4374000000,공립,충청북도 영동군 영동읍 부용리
청산고등학교,e519b55a-5188-4a58-9d69-78545e71d89f,M100000209,04,충청북도,옥천군,4300000000,4373000000,공립,충청북도 옥천군 청산면
경일여자고등학교,1a186f80-d1ac-4d04-b6d4-1637db6ff233,D100000266,04,대구광역시,남구,2700000000,2720000000,사립,대구광역시 남구 봉덕동
협성고등학교,a752635d-d036-4305-bd7d-c73f6699b623,D100000358,04,대구광역시,남구,2700000000,2720000000,사립,대구광역시 남구 봉덕동
경북여자상업고등학교,9de29997-8dee-48bb-9fc0-a43a351c7cca,D100000255,04,대구광역시,남구,2700000000,2720000000,사립,대구광역시 남구 봉덕동
대구고등학교부설방송통신고등학교,cc2be18a-9fdc-4e2c-980a-78c6d0066442,D100000285,04,대구광역시,남구,2700000000,2720000000,공립,대구광역시 남구 대명동
대구고등학교,53ed74f3-f84c-48fd-9150-e35cc6679a96,D100000284,04,대구광역시,남구,2700000000,2720000000,공립,대구광역시 남구 대명동
경상공업고등학교,be652bec-0c4e-45ff-8d7c-d92c9c6e5905,D100000258,04,대구광역시,남구,2700000000,2720000000,사립,대구광역시 남구 대명동
경북예술고등학교,37a4a697-24b1-40c4-8bce-b19e01279549,D100000256,04,대구광역시,남구,2700000000,2720000000,사립,대구광역시 남구 대명동
대명고등학교,59d1c3d6-1bb3-4ea9-aa0c-cb60a0aef6d4,D100000299,04,대구광역시,남구,2700000000,2720000000,사립,대구광역시 남구 대명동
성광고등학교,a70f6530-fdcf-44fa-8803-e364ce763247,D100000321,04,대구광역시,북구,2700000000,2723000000,사립,대구광역시 북구 복현동
성화여자고등학교,255c9b6b-e306-44d5-bb77-2513ccadf4c3,D100000325,04,대구광역시,북구,2700000000,2723000000,사립,대구광역시 북구 복현동
대구이룸고등학교,a3b5891b-cc78-4ecb-8893-4bff4c051b2a,D100002089,05,대구광역시,북구,2700000000,2723000000,공립,대구광역시 북구 복현동
경상고등학교,0c088a47-ddb0-49c5-a365-842ea98af978,D100000257,04,대구광역시,북구,2700000000,2723000000,사립,대구광역시 북구 복현동
영진고등학교,ca32c4a9-6630-4678-8253-fb2c9b9c56af,D100000335,04,대구광역시,북구,2700000000,2723000000,사립,대구광역시 북구 복현동
대구스마트고등학교,84834f9b-f169-459e-8696-0af7f6f793d6,D100000312,04,대구광역시,북구,2700000000,2723000000,사립,대구광역시 북구 읍내동
대구체육고등학교,c9cccbe1-11fd-43cf-934d-1f7ae8240b54,D100001658,04,대구광역시,북구,2700000000,2723000000,공립,대구광역시 북구 동호동
대구국제고등학교,772c93cc-ce86-404c-adeb-cd1d71c06109,D100002087,04,대구광역시,북구,2700000000,2723000000,공립,대구광역시 북구 국우동
학남고등학교,5dfc290e-b9c1-4b2c-a736-c3f921a0c478,D100001661,04,대구광역시,북구,2700000000,2723000000,공립,대구광역시 북구 국우동
구암고등학교,9c1f024d-76c9-4e91-b638-748f55f501e9,D100000275,04,대구광역시,북구,2700000000,2723000000,공립,대구광역시 북구 구암동
운암고등학교,c4be170f-63a9-4b0f-a151-20fc059dea4f,D100000341,04,대구광역시,북구,2700000000,2723000000,공립,대구광역시 북구 구암동
함지고등학교,ea19d3ef-17ff-418d-83f7-9109b42da4a7,D100001816,04,대구광역시,북구,2700000000,2723000000,공립,대구광역시 북구 구암동
영송여자고등학교,93af22b7-ba74-4558-bba3-a6577995160f,D100000333,04,대구광역시,북구,2700000000,2723000000,사립,대구광역시 북구 태전동
강북고등학교,9f20aefd-3d75-4d8a-bd1e-8816fa3668e1,D100000243,04,대구광역시,북구,2700000000,2723000000,사립,대구광역시 북구 태전동
매천고등학교,1af40f93-b162-4e50-82ea-05a5895b83a2,D100001815,04,대구광역시,북구,2700000000,2723000000,공립,대구광역시 북구 태전동
대륜고등학교,8dd35a55-0bcd-4611-ae9a-c8e0147c75f7,D100000310,04,대구광역시,수성구,2700000000,2726000000,사립,대구광역시 수성구 만촌동
동문고등학교,54b5f562-8d01-4367-859d-7fbb6135d8e7,D100001668,04,대구광역시,수성구,2700000000,2726000000,공립,대구광역시 수성구 만촌동
대구혜화여자고등학교,32b6a23d-02d7-47c7-8d0a-31bb707ce27c,D100000309,04,대구광역시,수성구,2700000000,2726000000,사립,대구광역시 수성구 만촌동
영남공업고등학교,1f5b7094-dfc8-4ddc-a3d7-77a9b275815b,D100000332,04,대구광역시,수성구,2700000000,2726000000,사립,대구광역시 수성구 만촌동
오성고등학교,7a4fe347-7f16-49b0-810e-5e7970cefbd5,D100000339,04,대구광역시,수성구,2700000000,2726000000,사립,대구광역시 수성구 만촌동
대구남산고등학교,853f7801-29b0-4e83-aed9-a4234f442d2e,D100000289,04,대구광역시,수성구,2700000000,2726000000,사립,대구광역시 수성구 수성동1가
대구과학고등학교,aafabd77-68e0-43c5-a706-bb65fc985d7a,D100000288,04,대구광역시,수성구,2700000000,2726000000,공립,대구광역시 수성구 황금동
경북고등학교,0a54e1cd-c0ac-4e07-9d4f-391befbaeb5a,D100000246,04,대구광역시,수성구,2700000000,2726000000,공립,대구광역시 수성구 황금동
능인고등학교,f05e28cc-fc00-44a4-816f-fd1b71c4e3ee,D100000277,04,대구광역시,수성구,2700000000,2726000000,사립,대구광역시 수성구 지산동
수성고등학교,df78eddb-17ef-47b5-ba15-06633e318738,D100001707,04,대구광역시,수성구,2700000000,2726000000,공립,대구광역시 수성구 지산동
단양고등학교,7e04e06f-1dc0-49b0-8ffa-de957faa3f33,M100000138,04,충청북도,단양군,4300000000,4380000000,공립,충청북도 단양군 단양읍 도전리
충주고등학교,d0233c11-2478-4c10-a596-b101df704c7b,M100000242,04,충청북도,충주시,4300000000,4313000000,공립,충청북도 충주시 호암동
충주중산고등학교,1403ba27-e572-41d3-acbf-5ac87e716521,M100000198,04,충청북도,충주시,4300000000,4313000000,사립,충청북도 충주시 호암동
충주상업고등학교,983baca9-a63d-4687-b413-8125133147c3,M100000246,04,충청북도,충주시,4300000000,4313000000,사립,충청북도 충주시 호암동
충주예성여자고등학교,b41f806b-631a-49e0-82c9-800db01debad,M100000250,04,충청북도,충주시,4300000000,4313000000,공립,충청북도 충주시 호암동
충주고등학교부설방송통신고등학교,159cec8c-43cc-4f8b-ad99-2312923221a4,M100000243,04,충청북도,충주시,4300000000,4313000000,공립,충청북도 충주시 호암동
보은고등학교,b0a879ea-f195-4475-803e-c3a578039e6a,M100000151,04,충청북도,보은군,4300000000,4372000000,사립,충청북도 보은군 보은읍 죽전리
제천디지털전자고등학교,5810e71d-bdf4-4a6d-b7c3-333514df0d85,M100000192,04,충청북도,제천시,4300000000,4315000000,공립,충청북도 제천시 봉양읍 팔송리
충북생명산업고등학교,91423a4f-2ae0-4179-8273-cbb5baf2af8c,M100000156,04,충청북도,보은군,4300000000,4372000000,공립,충청북도 보은군 보은읍 교사리
여남고등학교,6c04459c-df94-4e68-a691-24e984ae9acd,Q100000261,04,전라남도,여수시,4600000000,4613000000,공립,전라남도 여수시 남면
구례고등학교,09d89313-1598-47d1-9910-b91177af001b,Q100000178,04,전라남도,구례군,4600000000,4673000000,공립,전라남도 구례군 구례읍
전남자연과학고등학교,6509b08d-d02e-4478-83da-b9c3fd4e7cd6,Q100003472,04,전라남도,구례군,4600000000,4673000000,공립,전라남도 구례군 구례읍 봉서리
순천매산고등학교,f6479525-cb88-4e8d-9d42-8636ba51042b,Q100000246,04,전라남도,순천시,4600000000,4615000000,사립,전라남도 순천시 매곡동
순천매산여자고등학교,0400bba4-da86-403a-9b14-83bd6169efbb,Q100000247,04,전라남도,순천시,4600000000,4615000000,사립,전라남도 순천시 매곡동
순천제일고등학교,98835260-7b63-4bd1-b976-77b3668182f0,Q100000252,04,전라남도,순천시,4600000000,4615000000,공립,전라남도 순천시 가곡동
순천팔마고등학교,76f403b6-2b19-4173-bba2-cc0bbd86cc13,Q100005347,04,전라남도,순천시,4600000000,4615000000,공립,전라남도 순천시 용당동
순천효산고등학교,d5613ad6-eb6a-4cd6-a8db-6553d9a62b7e,Q100000254,04,전라남도,순천시,4600000000,4615000000,사립,전라남도 순천시 용당동
순천고등학교,36cf93b4-fb7e-42f2-b3b3-ccae6b685b68,Q100000242,04,전라남도,순천시,4600000000,4615000000,공립,전라남도 순천시 인제동
순천고등학교부설방송통신고등학교,d975bee4-3327-4a13-aeef-a6815682ccc5,Q100000243,04,전라남도,순천시,4600000000,4615000000,공립,전라남도 순천시 인제동
순천여자고등학교,ef5b6195-80f4-4fae-9088-d757a8371589,Q100000249,04,전라남도,순천시,4600000000,4615000000,공립,전라남도 순천시 저전동
순천효천고등학교,813f8881-e6f8-4067-aa3e-ac5d8965adc7,Q100000255,04,전라남도,순천시,4600000000,4615000000,사립,전라남도 순천시 대룡동
순천청암고등학교,194d7fac-e806-4ef6-a415-8fdda87c5eef,Q100000253,04,전라남도,순천시,4600000000,4615000000,사립,전라남도 순천시 덕월동
순천강남여자고등학교,aeb0e925-05d6-4d37-927e-846229a840e7,Q100000241,04,전라남도,순천시,4600000000,4615000000,사립,전라남도 순천시 조례동
순천공업고등학교,917cee36-2eaa-4ae7-a0cc-28049f5417e2,Q100000244,04,전라남도,순천시,4600000000,4615000000,공립,전라남도 순천시 조례동
순천금당고등학교,f5b4a54b-cf46-416e-8054-4f2425351bbc,Q100000245,04,전라남도,순천시,4600000000,4615000000,사립,전라남도 순천시 조례동
순천복성고등학교,94c3a19e-e02d-4fd8-8fc0-5f6967e9f3bc,Q100005450,04,전라남도,순천시,4600000000,4615000000,공립,전라남도 순천시 해룡면 복성리
광양백운고등학교,63a93eba-f3bc-4296-a90f-b5ca222770fe,Q100000195,04,전라남도,광양시,4600000000,4623000000,공립,전라남도 광양시 중동
한국창의예술고등학교,23284ae4-785f-4a5d-a302-c52c8d82cdf0,Q100005563,04,전라남도,광양시,4600000000,4623000000,공립,전라남도 광양시 마동
중마고등학교,e36d109d-8e5c-4db9-b528-883a3911c881,Q100005327,04,전라남도,광양시,4600000000,4623000000,공립,전라남도 광양시 마동
광영고등학교,8b2bef01-4986-42bc-abf8-cd85b7b017ea,Q100005379,04,전라남도,광양시,4600000000,4623000000,공립,전라남도 광양시 광영동
광양제철고등학교,0eef1afc-1fee-4956-bdc9-d00108f44d74,Q100000177,04,전라남도,광양시,4600000000,4623000000,사립,전라남도 광양시 금호동
광양하이텍고등학교,c5b4a35b-af81-4e05-bad7-6bbec7d68b14,Q100000175,04,전라남도,광양시,4600000000,4623000000,공립,전라남도 광양시 광양읍
광양여자고등학교,3d32a14e-8559-42e9-8d69-3f0c64ce40f8,Q100000176,04,전라남도,광양시,4600000000,4623000000,공립,전라남도 광양시 광양읍
고흥고등학교,450ce94d-f0ff-47bf-ac14-9de873b4c99a,Q100000165,04,전라남도,고흥군,4600000000,4677000000,공립,전라남도 고흥군 고흥읍
고흥산업과학고등학교,d7ad4815-37a3-4442-876c-48c577fa46ad,Q100000169,04,전라남도,고흥군,4600000000,4677000000,공립,전라남도 고흥군 고흥읍
녹동고등학교,95b18d78-916c-4c48-980d-0568b6d3e55c,Q100000166,04,전라남도,고흥군,4600000000,4677000000,공립,전라남도 고흥군 도양읍 봉암리
순천미래과학고등학교,819998f7-37b1-450d-bcf2-acc97ad7f31b,Q100000251,04,전라남도,순천시,4600000000,4615000000,공립,전라남도 순천시 서면 동산리
광양고등학교,71cd4356-d190-41d8-bf40-8461c3c9d21d,Q100000174,04,전라남도,광양시,4600000000,4623000000,공립,전라남도 광양시 봉강면 석사리
나로고등학교,37f3cb72-61d9-4d0c-a83a-12fb4100b0ca,Q100000227,04,전라남도,고흥군,4600000000,4677000000,공립,전라남도 고흥군 봉래면
한국항만물류고등학교,5ec645a5-dab6-49fe-9db6-5f85c143e777,Q100000314,04,전라남도,광양시,4600000000,4623000000,공립,전라남도 광양시 진상면 섬거리
담양고등학교,134f77bf-a2cd-4e96-b6af-56995a07ecdf,Q100000189,04,전라남도,담양군,4600000000,4671000000,공립,전라남도 담양군 담양읍
담양공업고등학교,0a0678b0-045d-4293-b801-1760b3116584,Q100000190,04,전라남도,담양군,4600000000,4671000000,공립,전라남도 담양군 담양읍
금산종합고등학교,706e313e-8627-469c-a290-90f342e0aa22,Q100000181,04,전라남도,고흥군,4600000000,4677000000,공립,전라남도 고흥군 금산면
고흥도화고등학교,20371f95-7e05-4540-9485-5cdf4ab2cd67,Q100000167,04,전라남도,고흥군,4600000000,4677000000,공립,전라남도 고흥군 도화면
한국바둑고등학교,04bfe028-46ec-4b70-a7bd-3239b2321047,Q100000310,04,전라남도,순천시,4600000000,4615000000,공립,전라남도 순천시 주암면 구산리
솔가람고등학교,127ae787-1b8b-457b-accc-a40fd1df7b33,Q100005648,05,전라남도,담양군,4600000000,4671000000,공립,전라남도 담양군 봉산면
창평고등학교,d7cee351-f27d-4bb7-be34-12691d07d3dc,Q100000317,04,전라남도,담양군,4600000000,4671000000,사립,전라남도 담양군 창평면
영산고등학교,05d8747d-73f9-42a8-9887-76783d0f6849,Q100000282,04,전라남도,나주시,4600000000,4617000000,사립,전라남도 나주시 삼영동
나주고등학교,ee3afcdc-3396-49e8-a289-396d9695f7b1,Q100000184,04,전라남도,나주시,4600000000,4617000000,공립,전라남도 나주시 교동
금성고등학교,a1848eb0-3b89-436a-b7e3-fc3f4a860e8d,Q100000182,04,전라남도,나주시,4600000000,4617000000,사립,전라남도 나주시 대호동
나주공업고등학교,1db7df12-6f4c-44cb-9a43-a3f6df1b60e4,Q100000185,04,전라남도,나주시,4600000000,4617000000,사립,전라남도 나주시 대호동
나주상업고등학교,4c6e5528-cd13-484b-99cd-0b8265b9816c,Q100000186,04,전라남도,나주시,4600000000,4617000000,공립,전라남도 나주시 청동
전남미용고등학교,3a8c9db6-ecbb-430a-bd22-20630976e5dc,Q100000283,04,전라남도,나주시,4600000000,4617000000,공립,전라남도 나주시 영산동
전남외국어고등학교,933cadce-ffea-4d23-b01a-335c150590cf,Q100000304,04,전라남도,나주시,4600000000,4617000000,공립,전라남도 나주시 용산동
매성고등학교,aa6bcafd-3e77-4889-aa19-755e79af7b1e,Q100005574,04,전라남도,나주시,4600000000,4617000000,공립,전라남도 나주시 빛가람동
광남고등학교,93227989-3bfb-4423-9f93-3e7379a9f53d,Q100000173,04,전라남도,나주시,4600000000,4617000000,사립,전라남도 나주시 남평읍 교원리
문태고등학교,44d617e9-d19f-4987-ac94-b50cf8a01436,Q100000215,04,전라남도,목포시,4600000000,4611000000,사립,전라남도 목포시 용당동
목포고등학교,4a6a0c96-c596-4ef0-af6f-007ccd8547d9,Q100000196,04,전라남도,목포시,4600000000,4611000000,공립,전라남도 목포시 용당동
목포마리아회고등학교,5f2e6185-bcc9-4cd5-bdea-238dafa6f13e,Q100000200,04,전라남도,목포시,4600000000,4611000000,사립,전라남도 목포시 용당동
목포공업고등학교,a769aad0-51de-4ef4-8151-d20b8cb59246,Q100000198,04,전라남도,목포시,4600000000,4611000000,공립,전라남도 목포시 용당동
목상고등학교,acd2e847-8dd9-4fc0-8cc7-c2bbefa96dc9,Q100000305,04,전라남도,목포시,4600000000,4611000000,공립,전라남도 목포시 용당동
목포고등학교부설방송통신고등학교,a7849fba-10c8-4c70-8d83-7be59ca6573d,Q100000197,04,전라남도,목포시,4600000000,4611000000,공립,전라남도 목포시 용당동
목포정명여자고등학교,8e8bb03c-9a92-40c3-80f4-03a7f4f62e9f,Q100000208,04,전라남도,목포시,4600000000,4611000000,사립,전라남도 목포시 양동
한빛고등학교,2cf7a711-9977-4141-9a52-c8a538590761,Q100000321,04,전라남도,담양군,4600000000,4671000000,사립,전라남도 담양군 대전면
공산고등학교,38dfb77a-e849-42f4-9bff-3677277cd4b0,Q100000172,04,전라남도,나주시,4600000000,4617000000,공립,전라남도 나주시 공산면 금곡리
전남조리과학고등학교,c1e7a404-458e-4c6c-b22c-092e58c7b41f,Q100000171,04,전라남도,곡성군,4600000000,4672000000,공립,전라남도 곡성군 곡성읍
곡성고등학교,a3329552-958a-4a8c-ab2b-2ac362afce73,Q100003932,04,전라남도,곡성군,4600000000,4672000000,공립,전라남도 곡성군 곡성읍 읍내리
목포덕인고등학교,3753433d-4ca2-4198-9e74-fb371c358163,Q100000199,04,전라남도,목포시,4600000000,4611000000,사립,전라남도 목포시 죽교동
목포홍일고등학교,f9e07a64-5b6d-4e1b-b948-7fab7ff45d29,Q100000212,04,전라남도,목포시,4600000000,4611000000,사립,전라남도 목포시 죽교동
목포혜인여자고등학교,2e52b870-4ca7-4f8e-b470-23b9f3a65040,Q100000211,04,전라남도,목포시,4600000000,4611000000,사립,전라남도 목포시 죽교동
목포조리과학고등학교,877c1b49-f2b6-45eb-9bf3-675a18b41c90,Q100000202,04,전라남도,목포시,4600000000,4611000000,사립,전라남도 목포시 상동
목포여자상업고등학교,1b8349d7-b01f-4177-98b7-1c50132e3f49,Q100000206,04,전라남도,목포시,4600000000,4611000000,사립,전라남도 목포시 상동
영흥고등학교,c461d6e4-ce0e-4317-8c60-f6553baafd0e,Q100000288,04,전라남도,목포시,4600000000,4611000000,사립,전라남도 목포시 상동
목포중앙고등학교,bef1b217-4c50-453e-b913-15eeb2a39c9f,Q100000204,04,전라남도,목포시,4600000000,4611000000,사립,전라남도 목포시 대양동
목포제일여자고등학교,6a1cc77a-dd5e-430b-85b0-5ae041d28341,Q100000209,04,전라남도,목포시,4600000000,4611000000,공립,전라남도 목포시 옥암동
여수고등학교,5a0e823e-5864-408d-ad7b-a2bd059545ab,Q100000262,04,전라남도,여수시,4600000000,4613000000,공립,전라남도 여수시 수정동
여수여자고등학교,9dc80b05-f6f6-4ff2-923f-f86fd6d31e34,Q100000265,04,전라남도,여수시,4600000000,4613000000,공립,전라남도 여수시 관문동
여수공업고등학교,5cc4314b-48b8-496b-ac46-b5ce37e66a57,Q100000263,04,전라남도,여수시,4600000000,4613000000,사립,전라남도 여수시 동산동
진성여자고등학교,7edeea3f-df32-45ae-808e-97183396e5e2,Q100000316,04,전라남도,여수시,4600000000,4613000000,사립,전라남도 여수시 봉강동
한영고등학교,6e91a80c-1baf-4368-ac62-c6ad366915e1,Q100000322,04,전라남도,여수시,4600000000,4613000000,사립,전라남도 여수시 여서동
여수정보과학고등학교,7bf2a11b-b81c-47e5-a9cc-bac77a437ac3,Q100000267,04,전라남도,여수시,4600000000,4613000000,사립,전라남도 여수시 문수동
여수충무고등학교,e1d07e6e-0ca0-4031-8712-c92323bd8388,Q100005318,04,전라남도,여수시,4600000000,4613000000,공립,전라남도 여수시 미평동
여수중앙여자고등학교,c8ac5052-04c5-4ccc-8200-aa2cce8f1238,Q100000268,04,전라남도,여수시,4600000000,4613000000,사립,전라남도 여수시 덕충동
호남원예고등학교,18803023-fe2b-4886-933d-3edcc10a9008,Q100000333,04,전라남도,나주시,4600000000,4617000000,공립,전라남도 나주시 금천면
전남과학고등학교,67d80f7d-8809-4d4f-95e8-e617efff8398,Q100000302,04,전라남도,나주시,4600000000,4617000000,공립,전라남도 나주시 금천면 오강리
봉황고등학교,1344cbec-71ea-4b70-8b6d-ad5a94d8ea41,Q100000228,04,전라남도,나주시,4600000000,4617000000,공립,전라남도 나주시 금천면 월산리
한울고등학교,7ac44264-76c9-464d-b468-2e146bf3264f,Q100005464,04,전라남도,곡성군,4600000000,4672000000,공립,전라남도 곡성군 목사동면
부영여자고등학교,caf9871a-6466-4e10-b3f2-3d482b0530d5,Q100000229,04,전라남도,여수시,4600000000,4613000000,공립,전라남도 여수시 안산동
여천고등학교,2cf75d0f-d146-4448-ab1e-e2adfde0438e,Q100000271,04,전라남도,여수시,4600000000,4613000000,공립,전라남도 여수시 선원동
여수석유화학고등학교,4cdaf305-2d2c-47e9-83bb-f2a2a69fdeb4,Q100000266,04,전라남도,여수시,4600000000,4613000000,공립,전라남도 여수시 화장동
여수해양과학고등학교,a5541ddc-e5df-4e31-9625-f593f0949456,Q100000272,04,전라남도,여수시,4600000000,4613000000,공립,전라남도 여수시 돌산읍 군내리
옥과고등학교,b428d13e-cf78-41a3-9bb1-b5e55adeac11,Q100000290,04,전라남도,곡성군,4600000000,4672000000,사립,전라남도 곡성군 옥과면 율사리
여양고등학교,fa42057a-c97c-4820-8a29-d55e327f9220,Q100000270,04,전라남도,여수시,4600000000,4613000000,사립,전라남도 여수시 소라면
여수화양고등학교,ccd8b0c0-b5b2-4fea-8508-6a20d11f0f51,Q100000269,04,전라남도,여수시,4600000000,4613000000,공립,전라남도 여수시 화양면
학력인정부산조리고등학교,69c8fe7a-c7d3-40ae-96ed-f664cc738b29,C100000477,05,부산광역시,사상구,2600000000,2653000000,사립,부산광역시 사상구 삼락동
부산항공고등학교,0251584b-d218-4bb7-bb44-7e252dc48937,C100000503,04,부산광역시,사상구,2600000000,2653000000,공립,부산광역시 사상구 덕포동
대덕여자고등학교,c50296c1-da89-4f81-b4f9-83a9ead279c3,C100000376,04,부산광역시,사상구,2600000000,2653000000,사립,부산광역시 사상구 덕포동
사상고등학교,a979679d-5e2a-4ae3-8fdd-fc9dc45d63ca,C100002002,04,부산광역시,사상구,2600000000,2653000000,공립,부산광역시 사상구 덕포동
주례여자고등학교,f2e14fae-94d8-4661-aad0-1537cb0a82f1,C100000535,04,부산광역시,사상구,2600000000,2653000000,공립,부산광역시 사상구 주례동
구덕고등학교,f53f3446-d040-43c7-af1a-0a98898a5d65,C100000359,04,부산광역시,사상구,2600000000,2653000000,공립,부산광역시 사상구 학장동
시온식품과학고등학교,f13f267f-7568-4b51-a030-253857797e81,C100002179,04,부산광역시,기장군,2600000000,2671000000,사립,부산광역시 기장군 기장읍
기장고등학교,abd8acd5-41a5-4d02-a1eb-2fff0e3aba02,C100000368,04,부산광역시,기장군,2600000000,2671000000,공립,부산광역시 기장군 기장읍 대라리
장안제일고등학교,885bbf95-a3c3-4427-8ff4-23c5281f5678,C100000532,04,부산광역시,기장군,2600000000,2671000000,사립,부산광역시 기장군 장안읍 좌천리
부산장안고등학교,9a6b49b7-2fbe-4a25-8da9-e89ff699200d,C100000468,04,부산광역시,기장군,2600000000,2671000000,공립,부산광역시 기장군 장안읍 좌천리
양정고등학교,9b86b9ba-22e7-4f0b-bfd0-ceee848f1a0a,B100000488,04,서울특별시,양천구,1100000000,1147000000,사립,서울특별시 양천구 목동
한가람고등학교,0e7eebaf-d309-4d38-a935-f38ffcc17cf3,B100000549,04,서울특별시,양천구,1100000000,1147000000,사립,서울특별시 양천구 목동
진명여자고등학교,dddb420c-e769-40f8-8e49-6ae728815a33,B100000537,04,서울특별시,양천구,1100000000,1147000000,사립,서울특별시 양천구 목동
강서고등학교,4ac90f2a-3133-489f-8ff9-9637654a231e,B100000372,04,서울특별시,양천구,1100000000,1147000000,사립,서울특별시 양천구 목동
지구촌학교 고등학교,7d0058ec-f244-4f2b-aa36-0a54b17a7683,B100006592,05,서울특별시,구로구,1100000000,1153000000,사립,서울특별시 구로구
경인고등학교,e165615a-71ae-4339-9674-16eedceef765,B100000383,04,서울특별시,구로구,1100000000,1153000000,공립,서울특별시 구로구 고척동
고척고등학교,a45a3c57-3541-455a-9405-bcb79dda6a6a,B100000388,04,서울특별시,구로구,1100000000,1153000000,공립,서울특별시 구로구 고척동
예림디자인고등학교,df833378-dcd6-482b-9238-efecfdd79da0,B100000632,04,서울특별시,구로구,1100000000,1153000000,사립,서울특별시 구로구 궁동
오류고등학교,c6ae7768-af4e-4849-86c5-b8d53f7e61c8,B100000508,04,서울특별시,구로구,1100000000,1153000000,사립,서울특별시 구로구 궁동
세종과학고등학교,385746db-ac6c-481f-a7d6-48441039a13b,B100005500,04,서울특별시,구로구,1100000000,1153000000,공립,서울특별시 구로구 궁동
우신고등학교,e5c27ac4-f694-42c2-8550-bf9819366a87,B100000513,04,서울특별시,구로구,1100000000,1153000000,사립,서울특별시 구로구 궁동
서서울생활과학고등학교,79dc01c9-697c-4c95-934a-17d2cc56cf0d,B100000641,04,서울특별시,구로구,1100000000,1153000000,사립,서울특별시 구로구 궁동
은일정보산업고등학교,9a0d630b-0edb-42c5-9b51-83fe1a9d9d8a,B100000652,04,서울특별시,구로구,1100000000,1153000000,사립,서울특별시 구로구 궁동
서울공연예술고등학교,2ab18cca-becf-4020-ac0e-4750be2b81c9,B100005584,04,서울특별시,구로구,1100000000,1153000000,사립,서울특별시 구로구 궁동
유한공업고등학교,d9ba06ec-a55d-48a8-831d-5422f99c043a,B100000598,04,서울특별시,구로구,1100000000,1153000000,사립,서울특별시 구로구 항동
울산산업고등학교,b6b88f5e-2e03-4bc3-8777-74dda479f0b7,H100000727,04,울산광역시,울주군,3100000000,3171000000,공립,울산광역시 울주군 삼남읍 교동리
인천중산고등학교,bff2604f-8935-4efd-ad0d-016b8ff141d1,E100002296,04,인천광역시,중구,2800000000,2811000000,공립,인천광역시 중구 중산동
인천운남고등학교,0aee3f1b-3020-49f5-a145-8def149b6535,E100002357,04,인천광역시,중구,2800000000,2811000000,공립,인천광역시 중구 운남동
영종국제물류고등학교,55f178a4-31d5-4390-91c4-a8f3adeb68a6,E100000245,04,인천광역시,중구,2800000000,2811000000,공립,인천광역시 중구 운남동
인천공항고등학교,dd094647-9ad2-4198-97b9-a0c29b30b0d3,E100000259,04,인천광역시,중구,2800000000,2811000000,공립,인천광역시 중구 운서동
인천국제고등학교,32cd58d2-833d-427e-a7ce-b218f01f1e1c,E100001817,04,인천광역시,중구,2800000000,2811000000,공립,인천광역시 중구 운서동
인천과학고등학교,6cc0e050-4697-4f23-b50d-6900b99802c9,E100000260,04,인천광역시,중구,2800000000,2811000000,공립,인천광역시 중구 운서동
인천하늘고등학교,7bf29146-0bb4-4448-869a-cacc176159d0,E100002162,04,인천광역시,중구,2800000000,2811000000,사립,인천광역시 중구 운서동
인천영종고등학교,af54a489-a124-4a6c-8ec6-22103d53155e,E100002092,04,인천광역시,중구,2800000000,2811000000,공립,인천광역시 중구 운서동
영화국제관광고등학교,8fb8bc25-d7c9-42fb-a4fa-71e1b84f80e3,E100000248,04,인천광역시,동구,2800000000,2814000000,사립,인천광역시 동구 창영동
재능고등학교,3a8ca413-c138-41d9-87a2-8cf6fde2a318,E100000201,04,인천광역시,동구,2800000000,2814000000,사립,인천광역시 동구 송림동
동산고등학교,8aa8fbc1-ffe4-4d0b-9dcc-1eb945ff7cbd,E100000204,04,인천광역시,동구,2800000000,2814000000,사립,인천광역시 동구 송림동
관악고등학교,31677986-cc93-4242-98e0-7fcb50c29cdd,B100000390,04,서울특별시,영등포구,1100000000,1156000000,공립,서울특별시 영등포구 양평동2가
흑석고등학교,6fad0991-1df3-4ae4-84f0-0531387cfa14,B100006621,04,서울특별시,동작구,1100000000,1159000000,공립,서울특별시 동작구 흑석동
서울공업고등학교,1621654c-aef3-4073-9593-f6febe23b1ea,B100000588,04,서울특별시,동작구,1100000000,1159000000,공립,서울특별시 동작구 대방동
성남고등학교,d043aa6f-fb47-4cb5-8a62-a85a11544804,B100000468,04,서울특별시,동작구,1100000000,1159000000,사립,서울특별시 동작구 대방동
영등포고등학교,d6254510-95c4-4cb6-a51b-1e5c7e4a0c35,B100000497,04,서울특별시,동작구,1100000000,1159000000,공립,서울특별시 동작구 대방동
숭의여자고등학교,3a355785-c8df-48c4-b3f9-6ee218c4b7e2,B100000482,04,서울특별시,동작구,1100000000,1159000000,사립,서울특별시 동작구 대방동
영등포고등학교부설방송통신고등학교,276843e8-294f-46a2-a58e-9652ff88c29a,B100002504,04,서울특별시,동작구,1100000000,1159000000,공립,서울특별시 동작구 대방동
울산미용예술고등학교,7a876330-a3b5-4416-a1ac-cfb097f2d152,H100000105,04,울산광역시,울주군,3100000000,3171000000,공립,울산광역시 울주군 웅촌면 곡천리
세인고등학교,6f4b826e-91b6-4ea9-ba20-03590d1d7808,H100000125,04,울산광역시,울주군,3100000000,3171000000,사립,울산광역시 울주군 웅촌면 검단리
울산예술고등학교,d7ffed5e-0bfe-4b17-8d9a-137893d1d3b0,H100000108,04,울산광역시,울주군,3100000000,3171000000,사립,울산광역시 울주군 웅촌면 대복리
인천소방고등학교,ccbf677c-ab13-4b0e-b5c6-677e9e007689,E100000253,04,인천광역시,미추홀구,2800000000,2817000000,공립,인천광역시 미추홀구
인항고등학교,63579448-3fd0-4770-982c-c7ed2a18ab0d,E100000286,04,인천광역시,미추홀구,2800000000,2817000000,사립,인천광역시 미추홀구 용현동
정석항공과학고등학교,d737a7fe-9dcb-4b33-aa08-59e49566bd00,E100000288,04,인천광역시,미추홀구,2800000000,2817000000,사립,인천광역시 미추홀구 용현동
학익고등학교,b5426d7c-3e94-4f8c-b368-468b11ee8a55,E100000293,04,인천광역시,미추홀구,2800000000,2817000000,공립,인천광역시 미추홀구 학익동
인하대학교사범대학부속고등학교,6004ab73-66c2-41c2-b331-da54d107b8a0,E100000285,04,인천광역시,미추홀구,2800000000,2817000000,사립,인천광역시 미추홀구 학익동
학익여자고등학교,bca5bde5-04d1-4b75-9047-8039a746b1f8,E100000294,04,인천광역시,미추홀구,2800000000,2817000000,공립,인천광역시 미추홀구 학익동
인천전자마이스터고등학교,75a5291d-55ec-44a0-8557-85a9c17395f6,E100000276,04,인천광역시,미추홀구,2800000000,2817000000,공립,인천광역시 미추홀구 도화동
인천비즈니스고등학교,68cc28b5-beb5-408a-abbc-caf5aed162ae,E100000233,04,인천광역시,미추홀구,2800000000,2817000000,공립,인천광역시 미추홀구 도화동
인천대중예술고등학교,f3ccea4e-3aed-414a-9265-4f380e6e8db5,E100000252,04,인천광역시,미추홀구,2800000000,2817000000,공립,인천광역시 미추홀구 도화동
인화여자고등학교,7c51fcea-d8c5-48e6-bc4d-f2bcc168bfb5,E100000287,04,인천광역시,미추홀구,2800000000,2817000000,공립,인천광역시 미추홀구 도화동
선인고등학교,ef8509c2-98de-466d-80aa-53bacb849afb,E100000232,04,인천광역시,미추홀구,2800000000,2817000000,공립,인천광역시 미추홀구 도화동
인천기계공업고등학교,b61f7adf-1505-4a45-b56a-f6c9a26a8dec,E100000261,04,인천광역시,미추홀구,2800000000,2817000000,공립,인천광역시 미추홀구 주안동
인천고등학교,2ce8bfab-33d0-4cad-a251-71917066b503,E100000258,04,인천광역시,미추홀구,2800000000,2817000000,공립,인천광역시 미추홀구 주안동
인명여자고등학교,07bdf946-eaab-4c50-8597-879670370fb7,E100000254,04,인천광역시,미추홀구,2800000000,2817000000,사립,인천광역시 미추홀구 관교동
문학정보고등학교,09a6b991-ecf9-4e22-828a-7e6cded0dd41,E100000211,04,인천광역시,미추홀구,2800000000,2817000000,공립,인천광역시 미추홀구 문학동
송도고등학교,f2957c99-73ef-4ce9-a60e-5d7850d3796c,E100000236,04,인천광역시,연수구,2800000000,2818000000,사립,인천광역시 연수구 옥련동
옥련여자고등학교,ecfe7f9d-24c0-4c6e-8708-473bc64515e4,E100001708,04,인천광역시,연수구,2800000000,2818000000,공립,인천광역시 연수구 옥련동
인천해양과학고등학교,13ff6ad0-cbe8-4bf4-9fd4-c7a701624ff4,E100000283,04,인천광역시,연수구,2800000000,2818000000,공립,인천광역시 연수구 옥련동
인천생활과학고등학교,761c7ee3-e1ee-4a49-bdb7-44b2ee3c22f3,E100000267,04,인천광역시,연수구,2800000000,2818000000,공립,인천광역시 연수구 연수동
인천여자고등학교부설방송통신고등학교,46d649fc-6cd0-4456-ad56-8a190da49b76,E100000270,04,인천광역시,연수구,2800000000,2818000000,공립,인천광역시 연수구 연수동
인천여자고등학교,994de83f-5911-492c-9f27-f719cd0bf131,E100000269,04,인천광역시,연수구,2800000000,2818000000,공립,인천광역시 연수구 연수동
연수고등학교,c74664db-464e-47ca-91f4-38b75030e1dd,E100000239,04,인천광역시,연수구,2800000000,2818000000,공립,인천광역시 연수구 연수동
인천바이오과학고등학교,a43344bc-44a9-42a0-a919-c8c1638d4e60,E100000292,04,인천광역시,연수구,2800000000,2818000000,공립,인천광역시 연수구 청학동
연수여자고등학교,e46f98d0-8ea0-4680-9ee1-1950b48adcd3,E100000240,04,인천광역시,연수구,2800000000,2818000000,공립,인천광역시 연수구 동춘동
인천대건고등학교,5d43fa0c-553b-4f03-80e4-c22dc27e0a6a,E100000263,04,인천광역시,연수구,2800000000,2818000000,사립,인천광역시 연수구 동춘동
인천청담고등학교,b85c1db4-d0cc-453b-8c70-eeca8c2f6e7e,E100002181,05,인천광역시,연수구,2800000000,2818000000,사립,인천광역시 연수구 동춘동
인천뷰티예술고등학교,25b1172e-5e37-4afb-89f8-d62f4b812730,E100000271,04,인천광역시,연수구,2800000000,2818000000,공립,인천광역시 연수구 동춘동
박문여자고등학교,adae7ed6-7dee-4fbb-bcda-19d0b99935c7,E100000265,04,인천광역시,연수구,2800000000,2818000000,사립,인천광역시 연수구 송도동
인천포스코고등학교,cd460ab8-5f2f-465a-bf69-d0093a7c8d41,E100002244,04,인천광역시,연수구,2800000000,2818000000,사립,인천광역시 연수구 송도동
인천해송고등학교,eb558cd3-53f1-479e-a8c2-9558e6189014,E100001972,04,인천광역시,연수구,2800000000,2818000000,공립,인천광역시 연수구 송도동
신송고등학교,327b187d-a1d4-4a28-94a8-40eab5970da5,E100001787,04,인천광역시,연수구,2800000000,2818000000,공립,인천광역시 연수구 송도동
인천연송고등학교,e01bbc73-b516-4f3b-baa8-ae9289e2a795,E100002083,04,인천광역시,연수구,2800000000,2818000000,공립,인천광역시 연수구 송도동
석정여자고등학교,f9c32a0a-423f-4513-abce-f65f64f6d5ac,E100000231,04,인천광역시,남동구,2800000000,2820000000,공립,인천광역시 남동구 간석동
신명여자고등학교,377c8715-5e48-41f7-b9f1-6fd2787e598b,E100000238,04,인천광역시,남동구,2800000000,2820000000,사립,인천광역시 남동구 간석동
인제고등학교,f5410411-e78f-4d4a-b4ce-253ffef1bc64,E100000257,04,인천광역시,남동구,2800000000,2820000000,사립,인천광역시 남동구 간석동
인천예술고등학교,c1476f49-d42b-4629-b3da-85d24e996173,E100000275,04,인천광역시,남동구,2800000000,2820000000,공립,인천광역시 남동구 간석동
인천남고등학교,d7a70e19-5e42-4c99-9115-ab7b8db03a41,E100000262,04,인천광역시,남동구,2800000000,2820000000,공립,인천광역시 남동구 간석동
문일여자고등학교,c9a4b71c-2f3f-4c67-b946-6cc6b7404f90,E100000210,04,인천광역시,남동구,2800000000,2820000000,사립,인천광역시 남동구 만수동
숭덕여자고등학교,cae62e23-b18b-48bd-9eb6-660db69c0798,E100000237,04,인천광역시,남동구,2800000000,2820000000,사립,인천광역시 남동구 만수동
동인천고등학교,22e359a9-9c9c-4ea4-8d56-a9145ba5bfcd,E100000205,04,인천광역시,남동구,2800000000,2820000000,공립,인천광역시 남동구 만수동
인천만수고등학교,c58a79fc-baa3-42d7-9465-4636d507f5dd,E100001818,04,인천광역시,남동구,2800000000,2820000000,공립,인천광역시 남동구 만수동
도림고등학교,082cb3a5-949f-4b5b-a277-d87c93c824cf,E100001742,04,인천광역시,남동구,2800000000,2820000000,공립,인천광역시 남동구 서창동
인천논현고등학교,21a859a3-4d2b-4963-87b6-23aedf2900a4,E100001810,04,인천광역시,남동구,2800000000,2820000000,공립,인천광역시 남동구 논현동
미추홀외국어고등학교,13e39731-29fe-4743-8e26-e52fcffc4c97,E100001957,04,인천광역시,남동구,2800000000,2820000000,공립,인천광역시 남동구 논현동
인천금융고등학교,e903d293-7bf3-4cfc-8151-a087c9d01007,E100000209,04,인천광역시,남동구,2800000000,2820000000,사립,인천광역시 남동구 논현동
세계로국제중고등학교,ba52d7c0-b39e-49b8-9c53-c5aa2a13be5f,E100002166,05,인천광역시,남동구,2800000000,2820000000,공립,인천광역시 남동구 논현동
인천남동고등학교,77ae0abc-5307-4a00-959b-c4a674783583,E100001822,04,인천광역시,남동구,2800000000,2820000000,공립,인천광역시 남동구 논현동
인천송천고등학교,ac6ca055-12d1-40f2-8d90-a533a50c6949,E100002020,04,인천광역시,남동구,2800000000,2820000000,공립,인천광역시 남동구 논현동
인천고잔고등학교,4d36d9d1-09f9-40b1-9400-0aac4adcfa63,E100001969,04,인천광역시,남동구,2800000000,2820000000,공립,인천광역시 남동구 고잔동
남강고등학교,18e100e5-2517-4212-bbca-58857965d50c,B100000403,04,서울특별시,관악구,1100000000,1162000000,사립,서울특별시 관악구 신림동
성보고등학교,47ad1c79-fab6-40bf-8512-ab38e01a2b85,B100000470,04,서울특별시,관악구,1100000000,1162000000,사립,서울특별시 관악구 신림동
삼성고등학교,4c33fca6-a65e-4a17-8a6e-d789e19a092f,B100000448,04,서울특별시,관악구,1100000000,1162000000,공립,서울특별시 관악구 신림동
광신고등학교,5936a985-6437-4141-b791-bcc1df5e4037,B100000394,04,서울특별시,관악구,1100000000,1162000000,사립,서울특별시 관악구 신림동
광신방송예술고등학교,6dabdea0-b5ca-4ed8-adbc-fbcea40b38b2,B100000631,04,서울특별시,관악구,1100000000,1162000000,사립,서울특별시 관악구 신림동
미림여자고등학교,57f4b4b2-41f1-4366-947a-81312105e31d,B100000439,04,서울특별시,관악구,1100000000,1162000000,사립,서울특별시 관악구 신림동
신림고등학교,bc32338b-315f-4642-bb51-214620880c59,B100000484,04,서울특별시,관악구,1100000000,1162000000,공립,서울특별시 관악구 신림동
미림마이스터고등학교,85b82047-3419-4a0b-8f4f-dd80451a0514,B100000639,04,서울특별시,관악구,1100000000,1162000000,사립,서울특별시 관악구 신림동
울산두남중고등학교,e598d1b2-cf31-42ba-8aad-d9b9fcccb6a9,H100000756,05,울산광역시,울주군,3100000000,3171000000,공립,울산광역시 울주군 두서면 차리
울산고운고등학교,0a55baef-65c9-41e2-94aa-9a5010689930,H100000824,05,울산광역시,울주군,3100000000,3171000000,공립,울산광역시 울주군 두서면 차리
울산과학고등학교,352d4286-aec4-4212-8ccd-2cea2aa3de98,H100000549,04,울산광역시,울주군,3100000000,3171000000,공립,울산광역시 울주군 상북면
울산경의고등학교,c753b725-50f8-4d4d-bc76-a549508c2bc6,H100000097,04,울산광역시,울주군,3100000000,3171000000,사립,울산광역시 울주군 상북면 산전리
수도전기공업고등학교,c8264353-4201-4f84-b48a-b8665dc64324,B100000594,04,서울특별시,강남구,1100000000,1168000000,사립,서울특별시 강남구 개포동
경기여자고등학교,c97bad52-a3a3-4ee2-b6e3-2dc5a92244cb,B100000376,04,서울특별시,강남구,1100000000,1168000000,공립,서울특별시 강남구 개포동
경기여자고등학교부설방송통신고등학교,8e913354-4e17-4b18-ad93-a7287055cf73,B100002525,04,서울특별시,강남구,1100000000,1168000000,공립,서울특별시 강남구 개포동
국립국악고등학교,4f924c81-f451-4edd-93cf-8cd47290aba4,A000003540,04,서울특별시,강남구,1100000000,1168000000,국립,서울특별시 강남구 개포동
개포고등학교,cf11e801-c2a6-4ebc-bfb2-0947d4a16e16,B100000373,04,서울특별시,강남구,1100000000,1168000000,공립,서울특별시 강남구 개포동
풍문고등학교,243ba55c-f062-4b11-b055-79b32a316481,B100000548,04,서울특별시,강남구,1100000000,1168000000,사립,서울특별시 강남구 자곡동
영동일고등학교,9b9f87e0-822d-4ff4-9cb6-aba1b8389c83,B100000496,04,서울특별시,송파구,1100000000,1171000000,사립,서울특별시 송파구 잠실동
정신여자고등학교,33375f28-0c3f-42a3-ac93-c59e63b1b797,B100000528,04,서울특별시,송파구,1100000000,1171000000,사립,서울특별시 송파구 잠실동
잠신고등학교,925d1378-dc95-4b20-8b52-18968ca88e2a,B100000522,04,서울특별시,송파구,1100000000,1171000000,공립,서울특별시 송파구 잠실동
잠일고등학교,f5357ee1-3d8e-4bb8-97da-18497b8af92e,B100005566,04,서울특별시,송파구,1100000000,1171000000,공립,서울특별시 송파구 잠실동
일신여자상업고등학교,ff1ee16a-e012-46c4-ba87-1c07d9de327a,B100000612,04,서울특별시,송파구,1100000000,1171000000,사립,서울특별시 송파구 송파동
잠실여자고등학교,5760ddd6-abfe-43c5-884f-34f8be1c0af4,B100000524,04,서울특별시,송파구,1100000000,1171000000,사립,서울특별시 송파구 송파동
가락고등학교,c6ad5e0f-54d0-4a34-bf19-2c401d9169a7,B100000370,04,서울특별시,송파구,1100000000,1171000000,공립,서울특별시 송파구 송파동
서울인공지능고등학교,04fd6cf9-8a33-46b2-af32-19e68fa7fbb3,B100000593,04,서울특별시,송파구,1100000000,1171000000,공립,서울특별시 송파구 거여동
덕수고등학교(일반고),2757dc8e-ac3b-4a9b-9586-9fc4242eb6e4,B100006558,04,서울특별시,송파구,1100000000,1171000000,공립,서울특별시 송파구 거여동
덕수고등학교,d85b9e22-f71c-4ead-aebd-3bb4264f75f9,B100000636,04,서울특별시,송파구,1100000000,1171000000,공립,서울특별시 송파구 거여동
상일여자고등학교,02fe7351-1d08-4a7f-9b74-b67b202d13ca,B100000453,04,서울특별시,강동구,1100000000,1174000000,사립,서울특별시 강동구 상일동
강동고등학교,8f6bf4f5-b0fe-4713-9d12-7d0ae7a2830e,B100000371,04,서울특별시,강동구,1100000000,1174000000,사립,서울특별시 강동구 상일동
한영고등학교,b0e4de76-6f40-4e02-b42b-0038aa2c73d0,B100000558,04,서울특별시,강동구,1100000000,1174000000,사립,서울특별시 강동구 상일동
한영외국어고등학교,b0003e82-70dd-45f1-919f-ae7b77c88e88,B100000576,04,서울특별시,강동구,1100000000,1174000000,사립,서울특별시 강동구 상일동
상일미디어고등학교,5dfb580e-0ee5-4f6f-b9d6-1007fdfadc5e,B100000586,04,서울특별시,강동구,1100000000,1174000000,사립,서울특별시 강동구 상일동
동북고등학교,8d3e82f5-2c45-4bbb-aa29-27e890e5603e,B100000423,04,서울특별시,강동구,1100000000,1174000000,사립,서울특별시 강동구 둔촌동
둔촌고등학교,394be062-16b0-4b43-bc2b-3f74d1012dcd,B100000428,04,서울특별시,강동구,1100000000,1174000000,공립,서울특별시 강동구 둔촌동
반곡고등학교,8dc810d8-efdf-4259-b184-05dcb5ba65ab,I100000200,04,세종특별자치시,,3600000000,3611000000,공립,세종특별자치시 반곡동
소담고등학교,47c28f34-35dc-410d-b8ff-c1afe57ceb8a,I100000160,04,세종특별자치시,,3600000000,3611000000,공립,세종특별자치시 소담동
보람고등학교,e61be19a-40c1-489b-8c03-7929262e8339,I100000161,04,세종특별자치시,,3600000000,3611000000,공립,세종특별자치시 보람동
한솔고등학교,efb9924c-5e27-4d57-af4f-91abfb522156,I100000071,04,세종특별자치시,,3600000000,3611000000,공립,세종특별자치시 한솔동
새롬고등학교,d2277d95-dd6d-4f83-9e7d-02ec279a45da,I100000162,04,세종특별자치시,,3600000000,3611000000,공립,세종특별자치시 새롬동
다정고등학교,7880265b-d8c2-4827-bb63-2910aa9b8145,I100000201,04,세종특별자치시,,3600000000,3611000000,공립,세종특별자치시 다정동
부평여자고등학교,c8460573-c757-42c3-b2e2-233195af327a,E100000220,04,인천광역시,부평구,2800000000,2823000000,공립,인천광역시 부평구 부평동
부평고등학교,3a067a4d-bb5a-4da6-b1fc-11699aa5c39e,E100000217,04,인천광역시,부평구,2800000000,2823000000,공립,인천광역시 부평구 부평동
제일고등학교,2c7f24de-b8fb-4577-8a92-79c067d4b1cd,E100000291,04,인천광역시,부평구,2800000000,2823000000,사립,인천광역시 부평구 십정동
인천상정고등학교,3316b09f-8425-4189-acd0-fbfe28f4c4be,E100001963,04,인천광역시,부평구,2800000000,2823000000,공립,인천광역시 부평구 십정동
인천산곡고등학교,48192b1c-e3d6-4f47-94da-f1f4421fcf5c,E100001713,04,인천광역시,부평구,2800000000,2823000000,공립,인천광역시 부평구 산곡동
인천외국어고등학교,348b1360-4f82-4b30-a858-12fe0bc95652,E100000244,04,인천광역시,부평구,2800000000,2823000000,사립,인천광역시 부평구 산곡동
명신여자고등학교,2afd9876-f064-439d-8792-21c85995adb0,E100000207,04,인천광역시,부평구,2800000000,2823000000,사립,인천광역시 부평구 산곡동
세일고등학교,d359c041-78d0-42a5-8b7d-2e7c14340dc8,E100000235,04,인천광역시,부평구,2800000000,2823000000,사립,인천광역시 부평구 산곡동
인평자동차고등학교,7bcfc9f5-be76-4350-969e-b959a09ca770,E100000284,04,인천광역시,부평구,2800000000,2823000000,사립,인천광역시 부평구 산곡동
부광고등학교,626838d1-2774-4829-8f32-7c8b5058dfb7,E100000215,04,인천광역시,부평구,2800000000,2823000000,공립,인천광역시 부평구 산곡동
인천영선고등학교,66a28ed7-1a71-4c35-8a90-1802a45f5f95,E100001807,04,인천광역시,부평구,2800000000,2823000000,공립,인천광역시 부평구 삼산동
인천진산과학고등학교,de019983-abd7-4795-ac52-07f213e14532,E100001812,04,인천광역시,부평구,2800000000,2823000000,공립,인천광역시 부평구 삼산동
삼산고등학교,81bf225e-ac88-4c93-935e-593e8f5c2559,E100000227,04,인천광역시,부평구,2800000000,2823000000,공립,인천광역시 부평구 삼산동
부평공업고등학교,c1e812dc-95ca-44bc-a2fb-a4d1aed7d067,E100000218,04,인천광역시,부평구,2800000000,2823000000,공립,인천광역시 부평구 갈산동
인천미래생활고등학교,3d307260-871e-45a5-8fc2-aad7eadda566,E100000221,04,인천광역시,부평구,2800000000,2823000000,공립,인천광역시 부평구 부개동
부개여자고등학교,b4a8cb7c-4eeb-40b8-bf2e-7746e778b4b7,E100000214,04,인천광역시,부평구,2800000000,2823000000,공립,인천광역시 부평구 부개동
인천부흥고등학교,e4e4fd6b-22fe-4c84-8639-31831869bd3c,E100001714,04,인천광역시,부평구,2800000000,2823000000,공립,인천광역시 부평구 부개동
부개고등학교,1ade283f-8325-4ddb-be6c-75e960725a01,E100001712,04,인천광역시,부평구,2800000000,2823000000,공립,인천광역시 부평구 부개동
부광여자고등학교,8f992080-40aa-46b1-8928-58a06267bcdc,E100000216,04,인천광역시,부평구,2800000000,2823000000,공립,인천광역시 부평구 부개동
인천효성고등학교,172de353-cc69-4a59-9bcf-82f8f1a15fce,E100000298,04,인천광역시,계양구,2800000000,2824000000,공립,인천광역시 계양구 효성동
계산공업고등학교,70a977ed-b68c-4119-a286-48a9c335a3c9,E100000189,04,인천광역시,계양구,2800000000,2824000000,공립,인천광역시 계양구 계산동
계산고등학교,63144aec-562a-443c-9015-227aba0516d0,E100000188,04,인천광역시,계양구,2800000000,2824000000,공립,인천광역시 계양구 계산동
작전고등학교,1e7594ea-68a0-4997-b669-cdd64cc3ef5a,E100001707,04,인천광역시,계양구,2800000000,2824000000,공립,인천광역시 계양구 작전동
작전여자고등학교,bbb98f9e-74c9-4840-80dc-3a9d1db8f9fb,E100001705,04,인천광역시,계양구,2800000000,2824000000,공립,인천광역시 계양구 작전동
안남고등학교,ddfe984b-a3c7-4450-960e-4bd273aed619,E100001706,04,인천광역시,계양구,2800000000,2824000000,공립,인천광역시 계양구 작전동
서운고등학교,8180ffad-7fe5-4c7e-898d-ee231220653f,E100000229,04,인천광역시,계양구,2800000000,2824000000,공립,인천광역시 계양구 서운동
계산여자고등학교,05fc9cf0-0dd7-4b52-b8f9-b1b1f30c2e99,E100000190,04,인천광역시,계양구,2800000000,2824000000,공립,인천광역시 계양구 용종동
계양고등학교,2b202e81-0c02-4007-bf1a-858734d97a1b,E100000191,04,인천광역시,계양구,2800000000,2824000000,공립,인천광역시 계양구 용종동
인천세원고등학교,d1011f55-6dec-427d-9e28-056d8480dbd4,E100001967,04,인천광역시,계양구,2800000000,2824000000,공립,인천광역시 계양구 병방동
인천예일고등학교,e12e901e-0d37-4fc0-b90c-bed6ebad78b7,E100001710,04,인천광역시,계양구,2800000000,2824000000,공립,인천광역시 계양구 방축동
세종대성고등학교,f63a782f-f51d-4768-9895-d32c580d0d1c,I100000068,04,세종특별자치시,,3600000000,3611000000,사립,세종특별자치시 어진동
종촌고등학교,22bba2ef-ef92-4df1-8f44-7773648a38b6,I100000144,04,세종특별자치시,,3600000000,3611000000,공립,세종특별자치시 종촌동
두루고등학교,547cce54-1c99-4b45-9cce-4a596625ed1e,I100000156,04,세종특별자치시,,3600000000,3611000000,공립,세종특별자치시 고운동
고운고등학교,9d6c1af3-a3e6-41d5-8068-4fd982cf00ba,I100000145,04,세종특별자치시,,3600000000,3611000000,공립,세종특별자치시 고운동
세종국제고등학교,09bf4af5-5b9a-4c5b-91f0-24a4f14346c9,I100000120,04,세종특별자치시,,3600000000,3611000000,공립,세종특별자치시 아름동
아름고등학교,01f72a22-2d81-4dff-a410-ff3074a901e0,I100000107,04,세종특별자치시,,3600000000,3611000000,공립,세종특별자치시 아름동
양지고등학교,3316ef3b-eb07-4e92-be99-999cef0ed22f,I100000150,04,세종특별자치시,,3600000000,3611000000,공립,세종특별자치시 도담동
도담고등학교,e9ca3ecd-a726-4f50-8e72-bd5b0c97db92,I100000119,04,세종특별자치시,,3600000000,3611000000,공립,세종특별자치시 도담동
세종캠퍼스고등학교,3aaa3131-652e-4ac3-9219-8e628f474f0e,I100000310,04,세종특별자치시,,3600000000,3611000000,공립,세종특별자치시 산울동
해밀고등학교,ea5d16ca-9cc4-44ed-8836-e57532e837ea,I100000240,04,세종특별자치시,,3600000000,3611000000,공립,세종특별자치시 해밀동
세종예술고등학교,ccaf47b2-e633-46b1-b937-5ab3e77031dc,I100000147,04,세종특별자치시,,3600000000,3611000000,공립,세종특별자치시 세종동
세종여자고등학교,b307e76e-12d3-4d9c-ab5f-daf03feb4826,I100000069,04,세종특별자치시,,3600000000,3611000000,공립,세종특별자치시 조치원읍 서창리
세종고등학교,53a17224-edbf-4719-83fb-b773911ee969,I100000076,04,세종특별자치시,,3600000000,3611000000,공립,세종특별자치시 조치원읍 서창리
인성여자고등학교,9d052498-1e82-4770-8cae-0dfbd3d8b51f,E100000255,04,인천광역시,중구,2800000000,2811000000,사립,인천광역시 중구 송학동2가
인천여자상업고등학교,ee4dc806-7627-4ee3-bc73-5a8ebc5e2f47,E100000273,04,인천광역시,중구,2800000000,2811000000,공립,인천광역시 중구 신생동
인천반도체고등학교,bc6df820-60ee-4ff3-863d-8ba48da22a3c,E100000277,04,인천광역시,중구,2800000000,2811000000,공립,인천광역시 중구 율목동
광성고등학교,1d627af9-2f4f-4b20-a7bf-612ff2290fe1,E100000192,04,인천광역시,중구,2800000000,2811000000,사립,인천광역시 중구 도원동
인천중앙여자고등학교,0851bb2e-f7bc-4f02-bac7-0d501035b47d,E100000279,04,인천광역시,중구,2800000000,2811000000,사립,인천광역시 중구 도원동
인일여자고등학교,0b067b6c-acc6-41a6-a878-303292b28d8b,E100000256,04,인천광역시,중구,2800000000,2811000000,공립,인천광역시 중구 전동
제물포고등학교,d6cc0971-1311-42d8-b0ba-a7f489b1884c,E100000289,04,인천광역시,중구,2800000000,2811000000,공립,인천광역시 중구 전동
제물포고등학교부설방송통신고등학교,e16b842f-0466-40ba-9e6e-67b08bf35e11,E100000290,04,인천광역시,중구,2800000000,2811000000,공립,인천광역시 중구 전동
인천해사고등학교,37a384f4-6401-4bbb-8358-faa3b86e6e3f,A000003549,04,인천광역시,중구,2800000000,2811000000,국립,인천광역시 중구 북성동1가
한국주얼리고등학교,e731bab2-c0b6-4735-a62a-7fbf2711c3cb,E100000295,04,인천광역시,서구,2800000000,2826000000,사립,인천광역시 서구 백석동
백석고등학교,b9b5932c-9f12-4444-8094-73c54b77faa2,E100000213,04,인천광역시,서구,2800000000,2826000000,공립,인천광역시 서구 백석동
서인천고등학교,1acccc72-f2a6-4dc9-8019-fca893dd8f53,E100000230,04,인천광역시,서구,2800000000,2826000000,사립,인천광역시 서구 검암동
인천체육고등학교,4533cfbe-7bfe-46af-89bd-6a55c840fdaf,E100000280,04,인천광역시,서구,2800000000,2826000000,공립,인천광역시 서구 경서동
인천해원고등학교,7535f8b4-e7f2-4341-82eb-8d61263a7d0f,E100002161,04,인천광역시,서구,2800000000,2826000000,공립,인천광역시 서구 경서동
대인고등학교,2f2badd5-21f4-4d0f-804c-0fbdb93ab673,E100000198,04,인천광역시,서구,2800000000,2826000000,사립,인천광역시 서구 공촌동
인천디자인고등학교,a14bc5f7-151b-4572-a636-0134b789689e,E100000264,04,인천광역시,서구,2800000000,2826000000,공립,인천광역시 서구 연희동
가정고등학교,425ad6e7-0638-4108-9a16-f44c8268554c,E100000181,04,인천광역시,서구,2800000000,2826000000,공립,인천광역시 서구 가정동
인천신현고등학교,2092663f-0cc2-4ff4-b3f1-f852fd87fba2,E100001820,04,인천광역시,서구,2800000000,2826000000,공립,인천광역시 서구 신현동
인천보건고등학교,36cd66c6-8e51-423c-b885-2ebcdb6b4be2,E100000187,04,인천광역시,서구,2800000000,2826000000,사립,인천광역시 서구 석남동
가림고등학교,daae1fac-49b7-489c-86d8-78b5e189f8e4,E100001696,04,인천광역시,서구,2800000000,2826000000,공립,인천광역시 서구 가좌동
가좌고등학교,dc84a61c-705a-44dc-bff1-592efdf7118b,E100001709,04,인천광역시,서구,2800000000,2826000000,공립,인천광역시 서구 가좌동
인천마전고등학교,0805db4d-627d-4bfc-81e8-a3d173ee0d55,E100001809,04,인천광역시,서구,2800000000,2826000000,공립,인천광역시 서구 마전동
검단고등학교,4df90d7b-5ac7-447b-a93b-780236e88920,E100000186,04,인천광역시,서구,2800000000,2826000000,공립,인천광역시 서구 마전동
인천아라고등학교,0d540450-22ec-44de-94b3-61533e7d811e,E100002326,04,인천광역시,서구,2800000000,2826000000,공립,인천광역시 서구 당하동
문곡고등학교,3ae8675f-f138-40d1-9033-ac4dedbab0a5,E100000219,04,인천광역시,서구,2800000000,2826000000,사립,인천광역시 서구 당하동
인천원당고등학교,30dfac84-5c5b-4a5f-9808-2b7fce5d10ac,E100001786,04,인천광역시,서구,2800000000,2826000000,공립,인천광역시 서구 원당동
인천이음고등학교,89a32a2a-0b62-4c17-ae7e-f1338acd1b14,E100002355,04,인천광역시,서구,2800000000,2826000000,공립,인천광역시 서구 원당동
세종미래고등학교,925ab983-6a31-4ad7-a2f5-363caf714db7,I100000072,04,세종특별자치시,,3600000000,3611000000,공립,세종특별자치시 부강면 문곡리
대전신일여자고등학교,2a274848-73a8-4985-a666-97ae362db0c1,G100000193,04,대전광역시,중구,3000000000,3014000000,사립,대전광역시 중구 부사동
청란여자고등학교,8c0ca036-d723-4e0e-a169-6bd68cd828b1,G100000232,04,대전광역시,중구,3000000000,3014000000,사립,대전광역시 중구 부사동
남대전고등학교,e577cbaf-085c-4d5b-8d8e-d1acf92e1550,G100000166,04,대전광역시,중구,3000000000,3014000000,사립,대전광역시 중구 부사동
대전국제통상고등학교,44e590cb-3214-4c3f-aaf9-0387bb5a094e,G100000198,04,대전광역시,중구,3000000000,3014000000,공립,대전광역시 중구 문화동
대전동산고등학교,a5a7d325-b13a-43fb-bc65-a2429a4db829,G100000182,04,대전광역시,중구,3000000000,3014000000,사립,대전광역시 중구 문화동
충남기계공업고등학교,385cf902-0be8-46aa-921c-e4b7c8d5af89,G100000234,04,대전광역시,중구,3000000000,3014000000,공립,대전광역시 중구 문화동
대전한빛고등학교,f4d658d9-8a79-4ca1-8542-da4ffb5fef31,G100000205,04,대전광역시,중구,3000000000,3014000000,사립,대전광역시 중구 안영동
대전복수고등학교,196dbb75-599d-4426-a6d9-986bd7d32f9a,G100001177,04,대전광역시,서구,3000000000,3017000000,공립,대전광역시 서구 복수동
대전대신고등학교,c6c1df65-22cb-432d-b261-5735d9a867e6,G100000181,04,대전광역시,서구,3000000000,3017000000,사립,대전광역시 서구 복수동
대전제일고등학교,f29b426d-d618-40cb-b596-14ae129e226d,G100000187,04,대전광역시,서구,3000000000,3017000000,사립,대전광역시 서구 도마동
서대전여자고등학교,44cfcea0-b56e-4087-8b03-b94110827b5f,G100000216,04,대전광역시,서구,3000000000,3017000000,사립,대전광역시 서구 도마동
새소리음악고등학교,0fd98f89-7fc1-4bfd-9edd-84171a8f970e,G100001253,05,대전광역시,서구,3000000000,3017000000,사립,대전광역시 서구 도마동
대전산업정보고등학교,0308cacc-8583-49c0-be2d-e9f69c484443,G100000154,05,대전광역시,서구,3000000000,3017000000,공립,대전광역시 서구 용문동
대전괴정고등학교,8a51e0e3-7675-451e-8dfc-64f72264cef0,G100001086,04,대전광역시,서구,3000000000,3017000000,공립,대전광역시 서구 괴정동
대전예지고등학교,dd26fd06-df08-421e-9aca-5b4c629669b5,G100001146,05,대전광역시,서구,3000000000,3017000000,사립,대전광역시 서구 괴정동
대전외국어고등학교,a44a5f66-afe6-43b3-a8b2-212ff3eb73a0,G100000200,04,대전광역시,서구,3000000000,3017000000,공립,대전광역시 서구 내동
대전둔원고등학교,327a04bd-8bb4-4916-8937-ad638c7be37d,G100000185,04,대전광역시,서구,3000000000,3017000000,공립,대전광역시 서구 갈마동
한밭고등학교,aa3044b8-2fcc-413c-b3af-9c794f4a5431,G100000239,04,대전광역시,서구,3000000000,3017000000,공립,대전광역시 서구 갈마동
대전둔산여자고등학교,0964c40e-bd09-47b6-8e8e-17ac7a52c411,G100000184,04,대전광역시,서구,3000000000,3017000000,공립,대전광역시 서구 갈마동
인천청라고등학교,566544e3-02da-4e1c-ae08-3ae615c1c896,E100002023,04,인천광역시,서구,2800000000,2826000000,공립,인천광역시 서구 청라동
인천초은고등학교,4a1c1064-c110-4a69-acfd-50c386c23fdc,E100002025,04,인천광역시,서구,2800000000,2826000000,공립,인천광역시 서구 청라동
강화여자고등학교,590269d9-866f-4ef2-a755-d5b9fda4f7ea,E100000184,04,인천광역시,강화군,2800000000,2871000000,공립,인천광역시 강화군 강화읍 관청리
강화고등학교,0d642df1-7a21-4685-877e-980bef55a0c7,E100000183,04,인천광역시,강화군,2800000000,2871000000,공립,인천광역시 강화군 강화읍 국화리
덕신고등학교,98383e2c-d920-47f3-8c78-5a9200f7aade,E100000202,04,인천광역시,강화군,2800000000,2871000000,사립,인천광역시 강화군 강화읍 국화리
신정고등학교,ea210fe3-9e5c-48b7-9c6b-291056729365,C100002008,04,부산광역시,기장군,2600000000,2671000000,공립,부산광역시 기장군 정관읍
정관고등학교,77122512-1d8f-405d-b8d5-c8d789534ccd,C100002070,04,부산광역시,기장군,2600000000,2671000000,공립,부산광역시 기장군 정관읍
세종장영실고등학교,dc683b41-45c2-4a87-a8e8-b2aa79889c34,I100000223,04,세종특별자치시,,3600000000,3611000000,공립,세종특별자치시 금남면 호탄리
서대전고등학교,898cdd37-fb47-49b2-8003-eb16b897f7e5,G100000214,04,대전광역시,서구,3000000000,3017000000,사립,대전광역시 서구 월평동
동방고등학교,907b3b93-9b4a-4cd1-8fd0-0e4c96ea2e82,G100000207,04,대전광역시,서구,3000000000,3017000000,사립,대전광역시 서구 관저동
서일고등학교,f274f90c-534f-4b8b-960f-4fcd074e8181,G100000217,04,대전광역시,서구,3000000000,3017000000,사립,대전광역시 서구 관저동
서일여자고등학교,5e8c2a8e-ea5b-4366-bdbb-dab76a7708c8,G100000219,04,대전광역시,서구,3000000000,3017000000,사립,대전광역시 서구 관저동
대전구봉고등학교,744c7c89-131f-440e-9b61-3ccff47e21b6,G100001049,04,대전광역시,서구,3000000000,3017000000,공립,대전광역시 서구 관저동
대전관저고등학교,2bc17d38-30a6-4456-abb0-e8dd3edcb669,G100000178,04,대전광역시,서구,3000000000,3017000000,공립,대전광역시 서구 관저동
대전만년고등학교,282c77fc-d6dc-418f-97d4-78b694c8fb1c,G100000186,04,대전광역시,서구,3000000000,3017000000,공립,대전광역시 서구 만년동
새로남기독중고등학교(중학교),90d4c57b-1e12-4585-9f47-c987d2accf5b,G100001399,05,대전광역시,서구,3000000000,3017000000,사립,대전광역시 서구 만년동
새로남기독중고등학교(고등학교),ec93fc15-c573-403a-84d2-a724f8826df8,G100001400,05,대전광역시,서구,3000000000,3017000000,사립,대전광역시 서구 만년동
대전도시과학고등학교,d12ece2f-9411-45d6-9a3f-456653da7161,G100000176,04,대전광역시,유성구,3000000000,3020000000,공립,대전광역시 유성구 원내동
유성고등학교,3d5f0f06-33d7-434e-9a86-ae3025e050bd,G100000226,04,대전광역시,유성구,3000000000,3020000000,공립,대전광역시 유성구 구암동
유성생명과학고등학교,ab6babf8-e5cb-4dad-907d-f14f31e9fb25,G100000228,04,대전광역시,유성구,3000000000,3020000000,공립,대전광역시 유성구 구암동
대전체육고등학교,cf69966a-55b4-4a4e-a23f-713fa42ace95,G100000204,04,대전광역시,유성구,3000000000,3020000000,공립,대전광역시 유성구 원신흥동
대전도안고등학교,3b60606b-88a3-4640-956f-5f14221ec9c0,G100001274,04,대전광역시,유성구,3000000000,3020000000,공립,대전광역시 유성구 원신흥동
강남영상미디어고등학교,df5a5192-14e5-4438-b617-6427c6d993b7,E100000182,04,인천광역시,강화군,2800000000,2871000000,공립,인천광역시 강화군 길상면 온수리
산마을고등학교,3563d799-6b29-4c89-b69e-90faa1694c26,E100000195,04,인천광역시,강화군,2800000000,2871000000,사립,인천광역시 강화군 양도면 삼흥리
한국글로벌셰프고등학교,fc9069e2-0422-4e43-bf89-66d365d9589b,E100000225,04,인천광역시,강화군,2800000000,2871000000,사립,인천광역시 강화군 내가면
대전예술고등학교,59b2dbb7-d35b-4f41-b204-b490457ed547,G100000199,04,대전광역시,유성구,3000000000,3020000000,사립,대전광역시 유성구 상대동
대전노은고등학교,ad9b6b22-5a99-43a1-b93c-cba561cfa4eb,G100000180,04,대전광역시,유성구,3000000000,3020000000,공립,대전광역시 유성구 노은동
대전반석고등학교,4ac280fc-2abd-4d85-ab65-a84540d6bd88,G100001048,04,대전광역시,유성구,3000000000,3020000000,공립,대전광역시 유성구 지족동
대전지족고등학교,050ff90e-943e-4863-aec8-8d7305b1ecbd,G100001089,04,대전광역시,유성구,3000000000,3020000000,공립,대전광역시 유성구 지족동
유성여자고등학교,007da678-ed39-44db-9594-5d571674d434,G100000229,04,대전광역시,유성구,3000000000,3020000000,사립,대전광역시 유성구 죽동
대전과학고등학교,0e796154-28c1-4024-b741-8b75a6d99097,G100000177,04,대전광역시,유성구,3000000000,3020000000,공립,대전광역시 유성구 구성동
대덕고등학교,17b0edad-a58f-4409-8b79-6956f1bf8889,G100000167,04,대전광역시,유성구,3000000000,3020000000,공립,대전광역시 유성구 도룡동
대덕소프트웨어마이스터고등학교,d3b53f2d-9fe8-4a23-9339-bca343267bbf,G100000170,04,대전광역시,유성구,3000000000,3020000000,공립,대전광역시 유성구 장동
대전전자디자인고등학교,c2ebc4fe-1968-48c2-921f-4ab37c46ac09,G100000201,04,대전광역시,유성구,3000000000,3020000000,공립,대전광역시 유성구 화암동
대전전민고등학교,d8ac25ed-c8ef-47ea-b2be-b285d5e48070,G100001085,04,대전광역시,유성구,3000000000,3020000000,공립,대전광역시 유성구 전민동
대전용산고등학교,9110bd7d-a580-4868-aab5-9a3a4e5f26f2,G100001112,04,대전광역시,유성구,3000000000,3020000000,공립,대전광역시 유성구 용산동
중일고등학교,feb96a60-3688-4fa3-81d0-92b6dec94b3b,G100000231,04,대전광역시,유성구,3000000000,3020000000,사립,대전광역시 유성구 관평동
대전생활과학고등학교,3d5746a5-fe7e-4d57-a06e-a9f977a67fc5,G100000164,04,대전광역시,대덕구,3000000000,3023000000,사립,대전광역시 대덕구 오정동
대전송촌고등학교,ecac5edf-ced9-411e-9748-7de816436a46,G100000192,04,대전광역시,대덕구,3000000000,3023000000,공립,대전광역시 대덕구 송촌동
동대전고등학교,ebf15fc1-890f-435c-8d39-a6a83ede9f96,G100000206,04,대전광역시,대덕구,3000000000,3023000000,공립,대전광역시 대덕구 중리동
대전이문고등학교,3a0e9dbe-7cd2-4fdc-b538-233d11379aaf,G100000213,04,대전광역시,대덕구,3000000000,3023000000,사립,대전광역시 대덕구 석봉동
교동고등학교,021b25cf-b7fc-4a3a-80af-f6359505eb10,E100000194,04,인천광역시,강화군,2800000000,2871000000,공립,인천광역시 강화군 교동면 대룡리
서도고등학교,a9353fc7-3046-4b76-b29b-d4bd50bbd5f5,E100000228,04,인천광역시,강화군,2800000000,2871000000,공립,인천광역시 강화군 서도면 주문도리
서울과학고등학교,9c8f09c0-b4d3-4e97-b31c-01d70639c5dd,B100000569,04,서울특별시,종로구,1100000000,1111000000,공립,서울특별시 종로구 혜화동
경신고등학교,32851b77-317f-452a-b9f1-290cc246bfaf,B100000382,04,서울특별시,종로구,1100000000,1111000000,사립,서울특별시 종로구 혜화동
동성고등학교,8af1d1bc-1266-4e26-bc47-e40c8f2b62a5,B100000424,04,서울특별시,종로구,1100000000,1111000000,사립,서울특별시 종로구 혜화동
서울국제고등학교,4acd4242-34e9-4982-a4f3-08954525aa7b,B100005494,04,서울특별시,종로구,1100000000,1111000000,공립,서울특별시 종로구 명륜1가
서일문화예술고등학교,9dbd74c8-af92-44e6-9e99-cf0c87a7f864,B100000644,04,서울특별시,종로구,1100000000,1111000000,사립,서울특별시 종로구 창신동
서울예술고등학교,3c1b149c-fe01-46f9-b3f5-86c8eaedfcf3,B100000625,04,서울특별시,종로구,1100000000,1111000000,사립,서울특별시 종로구 평창동
울산애니원고등학교,fdecfae1-dc75-4294-ae2c-43cf85541937,H100000530,04,울산광역시,중구,3100000000,3111000000,공립,울산광역시 중구 성안동
함월고등학교,1f170f45-17c2-48fb-a03d-f3b4ede16311,H100000546,04,울산광역시,중구,3100000000,3111000000,공립,울산광역시 중구 유곡동
울산중앙고등학교,d6656c39-9374-4689-9b14-d4746416710e,H100000113,04,울산광역시,중구,3100000000,3111000000,공립,울산광역시 중구 태화동
다운고등학교,46358456-e7d6-4473-abed-cde967900731,H100000548,04,울산광역시,중구,3100000000,3111000000,공립,울산광역시 중구 다운동
학성여자고등학교,113662ee-0235-4592-bf07-c4d582d9fa33,H100000119,04,울산광역시,중구,3100000000,3111000000,공립,울산광역시 중구 약사동
약사고등학교,6b0e8243-8e3d-4d5d-a6b8-c5b061f84318,H100000706,04,울산광역시,중구,3100000000,3111000000,공립,울산광역시 중구 약사동
울산가온고등학교,33262b08-9784-41a9-8fb4-2e7edcf02385,H100000114,04,울산광역시,중구,3100000000,3111000000,공립,울산광역시 중구 반구동
우신고등학교,b36c3659-71a4-494a-944b-80efddc55c4a,H100000095,04,울산광역시,남구,3100000000,3114000000,사립,울산광역시 남구 무거동
무거고등학교,f6e55bc4-de0f-40a0-8c74-a897a0cd32f0,H100000611,04,울산광역시,남구,3100000000,3114000000,공립,울산광역시 남구 무거동
문수고등학교,2f585c5b-9162-450f-ab70-b8ce53a3f288,H100000080,04,울산광역시,남구,3100000000,3114000000,공립,울산광역시 남구 무거동
성광여자고등학교,c62513e8-8908-42b1-b308-5975697e9a7f,H100000089,04,울산광역시,남구,3100000000,3114000000,사립,울산광역시 남구 옥동
울산제일고등학교,13bfcc7d-7e35-4e1e-8070-70a41d881a3d,H100000111,04,울산광역시,남구,3100000000,3114000000,사립,울산광역시 남구 옥동
울산여자고등학교,3caff0c0-88f9-4727-94bd-fee7e8c66d51,H100000106,04,울산광역시,남구,3100000000,3114000000,공립,울산광역시 남구 신정동
울산여자상업고등학교,3191d0a6-267f-48be-acc3-d6d80b63d050,H100000107,04,울산광역시,남구,3100000000,3114000000,공립,울산광역시 남구 신정동
학성고등학교,ec95776f-c993-4d7b-b510-4c18628380e8,H100000117,04,울산광역시,남구,3100000000,3114000000,공립,울산광역시 남구 신정동
울산공업고등학교,45fc03a7-fb66-4459-996e-c23484deb44b,H100000099,04,울산광역시,남구,3100000000,3114000000,공립,울산광역시 남구 신정동
신정고등학교,33a73366-d79c-4431-ad29-e287265b2456,H100000091,04,울산광역시,남구,3100000000,3114000000,공립,울산광역시 남구 신정동
학성고등학교부설방송통신고등학교,8935fa96-41cf-4f57-acc2-600c65470938,H100000118,04,울산광역시,남구,3100000000,3114000000,공립,울산광역시 남구 신정동
울산강남고등학교,629f4df7-e0d5-42c5-b00c-0087a16f64a0,H100000675,04,울산광역시,남구,3100000000,3114000000,공립,울산광역시 남구 신정동
신탄진고등학교,8bdc98c3-b241-4fde-82f0-66d0e1e75775,G100000223,04,대전광역시,대덕구,3000000000,3023000000,공립,대전광역시 대덕구 신탄진동
남성여자고등학교,0985a9ba-eb75-4036-a864-8043a72e42e3,C100000372,04,부산광역시,중구,2600000000,2611000000,사립,부산광역시 중구 대청동1가
부산디지털고등학교,fa4949c2-19c7-4a54-9de5-bce0bc02e438,C100000448,04,부산광역시,중구,2600000000,2611000000,사립,부산광역시 중구 대청동4가
혜광고등학교,5fc61032-2ca3-459e-aa27-846e7fc1b169,C100000556,04,부산광역시,중구,2600000000,2611000000,사립,부산광역시 중구 보수동1가
백령고등학교,7ba0cd89-912c-48d9-9db6-cadb51286994,E100000212,04,인천광역시,옹진군,2800000000,2872000000,공립,인천광역시 옹진군 백령면 북포리
대청고등학교,84ac8725-ffe4-49fa-bac2-02072159dd16,E100000200,04,인천광역시,옹진군,2800000000,2872000000,공립,인천광역시 옹진군 대청면
덕적고등학교,422ddfb1-534d-4b91-ba6d-f5530c2bad2f,E100000203,04,인천광역시,옹진군,2800000000,2872000000,공립,인천광역시 옹진군 덕적면 진리
인천영흥고등학교,7d848352-b504-42fa-a13c-9a88e172ec35,E100002186,04,인천광역시,옹진군,2800000000,2872000000,공립,인천광역시 옹진군 영흥면 내리
이화여자고등학교,c00ccf7a-e225-45d5-a6cd-5052bc093693,B100000516,04,서울특별시,중구,1100000000,1114000000,사립,서울특별시 중구 정동
환일고등학교,ef9d82ca-8bc5-4f86-af66-1196c0e3605a,B100000566,04,서울특별시,중구,1100000000,1114000000,사립,서울특별시 중구 만리동2가
신광여자고등학교,9dc344c8-626f-4770-b5ba-91a23343923f,B100000483,04,서울특별시,용산구,1100000000,1117000000,사립,서울특별시 용산구 청파동3가
선린인터넷고등학교,51e33bde-75fb-4f67-b4e5-3dc4d458504f,B100000658,04,서울특별시,용산구,1100000000,1117000000,공립,서울특별시 용산구 청파동3가
중경고등학교,9e3be917-fd47-4c64-9e05-a6b0e5c3203d,B100000530,04,서울특별시,용산구,1100000000,1117000000,공립,서울특별시 용산구 이촌동
오산고등학교,db9ca962-1dfc-499c-940d-d28fa8c27bed,B100000509,04,서울특별시,용산구,1100000000,1117000000,사립,서울특별시 용산구 보광동
삼산고등학교,d535c902-e03e-4c16-acca-e7a9e64fab8a,H100000562,04,울산광역시,남구,3100000000,3114000000,공립,울산광역시 남구 삼산동
신선여자고등학교,359c6fce-7188-4bd5-9db4-ad7c056d8613,H100000564,04,울산광역시,남구,3100000000,3114000000,공립,울산광역시 남구 야음동
대현고등학교,2e53cea1-3eef-4c96-9658-41918ccef6c3,H100000563,04,울산광역시,남구,3100000000,3114000000,공립,울산광역시 남구 야음동
동주여자고등학교,8c549a22-8985-4e03-84e8-9f1e1e2d6ffe,C100000411,04,부산광역시,중구,2600000000,2611000000,사립,부산광역시 중구 광복동3가
부산서여자고등학교,116cbfb6-c409-45f0-bd8c-ce34e9b055a1,C100000453,04,부산광역시,서구,2600000000,2614000000,공립,부산광역시 서구 동대신동2가
경남고등학교,e89e601c-c80e-4c8c-a648-cabed8935149,C100000342,04,부산광역시,서구,2600000000,2614000000,공립,부산광역시 서구 동대신동3가
경성전자고등학교,efd72d85-5f23-4376-abd4-232fa79a8c50,C100000349,04,부산광역시,서구,2600000000,2614000000,사립,부산광역시 서구 서대신동3가
부경고등학교,86be4ef3-1dcc-4202-939d-83a3841f2bf6,C100000345,04,부산광역시,서구,2600000000,2614000000,공립,부산광역시 서구 서대신동3가
연평고등학교,fae534b8-67c2-43ac-a468-3b3ec284857e,E100000242,04,인천광역시,옹진군,2800000000,2872000000,공립,인천광역시 옹진군 연평면
무학여자고등학교,76546873-1e07-430b-9e8e-ff0888ede000,B100000436,04,서울특별시,성동구,1100000000,1120000000,공립,서울특별시 성동구 행당동
부산관광고등학교,d5cf2882-0f01-4cd2-b058-6fcb40998adc,C100000473,04,부산광역시,서구,2600000000,2614000000,사립,부산광역시 서구 남부민동
알로이시오전자기계고등학교,2ad78475-f826-4e4f-9690-3a73ee6dc906,C100000519,04,부산광역시,서구,2600000000,2614000000,사립,부산광역시 서구 암남동
부산고등학교,e637524e-91c2-49eb-9de5-81a3496f4c44,C100000429,04,부산광역시,동구,2600000000,2617000000,공립,부산광역시 동구 초량동
부산컴퓨터과학고등학교,03585a49-a060-49f8-ae8f-b634c44ad85d,C100000486,04,부산광역시,동구,2600000000,2617000000,사립,부산광역시 동구 초량동
부산국제영화고등학교,d229ec5b-5437-4891-8496-3acb8b14bbbc,C100000436,05,부산광역시,동구,2600000000,2617000000,사립,부산광역시 동구 초량동
경남여자고등학교부설방송통신고등학교,76e0f362-0628-4155-871b-3775df9a3740,C100000347,04,부산광역시,동구,2600000000,2617000000,공립,부산광역시 동구 수정동
경남여자고등학교,360d74d5-bffb-4bf8-a302-d44ceb5596c9,C100000346,04,부산광역시,동구,2600000000,2617000000,공립,부산광역시 동구 수정동
금성고등학교,e36b0349-bfae-4cda-b037-8947a90faa25,C100000362,04,부산광역시,동구,2600000000,2617000000,사립,부산광역시 동구 좌천동
데레사여자고등학교,2b746046-ed6c-4844-92aa-f20d6a737c92,C100000393,04,부산광역시,동구,2600000000,2617000000,사립,부산광역시 동구 범일동
부산보건고등학교,507fcb61-73fa-4ba8-b2b7-0e04cc63a23c,C100000545,04,부산광역시,영도구,2600000000,2620000000,사립,부산광역시 영도구 영선동4가
광양고등학교,56d5f80a-d4ac-4e25-9321-8beedc45f72f,B100000395,04,서울특별시,광진구,1100000000,1121500000,공립,서울특별시 광진구 자양동
자양고등학교,5c4bb8a0-d494-4a1c-bda7-b7a8cc9f6fc2,B100000521,04,서울특별시,광진구,1100000000,1121500000,공립,서울특별시 광진구 자양동
서울정화고등학교,cfccd39a-18ba-489c-b83f-d664e2f91d39,B100000613,04,서울특별시,동대문구,1100000000,1123000000,사립,서울특별시 동대문구 제기동
청량고등학교,5269a234-687d-4b73-8311-d5b8ca58edb9,B100000543,04,서울특별시,동대문구,1100000000,1123000000,공립,서울특별시 동대문구 청량리동
면목고등학교,4d0f1a8c-e434-4c0c-a82f-42ba6a089f98,B100000430,04,서울특별시,중랑구,1100000000,1126000000,공립,서울특별시 중랑구 면목동
중화고등학교,16d3756f-4e40-4b20-b5af-1cdf45c2fe4a,B100000536,04,서울특별시,중랑구,1100000000,1126000000,공립,서울특별시 중랑구 중화동
송곡고등학교,1dbda13a-1c00-4a1d-8141-22159da57b86,B100000475,04,서울특별시,중랑구,1100000000,1126000000,사립,서울특별시 중랑구 망우동
송곡여자고등학교,3312aa05-c6d9-48fe-910c-c191c96ccd76,B100000476,04,서울특별시,중랑구,1100000000,1126000000,사립,서울특별시 중랑구 망우동
송곡관광고등학교,b3decbfe-9c0b-4544-aeaf-a219f8259fa1,B100000647,04,서울특별시,중랑구,1100000000,1126000000,사립,서울특별시 중랑구 망우동
혜원여자고등학교,f6115cd4-3b0b-4bb8-98a8-5a272a00df0a,B100000561,04,서울특별시,중랑구,1100000000,1126000000,사립,서울특별시 중랑구 망우동
이화여자대학교병설미디어고등학교,022c45e2-1f8e-4cd4-8a8a-68ea397be822,B100000650,04,서울특별시,중랑구,1100000000,1126000000,사립,서울특별시 중랑구 망우동
울산삼일고등학교,09ca8a05-a583-4555-91a4-46ec949009be,H100000087,04,울산광역시,남구,3100000000,3114000000,사립,울산광역시 남구 선암동
문현고등학교,ebcd4f83-28dc-4eb0-8d3e-eff9d6205168,H100000613,04,울산광역시,동구,3100000000,3117000000,공립,울산광역시 동구 방어동
화암고등학교,bfa737ae-4126-4baa-9c10-a1be41c4f886,H100000126,04,울산광역시,동구,3100000000,3117000000,공립,울산광역시 동구 방어동
대송고등학교,b06c1eff-8cab-4bea-ae38-f6b7bd40d1b2,H100000083,04,울산광역시,동구,3100000000,3117000000,공립,울산광역시 동구 화정동
울산생활과학고등학교,51910101-9953-456b-86dc-a8245b8e14f5,H100000104,04,울산광역시,동구,3100000000,3117000000,공립,울산광역시 동구 화정동
방어진고등학교,55429c3a-424d-4089-a9a0-66ad1881b196,H100000085,04,울산광역시,동구,3100000000,3117000000,공립,울산광역시 동구 화정동
현대공업고등학교,92fbbdee-1bdd-42c3-b746-57e7c11f6331,H100000123,04,울산광역시,동구,3100000000,3117000000,사립,울산광역시 동구 동부동
현대고등학교,49549f39-ca79-4f39-84f8-2b10d2c9857f,H100000120,04,울산광역시,동구,3100000000,3117000000,사립,울산광역시 동구 서부동
남목고등학교,21311cd5-515f-43c7-ba00-97172cdd4d66,H100000550,04,울산광역시,동구,3100000000,3117000000,공립,울산광역시 동구 서부동
현대청운고등학교,1bd728d1-5d71-47ed-ab24-bf8f600e2edc,H100000124,04,울산광역시,동구,3100000000,3117000000,사립,울산광역시 동구 서부동
호계고등학교,a70c8a0e-d234-42b8-9886-0ad2a242ad10,H100000614,04,울산광역시,북구,3100000000,3120000000,공립,울산광역시 북구 호계동
부산영상예술고등학교,c3265fe8-705c-4487-a809-2e96fa4422fb,C100000462,04,부산광역시,영도구,2600000000,2620000000,공립,부산광역시 영도구 신선동3가
부산체육고등학교,4b1df8e5-fd9e-48a6-818b-0da7800a5b9d,C100000485,04,부산광역시,영도구,2600000000,2620000000,공립,부산광역시 영도구 동삼동
광명고등학교,d12497fb-d275-47ea-ab99-a1d4d351ff14,C100000357,04,부산광역시,영도구,2600000000,2620000000,사립,부산광역시 영도구 동삼동
영도여자고등학교,1f81d876-c185-492a-96c8-912d11fed3ed,C100000524,04,부산광역시,영도구,2600000000,2620000000,공립,부산광역시 영도구 동삼동
부산해사고등학교,46bb935c-dab4-4cd0-9a90-d22860380072,A000003604,04,부산광역시,영도구,2600000000,2620000000,국립,부산광역시 영도구 동삼동
세정고등학교,01e5a8e1-d7bc-44aa-875e-f75d3f7dc90e,C100000415,04,부산광역시,부산진구,2600000000,2623000000,사립,부산광역시 부산진구 양정동
성모여자고등학교,dd31e90e-511d-44ed-8df1-3710b42c5d61,C100000509,04,부산광역시,부산진구,2600000000,2623000000,사립,부산광역시 부산진구 양정동
양정고등학교,c2537c63-b335-4e55-8fb6-380468d533a8,C100000522,04,부산광역시,부산진구,2600000000,2623000000,사립,부산광역시 부산진구 양정동
부산진여자고등학교,2c81d1ea-556a-4eb0-b13a-b652c0a68de6,C100000483,04,부산광역시,부산진구,2600000000,2623000000,사립,부산광역시 부산진구 양정동
부산진여자상업고등학교,f2d95bcd-b78b-4bc6-924c-2b3638957273,C100000484,04,부산광역시,부산진구,2600000000,2623000000,공립,부산광역시 부산진구 양정동
부산정보고등학교,146ddf79-3762-460d-8fb1-45191aa49d70,C100000470,04,부산광역시,부산진구,2600000000,2623000000,사립,부산광역시 부산진구 양정동
부산동성고등학교,4a71864d-f22f-4208-8759-94047bdcf46d,C100000445,04,부산광역시,부산진구,2600000000,2623000000,사립,부산광역시 부산진구 전포동
동의고등학교,6d99cfa4-e712-4985-a292-12bd558451be,C100000409,04,부산광역시,부산진구,2600000000,2623000000,사립,부산광역시 부산진구 전포동
부산동고등학교,fd3d4169-1e98-4478-a42b-f90005fc9039,C100000444,04,부산광역시,부산진구,2600000000,2623000000,사립,부산광역시 부산진구 전포동
경남공업고등학교,6523fed7-715c-4d92-acb7-b96aae0f97ce,C100000344,04,부산광역시,부산진구,2600000000,2623000000,공립,부산광역시 부산진구 전포동
부산마케팅고등학교,79c57fd2-b577-49c1-ae6d-4d991d524761,C100000389,04,부산광역시,부산진구,2600000000,2623000000,사립,부산광역시 부산진구 전포동
부산진고등학교,33f90957-47e8-4105-950a-c2d70ea380e7,C100000482,04,부산광역시,부산진구,2600000000,2623000000,공립,부산광역시 부산진구 초읍동
개성고등학교,f8d39ca2-3f0e-4543-a82f-b2ef2eacb588,C100000452,04,부산광역시,부산진구,2600000000,2623000000,공립,부산광역시 부산진구 당감동
부산국제고등학교,7d8e0037-89f2-44f3-8299-0abc96dc03f0,C100000435,04,부산광역시,부산진구,2600000000,2623000000,공립,부산광역시 부산진구 당감동
경원고등학교,6a30a4c1-b734-4a5a-a521-6131ed3e1ca2,C100000350,04,부산광역시,부산진구,2600000000,2623000000,사립,부산광역시 부산진구 당감동
가야고등학교,e4458bff-2987-46ca-9353-bac0c037b7d5,C100000338,04,부산광역시,부산진구,2600000000,2623000000,사립,부산광역시 부산진구 가야동
개금고등학교,2ebb0aa3-d6bb-4c42-a4e9-a6927a493d6a,C100000339,04,부산광역시,부산진구,2600000000,2623000000,공립,부산광역시 부산진구 개금동
충렬고등학교,cac60614-de6c-48e1-b02f-98a2fa6df47e,C100000539,04,부산광역시,동래구,2600000000,2626000000,공립,부산광역시 동래구 명장동
혜화여자고등학교,9e269859-0457-4e7f-85d7-51a9b5786d60,C100000557,04,부산광역시,동래구,2600000000,2626000000,사립,부산광역시 동래구 명장동
금정고등학교,a42dfb77-04ad-4139-9f77-465abe4dbbac,C100000364,04,부산광역시,동래구,2600000000,2626000000,공립,부산광역시 동래구 명장동
대명여자고등학교,0108e52b-59b0-41a6-a913-d0e93288b5ba,C100000378,04,부산광역시,동래구,2600000000,2626000000,사립,부산광역시 동래구 명장동
용인고등학교,dd93cd67-ae04-4e14-bbe8-5b6ad545c400,C100000529,04,부산광역시,동래구,2600000000,2626000000,사립,부산광역시 동래구 명장동
학산여자고등학교,c4d02eff-abe1-4c65-8597-95a876b2eb5d,C100000542,04,부산광역시,동래구,2600000000,2626000000,사립,부산광역시 동래구 명장동
동래고등학교부설방송통신고등학교,a7a602b1-2249-43c2-b1d2-ad6709d9f058,C100000395,04,부산광역시,동래구,2600000000,2626000000,공립,부산광역시 동래구 칠산동
동래고등학교,2285df8b-a367-492c-a268-97dfd73b7cfc,C100000394,04,부산광역시,동래구,2600000000,2626000000,공립,부산광역시 동래구 칠산동
부산중앙여자고등학교,6f71c6b4-9f8c-4e24-aca3-0f757d3f4346,C100000479,04,부산광역시,동래구,2600000000,2626000000,공립,부산광역시 동래구 명륜동
동래원예고등학교,2308fc45-f21d-41db-a17c-4b5eff43ff0d,C100000399,04,부산광역시,동래구,2600000000,2626000000,공립,부산광역시 동래구 온천동
부산전자공업고등학교,5176fe49-12ae-453c-bf62-f3e385104566,C100000469,04,부산광역시,동래구,2600000000,2626000000,공립,부산광역시 동래구 온천동
사직고등학교,58451723-069f-45b3-9f75-f23be7039bb2,C100000497,04,부산광역시,동래구,2600000000,2626000000,공립,부산광역시 동래구 사직동
동인고등학교,cef4f0c6-814f-4e61-8a1b-92ff5925c049,C100000410,04,부산광역시,동래구,2600000000,2626000000,사립,부산광역시 동래구 사직동
사직여자고등학교,be75d4a6-6d22-467c-bcd9-7f5fa450bb53,C100000498,04,부산광역시,동래구,2600000000,2626000000,사립,부산광역시 동래구 사직동
경동고등학교,b815d46b-8596-4c3b-b939-69755d8bbbe3,B100000377,04,서울특별시,성북구,1100000000,1129000000,공립,서울특별시 성북구 삼선동3가
경동고등학교부설방송통신고등학교,ec035fef-7537-4b6b-afef-b112747b4b66,B100002501,04,서울특별시,성북구,1100000000,1129000000,공립,서울특별시 성북구 삼선동3가
계성고등학교,a4104211-7741-4763-963a-2efeb7e4ecb8,B100000386,04,서울특별시,성북구,1100000000,1129000000,사립,서울특별시 성북구 길음동
매곡고등학교,9851d52e-decf-45da-8be9-7146f040ce98,H100000701,04,울산광역시,북구,3100000000,3120000000,공립,울산광역시 북구 매곡동
울산외국어고등학교,e79a0a87-0590-49da-bea2-8ce6619f145f,H100000673,04,울산광역시,북구,3100000000,3120000000,공립,울산광역시 북구 중산동
울산동천고등학교,e84e19f9-2e67-45d9-aef8-080a5e81821c,H100000082,04,울산광역시,북구,3100000000,3120000000,공립,울산광역시 북구 천곡동
달천고등학교,36bd453a-0c1a-48b7-9a9a-ed5cfc25de02,H100000659,04,울산광역시,북구,3100000000,3120000000,공립,울산광역시 북구 달천동
강동고등학교,9dae980a-6523-4b5e-ade2-5b10d4a75cc0,H100000759,04,울산광역시,북구,3100000000,3120000000,공립,울산광역시 북구 산하동
울산스포츠과학고등학교,9995a70d-a8fb-4cb8-a0f4-780e5c487d99,H100000704,04,울산광역시,북구,3100000000,3120000000,공립,울산광역시 북구 산하동
무룡고등학교,1734495a-437e-4add-a5c8-be1e0b2cfbe4,H100000084,04,울산광역시,북구,3100000000,3120000000,공립,울산광역시 북구 연암동
울산마이스터고등학교,5c8a25a6-cbf3-40fc-b05b-db3ad63fdc58,H100000110,04,울산광역시,북구,3100000000,3120000000,공립,울산광역시 북구 효문동
효정고등학교,1df25b97-fafa-4e60-b174-de2ead5a6694,H100000128,04,울산광역시,북구,3100000000,3120000000,공립,울산광역시 북구 효문동
화봉고등학교,391cef08-8c22-4b63-88f0-c39578cb2f3e,H100000688,04,울산광역시,북구,3100000000,3120000000,공립,울산광역시 북구 화봉동
울산에너지고등학교,cb715b17-3446-4292-84d9-9d05e7470330,H100000115,04,울산광역시,북구,3100000000,3120000000,공립,울산광역시 북구 화봉동
세연고등학교,1f26e894-4e0b-4e1b-b9f1-999d72344320,C100000383,04,부산광역시,남구,2600000000,2629000000,사립,부산광역시 남구 대연동
대연고등학교,df97e36c-9894-4a40-be25-2bec3174cc32,C100000381,04,부산광역시,남구,2600000000,2629000000,사립,부산광역시 남구 대연동
동천고등학교,3396e423-f33c-4380-bff0-10ab993c5033,C100000412,04,부산광역시,남구,2600000000,2629000000,사립,부산광역시 남구 대연동
부산공업고등학교,b92982ea-5710-498e-aad5-ee1b93a537b2,C100000432,04,부산광역시,남구,2600000000,2629000000,공립,부산광역시 남구 대연동
부산중앙고등학교,0d901c7f-f526-4901-94af-7335438125f5,C100000478,04,부산광역시,남구,2600000000,2629000000,공립,부산광역시 남구 대연동
한국조형예술고등학교,04eeece9-41cc-460c-8846-17b2fc6a4086,C100000447,04,부산광역시,남구,2600000000,2629000000,공립,부산광역시 남구 용호동
예문여자고등학교,05a50cc3-a337-4b73-8d43-4562f95fb383,C100000527,04,부산광역시,남구,2600000000,2629000000,사립,부산광역시 남구 용호동
분포고등학교,2ad0d440-b8b6-435e-ae27-daffbd2cbfc3,C100001851,04,부산광역시,남구,2600000000,2629000000,공립,부산광역시 남구 용호동
동명공업고등학교,ec5b7a9a-21e7-4688-930f-f562bf89b36b,C100000402,04,부산광역시,남구,2600000000,2629000000,사립,부산광역시 남구 용당동
한얼고등학교,7bc4a6cc-2ea0-45d4-8feb-1d0cc337bfdc,C100000489,04,부산광역시,남구,2600000000,2629000000,사립,부산광역시 남구 문현동
대양고등학교,7dc4e349-c813-44db-98a5-84892caefdb6,C100000380,04,부산광역시,남구,2600000000,2629000000,사립,부산광역시 남구 문현동
배정고등학교,761b9c09-a451-4e13-8871-0b245f38ed5d,C100000421,04,부산광역시,남구,2600000000,2629000000,사립,부산광역시 남구 문현동
배정미래고등학교,cc48f990-bba5-47af-9a66-dc7184f3b014,C100000471,04,부산광역시,남구,2600000000,2629000000,사립,부산광역시 남구 문현동
문현여자고등학교,400ba28e-2635-493b-a7b7-fa8a116c7964,C100000418,04,부산광역시,남구,2600000000,2629000000,공립,부산광역시 남구 문현동
성지고등학교,3d1fb7fa-20ed-463c-80eb-133a4e3e2c72,C100000512,04,부산광역시,남구,2600000000,2629000000,사립,부산광역시 남구 우암동
금곡고등학교,8d0e49b9-cec9-4852-96d9-89a213ab8c97,C100001836,04,부산광역시,북구,2600000000,2632000000,공립,부산광역시 북구 금곡동
화명고등학교,6dc382d3-0593-48d9-8adc-59f19544137a,C100000558,04,부산광역시,북구,2600000000,2632000000,공립,부산광역시 북구 화명동
금명여자고등학교,b3e423db-778b-45bc-9760-3e093bbe0e34,C100001999,04,부산광역시,북구,2600000000,2632000000,공립,부산광역시 북구 화명동
만덕고등학교,339f33bd-5ef0-494c-84a1-cd320ff7b622,C100000416,04,부산광역시,북구,2600000000,2632000000,공립,부산광역시 북구 만덕동
낙동고등학교,9100bb94-09f0-4ed3-8f0c-8a438885b1f2,C100000370,04,부산광역시,북구,2600000000,2632000000,공립,부산광역시 북구 덕천동
삼정고등학교,e18f80c3-ca79-4409-9fa1-7fabacd4c202,C100000400,04,부산광역시,북구,2600000000,2632000000,사립,부산광역시 북구 구포동
성도고등학교,86aa988d-d7d0-4e5c-9dec-d8946947e82f,C100000508,04,부산광역시,북구,2600000000,2632000000,사립,부산광역시 북구 구포동
부산백양고등학교,eb4d47e7-8717-402a-809e-af77b66a95e9,C100000475,04,부산광역시,북구,2600000000,2632000000,공립,부산광역시 북구 구포동
경혜여자고등학교,393d6c67-57e2-4783-b152-d7481dd5314e,C100000353,04,부산광역시,북구,2600000000,2632000000,사립,부산광역시 북구 구포동
영산고등학교,906af11e-4e0b-4412-a7f4-80e6bacc6aed,C100000510,04,부산광역시,해운대구,2600000000,2635000000,사립,부산광역시 해운대구 반송동
서울문화고등학교,645eee44-e7f8-4b1c-a041-3af1cd19f03b,B100000637,04,서울특별시,도봉구,1100000000,1132000000,공립,서울특별시 도봉구 방학동
서울동산고등학교,e7e21a20-3b5a-4110-91f1-f6daa42ef6f9,B100000651,04,서울특별시,노원구,1100000000,1135000000,사립,서울특별시 노원구 공릉동
한국삼육고등학교,6d6f182a-3b10-4d2d-97da-7b2c14b16b4a,B100000552,04,서울특별시,노원구,1100000000,1135000000,사립,서울특별시 노원구 공릉동
경기기계공업고등학교,eff76aff-e47c-40a3-af5a-da660dd0fa02,B100000579,04,서울특별시,노원구,1100000000,1135000000,공립,서울특별시 노원구 하계동
혜성여자고등학교,10583d7f-e12a-47d9-99cd-52b6a7f2c88d,B100000560,04,서울특별시,노원구,1100000000,1135000000,사립,서울특별시 노원구 하계동
대진고등학교,69f2d64b-bfc6-4699-960a-b3b2c673388d,B100000414,04,서울특별시,노원구,1100000000,1135000000,사립,서울특별시 노원구 하계동
영신여자고등학교,cedce5dd-95d3-4133-abdb-f4155fdb5fda,B100000502,04,서울특별시,노원구,1100000000,1135000000,사립,서울특별시 노원구 중계동
불암고등학교,ade06d71-9a5c-4b35-a3c3-1e9293ed177e,B100005263,04,서울특별시,노원구,1100000000,1135000000,공립,서울특별시 노원구 중계동
상명고등학교,5ed411fd-7b71-417f-b5ce-06d7f608a35c,B100000451,04,서울특별시,노원구,1100000000,1135000000,사립,서울특별시 노원구 중계동
서라벌고등학교,78fc8693-42d2-48a0-8732-b1bf6bb3aa04,B100000454,04,서울특별시,노원구,1100000000,1135000000,사립,서울특별시 노원구 중계동
미래산업과학고등학교,823be82d-b27a-4e28-9f02-98bbe6e2899b,B100000587,04,서울특별시,노원구,1100000000,1135000000,사립,서울특별시 노원구 중계동
재현고등학교,3cabfd39-3cee-4996-9457-c8fc30c2cecc,B100000527,04,서울특별시,노원구,1100000000,1135000000,사립,서울특별시 노원구 중계동
영신간호비즈니스고등학교,bcc4ad60-c35f-4ce7-9eb5-bb47121fd10f,B100000619,04,서울특별시,노원구,1100000000,1135000000,사립,서울특별시 노원구 중계동
대진여자고등학교,78646da9-2ffd-43c2-9207-210f8e46a5dc,B100000415,04,서울특별시,노원구,1100000000,1135000000,사립,서울특별시 노원구 중계동
서울아이티고등학교,c23fa955-ae15-42be-8d37-6f83a7d13f2f,B100000599,04,서울특별시,노원구,1100000000,1135000000,사립,서울특별시 노원구 중계동
세명컴퓨터고등학교,38935115-ad1e-45e6-befc-1bf9c2acb500,B100000659,04,서울특별시,은평구,1100000000,1138000000,사립,서울특별시 은평구 불광동
예일여자고등학교,eb4a4a91-7734-49b3-9175-4e8cb5a9733a,B100000506,04,서울특별시,은평구,1100000000,1138000000,사립,서울특별시 은평구 구산동
예일디자인고등학교,b07c6424-f04e-44e9-8c71-d9a07337d8dc,B100000620,04,서울특별시,은평구,1100000000,1138000000,사립,서울특별시 은평구 구산동
은평고등학교,0be3f888-88cf-43ef-bc43-b358da2c9475,B100005583,04,서울특별시,은평구,1100000000,1138000000,공립,서울특별시 은평구 구산동
신도고등학교,ecfc2fe1-11a8-4606-8ae8-7bb469498e32,B100005530,04,서울특별시,은평구,1100000000,1138000000,공립,서울특별시 은평구 진관동
은평메디텍고등학교,77355f50-e53b-448d-a39f-3a46f7265021,B100000515,04,서울특별시,은평구,1100000000,1138000000,사립,서울특별시 은평구 진관동
하나고등학교,1f326780-7ce2-4730-8835-7d8057a70afb,B100005616,04,서울특별시,은평구,1100000000,1138000000,사립,서울특별시 은평구 진관동
진관고등학교,1e2fa78d-0dc1-40e2-a5f3-26e68238753a,B100005525,04,서울특별시,은평구,1100000000,1138000000,공립,서울특별시 은평구 진관동
울산기술공업고등학교,d010ff1b-15d1-4f43-8329-7eaa41b5b438,H100000096,04,울산광역시,울주군,3100000000,3171000000,사립,울산광역시 울주군 온산읍 덕신리
온산고등학교,8627b20b-bad5-4bc4-b287-757ce6bda8ab,H100000736,04,울산광역시,울주군,3100000000,3171000000,공립,울산광역시 울주군 온산읍 덕신리
언양고등학교,1a165c85-2558-4c7a-a2bd-080b0f16ce7f,H100000703,04,울산광역시,울주군,3100000000,3171000000,공립,울산광역시 울주군 언양읍 어음리
울산자연과학고등학교,c4489726-38c0-4800-acac-b3eb3fc082ec,H100000109,04,울산광역시,울주군,3100000000,3171000000,공립,울산광역시 울주군 언양읍 어음리
반여고등학교,c5c8f227-99fc-44ed-a52e-98dfc1bb90df,C100001868,04,부산광역시,해운대구,2600000000,2635000000,공립,부산광역시 해운대구 반여동
센텀고등학교,961b3e97-8083-4bd8-a004-d3555f471ab3,C100002000,04,부산광역시,해운대구,2600000000,2635000000,공립,부산광역시 해운대구 재송동
해강고등학교,e26e004a-f24a-4e48-a6f0-143d9e3d9451,C100001908,04,부산광역시,해운대구,2600000000,2635000000,공립,부산광역시 해운대구 우동
부산기계공업고등학교,4f7079f2-1fe2-4828-8b16-10cd4d8c214d,A000003543,04,부산광역시,해운대구,2600000000,2635000000,국립,부산광역시 해운대구 우동
부산문화여자고등학교,bfc8917e-075e-4e87-9c83-5ab25054d64d,C100000546,04,부산광역시,해운대구,2600000000,2635000000,사립,부산광역시 해운대구 우동
해운대고등학교,6b294db1-867d-4791-8d21-30c80e1f0687,C100000550,04,부산광역시,해운대구,2600000000,2635000000,사립,부산광역시 해운대구 우동
부산해군과학기술고등학교,9f5e12fd-836c-40ca-a15e-7db88f8046b3,C100000551,04,부산광역시,해운대구,2600000000,2635000000,공립,부산광역시 해운대구 우동
해운대관광고등학교,6130424b-f725-435e-84f9-a6d867367498,C100000552,04,부산광역시,해운대구,2600000000,2635000000,사립,부산광역시 해운대구 우동
해운대여자고등학교,3cba970e-a70d-4902-8947-d1b3e1f2bb94,C100000553,04,부산광역시,해운대구,2600000000,2635000000,사립,부산광역시 해운대구 우동
부산센텀여자고등학교,675584d4-0cbc-40c2-be8a-9a0f8bbac650,C100001877,04,부산광역시,해운대구,2600000000,2635000000,사립,부산광역시 해운대구 우동
부흥고등학교,5181cc8c-2139-450e-b79b-97555229e77e,C100000493,04,부산광역시,해운대구,2600000000,2635000000,공립,부산광역시 해운대구 좌동
양운고등학교,0409c222-9762-44d2-93f5-67670b527594,C100000521,04,부산광역시,해운대구,2600000000,2635000000,공립,부산광역시 해운대구 좌동
신도고등학교,5654c8f3-2525-4014-b7d9-589f00a320aa,C100000517,04,부산광역시,해운대구,2600000000,2635000000,공립,부산광역시 해운대구 좌동
동아고등학교,b5884b19-f6be-495d-9ba5-8cb9485a7c35,C100000406,04,부산광역시,사하구,2600000000,2638000000,사립,부산광역시 사하구 괴정동
동아공업고등학교,69f56844-fcdf-474e-870f-6dbb7fb45ab8,C100000407,04,부산광역시,사하구,2600000000,2638000000,사립,부산광역시 사하구 괴정동
해동고등학교,353802b2-9914-4de0-a1d4-29cb211dafa7,C100000549,04,부산광역시,사하구,2600000000,2638000000,사립,부산광역시 사하구 괴정동
대광고등학교,1e4f089e-cd09-44f8-979c-b997675a0ec0,C100000375,04,부산광역시,사하구,2600000000,2638000000,사립,부산광역시 사하구 당리동
부산일과학고등학교,c643cea5-321c-4e44-a9e6-dff8eb1dbb59,C100002096,04,부산광역시,사하구,2600000000,2638000000,공립,부산광역시 사하구 당리동
건국고등학교,9ab7e9c1-c446-484d-8c5f-51a4b8d8eeba,C100000340,04,부산광역시,사하구,2600000000,2638000000,사립,부산광역시 사하구 하단동
부산여자고등학교,dd3ad943-1470-404d-9c26-4602ee027791,C100000459,04,부산광역시,사하구,2600000000,2638000000,공립,부산광역시 사하구 하단동
성일여자고등학교,9f9586b5-1346-4919-b3d5-bd686f63e418,C100000511,04,부산광역시,사하구,2600000000,2638000000,사립,부산광역시 사하구 신평동
대동고등학교,0ac3ab9f-1c82-43c1-b404-d9c232cb978c,C100000377,04,부산광역시,사하구,2600000000,2638000000,사립,부산광역시 사하구 신평동
부산자동차마이스터고등학교,ee3241b6-37c3-4f74-807f-7c1cd031875c,C100000467,04,부산광역시,사하구,2600000000,2638000000,공립,부산광역시 사하구 장림동
학력인정국제금융고등학교,d305bece-0e62-46fe-8bba-8c4fbc3bf252,C100000476,05,부산광역시,사하구,2600000000,2638000000,사립,부산광역시 사하구 장림동
다대고등학교,9624083e-bd1a-49d0-9631-d2a7fe176acd,C100000374,04,부산광역시,사하구,2600000000,2638000000,공립,부산광역시 사하구 다대동
부일고등학교,6b224f81-4383-4eaf-8d11-a8dd5af74b6d,C100000490,04,부산광역시,사하구,2600000000,2638000000,사립,부산광역시 사하구 감천동
삼성여자고등학교,dc24ec6d-fb8c-4284-900c-502fa3128aec,C100000499,04,부산광역시,사하구,2600000000,2638000000,사립,부산광역시 사하구 감천동
부일전자디자인고등학교,29c002ff-6593-4051-ad64-ed671a20c629,C100000492,04,부산광역시,사하구,2600000000,2638000000,사립,부산광역시 사하구 감천동
남산고등학교,d8d79071-f38c-412a-87e4-9dd6a49ebbab,C100000371,04,부산광역시,금정구,2600000000,2641000000,공립,부산광역시 금정구 남산동
동래여자고등학교,93f1a168-8dd1-469f-aa20-5f9177337bfe,C100000397,04,부산광역시,금정구,2600000000,2641000000,사립,부산광역시 금정구 구서동
브니엘고등학교,6dc0e266-5c94-45e2-93bf-95a7a4892aa3,C100000494,04,부산광역시,금정구,2600000000,2641000000,사립,부산광역시 금정구 구서동
브니엘여자고등학교,32358e21-9b35-4027-9ba0-40b7e88905c1,C100000495,04,부산광역시,금정구,2600000000,2641000000,사립,부산광역시 금정구 구서동
브니엘예술고등학교,e050f246-7d3f-4f74-988d-421810d5ee6e,C100000496,04,부산광역시,금정구,2600000000,2641000000,사립,부산광역시 금정구 구서동
부산과학고등학교,d97959b2-02a0-4ab6-8927-b8d5feae0b9c,C100001847,04,부산광역시,금정구,2600000000,2641000000,공립,부산광역시 금정구 구서동
대진전자통신고등학교,30d9d10c-a8cf-4bcd-abe7-db8c5592300d,C100000387,04,부산광역시,금정구,2600000000,2641000000,사립,부산광역시 금정구 장전동
지산고등학교,93054274-cfb4-4732-a7d2-2f1c178d8112,C100000537,04,부산광역시,금정구,2600000000,2641000000,사립,부산광역시 금정구 부곡동
부산예술고등학교,4a53e0cd-ad79-4799-9c44-ea796e88db0d,C100000463,04,부산광역시,금정구,2600000000,2641000000,사립,부산광역시 금정구 부곡동
내성고등학교,a63b9005-b1f6-44cb-bfa2-a408e8f77fde,C100000373,04,부산광역시,금정구,2600000000,2641000000,공립,부산광역시 금정구 부곡동
부산정보관광고등학교,0987a5a9-56ed-4b7e-aefa-3c84e5cb3dde,C100000472,04,부산광역시,금정구,2600000000,2641000000,사립,부산광역시 금정구 부곡동
부산대학교사범대학부설고등학교,44cbc016-373c-4c92-8f7c-fd908d7ca3b3,A000003509,04,부산광역시,금정구,2600000000,2641000000,국립,부산광역시 금정구 부곡동
금샘고등학교,4b0b2365-fd98-47d3-b1d8-67345d94c347,C100000367,04,부산광역시,금정구,2600000000,2641000000,사립,부산광역시 금정구 서동
금정여자고등학교,4e444839-30f2-48cd-853e-249f7e2f5fdb,C100000365,04,부산광역시,금정구,2600000000,2641000000,공립,부산광역시 금정구 서동
학력인정예원여자고등학교,f679a5c8-27c4-431c-be8c-cf10231bde3f,C100000528,05,부산광역시,금정구,2600000000,2641000000,사립,부산광역시 금정구 회동동
부산강서고등학교,781b0995-09b5-4525-921c-a4837b6c6117,C100000424,04,부산광역시,강서구,2600000000,2644000000,공립,부산광역시 강서구 대저1동
목포여자고등학교,7a05ff59-1179-4ba0-ba29-fc688d5eed55,Q100000205,04,전라남도,목포시,4600000000,4611000000,공립,전라남도 목포시 대성동
한성과학고등학교,d4c4e459-0a59-415d-98a9-429b9ff8080a,B100000570,04,서울특별시,서대문구,1100000000,1141000000,공립,서울특별시 서대문구 현저동
이화여자대학교사범대학부속이화금란고등학교,31879281-312d-4550-b475-04ca31d7d245,B100000517,04,서울특별시,서대문구,1100000000,1141000000,사립,서울특별시 서대문구 대신동
한세사이버보안고등학교,2104f7e7-071f-4bea-889e-944d50b9a6aa,B100000662,04,서울특별시,마포구,1100000000,1144000000,사립,서울특별시 마포구 아현동
광성고등학교,31baa8ce-caf9-49ac-a7bb-33c116be3054,B100000393,04,서울특별시,마포구,1100000000,1144000000,사립,서울특별시 마포구 신수동
남창고등학교,ab5e1e1c-6b3e-4ed1-b7a0-7bff771dc3f7,H100000081,04,울산광역시,울주군,3100000000,3171000000,공립,울산광역시 울주군 온양읍 운화리
천상고등학교,2d947af1-7ff1-421c-9073-eb8c57017e7f,H100000702,04,울산광역시,울주군,3100000000,3171000000,공립,울산광역시 울주군 범서읍 천상리
울산상업고등학교,b791791a-19b2-4eb6-aac5-b63eecc8a344,H100000103,04,울산광역시,울주군,3100000000,3171000000,공립,울산광역시 울주군 범서읍 굴화리
범서고등학교,b4da0e3d-e567-4359-9dbb-7f05e5d15f50,H100000654,04,울산광역시,울주군,3100000000,3171000000,공립,울산광역시 울주군 범서읍 구영리
부산대저고등학교,aa52fbd1-5624-483d-be11-6a5e6556c60a,C100000441,04,부산광역시,강서구,2600000000,2644000000,사립,부산광역시 강서구 대저2동
경일고등학교,a0e95c21-74c7-4d65-b7f1-a8a0eb951342,C100000352,04,부산광역시,강서구,2600000000,2644000000,사립,부산광역시 강서구 명지동
부산남고등학교,485f66cc-5fc1-4cb3-ba83-6fa8ecc7b726,C100000438,04,부산광역시,강서구,2600000000,2644000000,공립,부산광역시 강서구 명지동
명호고등학교,316f648d-9177-43a5-b4aa-8cec190ddc08,C100002005,04,부산광역시,강서구,2600000000,2644000000,공립,부산광역시 강서구 명지동
부산소프트웨어마이스터고등학교,e9a248b9-8ce4-4d57-933e-d8943e0a9ebd,C100000450,04,부산광역시,강서구,2600000000,2644000000,공립,부산광역시 강서구 봉림동
장대현중고등학교,66e65d44-135b-4dc9-aa76-c2b990493839,C100002363,05,부산광역시,강서구,2600000000,2644000000,사립,부산광역시 강서구 신호동
덕문고등학교,c96ea6d1-b988-4aae-8957-6683b1dce642,C100000390,04,부산광역시,강서구,2600000000,2644000000,공립,부산광역시 강서구 성북동
이사벨고등학교,1efdfc67-449a-4e2f-86fc-2d8cac85d510,C100000530,04,부산광역시,연제구,2600000000,2647000000,사립,부산광역시 연제구 거제동
지구촌고등학교,b1613738-1891-432d-adce-4c5e6fcd1452,C100000536,04,부산광역시,연제구,2600000000,2647000000,사립,부산광역시 연제구 거제동
계성여자고등학교,422aa017-55e4-4258-a847-c5f444a009d1,C100000356,04,부산광역시,연제구,2600000000,2647000000,사립,부산광역시 연제구 거제동
부산외국어고등학교,5a246719-a430-49af-b61e-afbf6c18d4f0,C100000464,04,부산광역시,연제구,2600000000,2647000000,사립,부산광역시 연제구 연산동
연제고등학교,180726e5-87f9-4676-9d74-72a7de18748a,C100001907,04,부산광역시,연제구,2600000000,2647000000,공립,부산광역시 연제구 연산동
해연여자고등학교,28e510f8-5792-45be-bbf2-71eb9ccfa9c1,C100000461,04,부산광역시,수영구,2600000000,2650000000,사립,부산광역시 수영구 망미동
부산남일고등학교,cb9ec94b-7da2-4664-89a8-8fcf2c67b3f7,C100000440,04,부산광역시,수영구,2600000000,2650000000,공립,부산광역시 수영구 망미동
덕문여자고등학교,a896caf0-c920-4e3d-bec3-78ebc58fa444,C100000391,04,부산광역시,수영구,2600000000,2650000000,사립,부산광역시 수영구 광안동
부산동여자고등학교,ce62d954-ca1d-4bc5-bfd6-05699626b46b,C100000446,04,부산광역시,수영구,2600000000,2650000000,공립,부산광역시 수영구 남천동
완도고등학교,116cdfcb-4763-4e5c-9b1f-12831e84d0e1,Q100000291,04,전라남도,완도군,4600000000,4689000000,공립,전라남도 완도군 완도읍
완도수산고등학교,40f6f284-b408-467d-aa16-03071d95f0f8,Q100000293,04,전라남도,완도군,4600000000,4689000000,공립,전라남도 완도군 완도읍 가용리
완도금일고등학교,dcaf45ab-93a2-4c49-a032-a7b5d6c23164,Q100000292,04,전라남도,완도군,4600000000,4689000000,공립,전라남도 완도군 금일읍
노화고등학교,9e7eb445-1d4a-4a0a-87be-bd6ae00fa311,Q100000187,04,전라남도,완도군,4600000000,4689000000,공립,전라남도 완도군 노화읍
고금고등학교,e4880bb5-57e2-4caa-ada4-f7b996c47b0c,Q100000164,04,전라남도,완도군,4600000000,4689000000,공립,전라남도 완도군 고금면
약산고등학교,bb8de859-5de1-472a-87d1-157207e2d9d7,Q100000260,04,전라남도,완도군,4600000000,4689000000,공립,전라남도 완도군 약산면
소안고등학교,938857b9-b558-4bc0-8743-31401a023013,Q100000239,04,전라남도,완도군,4600000000,4689000000,공립,전라남도 완도군 소안면
진도실업고등학교,1909cc72-b3a0-455e-b179-ea936a83be4d,Q100000313,04,전라남도,진도군,4600000000,4690000000,공립,전라남도 진도군 진도읍
진도고등학교,b4e62ee4-2f88-41ab-8735-6305d5760d9e,Q100000312,04,전라남도,진도군,4600000000,4690000000,사립,전라남도 진도군 진도읍 동외리
영산성지고등학교,be5977f2-1e13-4824-89be-545a06f54712,Q100000280,04,전라남도,영광군,4600000000,4687000000,사립,전라남도 영광군 백수읍
진도국악고등학교,932cade0-83e6-4bc8-ba75-98494df60bd7,Q100000235,04,전라남도,진도군,4600000000,4690000000,공립,전라남도 진도군 임회면
조도고등학교,79b7e4e8-714c-46fe-9c2b-39e7f5dc9d06,Q100000307,04,전라남도,진도군,4600000000,4690000000,공립,전라남도 진도군 조도면
영광정보산업고등학교,bfedf834-68d3-4302-a5b4-273a76bed156,Q100000279,04,전라남도,영광군,4600000000,4687000000,공립,전라남도 영광군 군남면
영광전자고등학교,a35b54b8-0812-427a-b26d-8f53a4dcd1ad,Q100000278,04,전라남도,영광군,4600000000,4687000000,공립,전라남도 영광군 염산면
법성고등학교,cf80da09-bd10-46b6-b7b5-d777b3a2da42,Q100000222,04,전라남도,영광군,4600000000,4687000000,공립,전라남도 영광군 법성면
지명고등학교,85607825-a9bd-41eb-8834-8089f004a5b0,Q100000311,04,전라남도,신안군,4600000000,4691000000,공립,전라남도 신안군 지도읍 읍내리
신안해양과학고등학교,0fedf5ce-e0b0-455c-aec3-b28e9501c725,Q100000259,04,전라남도,신안군,4600000000,4691000000,공립,전라남도 신안군 압해읍 학교리
임자고등학교,6e6bd0ff-9aa8-4cf7-adb1-08032b77b8d1,Q100000294,04,전라남도,신안군,4600000000,4691000000,공립,전라남도 신안군 임자면
장성고등학교,3cb44402-9033-4d2f-bb93-cfe1a8c76c15,Q100000295,04,전라남도,장성군,4600000000,4688000000,사립,전라남도 장성군 장성읍
장성하이텍고등학교,639a9328-9ae1-4a7a-83be-eade9fe362fa,Q100000297,04,전라남도,장성군,4600000000,4688000000,공립,전라남도 장성군 장성읍
문향고등학교,d52e3076-97eb-4f3f-8245-cc6f8fa8313f,Q100000296,04,전라남도,장성군,4600000000,4688000000,공립,전라남도 장성군 장성읍 기산리
비금고등학교,e08c6e54-0f58-4acb-8c9f-a9d2d932001c,Q100000231,04,전라남도,신안군,4600000000,4691000000,공립,전라남도 신안군 비금면
도초고등학교,6f507da5-9b9f-4c9a-b4fd-fe2e79d981ba,Q100000194,04,전라남도,신안군,4600000000,4691000000,공립,전라남도 신안군 도초면
하의고등학교,0d0ed700-9b3a-411a-b5ba-f25cee51a637,Q100000318,04,전라남도,신안군,4600000000,4691000000,공립,전라남도 신안군 하의면 웅곡리
삼계부사관고등학교,b6d67ae3-fcc9-4175-a42b-a725c93e680a,Q100000233,04,전라남도,장성군,4600000000,4688000000,공립,전라남도 장성군 삼계면
안좌고등학교,3c2cf28e-5afa-4214-b985-cb35a8aea10f,Q100000258,04,전라남도,신안군,4600000000,4691000000,공립,전라남도 신안군 안좌면 읍동리
화순이양고등학교,4f15442d-28fd-4cc3-b958-e3e1818b2f04,Q100000336,04,전라남도,화순군,4600000000,4679000000,공립,전라남도 화순군 이양면 이양리
능주고등학교,b8db62fe-e1bc-4b75-a79b-0b3e20cb3f79,Q100000188,04,전라남도,화순군,4600000000,4679000000,사립,전라남도 화순군 능주면
구림공업고등학교,0e10ee30-0eaa-49b7-a93b-586c76437f83,Q100000180,04,전라남도,영암군,4600000000,4683000000,공립,전라남도 영암군 군서면
영암낭주고등학교,8eb99e42-050b-4518-9d33-3fdb45ced023,Q100000286,04,전라남도,영암군,4600000000,4683000000,공립,전라남도 영암군 학산면
함평고등학교,642465e3-c824-494a-b014-6e76116a097c,Q100000323,04,전라남도,함평군,4600000000,4686000000,사립,전라남도 함평군 함평읍
함평여자고등학교,984cbeb8-609a-42fa-837a-3f5c226d2520,Q100000326,04,전라남도,함평군,4600000000,4686000000,공립,전라남도 함평군 함평읍 내교리
함평학다리고등학교,874205ab-0a1e-4bfd-bc6e-c07f46801f7f,Q100000320,04,전라남도,함평군,4600000000,4686000000,공립,전라남도 함평군 함평읍 내교리
성요셉여자고등학교,75b5c668-1a25-4957-9d3c-6f0f06559ab8,Q100000236,04,전라남도,강진군,4600000000,4681000000,사립,전라남도 강진군 강진읍
강진고등학교,343c2012-c842-410b-bd3e-ab7d42a68084,Q100000162,04,전라남도,강진군,4600000000,4681000000,공립,전라남도 강진군 강진읍 서성리
전남생명과학고등학교,117ae026-854b-4a54-bf26-00c759bdb64b,Q100000163,04,전라남도,강진군,4600000000,4681000000,공립,전라남도 강진군 강진읍 교촌리
성요셉상호문화고등학교,dcdcfe6f-768c-4a68-b741-bc604b6178ba,Q100005576,05,전라남도,강진군,4600000000,4681000000,사립,전라남도 강진군 강진읍 평동리
전남미래국제고등학교,a8744b6a-1c31-4070-b057-ab7fe709d236,Q100005727,05,전라남도,강진군,4600000000,4681000000,공립,전라남도 강진군 강진읍 평동리
함평골프고등학교,1aacb909-eb67-435a-9619-84da1732cd01,Q100000324,04,전라남도,함평군,4600000000,4686000000,공립,전라남도 함평군 학교면 사거리
나산고등학교,7a5ed515-37d3-4b75-926e-7bdb13302291,Q100000183,04,전라남도,함평군,4600000000,4686000000,공립,전라남도 함평군 나산면
성전고등학교,4684085f-fcd1-463a-941f-42833c71be2d,Q100000238,04,전라남도,강진군,4600000000,4681000000,공립,전라남도 강진군 성전면 월평리
무안고등학교,b6850eff-ece6-42cd-b11a-7948865fc776,Q100000213,04,전라남도,무안군,4600000000,4684000000,공립,전라남도 무안군 무안읍 성남리
백제고등학교,7dc84c3a-e77b-4521-ae84-2d5b041cdc35,Q100000217,04,전라남도,무안군,4600000000,4684000000,사립,전라남도 무안군 무안읍 성남리
전남보건고등학교,c0622822-76c6-4dbe-99b0-e6e56e1e2eba,Q100000327,04,전라남도,함평군,4600000000,4686000000,공립,전라남도 함평군 월야면
병영상업고등학교,dc4a7fd5-0e98-4239-910e-4912103bf3a1,Q100000223,04,전라남도,강진군,4600000000,4681000000,공립,전라남도 강진군 병영면
전남체육고등학교,f04357b1-fce4-4279-9f9c-1ff8de5f1c55,Q100004882,04,전라남도,무안군,4600000000,4684000000,공립,전라남도 무안군 일로읍 월암리
남악고등학교,0a3913c3-69ae-4db4-84ca-e287af03ee3b,Q100005325,04,전라남도,무안군,4600000000,4684000000,공립,전라남도 무안군 삼향읍 남악리
전남예술고등학교,a5118ad4-7514-44a8-bd3c-de6a113c1a7b,Q100000303,04,전라남도,무안군,4600000000,4684000000,사립,전라남도 무안군 삼향읍 유교리
해룡고등학교,ee07de7f-aa17-4a15-9dc7-091632d4ae26,Q100000330,04,전라남도,영광군,4600000000,4687000000,사립,전라남도 영광군 영광읍
영광고등학교,a3e25c24-c7c3-44ad-9edd-639c05e5fa69,Q100000275,04,전라남도,영광군,4600000000,4687000000,공립,전라남도 영광군 영광읍
영광공업고등학교,da32c917-8b3f-4975-9a9f-00e2a611314d,Q100000277,04,전라남도,영광군,4600000000,4687000000,공립,전라남도 영광군 영광읍
해남고등학교,66379995-020e-40e2-ad3e-bc9c01c007a6,Q100000328,04,전라남도,해남군,4600000000,4682000000,공립,전라남도 해남군 해남읍
해남공업고등학교,7fb6ba93-a198-4c72-a8b6-773f7c2cf62b,Q100000329,04,전라남도,해남군,4600000000,4682000000,공립,전라남도 해남군 해남읍
고흥영주고등학교,68e32f25-d874-461a-b8c1-6446b43b2466,Q100000170,04,전라남도,고흥군,4600000000,4677000000,공립,전라남도 고흥군 과역면
현경고등학교,7ccf81ce-ac57-4920-87be-eb8729d28369,Q100000332,04,전라남도,무안군,4600000000,4684000000,공립,전라남도 무안군 현경면 외반리
송지고등학교,8511dede-7ba8-458a-be35-caa127799354,Q100000240,04,전라남도,해남군,4600000000,4682000000,공립,전라남도 해남군 송지면
해제고등학교,47eb6cac-40f4-44ed-b550-9c3214787fd0,Q100000331,04,전라남도,무안군,4600000000,4684000000,공립,전라남도 무안군 해제면
북평상업고등학교,2548b48a-25c0-443e-979e-9438068c1f27,Q100000230,04,전라남도,해남군,4600000000,4682000000,공립,전라남도 해남군 북평면 남창리
보성고등학교,3cd75857-fbf5-4cfc-a2de-257cebb43edf,Q100000224,04,전라남도,보성군,4600000000,4678000000,공립,전라남도 보성군 보성읍
다향고등학교,95d40dd1-2640-48aa-b42b-05b5237794dc,Q100000226,04,전라남도,보성군,4600000000,4678000000,공립,전라남도 보성군 보성읍
벌교여자고등학교,eee8b66c-827e-43e9-af25-d186b874f555,Q100000221,04,전라남도,보성군,4600000000,4678000000,사립,전라남도 보성군 벌교읍
벌교고등학교,c410697a-06ee-46ae-ac0e-8e8b398a67aa,Q100000219,04,전라남도,보성군,4600000000,4678000000,사립,전라남도 보성군 벌교읍 장좌리
벌교상업고등학교,1f15fb6a-af8d-4222-9dc2-22d2ce09b98c,Q100000220,04,전라남도,보성군,4600000000,4678000000,공립,전라남도 보성군 벌교읍 회정리
황산고등학교,aefecf58-f639-48b0-82d5-bc9c914dc173,Q100000338,04,전라남도,해남군,4600000000,4682000000,공립,전라남도 해남군 황산면
보성정보통신고등학교,a5a29d84-344f-43d0-b6c1-adc5f428660b,Q100000225,04,전라남도,보성군,4600000000,4678000000,공립,전라남도 보성군 복내면
전남미래자동차고등학교,35e97122-0ae3-43ff-8772-3bf2afda3b5e,Q100000301,04,전라남도,장흥군,4600000000,4680000000,공립,전라남도 장흥군 장흥읍
화원고등학교,207c27de-c12b-44b0-a179-698cff81e479,Q100000337,04,전라남도,해남군,4600000000,4682000000,사립,전라남도 해남군 화원면
조성고등학교,64d3a0df-628c-42fe-9123-e7f913e8d258,Q100000309,04,전라남도,보성군,4600000000,4678000000,공립,전라남도 보성군 조성면 조성리
예당고등학교,c92e003b-a7c5-4892-bd3b-f9f7d5cc38b4,Q100000289,04,전라남도,보성군,4600000000,4678000000,사립,전라남도 보성군 득량면
장흥고등학교,01096d8f-705f-4298-9c70-4114b71f2c74,Q100000299,04,전라남도,장흥군,4600000000,4680000000,공립,전라남도 장흥군 장흥읍 건산리
장흥관산고등학교,bd2cb5fb-9a14-4837-8722-b4bb5dfe5318,Q100000300,04,전라남도,장흥군,4600000000,4680000000,공립,전라남도 장흥군 관산읍 옥당리
한국말산업고등학교,b628f395-67b1-4c56-bfc5-19bed5e7b863,Q100000193,04,전라남도,장흥군,4600000000,4680000000,공립,전라남도 장흥군 대덕읍
영암고등학교,efeadcd1-ca0b-44cb-bd8f-d420c098cb43,Q100000285,04,전라남도,영암군,4600000000,4683000000,공립,전라남도 영암군 영암읍
영암여자고등학교,d05d62c7-9222-4a68-9fc9-8680acd43e1a,Q100000287,04,전라남도,영암군,4600000000,4683000000,사립,전라남도 영암군 영암읍
삼호고등학교,e2ca0689-b40e-4c08-8b1b-55d5a6ee3c0b,Q100005410,04,전라남도,영암군,4600000000,4683000000,공립,전라남도 영암군 삼호읍 용앙리
전남기술과학고등학교,16451160-8b04-40b8-a6e6-b4971b4c0279,Q100000335,04,전라남도,화순군,4600000000,4679000000,공립,전라남도 화순군 화순읍 신기리
화순고등학교,78c4fdec-03d0-4387-adbc-600dc6e3b1f2,Q100000334,04,전라남도,화순군,4600000000,4679000000,공립,전라남도 화순군 화순읍 삼천리
전남에너지고등학교,84893c82-cdb4-42a9-9bac-52fad3470c55,Q100000256,04,전라남도,영암군,4600000000,4683000000,공립,전라남도 영암군 신북면 이천리
대천여자고등학교,da3efdb1-a67c-4e0b-aad8-c8f1ae80c18d,N100000160,04,충청남도,보령시,4400000000,4418000000,공립,충청남도 보령시 대천동
대천고등학교,f3a06e35-d30f-4eba-ace2-b7d2750b5a27,N100000158,04,충청남도,보령시,4400000000,4418000000,공립,충청남도 보령시 죽정동
복자여자고등학교,18e1b4c1-0593-4020-8a47-3c6f627edfbe,N100000168,04,충청남도,천안시 동남구,4400000000,4413000000,사립,충청남도 천안시 동남구 성황동
천안공업고등학교,6e226d32-9a57-483f-bad3-e86148c236c3,N100000239,04,충청남도,천안시 동남구,4400000000,4413000000,공립,충청남도 천안시 동남구 성황동
천안중앙고등학교부설방송통신고등학교,e679d733-1bf5-42bd-8579-a72ffa3d4a5d,N100000247,04,충청남도,천안시 동남구,4400000000,4413000000,공립,충청남도 천안시 동남구 원성동
천안제일고등학교,48ad5234-dc3c-4c72-ac8a-49e68bbbd6a9,N100000240,04,충청남도,천안시 동남구,4400000000,4413000000,공립,충청남도 천안시 동남구 원성동
천안중앙고등학교,4697fb95-484e-443c-bdd6-24470d428c92,N100000246,04,충청남도,천안시 동남구,4400000000,4413000000,공립,충청남도 천안시 동남구 원성동
천안청수고등학교,c08d9531-b2ab-4e42-9a99-398635805a32,N100002547,04,충청남도,천안시 동남구,4400000000,4413000000,공립,충청남도 천안시 동남구 청수동
드림중고등학교,e46bde1c-0b1e-4450-9552-33c14422484f,N100002923,05,충청남도,천안시 동남구,4400000000,4413000000,사립,충청남도 천안시 동남구 삼룡동
천안여자고등학교,112e486e-a5f0-4ba9-be60-e49bacc1b786,N100000244,04,충청남도,천안시 동남구,4400000000,4413000000,공립,충청남도 천안시 동남구 삼룡동
천안고등학교,6ece9729-e862-4923-8915-20d212ec2e12,N100000238,04,충청남도,천안시 동남구,4400000000,4413000000,사립,충청남도 천안시 동남구 봉명동
천안여자상업고등학교,14c04f11-5056-40d2-9f48-79a6a6392ee3,N100000245,04,충청남도,천안시 동남구,4400000000,4413000000,사립,충청남도 천안시 동남구 봉명동
북일고등학교,a0f5d426-125e-4973-ac80-d52a3f092313,N100000241,04,충청남도,천안시 동남구,4400000000,4413000000,사립,충청남도 천안시 동남구 신부동
북일여자고등학교,182699b6-719b-4681-8f5a-3fbbaddff042,N100000242,04,충청남도,천안시 동남구,4400000000,4413000000,사립,충청남도 천안시 동남구 신부동
목천고등학교,cf124ff5-1457-402d-a94d-a43bfbb46bcd,N100000166,04,충청남도,천안시 동남구,4400000000,4413000000,공립,충청남도 천안시 동남구 목천읍
대천여자상업고등학교,e7f635c8-1162-47be-a749-e2aa8f760ca6,N100000161,04,충청남도,보령시,4400000000,4418000000,공립,충청남도 보령시 내항동
충남해양과학고등학교,8d59d278-1894-495c-9916-e5f0294a4b38,N100000258,04,충청남도,보령시,4400000000,4418000000,공립,충청남도 보령시 신흑동
웅천고등학교,45c4f5db-1cb2-4068-b36b-61a0e4a2412b,N100000221,04,충청남도,보령시,4400000000,4418000000,공립,충청남도 보령시 웅천읍 대창리
제주중앙여자고등학교,19a3f418-186f-44b5-aa42-b27ea88ab178,T100000128,04,제주특별자치도,제주시,5000000000,5011000000,공립,제주특별자치도 제주시 이도이동
제주여자상업고등학교,a0328d47-6f08-4d3a-b274-3724eb7f5369,T100000143,04,제주특별자치도,제주시,5000000000,5011000000,공립,제주특별자치도 제주시 건입동
제주대학교사범대학부설고등학교,c2af87b7-5e74-4939-9d15-dbc9c5b7eb96,A000003566,04,제주특별자치도,제주시,5000000000,5011000000,국립,제주특별자치도 제주시 용담삼동
오현고등학교,cc64f530-1631-4c53-9570-59d0460c42c7,T100000136,04,제주특별자치도,제주시,5000000000,5011000000,사립,제주특별자치도 제주시 화북일동
대기고등학교,7cd8e1d3-e10a-4512-8572-5ade90526dab,T100000132,04,제주특별자치도,제주시,5000000000,5011000000,사립,제주특별자치도 제주시 봉개동
제주여자고등학교,b3deac2a-b602-4776-999c-5a400ab580f6,T100000137,04,제주특별자치도,제주시,5000000000,5011000000,사립,제주특별자치도 제주시 아라일동
제주과학고등학교,cf4d939c-551f-4d02-a35b-fe95ba0d10c2,T100000156,04,제주특별자치도,제주시,5000000000,5011000000,공립,제주특별자치도 제주시 오라이동
제주제일고등학교부설방송통신고등학교,14e8ff6b-90e6-4dc5-bddd-4b600c507297,T100000155,04,제주특별자치도,제주시,5000000000,5011000000,공립,제주특별자치도 제주시 노형동
제주고등학교,74a9c6e5-4e9e-4f46-9df2-62650f2a551f,T100000157,04,제주특별자치도,제주시,5000000000,5011000000,공립,제주특별자치도 제주시 노형동
제주제일고등학교,747ca584-ba54-44fd-b0c5-6b7e09a32250,T100000127,04,제주특별자치도,제주시,5000000000,5011000000,공립,제주특별자치도 제주시 노형동
영주고등학교,f494f865-c196-4a0c-921e-ac6e1be81236,T100000153,04,제주특별자치도,제주시,5000000000,5011000000,사립,제주특별자치도 제주시 월평동
제주중앙고등학교,856cbc29-e5d1-4a48-89dd-d9e94b231529,T100000154,04,제주특별자치도,제주시,5000000000,5011000000,사립,제주특별자치도 제주시 월평동
신성여자고등학교,5089f8a8-1865-4649-b6fc-ae9c2a2e2992,T100000135,04,제주특별자치도,제주시,5000000000,5011000000,사립,제주특별자치도 제주시 영평동
남녕고등학교,cf385623-110a-4aad-9dee-50ac173e4840,T100000130,04,제주특별자치도,제주시,5000000000,5011000000,사립,제주특별자치도 제주시 연동
한림항공우주고등학교,53c804ab-281b-4e4a-80c6-35822fc5ae74,T100000148,04,제주특별자치도,제주시,5000000000,5011000000,공립,제주특별자치도 제주시 한림읍 한림리
한림고등학교,c249f48f-ff2f-4c5b-8001-3c2e756ebf54,T100000129,04,제주특별자치도,제주시,5000000000,5011000000,공립,제주특별자치도 제주시 한림읍 옹포리
제주외국어고등학교,748c2172-8d81-42a8-bf6b-e5f2a161ad22,T100000773,04,제주특별자치도,제주시,5000000000,5011000000,공립,제주특별자치도 제주시 애월읍 고성리
애월고등학교,a43ba7b1-1926-4ecc-bd4e-1fc0cf93158d,T100000140,04,제주특별자치도,제주시,5000000000,5011000000,공립,제주특별자치도 제주시 애월읍 고내리
병천고등학교,a88316c3-0ffb-426a-9b48-7f5112747d5a,N100000167,04,충청남도,천안시 동남구,4400000000,4413000000,공립,충청남도 천안시 동남구 병천면 탑원리
세화고등학교,be2efb31-a74d-45d7-81ed-b8bbddb5c897,T100000126,04,제주특별자치도,제주시,5000000000,5011000000,공립,제주특별자치도 제주시 구좌읍 세화리
함덕고등학교,cc733c21-7b81-41b7-94b8-8fb5aa63af6d,T100000150,04,제주특별자치도,제주시,5000000000,5011000000,공립,제주특별자치도 제주시 조천읍 신흥리
한마음고등학교,2d32f906-6060-4082-909e-39bc552af513,N100002527,04,충청남도,천안시 동남구,4400000000,4413000000,사립,충청남도 천안시 동남구 동면 장송리
천안두정고등학교,f4aad68a-9aa7-478d-af6f-ec40a00a4a1a,N100002463,04,충청남도,천안시 서북구,4400000000,4413000000,공립,충청남도 천안시 서북구 두정동
천안오성고등학교,9c853d95-2127-440a-ab62-98fe9ed69987,N100002553,04,충청남도,천안시 서북구,4400000000,4413000000,공립,충청남도 천안시 서북구 성성동
천안쌍용고등학교,c82616bf-95c7-43e8-b3c3-25ec50feeb90,N100002511,04,충청남도,천안시 서북구,4400000000,4413000000,공립,충청남도 천안시 서북구 쌍용동
천안불당고등학교,a33b0727-45b6-42fa-8ced-da8f20554dae,N100002892,04,충청남도,천안시 서북구,4400000000,4413000000,공립,충청남도 천안시 서북구 불당동
천안월봉고등학교,66000326-ceaa-4d36-a9d9-36fbe5c52a6e,N100002464,04,충청남도,천안시 서북구,4400000000,4413000000,공립,충청남도 천안시 서북구 불당동
천안업성고등학교,1d291b94-ce76-4462-8c87-df9acdfb9f45,N100002552,04,충청남도,천안시 서북구,4400000000,4413000000,공립,충청남도 천안시 서북구 업성동
천안신당고등학교,eba96f5e-6591-423e-b2ff-724d756a738c,N100002531,04,충청남도,천안시 서북구,4400000000,4413000000,공립,충청남도 천안시 서북구 신당동
천안상업고등학교,32a0fce2-b1c6-483e-ae03-6705216ed31f,N100000237,04,충청남도,천안시 서북구,4400000000,4413000000,사립,충청남도 천안시 서북구 신당동
충남관광보건고등학교,bc5d5650-0e89-47c4-9128-fc500757a0b1,N100000189,04,충청남도,천안시 서북구,4400000000,4413000000,공립,충청남도 천안시 서북구 성환읍 송덕리
한국뷰티고등학교,53115074-66f6-4425-9557-7aef88ab019e,T100000152,04,제주특별자치도,제주시,5000000000,5011000000,공립,제주특별자치도 제주시 한경면 고산리
충남예술고등학교,46b090fd-aaf4-489a-bc49-6216ecbb5c00,N100000255,04,충청남도,천안시 서북구,4400000000,4413000000,공립,충청남도 천안시 서북구 성거읍 천흥리
서귀포여자고등학교,de3a4b86-572a-4709-9eff-29c7fc2041e1,T100000125,04,제주특별자치도,서귀포시,5000000000,5013000000,공립,제주특별자치도 서귀포시 호근동
남주고등학교,b934f68d-159a-4248-9e65-8070d0c9dbc1,T100000131,04,제주특별자치도,서귀포시,5000000000,5013000000,사립,제주특별자치도 서귀포시 동홍동
서귀포고등학교,2b13df38-7a47-4ec9-a2c8-5869be36d9b3,T100000124,04,제주특별자치도,서귀포시,5000000000,5013000000,공립,제주특별자치도 서귀포시 동홍동
서귀포산업과학고등학교,71ccfae9-c229-4345-95a0-dd72d564e9ed,T100000158,04,제주특별자치도,서귀포시,5000000000,5013000000,공립,제주특별자치도 서귀포시 상효동
삼성여자고등학교,7a859175-c8a5-43ad-8054-6f39f3576388,T100000134,04,제주특별자치도,서귀포시,5000000000,5013000000,사립,제주특별자치도 서귀포시 토평동
중문고등학교,f2d21e5d-333e-42e7-92e7-708e25dc9a1e,T100000144,04,제주특별자치도,서귀포시,5000000000,5013000000,공립,제주특별자치도 서귀포시 대포동
대정고등학교,be32b00d-2e69-413d-b03b-dcbc5bd90564,T100000122,04,제주특별자치도,서귀포시,5000000000,5013000000,공립,제주특별자치도 서귀포시 대정읍 상모리
대정여자고등학교,fc02ede1-378b-4a08-adea-e8d5e4db8557,T100000123,04,제주특별자치도,서귀포시,5000000000,5013000000,공립,제주특별자치도 서귀포시 대정읍 하모리
성산고등학교,7f8d82ba-f50d-4a44-b6b9-5bf9a5cb0de7,T100000159,04,제주특별자치도,서귀포시,5000000000,5013000000,공립,제주특별자치도 서귀포시 성산읍 오조리
국립공주대학교사범대학부설고등학교,38c7e3ae-edf3-452b-800b-4b5a81a9be4c,A000003496,04,충청남도,공주시,4400000000,4415000000,국립,충청남도 공주시 봉황동
공주고등학교,e308ba68-dfc4-47c0-a57c-2adf2ee283aa,N100000131,04,충청남도,공주시,4400000000,4415000000,공립,충청남도 공주시 중학동
공주영명고등학교,5e5cd9e9-4ba7-4d66-8577-3d066c20871f,N100000137,04,충청남도,공주시,4400000000,4415000000,사립,충청남도 공주시 중동
공주금성여자고등학교,27d6ffc9-c814-47db-8482-5da9774bb242,N100000133,04,충청남도,공주시,4400000000,4415000000,사립,충청남도 공주시 웅진동
공주여자고등학교,2b38d149-0e9e-4b7a-a529-81a52d4c8213,N100000135,04,충청남도,공주시,4400000000,4415000000,공립,충청남도 공주시 금학동
공주생명과학고등학교,418f5d50-2f0b-4aa1-a253-83e54fe199d8,N100000134,04,충청남도,공주시,4400000000,4415000000,공립,충청남도 공주시 신관동
공주정보고등학교,15fbb437-58df-4291-8268-a3a06b38ff18,N100000138,04,충청남도,공주시,4400000000,4415000000,사립,충청남도 공주시 금흥동
공주마이스터고등학교,4786294c-d278-4c33-ac33-2e2cf63c4923,N100000132,04,충청남도,공주시,4400000000,4415000000,공립,충청남도 공주시 유구읍 백교리
표선고등학교,c68b97ac-bbf6-4d29-b528-5bcba85c1879,T100000146,04,제주특별자치도,서귀포시,5000000000,5013000000,공립,제주특별자치도 서귀포시 표선면 표선리
충남과학고등학교,319089c6-1bf6-4896-a9f1-cf1b38c03015,N100000254,04,충청남도,공주시,4400000000,4415000000,공립,충청남도 공주시 반포면 마암리
한일고등학교,1c5cd186-0f6d-4d79-99da-e9b8ceab4ea6,N100000264,04,충청남도,공주시,4400000000,4415000000,사립,충청남도 공주시 정안면 광정리
경산여자고등학교,44ccdaa7-0d09-4224-a401-a2614ccefe21,R100000726,04,경상북도,경산시,4700000000,4729000000,사립,경상북도 경산시 옥곡동
홍성공업고등학교,b8385ba3-c8c4-40d0-a37d-5c2c72f51ee3,N100000130,04,충청남도,홍성군,4400000000,4480000000,공립,충청남도 홍성군 결성면 읍내리
대구가톨릭대학교사범대학부속무학고등학교,2bfe57e3-c854-4f32-9737-e39986adbdf6,R100000791,04,경상북도,경산시,4700000000,4729000000,사립,경상북도 경산시 하양읍 도리리
포항예술고등학교,b0fd6528-8825-4a27-8701-d33174455697,R100000990,04,경상북도,포항시 북구,4700000000,4711000000,사립,경상북도 포항시 북구 흥해읍 대련리
경산고등학교,93cd9758-416e-4e5a-b42e-7481e220275b,R100000724,04,경상북도,경산시,4700000000,4729000000,공립,경상북도 경산시 계양동
충남반도체마이스터고등학교,0544b884-225b-41db-aa51-5ffd59c7baeb,N100000210,04,충청남도,예산군,4400000000,4481000000,공립,충청남도 예산군 예산읍 관작리
화령고등학교,a7d782db-e069-49fb-b8c2-da5997f22a11,R100001012,04,경상북도,상주시,4700000000,4725000000,공립,경상북도 상주시 화서면 달천리
다인정보고등학교,9fd6e3cb-5d77-42d0-804d-dd46f0b07518,R100000788,04,경상북도,의성군,4700000000,4773000000,공립,경상북도 의성군 다인면 도암리
예산예화여자고등학교,65ced29c-7aa4-4386-a6f5-0e7f4f98407b,N100000209,04,충청남도,예산군,4400000000,4481000000,사립,충청남도 예산군 예산읍 예산리
예산고등학교,a49b4ad9-9c63-45da-adf3-95b46497d76c,N100000206,04,충청남도,예산군,4400000000,4481000000,사립,충청남도 예산군 예산읍 예산리
예산여자고등학교,22169b68-6e5d-4fdc-a49b-d69bb531377f,N100000208,04,충청남도,예산군,4400000000,4481000000,공립,충청남도 예산군 예산읍 주교리
한국식품마이스터고등학교,675cf974-b9a8-4429-ba44-8b79f84211ae,N100000270,04,충청남도,부여군,4400000000,4476000000,공립,충청남도 부여군 홍산면 북촌리
청양고등학교,dc006930-a499-4499-a72b-9e22880324c5,N100002727,04,충청남도,청양군,4400000000,4479000000,공립,충청남도 청양군 청양읍 송방리
갈산고등학교,4ab94899-03f5-418f-a2fd-f8ca041a1e1b,N100000123,04,충청남도,홍성군,4400000000,4480000000,공립,충청남도 홍성군 갈산면 상촌리
성주여자고등학교,a4ea451e-dc72-4227-922d-669ad0b175ad,R100005954,04,경상북도,성주군,4700000000,4784000000,사립,경상북도 성주군 성주읍 경산리
부여전자고등학교,7ca22143-e63e-43d0-9490-a1a1b47ea11e,N100000173,04,충청남도,부여군,4400000000,4476000000,공립,충청남도 부여군 임천면 만사리
정산고등학교,12ad5318-84dd-4b54-89dd-647b0aee7ea9,N100000252,04,충청남도,청양군,4400000000,4479000000,공립,충청남도 청양군 정산면 서정리
장항고등학교,32510e11-8d20-43a9-9998-a86f7d83772c,N100000226,04,충청남도,서천군,4400000000,4477000000,사립,충청남도 서천군 장항읍 성주리
장항공업고등학교,68ffc950-3d0a-4a59-85b6-241ca6ad0210,N100000227,04,충청남도,서천군,4400000000,4477000000,공립,충청남도 서천군 장항읍 화천리
청송여자고등학교,fc2db668-519a-4359-a465-764a92c5d267,R100000969,04,경상북도,청송군,4700000000,4775000000,사립,경상북도 청송군 청송읍 월막리
서천여자고등학교,d7162fd0-c59a-475a-9a2a-8896621c9b92,N100000184,04,충청남도,서천군,4400000000,4477000000,공립,충청남도 서천군 서천읍 군사리
서천고등학교,b9cdb8ef-9b00-4489-8bb3-9028fe0564d6,N100000183,04,충청남도,서천군,4400000000,4477000000,공립,충청남도 서천군 서천읍 사곡리
비전고등학교,c38f65c3-e02a-4f7a-943c-59f3249e4d97,N100002528,04,충청남도,서천군,4400000000,4477000000,사립,충청남도 서천군 서천읍 태월리
한국미래문화고등학교,2218ac1f-d9fb-4082-8b54-39a4b0d16706,N100000186,04,충청남도,서천군,4400000000,4477000000,사립,충청남도 서천군 서천읍 화금리
경북체육고등학교,edebf3f8-61f5-4eda-baad-b547d37177e7,R100000723,04,경상북도,경산시,4700000000,4729000000,공립,경상북도 경산시 신교동
홍주고등학교,21ef5a49-f4a6-4e69-b6f4-886b4d47f9eb,N100000276,04,충청남도,홍성군,4400000000,4480000000,사립,충청남도 홍성군 홍성읍 오관리
홍성여자고등학교,70d2daae-18e8-4ac0-890e-d87375b9fac6,N100000274,04,충청남도,홍성군,4400000000,4480000000,공립,충청남도 홍성군 홍성읍 대교리
한국K-POP고등학교,a9e90e3f-67ba-4e1e-b125-19ea2d52c7eb,N100000139,04,충청남도,홍성군,4400000000,4480000000,사립,충청남도 홍성군 광천읍 신진리
서해삼육고등학교,1d0a5e17-be65-4c55-b283-f578f4c1628b,N100000187,04,충청남도,홍성군,4400000000,4480000000,사립,충청남도 홍성군 광천읍 광천리
충남드론항공고등학교,e0360c80-dd4e-4939-9ae6-0ed301b19817,N100000143,04,충청남도,홍성군,4400000000,4480000000,공립,충청남도 홍성군 광천읍 광천리
사동고등학교,8062a817-ab68-49f1-8f8b-71229a24b200,R100006348,04,경상북도,경산시,4700000000,4729000000,공립,경상북도 경산시 사동
청송고등학교,77ba67dd-ed43-4675-a0f8-7d2f66a6a9d8,R100000967,04,경상북도,청송군,4700000000,4775000000,공립,경상북도 청송군 청송읍 금곡리
충남디자인예술고등학교,be90c23b-d403-49ef-9787-a525c6c76035,N100000262,04,충청남도,서천군,4400000000,4477000000,공립,충청남도 서천군 한산면 성외리
홍성고등학교,c44d40fe-0def-4799-b0a5-de37f4daabf4,N100000272,04,충청남도,홍성군,4400000000,4480000000,공립,충청남도 홍성군 홍북읍 신경리
홍성고등학교부설방송통신고등학교,ff5c9c58-1bd4-4abe-8adb-d52436943b70,N100000273,04,충청남도,홍성군,4400000000,4480000000,공립,충청남도 홍성군 홍북읍 신경리
호서고등학교,098725ee-77ba-43a0-a496-76c8651c1f57,N100000269,04,충청남도,당진시,4400000000,4427000000,사립,충청남도 당진시 읍내동
당진고등학교,db1704af-f0fd-4177-9d8d-f8d43006aead,N100000154,04,충청남도,당진시,4400000000,4427000000,공립,충청남도 당진시 채운동
당진정보고등학교,1b1ce731-969a-44fe-8b50-0f120df26ea8,N100000157,04,충청남도,당진시,4400000000,4427000000,공립,충청남도 당진시 채운동
합덕고등학교,4f8223e0-ab3d-491a-b6f8-3619523f79a0,N100000267,04,충청남도,당진시,4400000000,4427000000,공립,충청남도 당진시 합덕읍 소소리
합덕제철고등학교,01771d05-af97-4336-adeb-0810c8461625,N100000265,04,충청남도,당진시,4400000000,4427000000,공립,충청남도 당진시 합덕읍 소소리
서야고등학교,aec661bd-71f8-4d61-b75f-59df328591e6,N100000181,04,충청남도,당진시,4400000000,4427000000,사립,충청남도 당진시 합덕읍 합덕리
송악고등학교,a8b7eea2-c107-4949-bcaa-f8108320fbda,N100000190,04,충청남도,당진시,4400000000,4427000000,사립,충청남도 당진시 송악읍 가학리
부여여자고등학교,973e571c-6ffa-443f-b49a-44a01509aea8,N100000172,04,충청남도,부여군,4400000000,4476000000,공립,충청남도 부여군 부여읍 쌍북리
부여고등학교,659c70dc-9fcc-4242-a071-b72a8e41d91e,N100000170,04,충청남도,부여군,4400000000,4476000000,공립,충청남도 부여군 부여읍 가탑리
부여정보고등학교,55661ba7-8976-4006-a259-c9b06bdfb1d8,N100000174,04,충청남도,부여군,4400000000,4476000000,공립,충청남도 부여군 규암면 외리
신평고등학교,18ba585f-1719-449c-91a3-3ce7dbc2b4c6,N100000191,04,충청남도,당진시,4400000000,4427000000,사립,충청남도 당진시 신평면 금천리
금산고등학교,b818e17d-1462-4a87-876a-98304153f0cb,N100000144,04,충청남도,금산군,4400000000,4471000000,공립,충청남도 금산군 금산읍 중도리
금산여자고등학교,452e27a2-6050-4900-aea1-76fce1e8060d,N100000147,04,충청남도,금산군,4400000000,4471000000,공립,충청남도 금산군 금산읍 아인리
금산산업고등학교,9f38add8-cdad-4de3-b743-1bb2c9c26932,N100000146,04,충청남도,금산군,4400000000,4471000000,공립,충청남도 금산군 금산읍 아인리
주산산업고등학교,f7093d41-443d-4e5d-9e07-ad87f68a8696,N100000233,04,충청남도,보령시,4400000000,4418000000,공립,충청남도 보령시 주산면 금암리
서산공업고등학교,53847e70-48d3-4a6d-9d9b-64cd768f4eba,N100000220,04,충청남도,서산시,4400000000,4421000000,공립,충청남도 서산시 운산면 용장리
서산고등학교,31a780b3-9272-4472-ac17-c4037fefc25c,N100000177,04,충청남도,서산시,4400000000,4421000000,공립,충청남도 서산시 해미면 읍내리
쌘뽈여자고등학교,eaf5025e-570c-4c8e-a4b0-88a8060dbfac,N100000193,04,충청남도,논산시,4400000000,4423000000,사립,충청남도 논산시 부창동
국방항공고등학교,92c3091b-fb7e-4635-b372-4c648bba1956,N100000150,04,충청남도,논산시,4400000000,4423000000,공립,충청남도 논산시 취암동
논산여자고등학교,027c51ee-2569-48de-8cc2-0de6bdfd5091,N100000152,04,충청남도,논산시,4400000000,4423000000,공립,충청남도 논산시 취암동
충남체육고등학교,432aac4a-acff-49f9-b005-474985823018,N100000257,04,충청남도,논산시,4400000000,4423000000,공립,충청남도 논산시 취암동
논산대건고등학교,e41b049c-031c-4e37-8df0-9186504cd36f,N100000151,04,충청남도,논산시,4400000000,4423000000,사립,충청남도 논산시 등화동
논산고등학교,56bfbe03-808b-4c38-9031-38829536c170,N100000149,04,충청남도,논산시,4400000000,4423000000,공립,충청남도 논산시 내동
논산여자상업고등학교,fddaa2db-e9a0-4171-be85-1089e6926a6f,N100000153,04,충청남도,논산시,4400000000,4423000000,사립,충청남도 논산시 강산동
온양고등학교,d4038d3b-30fe-47ef-b998-e182af3ad1e2,N100000213,04,충청남도,아산시,4400000000,4420000000,공립,충청남도 아산시 온천동
아산고등학교,4cb99d79-93ad-45cf-bb90-e495d95d42b2,N100000194,04,충청남도,아산시,4400000000,4420000000,사립,충청남도 아산시 온천동
온양여자고등학교,f26e35e5-7859-4148-a6ec-2328cdd6bf20,N100000214,04,충청남도,아산시,4400000000,4420000000,공립,충청남도 아산시 풍기동
온양용화고등학교,579b4106-6d3a-43b3-bb14-c37f8ea34d9e,N100002468,04,충청남도,아산시,4400000000,4420000000,공립,충청남도 아산시 용화동
한올고등학교,0df272bc-330a-4139-832b-4e5b399228ee,N100000217,04,충청남도,아산시,4400000000,4420000000,사립,충청남도 아산시 권곡동
강경고등학교,4bd41153-ef54-46a4-9a63-0350c719ea4f,N100000124,04,충청남도,논산시,4400000000,4423000000,공립,충청남도 논산시 강경읍 남교리
강경상업고등학교,dea5836f-72e5-4a06-bd1a-01d23cc25232,N100000126,04,충청남도,논산시,4400000000,4423000000,공립,충청남도 논산시 강경읍 남교리
연무마이스터고등학교,0d6826bb-e9fb-4a72-aca3-9a6fd8c944b7,N100000199,04,충청남도,논산시,4400000000,4423000000,공립,충청남도 논산시 연무읍 마산리
연무고등학교,c7a27309-ee7c-4b16-949c-0cca50598693,N100000197,04,충청남도,논산시,4400000000,4423000000,사립,충청남도 논산시 연무읍 동산리
금산하이텍고등학교,e2616f53-004d-43f2-a60a-e6b1a0b03209,N100000236,04,충청남도,금산군,4400000000,4471000000,공립,충청남도 금산군 진산면 읍내리
배방고등학교,54054e29-932c-436f-9825-9e9f30c58408,N100002834,04,충청남도,아산시,4400000000,4420000000,공립,충청남도 아산시 배방읍 북수리
이순신고등학교,8d964d22-c3fb-41cf-8588-c57103f12bac,N100002965,04,충청남도,아산시,4400000000,4420000000,공립,충청남도 아산시 배방읍 세교리
설화고등학교,e23cb773-7186-42c7-9c24-7a5fa383c6a4,N100002667,04,충청남도,아산시,4400000000,4420000000,공립,충청남도 아산시 배방읍 장재리
충남외국어고등학교,2cc4bf9c-428c-4092-8907-70f85849a944,N100002532,04,충청남도,아산시,4400000000,4420000000,공립,충청남도 아산시 탕정면
충남삼성고등학교,0d83998e-0224-4557-9626-adc241405aee,N100002870,04,충청남도,아산시,4400000000,4420000000,사립,충청남도 아산시 탕정면 명암리
아산스마트팩토리마이스터고등학교,32153fba-3ec1-492b-a70f-2572b3ea7029,N100000164,04,충청남도,아산시,4400000000,4420000000,공립,충청남도 아산시 둔포면 둔포리
아산충무고등학교,a8db4b47-0f18-4295-bc58-04203c237fe4,N100003000,04,충청남도,아산시,4400000000,4420000000,공립,충청남도 아산시 둔포면 석곡리
한국국제비즈니스고등학교,2e082cf4-5c95-43b4-8627-e1f4acf3a2d4,N100000256,04,충청남도,논산시,4400000000,4423000000,공립,충청남도 논산시 연산면 한전리
건양대학교병설건양고등학교,7801317a-7506-4fe0-a891-63d70527734f,N100000128,04,충청남도,논산시,4400000000,4423000000,사립,충청남도 논산시 양촌면 남산리
서령고등학교,a368e798-3504-4111-8c5f-da40f71c72f0,N100000176,04,충청남도,서산시,4400000000,4421000000,사립,충청남도 서산시 동문동
서산중앙고등학교,ab25433e-a652-42be-8b07-2035df6452c3,N100000178,04,충청남도,서산시,4400000000,4421000000,공립,충청남도 서산시 동문동
서산여자고등학교,c739f62c-c4c6-4ef8-99d8-f4e5fdab2208,N100000180,04,충청남도,서산시,4400000000,4421000000,공립,충청남도 서산시 석림동
대산고등학교,0e372269-a54c-4287-8abc-19071f29f72d,N100002600,04,충청남도,서산시,4400000000,4421000000,공립,충청남도 서산시 대산읍 대산리
부석고등학교,824cca81-8d1c-4475-83dd-70a8184db1d1,N100000169,04,충청남도,서산시,4400000000,4421000000,공립,충청남도 서산시 부석면 취평리
계룡고등학교,c12fdd06-35be-4931-be11-9168850d4321,N100002546,04,충청남도,계룡시,4400000000,4425000000,공립,충청남도 계룡시 두마면 농소리
용남고등학교,2d9a976c-4e50-4e81-9def-577ca99e7ad9,N100000218,04,충청남도,계룡시,4400000000,4425000000,공립,충청남도 계룡시 신도안면
서일고등학교,8eb76487-d2aa-4311-aa5a-67b14264e526,N100000182,04,충청남도,서산시,4400000000,4421000000,사립,충청남도 서산시 지곡면 화천리
광혜원고등학교,b0f4e7bc-27fe-4172-9eba-6ba6245b7d96,M100000129,04,충청북도,진천군,4300000000,4375000000,공립,충청북도 진천군 광혜원면 광혜원리
국원고등학교,57b5a970-9a1b-4f53-948c-79c8417e2004,M100000245,04,충청북도,충주시,4300000000,4313000000,공립,충청북도 충주시 봉방동
성남외국어고등학교,6c91c4af-ba5c-4ffe-9de9-af7b7d4f2825,J100005282,04,경기도,성남시 분당구,4100000000,4113000000,공립,경기도 성남시 분당구 백현동
보평고등학교,8f5b5596-169a-4804-b502-76a9cca4910d,J100005836,04,경기도,성남시 분당구,4100000000,4113000000,공립,경기도 성남시 분당구 백현동
청원고등학교,86d9a259-e3b8-456b-b2eb-706b19a8b24d,M100001915,04,충청북도,청주시 청원구,4300000000,4311000000,공립,충청북도 청주시 청원구 오창읍 구룡리
목도고등학교,006885cc-1223-4cbe-98a8-c170e73c4a07,M100000146,04,충청북도,괴산군,4300000000,4376000000,공립,충청북도 괴산군 불정면 목도리
대금고등학교,df45734d-93dd-4af2-b25b-0a8caa864bd6,M100002081,04,충청북도,음성군,4300000000,4377000000,공립,충청북도 음성군 금왕읍 본대리
경북세무고등학교,e5a037cf-8087-4f3f-9bd3-cc241d83f43e,R100000775,04,경상북도,포항시 북구,4700000000,4711000000,공립,경상북도 포항시 북구 기계면 현내리
충북반도체고등학교,2f539b3f-d494-4358-adc8-fe1de8aa51d7,M100000134,04,충청북도,음성군,4300000000,4377000000,공립,충청북도 음성군 금왕읍 금석리
풍양고등학교,0958b42c-fec3-4f9b-8162-9c9852d08ab3,R100001000,04,경상북도,예천군,4700000000,4790000000,공립,경상북도 예천군 풍양면 낙상리
경주예일고등학교,d9da58dc-2cf1-4289-b02a-67146aaabbae,R100000885,04,경상북도,경주시,4700000000,4713000000,사립,경상북도 경주시 안강읍 산대리
북삼고등학교,599b414d-c34a-4caa-8105-e1777b2a7cbb,R100006308,04,경상북도,칠곡군,4700000000,4785000000,공립,경상북도 칠곡군 북삼읍 인평리
청주IT과학고등학교,ecdb9cce-f5b6-4478-9045-eb895906d8a0,M100000257,04,충청북도,청주시 서원구,4300000000,4311000000,사립,충청북도 청주시 서원구 현도면 죽암리
충주공업고등학교,5ffb93d7-bb1d-466e-a47e-c248dee9eb1b,M100000244,04,충청북도,충주시,4300000000,4313000000,공립,충청북도 충주시 용산동
충주여자고등학교,daab2029-e5a2-4d9e-80ed-3644233969b1,M100000248,04,충청북도,충주시,4300000000,4313000000,공립,충청북도 충주시 용산동
링컨중고등학교(중),dc1c88a3-e99c-4dcc-9368-24de558436ad,R100006511,05,경상북도,김천시,4700000000,4715000000,사립,경상북도 김천시 대덕면 관기리
링컨중고등학교,9b70be6e-372b-4de7-9d28-c46a52fee28c,R100006510,05,경상북도,김천시,4700000000,4715000000,사립,경상북도 김천시 대덕면 관기리
석적고등학교,fd7f248f-edcb-4da7-9797-50ed8bb66792,R100006416,04,경상북도,칠곡군,4700000000,4785000000,공립,경상북도 칠곡군 석적읍
중앙탑고등학교,6cea9c38-fc49-444e-90cd-a20adcaff8ee,M100002300,04,충청북도,충주시,4300000000,4313000000,공립,충청북도 충주시 중앙탑면 용전리
괴산고등학교,ec1a4406-8f7c-40fe-9915-ef2351f30fa3,M100000130,04,충청북도,괴산군,4300000000,4376000000,공립,충청북도 괴산군 괴산읍 대사리
충북공업고등학교,7c616e74-c681-464b-a153-53005d2ba25f,M100000232,04,충청북도,청주시 흥덕구,4300000000,4311000000,공립,충청북도 청주시 흥덕구 가경동
충북대학교사범대학부설고등학교,c2bc7bc8-a585-4d42-b20c-11c1701dd4fb,A000003569,04,충청북도,청주시 흥덕구,4300000000,4311000000,국립,충청북도 청주시 흥덕구 가경동
충북예술고등학교,34aa226b-11fd-498e-ad77-384c2a828bbd,M100000236,04,충청북도,청주시 흥덕구,4300000000,4311000000,공립,충청북도 청주시 흥덕구 가경동
서원고등학교,9a23870b-6034-4fc3-a0b0-75c3247141a4,M100001840,04,충청북도,청주시 흥덕구,4300000000,4311000000,공립,충청북도 청주시 흥덕구 가경동
명인고등학교,66c8568c-27c8-4472-a039-ad50dd4b6c02,R100000810,04,경상북도,성주군,4700000000,4784000000,사립,경상북도 성주군 선남면 도성리
양청고등학교,baa66d6c-b187-4039-81ba-98b92e9ecb6a,M100001888,04,충청북도,청주시 청원구,4300000000,4311000000,공립,충청북도 청주시 청원구 오창읍 양청리
황간고등학교,64e6b4cf-b333-4935-954d-d11a6a57ff77,M100000259,04,충청북도,영동군,4300000000,4374000000,공립,충청북도 영동군 황간면 남성리
양업고등학교,f1f0b1fb-1b34-4419-85eb-a6902942f01d,M100000167,04,충청북도,청주시 흥덕구,4300000000,4311000000,사립,충청북도 청주시 흥덕구 옥산면 환희리
대성여자상업고등학교,d1afdbf6-7c05-4289-b926-ebf60746131e,M100000141,04,충청북도,청주시 상당구,4300000000,4311000000,사립,충청북도 청주시 상당구 수동
단재고등학교,24f8c306-f547-4bd2-ba20-721c117c7c51,M100002319,05,충청북도,청주시 상당구,4300000000,4311000000,공립,충청북도 청주시 상당구 가덕면 수곡리
청주고등학교,a5521d4d-caa8-4c69-843f-71f48115b3fb,M100000212,04,충청북도,청주시 흥덕구,4300000000,4311000000,공립,충청북도 청주시 흥덕구 복대동
충북외국어고등학교,f0dc456a-68dd-47f6-baed-f1545b39abde,M100000224,04,충청북도,청주시 흥덕구,4300000000,4311000000,공립,충청북도 청주시 흥덕구 복대동
청주고등학교부설방송통신고등학교,43a44061-c21b-4d16-b1bf-bd700a3e962a,M100000213,04,충청북도,청주시 흥덕구,4300000000,4311000000,공립,충청북도 청주시 흥덕구 복대동
흥덕고등학교,123032cc-afe3-4130-be5d-4181a08fe28f,M100001839,04,충청북도,청주시 흥덕구,4300000000,4311000000,공립,충청북도 청주시 흥덕구 복대동
한봄고등학교,d7893c31-8931-4398-aca6-64e44808b361,J100000653,04,경기도,수원시 권선구,4100000000,4111000000,사립,경기도 수원시 권선구 탑동
충북과학고등학교,21540360-df5e-4b83-9baa-8fe711962c9c,M100000233,04,충청북도,청주시 상당구,4300000000,4311000000,공립,충청북도 청주시 상당구 가덕면 상야리
제천제일고등학교,994e9a8c-a8db-4996-9323-407f9269805e,M100000193,04,충청북도,제천시,4300000000,4315000000,공립,충청북도 제천시 동현동
한국교원대학교부설고등학교,aeb96662-cbb7-4895-910e-bc0c9f589024,A000003533,04,충청북도,청주시 흥덕구,4300000000,4311000000,국립,충청북도 청주시 흥덕구 강내면 다락리
포항동성고등학교,d6dae484-abf6-487c-b8c0-e080cfd59d3a,R100000991,04,경상북도,포항시 남구,4700000000,4711000000,사립,경상북도 포항시 남구 동해면 도구리
은여울고등학교,9b8d1ee3-c8bc-492d-98d8-c460e61852ed,M100002308,05,충청북도,진천군,4300000000,4375000000,공립,충청북도 진천군 문백면 은탄리
충북체육고등학교,fb5db440-5490-4a62-96c1-3ec3dff1b350,M100000240,04,충청북도,진천군,4300000000,4375000000,공립,충청북도 진천군 문백면 도하리
오송고등학교,f2b9b1e7-bd4a-42c2-8338-2e6701f5a5e3,M100002004,04,충청북도,청주시 흥덕구,4300000000,4311000000,공립,충청북도 청주시 흥덕구 오송읍 연제리
한림디자인고등학교,2cec8208-f7c5-4a65-8d0d-11cdc8114f89,M100000249,04,충청북도,충주시,4300000000,4313000000,사립,충청북도 충주시 교현동
증평공업고등학교,299a9202-3af5-44fe-ba56-8b24a07d1e68,M100000200,04,충청북도,증평군,4300000000,4374500000,공립,충청북도 증평군 증평읍 증천리
청주하이텍고등학교,99b693b0-5647-4295-8993-6d2bc57436e4,M100000238,04,충청북도,청주시 서원구,4300000000,4311000000,공립,충청북도 청주시 서원구 분평동
충북고등학교,544dcf99-fb02-440c-bd14-222b24df0047,M100000231,04,충청북도,청주시 서원구,4300000000,4311000000,공립,충청북도 청주시 서원구 분평동
울릉고등학교,718e1e50-fd0b-4a89-b1a2-a045aec4e2bc,R100000937,04,경상북도,울릉군,4700000000,4794000000,공립,경상북도 울릉군 울릉읍 도동리
대창고등학교,53a91846-61a4-423f-be95-5ea7f14c3429,R100000797,04,경상북도,예천군,4700000000,4790000000,사립,경상북도 예천군 예천읍 노상리
소천고등학교,639a750d-8c8d-4ff9-859e-6755e2a6512d,R100000869,04,경상북도,봉화군,4700000000,4792000000,공립,경상북도 봉화군 소천면 현동리
한국반도체마이스터고등학교,9a6cefd2-2a34-4647-9907-ae71044e0159,R100000735,04,경상북도,경주시,4700000000,4713000000,공립,경상북도 경주시 사정동
한국생명과학고등학교,9e3a05f7-e8e7-4256-8c6d-ef17f75e6c59,R100000895,04,경상북도,안동시,4700000000,4717000000,공립,경상북도 안동시 옥동
예천여자고등학교,9a85587d-87f8-4fd8-ad97-6d9c7fef8310,R100000929,04,경상북도,예천군,4700000000,4790000000,공립,경상북도 예천군 예천읍 백전리
영천여자고등학교,ba7c149b-f513-4733-a639-630b0b02253d,R100000921,04,경상북도,영천시,4700000000,4723000000,공립,경상북도 영천시 화룡동
동국대학교사범대학부속선화여자고등학교,d09d0d5b-cd71-42c9-9cec-d769f2caf0e3,R100000853,04,경상북도,영천시,4700000000,4723000000,사립,경상북도 영천시 화룡동
한국펫고등학교,452b26c8-46f6-4f5f-a31b-8e7bdc09bd3d,R100000722,04,경상북도,봉화군,4700000000,4792000000,사립,경상북도 봉화군 봉화읍 내성리
영일고등학교,741d5ade-5db9-46a7-9762-5ab5d6c0ce07,R100000910,04,경상북도,포항시 남구,4700000000,4711000000,사립,경상북도 포항시 남구 연일읍 동문리
가은고등학교,7418fa5c-db33-4c66-bb7a-ddba5b230e30,R100000712,04,경상북도,문경시,4700000000,4728000000,공립,경상북도 문경시 가은읍 왕능리
세명고등학교,35df682d-efdf-48a0-9612-038af85c0bdc,R100000867,04,경상북도,포항시 남구,4700000000,4711000000,사립,경상북도 포항시 남구 대잠동
영천성남여자고등학교,af529a54-d7a7-4f91-bf7c-e3acb39c0540,R100000923,04,경상북도,영천시,4700000000,4723000000,사립,경상북도 영천시 도동
포항이동고등학교,97e0404c-19af-4196-affc-04f747412d1a,R100006136,04,경상북도,포항시 남구,4700000000,4711000000,공립,경상북도 포항시 남구 이동
현일고등학교,88b88a87-ce55-4b80-985a-c46b3f7c7287,R100001008,04,경상북도,구미시,4700000000,4719000000,사립,경상북도 구미시 고아읍 항곡리
선덕여자고등학교,abdd5c7d-9bb9-4f33-853c-92a287332604,R100000847,04,경상북도,경주시,4700000000,4713000000,사립,경상북도 경주시 인왕동
김천한일고등학교,fc3e0ce8-0b59-4dbe-957c-6b3e4163e36d,R100001003,04,경상북도,김천시,4700000000,4715000000,사립,경상북도 김천시 교동
김천생명과학고등학교,59e78b0b-a83f-4ae7-97aa-b287f80d627b,R100000778,04,경상북도,김천시,4700000000,4715000000,공립,경상북도 김천시 교동
김천예술고등학교,fcbd42f4-0cc5-4ea1-a97a-0b03567206e8,R100000782,04,경상북도,김천시,4700000000,4715000000,사립,경상북도 김천시 교동
영덕고등학교,1cc5cf3f-ebb2-419a-adbd-165cf07f9060,R100000905,04,경상북도,영덕군,4700000000,4777000000,공립,경상북도 영덕군 영덕읍 화개리
경북드론고등학교,6db860a7-b3b1-413d-9ab1-5a9b121f9304,R100000965,04,경상북도,청도군,4700000000,4782000000,공립,경상북도 청도군 풍각면 송서리
경북과학기술고등학교,4820107d-35fa-41b4-9a5f-47e5e15581fc,R100000882,04,경상북도,김천시,4700000000,4715000000,공립,경상북도 김천시 아포읍 국사리
신라고등학교,9bdb0ceb-2cf5-4318-ac09-9147d970f22c,R100000879,04,경상북도,경주시,4700000000,4713000000,사립,경상북도 경주시 충효동
경주정보고등학교,3a1dda64-189d-4053-bc7e-dc5366804539,R100000741,04,경상북도,경주시,4700000000,4713000000,사립,경상북도 경주시 충효동
문화고등학교,4f066685-573f-47ed-b23d-8ae6ca980acf,R100000820,04,경상북도,경주시,4700000000,4713000000,사립,경상북도 경주시 충효동
점촌고등학교,69262331-e7ec-4705-90ea-734249f9448e,R100000954,04,경상북도,문경시,4700000000,4728000000,공립,경상북도 문경시 모전동
삽교고등학교,4d9cf426-42f6-4504-ad2d-e3c1ff83632c,N100000175,04,충청남도,예산군,4400000000,4481000000,사립,충청남도 예산군 삽교읍 두리
덕산고등학교,b188edc5-a85f-4861-aff0-cb6aca9bb67b,N100000163,04,충청남도,예산군,4400000000,4481000000,공립,충청남도 예산군 삽교읍 목리
한국산림과학고등학교,7ebff5f3-242a-40c7-9f38-7e880799a2a0,R100000972,04,경상북도,봉화군,4700000000,4792000000,공립,경상북도 봉화군 춘양면 서동리
안동고등학교부설방송통신고등학교,92536677-214b-4c92-8753-702cf5c5a1e1,R100000892,04,경상북도,안동시,4700000000,4717000000,공립,경상북도 안동시 정상동
안동고등학교,e0b10de9-fef7-4750-a226-711074e0e75c,R100000891,04,경상북도,안동시,4700000000,4717000000,공립,경상북도 안동시 정상동
영덕여자고등학교,95ce2c2d-e08f-4711-addc-fb5136736d1d,R100000904,04,경상북도,영덕군,4700000000,4777000000,사립,경상북도 영덕군 영덕읍 덕곡리
대흥고등학교,47342e04-73dc-4974-a580-c035c89520c2,N100000162,04,충청남도,예산군,4400000000,4481000000,사립,충청남도 예산군 대흥면 상중리
가천고등학교,17eda737-1ef3-4243-9577-b9867f2a563f,R100000713,04,경상북도,성주군,4700000000,4784000000,공립,경상북도 성주군 가천면 창천리
경북휴먼테크고등학교,7502e750-f5a6-4b6a-b677-8b4854ec1107,R100000773,04,경상북도,영천시,4700000000,4723000000,사립,경상북도 영천시 금호읍 교대리
김천여자고등학교,62725400-ea5c-44f5-b1d2-bd7c42070d09,R100000781,04,경상북도,김천시,4700000000,4715000000,공립,경상북도 김천시 모암동
대경문화예술고등학교,bc4afecb-2cd9-42fe-b49f-97894746beb3,R100006533,05,경상북도,경산시,4700000000,4729000000,사립,경상북도 경산시 자인면 단북리
김천고등학교,e881c7b4-e67e-4ada-b51b-b935665eb1a5,R100000777,04,경상북도,김천시,4700000000,4715000000,사립,경상북도 김천시 부곡동
신라공업고등학교,3e02c408-d7a7-4088-b175-2a485a223c9f,R100000880,04,경상북도,경주시,4700000000,4713000000,사립,경상북도 경주시 천북면 신당리
성의고등학교,cbe275ae-9eb2-43f4-9115-fb9cbb0e4ad1,R100000855,04,경상북도,김천시,4700000000,4715000000,사립,경상북도 김천시 지좌동
지보고등학교,e7328520-52ef-429d-b80d-df21fd9ea720,R100000960,04,경상북도,예천군,4700000000,4790000000,공립,경상북도 예천군 지보면 마전리
성의여자고등학교,52203241-df3e-4fac-b4bd-eb8d1dad4f1f,R100000856,04,경상북도,김천시,4700000000,4715000000,사립,경상북도 김천시 평화동
성창여자고등학교,9856caad-1275-4fe2-a330-a1d87eee3829,R100000865,04,경상북도,안동시,4700000000,4717000000,사립,경상북도 안동시 안기동
풍산고등학교,76d24e28-6648-48d4-a082-a0940462edbe,R100000999,04,경상북도,안동시,4700000000,4717000000,사립,경상북도 안동시 풍산읍 안교리
구룡포여자종합고등학교,03ba1384-44d5-4c06-b0e7-bf8aad91b4fc,R100000751,04,경상북도,포항시 남구,4700000000,4711000000,공립,경상북도 포항시 남구 구룡포읍 병포리
포항과학기술고등학교,ef286fb4-8ed2-4c01-9a0a-96b00636227e,R100000752,04,경상북도,포항시 남구,4700000000,4711000000,공립,경상북도 포항시 남구 구룡포읍 병포리
경산제일고등학교,3ea9916d-cca1-4c9c-b94d-9f04bc29bcb6,R100000728,04,경상북도,경산시,4700000000,4729000000,사립,경상북도 경산시 자인면 동부리
경북하이텍고등학교,d61fd457-03c3-48b7-ae1e-45dcb1acb102,R100000893,04,경상북도,안동시,4700000000,4717000000,사립,경상북도 안동시 태화동
안동중앙고등학교,93f85b32-0cdb-41e2-a73f-93c06cbfd6c8,R100000897,04,경상북도,안동시,4700000000,4717000000,사립,경상북도 안동시 태화동
오천고등학교,11a50756-eefe-4ad4-8a32-889b1062e241,R100000934,04,경상북도,포항시 남구,4700000000,4711000000,사립,경상북도 포항시 남구 오천읍 용덕리
상지미래경영고등학교,0ee63c09-4d59-4da7-974d-a3cdfb69e89d,R100000846,04,경상북도,상주시,4700000000,4725000000,사립,경상북도 상주시 함창읍 오동리
구미산동고등학교,2ea1060a-1174-4b60-a9c4-d85f76aff345,R100006512,04,경상북도,구미시,4700000000,4719000000,공립,경상북도 구미시 산동읍 인덕리
경북기계금속고등학교,81d28e06-4760-4afc-b96e-d78626323c37,R100000729,04,경상북도,경산시,4700000000,4729000000,공립,경상북도 경산시 자인면 북사리
도개고등학교,b9dff9bc-352a-4b18-9621-20d1257e54d0,R100000798,04,경상북도,구미시,4700000000,4719000000,사립,경상북도 구미시 도개면 궁기리
함창고등학교,f72127a7-ec32-4079-b6f0-f78bc01339ac,R100001004,04,경상북도,상주시,4700000000,4725000000,사립,경상북도 상주시 함창읍 증촌리
안동여자고등학교,89c03be8-c206-473f-a1eb-e5961e581f0a,R100000896,04,경상북도,안동시,4700000000,4717000000,공립,경상북도 안동시 법상동
봉화고등학교,b245fcc7-28c8-4b6c-9f89-92f1085fe7a5,R100000823,04,경상북도,봉화군,4700000000,4792000000,공립,경상북도 봉화군 봉화읍 삼계리
근화여자고등학교,53048902-4335-4874-b0cc-61df656dff8d,R100000764,04,경상북도,경주시,4700000000,4713000000,사립,경상북도 경주시 용강동
경안고등학교,7d3b7839-9a1a-4292-b56f-d737ace85e97,R100000730,04,경상북도,안동시,4700000000,4717000000,사립,경상북도 안동시 금곡동
청담고등학교,93e7342e-e40e-4663-ac3e-4df50c088039,J100000813,04,경기도,평택시,4100000000,4122000000,사립,경기도 평택시 팽성읍 송화리
경기물류고등학교,f062bb16-bbed-4266-a811-aed919a1d6a8,J100000699,04,경기도,평택시,4100000000,4122000000,공립,경기도 평택시 안중읍 안중리
경북항공고등학교,d62d4e02-99aa-4efd-94b6-e3048c5b0f8a,R100000914,04,경상북도,영주시,4700000000,4721000000,사립,경상북도 영주시 풍기읍 교촌리
동성고등학교,6349c69f-6078-4c2b-b06e-d31c82e353a1,M100002305,04,충청북도,음성군,4300000000,4377000000,공립,충청북도 음성군 맹동면 동성리
학산고등학교,568d5013-d302-4117-b423-378cf602b0ce,M100000254,04,충청북도,영동군,4300000000,4374000000,공립,충청북도 영동군 학산면 서산리
심학고등학교,50e2e85c-958b-4456-9be8-fa790107352d,J100007625,04,경기도,파주시,4100000000,4148000000,공립,경기도 파주시 동패동
동패고등학교,df0af871-a739-4ce4-ad30-9d590a3462aa,J100005899,04,경기도,파주시,4100000000,4148000000,공립,경기도 파주시 동패동
교하고등학교,728aaab3-38a8-4b01-bf75-fe10eb65b8e2,J100004922,04,경기도,파주시,4100000000,4148000000,공립,경기도 파주시 동패동
한국관광고등학교,e25e7225-08a7-478f-8392-314319487657,J100000853,04,경기도,평택시,4100000000,4122000000,사립,경기도 평택시 고덕면 당현리
형석고등학교,40f585e4-6f04-4e13-8d11-be1ca52c3fde,M100000258,04,충청북도,증평군,4300000000,4374500000,사립,충청북도 증평군 증평읍 미암리
동원동우고등학교,f5677e3a-cae8-4984-8d76-9adb1487e17d,J100000543,04,경기도,수원시 장안구,4100000000,4111000000,사립,경기도 수원시 장안구 이목동
동우여자고등학교,98f84dc1-dc7a-4284-bfad-10257d683f05,J100000542,04,경기도,수원시 장안구,4100000000,4111000000,사립,경기도 수원시 장안구 이목동
경기과학고등학교,5e03b1cd-db0f-4849-bd29-ef8fb1ed87c0,J100000447,04,경기도,수원시 장안구,4100000000,4111000000,공립,경기도 수원시 장안구 송죽동
운호고등학교,43fee764-17ec-4629-8294-53d141972491,M100000181,04,충청북도,청주시 서원구,4300000000,4311000000,사립,충청북도 청주시 서원구 모충동
청주여자상업고등학교,9793fd05-b56f-483f-bcb3-8cee98911c62,M100000223,04,충청북도,청주시 서원구,4300000000,4311000000,사립,충청북도 청주시 서원구 모충동
충북여자고등학교,7e3cff2f-0352-4f1b-82cb-0ff948911577,M100000235,04,충청북도,청주시 서원구,4300000000,4311000000,사립,충청북도 청주시 서원구 모충동
단산고등학교,b422f6e3-b52a-4426-a229-195f48f7033f,M100000137,04,충청북도,단양군,4300000000,4380000000,공립,충청북도 단양군 어상천면 임현리
고색고등학교,cf529717-4ebb-402e-a984-c2540e15e8ae,J100005653,04,경기도,수원시 권선구,4100000000,4111000000,공립,경기도 수원시 권선구 고색동
수원칠보고등학교,e59e0377-a53f-46a2-addf-8d7e609eec4f,J100006702,04,경기도,수원시 권선구,4100000000,4111000000,공립,경기도 수원시 권선구 금곡동
화홍고등학교,08a18e6b-e82b-436b-bb2d-8a183f5b278f,J100000870,04,경기도,수원시 권선구,4100000000,4111000000,공립,경기도 수원시 권선구 권선동
권선고등학교,e3b9deac-f6e6-48c6-8879-8661e4ac2806,J100000505,04,경기도,수원시 권선구,4100000000,4111000000,공립,경기도 수원시 권선구 권선동
곡정고등학교,36995994-70b4-4c86-b033-63ca807fc43a,J100006703,04,경기도,수원시 권선구,4100000000,4111000000,공립,경기도 수원시 권선구 권선동
경기대명고등학교,15b56d03-e273-42ef-acfc-cbd6252bb40e,J100000448,04,경기도,수원시 권선구,4100000000,4111000000,공립,경기도 수원시 권선구 당수동
수원농생명과학고등학교,8746e83d-50d0-4ded-baf6-e17c04160a39,J100000648,04,경기도,수원시 장안구,4100000000,4111000000,공립,경기도 수원시 장안구 영화동
주성고등학교,7ac0ceb7-9bdc-4209-bf3b-61e8bc990f95,M100001841,04,충청북도,청주시 상당구,4300000000,4311000000,공립,충청북도 청주시 상당구 용담동
숙지고등학교,21c3e1ca-06f2-4234-8b4c-a4603ae8cd20,J100000657,04,경기도,수원시 팔달구,4100000000,4111000000,공립,경기도 수원시 팔달구 화서동
영복여자고등학교,527d37e4-42cb-4be3-bd72-205a1ee1268f,J100000730,04,경기도,수원시 팔달구,4100000000,4111000000,사립,경기도 수원시 팔달구 화서동
율천고등학교,3ec9301c-32c1-44c4-887d-cb311d683e7f,J100006514,04,경기도,수원시 팔달구,4100000000,4111000000,공립,경기도 수원시 팔달구 화서동
창현고등학교,dda4bb5b-d5cd-4a8a-8905-1ae629db4d45,J100000812,04,경기도,수원시 팔달구,4100000000,4111000000,사립,경기도 수원시 팔달구 우만동
유신고등학교,95238271-1e4d-4fc1-a4a0-079133bad91f,J100000750,04,경기도,수원시 팔달구,4100000000,4111000000,사립,경기도 수원시 팔달구 우만동
수원공업고등학교,9ff37eba-39d3-4717-8d26-b360eceb7ec1,J100000646,04,경기도,수원시 팔달구,4100000000,4111000000,사립,경기도 수원시 팔달구 인계동
매탄고등학교,0aea8533-a0a4-4b0c-8477-c394a60cb98c,J100004902,04,경기도,수원시 영통구,4100000000,4111000000,공립,경기도 수원시 영통구 매탄동
효원고등학교,8b2447ce-3e61-488f-bd80-8e0bc08d65eb,J100000873,04,경기도,수원시 영통구,4100000000,4111000000,공립,경기도 수원시 영통구 매탄동
매원고등학교,ad3e7182-3efd-4eb7-b4fb-07f738df31f0,J100005577,04,경기도,수원시 영통구,4100000000,4111000000,공립,경기도 수원시 영통구 매탄동
중앙기독고등학교,bb2e9f67-54ae-473f-8d30-bed351637ba9,J100008033,04,경기도,수원시 영통구,4100000000,4111000000,사립,경기도 수원시 영통구 원천동
수원정보과학고등학교,88c032c5-8045-4e05-9a59-bb592aa4538a,J100000651,04,경기도,수원시 영통구,4100000000,4111000000,공립,경기도 수원시 영통구 원천동
성남테크노과학고등학교,fbdaf249-d7c9-475d-affe-e1b1ec19418e,J100000610,04,경기도,성남시 중원구,4100000000,4113000000,공립,경기도 성남시 중원구 하대원동
한솔고등학교,0925c336-fad3-41be-a5c4-981a9e6c644c,J100000858,04,경기도,성남시 분당구,4100000000,4113000000,공립,경기도 성남시 분당구 정자동
늘푸른고등학교,e6d71f36-ee3a-4e6b-ac71-9ed56f848d3c,J100004897,04,경기도,성남시 분당구,4100000000,4113000000,공립,경기도 성남시 분당구 정자동
계원예술고등학교,c9cde1fd-833a-4505-9954-ddc76971a532,J100000466,04,경기도,성남시 분당구,4100000000,4113000000,사립,경기도 성남시 분당구 정자동
분당중앙고등학교,a6321289-68ed-4231-b1bb-b57931ce5fc0,J100000590,04,경기도,성남시 분당구,4100000000,4113000000,공립,경기도 성남시 분당구 정자동
송림고등학교,29c2345b-f96d-4a7e-a709-a70c40ff0c1e,J100000633,04,경기도,성남시 분당구,4100000000,4113000000,사립,경기도 성남시 분당구 이매동
이매고등학교,744656cb-39a0-4269-b10b-1ae7ec9e2703,J100000759,04,경기도,성남시 분당구,4100000000,4113000000,공립,경기도 성남시 분당구 이매동
돌마고등학교,16241a82-89b7-46cd-b8bb-da898eb4ab96,J100004768,04,경기도,성남시 분당구,4100000000,4113000000,공립,경기도 성남시 분당구 이매동
판교고등학교,a2aa66b0-1f2f-4fcd-afd8-f1237a481ee5,J100005901,04,경기도,성남시 분당구,4100000000,4113000000,공립,경기도 성남시 분당구 삼평동
불곡고등학교,9544070f-7acb-4d0c-a7cd-7a17a8a3e2cb,J100000591,04,경기도,성남시 분당구,4100000000,4113000000,공립,경기도 성남시 분당구 구미동
효자고등학교,cbf4f640-04d2-4254-8e3c-65872507855e,J100005417,04,경기도,의정부시,4100000000,4115000000,공립,경기도 의정부시 신곡동
발곡고등학교,8a05984f-0039-4d9f-8d60-633ea32e6fc6,J100005667,04,경기도,의정부시,4100000000,4115000000,공립,경기도 의정부시 신곡동
송현고등학교,c594a666-7108-4941-8838-9fa8b3e29220,J100000638,04,경기도,의정부시,4100000000,4115000000,공립,경기도 의정부시 민락동
부용고등학교,10972dfb-a68a-4adc-b87b-170feb498fd3,J100004831,04,경기도,의정부시,4100000000,4115000000,공립,경기도 의정부시 민락동
한국호텔관광고등학교,2c3944c1-c3fe-454d-ac50-4b562d2b2fdd,M100000139,04,충청북도,단양군,4300000000,4380000000,공립,충청북도 단양군 단성면 북하리
제천고등학교,9252119e-fc03-40b6-8867-edc13c86e1aa,M100000191,04,충청북도,제천시,4300000000,4315000000,공립,충청북도 제천시 청전동
수원외국어고등학교,f7157325-e6ae-4ad1-8feb-888daf281e29,J100005284,04,경기도,수원시 영통구,4100000000,4111000000,공립,경기도 수원시 영통구 이의동
광교고등학교,af87349b-6c73-49c1-8ae7-193b16e9a30e,J100005984,04,경기도,수원시 영통구,4100000000,4111000000,공립,경기도 수원시 영통구 이의동
청명고등학교,645b884e-14ac-4ac4-a83c-4e020d6a0171,J100000815,04,경기도,수원시 영통구,4100000000,4111000000,공립,경기도 수원시 영통구 영통동
태장고등학교,5ff817e6-7faa-47fe-a7c3-3b3b359061da,J100000824,04,경기도,수원시 영통구,4100000000,4111000000,공립,경기도 수원시 영통구 영통동
수원하이텍고등학교,de3f4fda-6245-451e-8012-6176db73845c,J100000833,04,경기도,수원시 영통구,4100000000,4111000000,공립,경기도 수원시 영통구 영통동
영덕고등학교,493120fc-16bb-4bb0-8c7c-1a6a8d7291c5,J100000728,04,경기도,수원시 영통구,4100000000,4111000000,공립,경기도 수원시 영통구 영통동
망포고등학교,a03cef0e-41cd-4d5d-9bff-d7b66ec6fb94,J100005576,04,경기도,수원시 영통구,4100000000,4111000000,공립,경기도 수원시 영통구 망포동
충북비즈니스고등학교,b4c9c820-0d72-4f64-821c-5142d18f36ed,M100000203,04,충청북도,증평군,4300000000,4374500000,공립,충청북도 증평군 증평읍 초중리
주덕고등학교,3686eca2-55d5-4bd7-a5a1-7eb9c59a7039,M100000197,04,충청북도,충주시,4300000000,4313000000,공립,충청북도 충주시 주덕읍 신중리
풍생고등학교,d6b44f7a-cc3f-47b0-ad0d-5d7b4cf4f3f7,J100000847,04,경기도,성남시 수정구,4100000000,4113000000,사립,경기도 성남시 수정구 수진동
위례한빛고등학교,0b715b78-cbda-4d57-ad77-40f60fa1a262,J100007016,04,경기도,성남시 수정구,4100000000,4113000000,공립,경기도 성남시 수정구 창곡동
조원고등학교,cfeac4e3-36d0-436c-8706-77503428a3f7,J100004896,04,경기도,수원시 장안구,4100000000,4111000000,공립,경기도 수원시 장안구 조원동
수일고등학교,f72035ff-294a-4ef1-8618-7d8dd7d15998,J100000654,04,경기도,수원시 장안구,4100000000,4111000000,공립,경기도 수원시 장안구 조원동
성보경영고등학교,d7d9fb18-e869-4214-bc62-a71fa86baf4a,J100000617,04,경기도,성남시 수정구,4100000000,4113000000,사립,경기도 성남시 수정구 단대동
하늘꿈중고등학교,67eea2c1-e30f-460f-b2e1-95d732c71c9b,J100007150,05,경기도,성남시 수정구,4100000000,4113000000,사립,경기도 성남시 수정구 복정동
하늘꿈중고등학교(중),47631287-3544-41df-b39b-4a2400ef9332,J100007151,05,경기도,성남시 수정구,4100000000,4113000000,사립,경기도 성남시 수정구 복정동
복정고등학교,9536155f-2bf0-41f4-9a08-7d16e3207d55,J100005659,04,경기도,성남시 수정구,4100000000,4113000000,공립,경기도 성남시 수정구 복정동
효성고등학교,b799cf3d-b8b0-4899-9aa4-8d474b769134,J100000872,04,경기도,성남시 수정구,4100000000,4113000000,사립,경기도 성남시 수정구 심곡동
숭신고등학교,5aaf2ce9-7fec-42fa-947e-32e89e80c1a0,J100000658,04,경기도,성남시 중원구,4100000000,4113000000,사립,경기도 성남시 중원구 금광동
금천고등학교,27121ff6-49db-4a66-bc0d-2ba7d8cf9812,M100000136,04,충청북도,청주시 상당구,4300000000,4311000000,공립,충청북도 청주시 상당구 금천동
한국바이오마이스터고등학교,c303ec68-89e5-423d-88e2-6628b0a058b2,M100000205,04,충청북도,진천군,4300000000,4375000000,공립,충청북도 진천군 진천읍 교성리
성일고등학교,fa3bcdcd-5011-4fb6-959f-2a8512a8573e,J100000620,04,경기도,성남시 중원구,4100000000,4113000000,사립,경기도 성남시 중원구 성남동
동광고등학교,7ed5e812-691f-4057-be4f-970fee0c8f37,J100000622,04,경기도,성남시 중원구,4100000000,4113000000,사립,경기도 성남시 중원구 성남동
성일정보고등학교,8d3d990e-4b48-49af-99bf-97da51b7bc65,J100000624,04,경기도,성남시 중원구,4100000000,4113000000,사립,경기도 성남시 중원구 성남동
성남고등학교,030bbe42-9928-49d1-8064-1b2899654d7c,J100000611,04,경기도,성남시 중원구,4100000000,4113000000,공립,경기도 성남시 중원구 성남동
성남여자고등학교,06483188-267f-4dcc-8ae6-85034d621290,J100000612,04,경기도,성남시 중원구,4100000000,4113000000,공립,경기도 성남시 중원구 성남동
수내고등학교,85c72e46-942b-459e-8ff1-0da2b093dcfc,J100000639,04,경기도,성남시 분당구,4100000000,4113000000,공립,경기도 성남시 분당구 수내동
분당고등학교,84305648-c09d-4233-ba25-e607c561435b,J100000587,04,경기도,성남시 분당구,4100000000,4113000000,공립,경기도 성남시 분당구 수내동
양영디지털고등학교,f7a4acfb-afcc-4e55-91db-4938cfb7ffdb,J100000708,04,경기도,성남시 분당구,4100000000,4113000000,공립,경기도 성남시 분당구 서현동
서현고등학교부설방송통신고등학교,165bc205-2f92-4ddb-b38b-f8789a3b6e28,J100006964,04,경기도,성남시 분당구,4100000000,4113000000,공립,경기도 성남시 분당구 서현동
서현고등학교,25e247dd-f559-423c-a63a-825c2b37e5a2,J100000608,04,경기도,성남시 분당구,4100000000,4113000000,공립,경기도 성남시 분당구 서현동
야탑고등학교,bb4c9b9d-9085-4f67-b42b-37257f463caf,J100000702,04,경기도,성남시 분당구,4100000000,4113000000,사립,경기도 성남시 분당구 야탑동
태원고등학교,fe182b03-45de-4376-a3ed-faae35252931,J100000823,04,경기도,성남시 분당구,4100000000,4113000000,사립,경기도 성남시 분당구 야탑동
분당영덕여자고등학교,e6bfc12c-404f-4458-bb85-f373e1089961,J100000729,04,경기도,성남시 분당구,4100000000,4113000000,사립,경기도 성남시 분당구 야탑동
분당아람고등학교,a736e7ee-ceb4-4492-83bd-4b1d896ec309,J100000613,04,경기도,성남시 분당구,4100000000,4113000000,공립,경기도 성남시 분당구 야탑동
상당고등학교,2f23fd0b-0dcf-4876-a334-75b3f102377e,M100000159,04,충청북도,청주시 상당구,4300000000,4311000000,공립,충청북도 청주시 상당구 용암동
청석고등학교,8223b64a-cce1-460d-b82d-4838430babca,M100000211,04,충청북도,청주시 상당구,4300000000,4311000000,사립,충청북도 청주시 상당구 용암동
매괴고등학교,28d03424-906e-4cb5-9ab5-d34336885744,M100000144,04,충청북도,음성군,4300000000,4377000000,사립,충청북도 음성군 감곡면 왕장리
세광고등학교,6fa4b072-8327-4f89-b671-c0bf459c28e9,M100000161,04,충청북도,청주시 서원구,4300000000,4311000000,사립,충청북도 청주시 서원구 미평동
이우고등학교,58b6eb5c-1db8-43cd-9619-596d9d326f1e,J100004945,04,경기도,성남시 분당구,4100000000,4113000000,사립,경기도 성남시 분당구 동원동
운중고등학교,27db6cc9-3528-4ccc-9a5d-980f9d777e99,J100005844,04,경기도,성남시 분당구,4100000000,4113000000,공립,경기도 성남시 분당구 운중동
한국원자력마이스터고등학교,eb1a4a35-ec30-4362-b6a9-cfa8a8f7917a,R100000978,04,경상북도,울진군,4700000000,4793000000,공립,경상북도 울진군 평해읍 월송리
상우고등학교,11e292d5-143d-4e1e-be0f-9c6d3bddd528,J100004923,04,경기도,의정부시,4100000000,4115000000,사립,경기도 의정부시 의정부동
호원고등학교부설방송통신고등학교,1fe7a231-be31-48e1-939c-24ffa5b9b315,J100005822,04,경기도,의정부시,4100000000,4115000000,공립,경기도 의정부시 호원동
호원고등학교,dce8ea32-88fb-423d-a159-884867651af9,J100000865,04,경기도,의정부시,4100000000,4115000000,공립,경기도 의정부시 호원동
동국대학교사범대학부속영석고등학교,c5eea439-9e9b-4a12-8674-755f4c7c6985,J100000733,04,경기도,의정부시,4100000000,4115000000,사립,경기도 의정부시 용현동
송양고등학교,afbd2c34-9c76-442f-b880-4afe5186714b,J100006519,04,경기도,의정부시,4100000000,4115000000,공립,경기도 의정부시 낙양동
경기북과학고등학교,81390b95-ab83-4909-b89a-1b78e9df8d59,J100005167,04,경기도,의정부시,4100000000,4115000000,공립,경기도 의정부시 녹양동
음성고등학교,4934c8fc-72ff-4297-aea1-461da5592e96,M100000183,04,충청북도,음성군,4300000000,4377000000,공립,충청북도 음성군 음성읍 읍내리
세명고등학교,18193100-c03b-48ca-9135-837c1a433998,M100000162,04,충청북도,제천시,4300000000,4315000000,사립,충청북도 제천시 신월동
서전고등학교,26f584d4-2d81-4519-82d4-f472832a118d,M100002171,04,충청북도,진천군,4300000000,4375000000,공립,충청북도 진천군 덕산읍 두촌리
충훈고등학교,39975cc0-42a5-4dcc-adca-b108db8c5102,J100004898,04,경기도,안양시 만안구,4100000000,4117000000,공립,경기도 안양시 만안구 석수동
백영고등학교,8880c5d6-b650-4586-bab7-9933461e344d,J100000568,04,경기도,안양시 동안구,4100000000,4117000000,사립,경기도 안양시 동안구 평촌동
동안고등학교,440a35f0-cc4a-4ad3-8c6c-c6e0a58d7baf,J100000541,04,경기도,안양시 동안구,4100000000,4117000000,공립,경기도 안양시 동안구 평촌동
평촌고등학교,3b8f84a4-aed6-4d5a-aefb-21cc61095e73,J100000834,04,경기도,안양시 동안구,4100000000,4117000000,공립,경기도 안양시 동안구 호계동
평촌과학기술고등학교,b6d20fff-07ab-4685-9d84-dd3095cc2331,J100000835,04,경기도,안양시 동안구,4100000000,4117000000,공립,경기도 안양시 동안구 호계동
제천여자고등학교,97b94f39-c824-41b5-a796-66743f224297,M100000195,04,충청북도,제천시,4300000000,4315000000,공립,충청북도 제천시 서부동
충주대원고등학교,fae8f67b-f586-4a85-b44d-ee39fc2c93cf,M100000143,04,충청북도,충주시,4300000000,4313000000,사립,충청북도 충주시 안림동
충북에너지고등학교,3c43d42d-d60c-4e10-a4f5-32b2450bdf02,M100000150,04,충청북도,청주시 상당구,4300000000,4311000000,공립,충청북도 청주시 상당구 미원면 내산리
라온고등학교,9f49edea-22f6-4e8d-9f85-0f4aa1cb9434,J100000637,04,경기도,평택시,4100000000,4122000000,사립,경기도 평택시 서정동
송탄고등학교,05916d1d-db9e-4d58-b67a-d7d06f1c82aa,J100000636,04,경기도,평택시,4100000000,4122000000,공립,경기도 평택시 고덕동
의성여자고등학교,9d64fd4b-6757-48c3-aaf4-5176affeed00,R100000946,04,경상북도,의성군,4700000000,4773000000,공립,경상북도 의성군 의성읍 후죽리
경북관광비즈니스고등학교,79e29171-e5e0-4dee-81c6-6e34fee6b5cc,R100000980,04,경상북도,울진군,4700000000,4793000000,공립,경상북도 울진군 평해읍 평해리
포항흥해공업고등학교,db178ae0-34f4-47e8-a3d1-1b0de71b8125,R100001018,04,경상북도,포항시 북구,4700000000,4711000000,공립,경상북도 포항시 북구 흥해읍 옥성리
안계고등학교,b85fcf2f-deb0-4eb5-afea-ae6788611fc5,R100005678,04,경상북도,의성군,4700000000,4773000000,공립,경상북도 의성군 안계면 용기리
영양여자고등학교,02fd0953-4dde-470a-a1cd-5db5dea5022e,R100000909,04,경상북도,영양군,4700000000,4776000000,사립,경상북도 영양군 영양읍 동부리
포항고등학교,dd592828-7c4b-443f-a143-5e14e060931d,R100000982,04,경상북도,포항시 북구,4700000000,4711000000,공립,경상북도 포항시 북구 학산동
포항고등학교부설방송통신고등학교,c1dc29e8-e054-49b2-9704-5047e47df544,R100000983,04,경상북도,포항시 북구,4700000000,4711000000,공립,경상북도 포항시 북구 학산동
포항여자고등학교,645b51e5-8661-4ecc-80aa-b524c812a375,R100000986,04,경상북도,포항시 북구,4700000000,4711000000,공립,경상북도 포항시 북구 학산동
영천전자고등학교,5c1dfb60-6cd8-4df6-8a2b-9105192b3b6a,R100000920,04,경상북도,영천시,4700000000,4723000000,사립,경상북도 영천시 화남면 삼창리
영양고등학교,b21816fd-6192-4f5d-9067-584a24266e9e,R100000908,04,경상북도,영양군,4700000000,4776000000,공립,경상북도 영양군 영양읍 서부리
울진고등학교,6c54322e-0d63-44ee-8824-e028c10d7aaa,R100000938,04,경상북도,울진군,4700000000,4793000000,공립,경상북도 울진군 울진읍 연지리
포항여자전자고등학교,311a5e0b-8b5f-479d-b13a-69892653f8f1,R100000988,04,경상북도,포항시 북구,4700000000,4711000000,공립,경상북도 포항시 북구 용흥동
동지고등학교,279eff5f-8e43-42aa-9794-9be238f931c4,R100000805,04,경상북도,포항시 북구,4700000000,4711000000,사립,경상북도 포항시 북구 용흥동
동지여자고등학교,f15b81ed-b954-467f-9f41-821b57adfc88,R100000806,04,경상북도,포항시 북구,4700000000,4711000000,사립,경상북도 포항시 북구 용흥동
영광고등학교,8d83ddc7-9691-4917-a335-09dac43d2603,R100000901,04,경상북도,영주시,4700000000,4721000000,사립,경상북도 영주시 상망동
경북자연과학고등학교,31395324-f8b7-4bdb-b057-4a43cf8eb96a,R100000936,04,경상북도,상주시,4700000000,4725000000,사립,경상북도 상주시 공성면 산현리
한국철도고등학교,374c3114-b699-43ff-896c-e658ba036abc,R100000912,04,경상북도,영주시,4700000000,4721000000,사립,경상북도 영주시 하망동
영주여자고등학교,23ec7ed5-5771-4b55-ab3e-70fe194c10c6,R100000916,04,경상북도,영주시,4700000000,4721000000,공립,경상북도 영주시 하망동
한국미래산업고등학교,c384c2e0-6eaf-4030-8d33-578c91b900f3,R100000804,04,경상북도,영주시,4700000000,4721000000,사립,경상북도 영주시 하망동
한국국제조리고등학교,2bccec7c-3d73-42b6-b589-4b2a9e7fa02f,R100000852,04,경상북도,영주시,4700000000,4721000000,사립,경상북도 영주시 휴천동
대영고등학교,237446f1-5d09-4e7a-80cd-bf6b55180272,R100000794,04,경상북도,영주시,4700000000,4721000000,사립,경상북도 영주시 휴천동
포항장성고등학교,f7e355bb-0374-497f-8d6a-f699ac5d98df,R100006138,04,경상북도,포항시 북구,4700000000,4711000000,공립,경상북도 포항시 북구 장성동
영주제일고등학교,da000482-1afa-4fcd-b025-9abf1c41ddf5,R100000917,04,경상북도,영주시,4700000000,4721000000,공립,경상북도 영주시 가흥동
한국미래농업고등학교,529218ea-8315-44f4-b81e-27713aa8af31,R100000957,04,경상북도,상주시,4700000000,4725000000,공립,경상북도 상주시 모동면 덕곡리
금천고등학교,32d32e79-5e0f-4763-9207-d2d08c34a15a,R100000771,04,경상북도,청도군,4700000000,4782000000,공립,경상북도 청도군 금천면 동곡리
이서고등학교,bc004e5c-8f08-4971-b946-e32d3163bad0,R100000949,04,경상북도,청도군,4700000000,4782000000,사립,경상북도 청도군 이서면 서원리
경주화랑고등학교,31b484e2-92bf-4fbd-8efb-70f5c850ae77,R100000743,04,경상북도,경주시,4700000000,4713000000,사립,경상북도 경주시 문무대왕면 장항리
약목고등학교,3557103c-5c26-49a6-a62e-8371e57306c9,R100000898,04,경상북도,칠곡군,4700000000,4785000000,공립,경상북도 칠곡군 약목면 무림리
한국해양마이스터고등학교,728aac63-8d91-40ac-997b-93d433f43edf,R100005434,04,경상북도,포항시 북구,4700000000,4711000000,공립,경상북도 포항시 북구 여남동
오상고등학교,cc4c2b42-3259-4531-bba4-58bd1516b551,R100000931,04,경상북도,구미시,4700000000,4719000000,사립,경상북도 구미시 장천면 상장리
무산고등학교,96da884b-3604-422e-b142-70bcd632f958,R100000812,04,경상북도,경주시,4700000000,4713000000,사립,경상북도 경주시 건천읍 천포리
효청보건고등학교,c2449f43-63b5-4a4f-9765-14c5bca54fae,R100000977,04,경상북도,경주시,4700000000,4713000000,사립,경상북도 경주시 외동읍 모화리
과천고등학교,109ff464-855a-402e-8367-d11d7381cf52,J100000472,04,경기도,과천시,4100000000,4129000000,공립,경기도 과천시 별양동
구리여자고등학교,49f4b613-6670-466f-b27e-5ed1689ae56c,J100000497,04,경기도,구리시,4100000000,4131000000,공립,경기도 구리시 토평동
토평고등학교,b20eee8a-3989-4b18-928f-e3ca6722b1a0,J100000825,04,경기도,구리시,4100000000,4131000000,공립,경기도 구리시 토평동
평내고등학교,c3e3a04e-1f06-444f-8573-b62efa5fb0f1,J100004915,04,경기도,남양주시,4100000000,4136000000,공립,경기도 남양주시 평내동
동화고등학교,c45bb6aa-6f56-46f0-a5ef-612a29a0a0c3,J100000545,04,경기도,남양주시,4100000000,4136000000,사립,경기도 남양주시 다산동
남양주다산고등학교,249a6a99-e2ac-4cd2-957f-1817f6a3e52f,J100007317,04,경기도,남양주시,4100000000,4136000000,공립,경기도 남양주시 다산동
가운고등학교,fa6be2ff-e3d9-49f3-8c17-23373544d5ce,J100005898,04,경기도,남양주시,4100000000,4136000000,공립,경기도 남양주시 다산동
진접고등학교,873ad59f-2cd3-4afe-88c2-7a95bed4dd61,J100005803,04,경기도,남양주시,4100000000,4136000000,공립,경기도 남양주시 진접읍
광동고등학교,aa76d66b-e28c-4351-8778-14ad217df113,J100000479,04,경기도,남양주시,4100000000,4136000000,사립,경기도 남양주시 진접읍 장현리
마장고등학교,ffc09038-e78c-4291-bd12-239416612405,J100000548,04,경기도,이천시,4100000000,4150000000,공립,경기도 이천시 마장면 양촌리
마석고등학교,72fc1161-1aef-4867-96a2-390a97ed209d,J100005800,04,경기도,남양주시,4100000000,4136000000,공립,경기도 남양주시 화도읍 녹촌리
오남고등학교,d28da795-ed79-4d8f-80d0-f97c05ec62b9,J100005670,04,경기도,남양주시,4100000000,4136000000,공립,경기도 남양주시 오남읍 양지리
청학고등학교,c5dc97d8-ae36-4110-9cac-3c2ff1287532,J100000818,04,경기도,남양주시,4100000000,4136000000,공립,경기도 남양주시 별내면 청학리
경기오산소프트웨어고등학교,8ba94f4b-648a-43f3-8164-720f7098bebf,J100007909,04,경기도,오산시,4100000000,4137000000,공립,경기도 오산시 궐동
오산고등학교,12e8bc5f-1a67-4394-b9eb-b4688a686c0d,J100000736,04,경기도,오산시,4100000000,4137000000,사립,경기도 오산시 청학동
오산정보고등학교,a5be3f18-97ea-47df-9b03-b56eb004c041,J100000737,04,경기도,오산시,4100000000,4137000000,공립,경기도 오산시 청학동
세교고등학교,ab28473c-bd01-4f82-8b13-83b914f6c8c5,J100005902,04,경기도,오산시,4100000000,4137000000,공립,경기도 오산시 금암동
안법고등학교,557f8201-5bf4-4e28-8c96-b0350026e2c6,J100000672,04,경기도,안성시,4100000000,4155000000,사립,경기도 안성시 구포동
마루고등학교,c6001c3b-68e6-4eb7-bbaf-46861eb6fd04,J100007953,04,경기도,오산시,4100000000,4137000000,공립,경기도 오산시 탑동
소래고등학교,2758ed25-a598-46ae-91bd-79358897cb59,J100000628,04,경기도,시흥시,4100000000,4139000000,공립,경기도 시흥시 은행동
은행고등학교,798c8899-f695-4039-9b98-0d546a367694,J100000754,04,경기도,시흥시,4100000000,4139000000,공립,경기도 시흥시 은행동
시흥매화고등학교,61dc7890-a5e8-440f-a34a-714a9db75c18,J100005666,04,경기도,시흥시,4100000000,4139000000,공립,경기도 시흥시 매화동
한국조리과학고등학교,de7ab4aa-a4bb-4058-b4d9-55aa7d835120,J100000857,04,경기도,시흥시,4100000000,4139000000,사립,경기도 시흥시 과림동
장곡고등학교,09779f1b-8adc-4cc1-b37f-95ddc0a7c53c,J100000778,04,경기도,시흥시,4100000000,4139000000,공립,경기도 시흥시 장곡동
용호고등학교,3726034c-3c43-47b3-a2f7-80a9602b4557,J100000745,04,경기도,군포시,4100000000,4141000000,공립,경기도 군포시 당동
경기폴리텍고등학교,f7290449-5613-474b-b912-0f06d67865bb,J100000598,04,경기도,군포시,4100000000,4141000000,공립,경기도 군포시 산본동
산본고등학교,5bff1595-f4ef-4b11-81ac-7eecac4e5a19,J100000597,04,경기도,군포시,4100000000,4141000000,공립,경기도 군포시 산본동
수리고등학교,2af04a6b-0911-4c6a-9641-3ea2784080db,J100000640,04,경기도,군포시,4100000000,4141000000,공립,경기도 군포시 산본동
군포e비즈니스고등학교,7597d1e2-11c2-4cb9-a401-a987f2dac67f,J100000504,04,경기도,군포시,4100000000,4141000000,공립,경기도 군포시 산본동
안성고등학교,d778be63-8a4e-4bad-bdfb-662f06199364,J100000684,04,경기도,안성시,4100000000,4155000000,공립,경기도 안성시 금산동
경기창조고등학교,be79cac6-33af-4170-a63c-597a41e95871,J100005831,04,경기도,안성시,4100000000,4155000000,공립,경기도 안성시 공도읍 만정리
경주마케팅고등학교,609e651c-b06f-4366-8b9d-a43b5c3ac6ba,R100000831,04,경상북도,경주시,4700000000,4713000000,공립,경상북도 경주시 산내면 의곡리
의왕고등학교,b5a21e08-3e98-4400-a6af-24e86f6567ce,J100005671,04,경기도,의왕시,4100000000,4143000000,공립,경기도 의왕시 삼동
내손고등학교,5c0c81d5-310e-492f-b571-74dbb11d3384,J100008026,04,경기도,의왕시,4100000000,4143000000,공립,경기도 의왕시 내손동
백운고등학교,57700104-4477-4b4c-86b9-439e398cecc4,J100000569,04,경기도,의왕시,4100000000,4143000000,공립,경기도 의왕시 내손동
한국애니메이션고등학교,2dd7b6a2-7cf1-44db-a7ee-0504fb65a1ec,J100000856,04,경기도,하남시,4100000000,4145000000,공립,경기도 하남시 창우동
하남경영고등학교,e41d87d3-8599-4902-bfdc-342658608b15,J100000849,04,경기도,하남시,4100000000,4145000000,공립,경기도 하남시 창우동
두원공업고등학교,d9de3e09-1419-45f1-a415-1708b189b4a2,J100000685,04,경기도,안성시,4100000000,4155000000,사립,경기도 안성시 미양면 신기리
일죽고등학교,da654ef6-a2b3-4733-8d6f-b1bf89150706,J100000777,04,경기도,안성시,4100000000,4155000000,공립,경기도 안성시 일죽면 송천리
경북외국어고등학교,07070125-fc43-4bfa-bbac-3e6e143bdedf,R100000721,04,경상북도,구미시,4700000000,4719000000,공립,경상북도 구미시 남통동
운유고등학교,8cff4562-4101-4c45-b047-dec5c6bddc5b,J100007869,04,경기도,김포시,4100000000,4157000000,공립,경기도 김포시 장기동
장기고등학교,4d32fb98-0352-4e88-aeef-94d070a82e09,J100005673,04,경기도,김포시,4100000000,4157000000,공립,경기도 김포시 장기동
김포고등학교,c0c32f1e-0b42-4048-85a8-8f776a921c26,J100000510,04,경기도,김포시,4100000000,4157000000,공립,경기도 김포시 사우동
사우고등학교,46bd5c05-56ce-4c70-800a-ec13892b87d0,J100000596,04,경기도,김포시,4100000000,4157000000,공립,경기도 김포시 사우동
솔터고등학교,fa139b36-cd3f-4bb4-901a-b902ed1605ba,J100006523,04,경기도,김포시,4100000000,4157000000,공립,경기도 김포시 마산동
고촌고등학교,8bfc7645-381d-46ae-8891-f27cac3dc0eb,J100007314,04,경기도,김포시,4100000000,4157000000,공립,경기도 김포시 고촌읍 태리
양곡고등학교,a760cab8-0632-436c-9656-4cb45f3d319a,J100000703,04,경기도,김포시,4100000000,4157000000,사립,경기도 김포시 양촌읍 양곡리
신양고등학교,5e879db3-555a-48f5-a950-1f3413bf6d06,J100005907,04,경기도,김포시,4100000000,4157000000,공립,경기도 김포시 양촌읍 양곡리
상주공업고등학교,a38d5d1f-9fea-4e3a-af8f-097c7cd5d8e8,R100000842,04,경상북도,상주시,4700000000,4725000000,사립,경상북도 상주시 낙양동
용인고등학교,4c46b44e-9f26-4e14-a5a5-f6c0427d473e,J100000740,04,경기도,용인시 처인구,4100000000,4146000000,공립,경기도 용인시 처인구 역북동
태성고등학교,feb25b0d-651a-4b90-b6b0-46dc98abd1f6,J100000822,04,경기도,용인시 처인구,4100000000,4146000000,사립,경기도 용인시 처인구 남동
포곡고등학교,937c4d33-bfd2-4c7a-b24a-a867d59eb902,J100005660,04,경기도,용인시 처인구,4100000000,4146000000,공립,경기도 용인시 처인구 포곡읍
용인삼계고등학교,5253f66e-1557-4314-ae60-4db8af99a26b,J100006921,04,경기도,용인시 처인구,4100000000,4146000000,공립,경기도 용인시 처인구 포곡읍 삼계리
모계고등학교,398cae02-b4cd-4bfe-b615-3c27c336827b,R100000811,04,경상북도,청도군,4700000000,4782000000,사립,경상북도 청도군 화양읍 범곡리
상주고등학교,7b821fb5-9b16-4eda-ae2c-3c0e99c85caa,R100000841,04,경상북도,상주시,4700000000,4725000000,사립,경상북도 상주시 신봉동
용인한국외국어대학교부설고등학교,2e789913-9e3c-41f5-9027-2ace4a381331,J100005170,04,경기도,용인시 처인구,4100000000,4146000000,사립,경기도 용인시 처인구 모현읍 왕산리
용인바이오고등학교,b1c7f4d6-0769-400f-8825-d9f5f8eff13b,J100000741,04,경기도,용인시 처인구,4100000000,4146000000,공립,경기도 용인시 처인구 이동읍 송전리
처인고등학교,d7d9437f-873d-43a1-98c3-c8034dfab29c,J100007439,04,경기도,용인시 처인구,4100000000,4146000000,공립,경기도 용인시 처인구 남사읍
구미여자상업고등학교,11b95b45-378d-410a-9700-7e4fdcf18879,R100000759,04,경상북도,구미시,4700000000,4719000000,공립,경상북도 구미시 형곡동
형곡고등학교,bda5e3e2-d332-4f03-8328-537ea2256195,R100006291,04,경상북도,구미시,4700000000,4719000000,공립,경상북도 구미시 형곡동
인동고등학교,27e319fa-ec09-44f3-b904-37269345ffac,R100006093,04,경상북도,구미시,4700000000,4719000000,공립,경상북도 구미시 구평동
현서고등학교,dc0841fa-0dff-4d77-8d9b-8b17d259cfe0,R100001007,04,경상북도,청송군,4700000000,4775000000,공립,경상북도 청송군 현서면 덕계리
기흥고등학교,4d275426-8e64-49a0-98e0-db2c31062c74,J100000509,04,경기도,용인시 기흥구,4100000000,4146000000,공립,경기도 용인시 기흥구 신갈동
신갈고등학교,fb02969c-7b0c-41f9-8ca9-7a794bbadd3a,J100000661,04,경기도,용인시 기흥구,4100000000,4146000000,사립,경기도 용인시 기흥구 상갈동
서천고등학교,6524a195-aac2-45ce-8196-b0ec9d8771ef,J100005903,04,경기도,용인시 기흥구,4100000000,4146000000,공립,경기도 용인시 기흥구 농서동
흥덕고등학교,51a993b7-4f1e-4e09-a9ce-d1fb4edbb304,J100005677,04,경기도,용인시 기흥구,4100000000,4146000000,공립,경기도 용인시 기흥구 영덕동
구성고등학교,6c1deb9b-3429-4727-ad9f-74c1a6eb6eaa,J100004901,04,경기도,용인시 기흥구,4100000000,4146000000,공립,경기도 용인시 기흥구 마북동
청덕고등학교,5f286d50-8ec5-4d55-89ec-57908c0be347,J100005664,04,경기도,용인시 기흥구,4100000000,4146000000,공립,경기도 용인시 기흥구 청덕동
용인백현고등학교,8cb00b19-d27f-4768-8a58-5d916ff2ad6a,J100005319,04,경기도,용인시 기흥구,4100000000,4146000000,공립,경기도 용인시 기흥구 동백동
동백고등학교,6859068b-5fb0-4164-8c47-07e0a4822018,J100005488,04,경기도,용인시 기흥구,4100000000,4146000000,공립,경기도 용인시 기흥구 동백동
보정고등학교,b17df76f-2abc-47bc-9a6f-be393753cf1e,J100004918,04,경기도,용인시 기흥구,4100000000,4146000000,공립,경기도 용인시 기흥구 보정동
태전고등학교,b8c18b51-a029-487a-813c-e6460f757e1f,J100006920,04,경기도,광주시,4100000000,4161000000,공립,경기도 광주시 태전동
영북고등학교,19eafcc3-e5f9-48fd-a0f6-5d6a84031d6f,J100000731,04,경기도,포천시,4100000000,4165000000,공립,경기도 포천시 영북면 운천리
구미정보고등학교,2c048997-5793-44c9-968a-ab29a18f9983,R100000758,04,경상북도,구미시,4700000000,4719000000,공립,경상북도 구미시 황상동
용인홍천고등학교,865d87c5-0782-405a-944d-13de6dfd31be,J100005416,04,경기도,용인시 수지구,4100000000,4146000000,공립,경기도 용인시 수지구 신봉동
신봉고등학교,8a935acf-fbbf-4a4a-a49f-4c875fde3ae5,J100006525,04,경기도,용인시 수지구,4100000000,4146000000,공립,경기도 용인시 수지구 신봉동
성복고등학교,0895050d-debf-4be0-adea-69635a47e4ea,J100005904,04,경기도,용인시 수지구,4100000000,4146000000,공립,경기도 용인시 수지구 성복동
상현고등학교,ed5b5910-a7c5-408d-9a0c-d9384b907d65,J100006522,04,경기도,용인시 수지구,4100000000,4146000000,공립,경기도 용인시 수지구 상현동
서원고등학교,b39742c2-2ac8-4a11-8dd9-e79284cd1987,J100004893,04,경기도,용인시 수지구,4100000000,4146000000,공립,경기도 용인시 수지구 상현동
문산제일고등학교,a14e7946-f3c9-472f-accd-52a8e6fa62fd,J100000556,04,경기도,파주시,4100000000,4148000000,공립,경기도 파주시 야동동
한빛고등학교,4674a469-46ff-47af-b1ef-fdf2aa3e7f1f,J100006908,04,경기도,파주시,4100000000,4148000000,공립,경기도 파주시 야당동
다율고등학교,50d2dfbd-1a85-4af1-9910-6c9a70b71375,J100007962,04,경기도,파주시,4100000000,4148000000,공립,경기도 파주시 다율동
금촌고등학교,4ef2f531-88f9-41e2-880b-54a2af3c8b24,J100005169,04,경기도,파주시,4100000000,4148000000,공립,경기도 파주시 금릉동
파주고등학교,280913b9-914e-4c5c-a87f-03c330cfb6ac,J100000832,04,경기도,파주시,4100000000,4148000000,사립,경기도 파주시 문산읍 당동리
문산고등학교,ed3c2a3a-b5a0-4fac-8306-87f198326d42,J100000554,04,경기도,파주시,4100000000,4148000000,공립,경기도 파주시 문산읍 당동리
문산수억고등학교,499f4b32-4299-4396-86b1-25e1ef1f0c0d,J100000555,04,경기도,파주시,4100000000,4148000000,사립,경기도 파주시 파주읍 봉서리
점동고등학교,d1dd6e55-4187-4f21-aae8-74040ce1900f,J100000787,04,경기도,여주시,4100000000,4167000000,공립,경기도 여주시 점동면 청안리
경기항공고등학교,492c3c34-0c13-4c26-90b7-8274e7076040,J100000483,04,경기도,광명시,4100000000,4121000000,사립,경기도 광명시 광명동
광문고등학교,5b8f2586-39d7-40f7-81f1-0ff8c9126596,J100000489,04,경기도,광명시,4100000000,4121000000,공립,경기도 광명시 광명동
명문고등학교,773a975a-a0b4-460c-adcf-5dde631b099e,J100000487,04,경기도,광명시,4100000000,4121000000,공립,경기도 광명시 광명동
진성고등학교,a36dd66a-15da-4a64-b853-9fd1023be119,J100000807,04,경기도,광명시,4100000000,4121000000,사립,경기도 광명시 하안동
효명고등학교,0b321cf9-ec79-453c-a307-7b633997122d,J100000871,04,경기도,평택시,4100000000,4122000000,사립,경기도 평택시 장당동
이충고등학교,e0b94e64-3c02-4f9d-8d58-c5bf4e1c23cd,J100005672,04,경기도,평택시,4100000000,4122000000,공립,경기도 평택시 이충동
신한고등학교,ba947c9b-b989-4223-b409-0f186645e282,J100000666,04,경기도,평택시,4100000000,4122000000,사립,경기도 평택시 비전동
평택고등학교,eaa6e327-62ea-43a7-90a4-204ad2b06d44,J100000837,04,경기도,평택시,4100000000,4122000000,공립,경기도 평택시 비전동
한광고등학교,41b4dd26-090c-4c8d-978b-826498574f1b,J100000851,04,경기도,평택시,4100000000,4122000000,사립,경기도 평택시 비전동
동일공업고등학교,c69c8af4-e736-4433-8c75-d68441d4addb,J100000544,04,경기도,평택시,4100000000,4122000000,사립,경기도 평택시 비전동
평택마이스터고등학교,0560bb25-77c7-48af-b02b-de1e1f75fc8e,J100000838,04,경기도,평택시,4100000000,4122000000,공립,경기도 평택시 비전동
한광여자고등학교,e7f96b29-6a2c-44e7-9ae4-34a0d38a99f0,J100000852,04,경기도,평택시,4100000000,4122000000,사립,경기도 평택시 비전동
비전고등학교,b4998ca9-6fbd-4e12-9bb0-d8fc7fe8460a,J100006539,04,경기도,평택시,4100000000,4122000000,공립,경기도 평택시 비전동
용죽고등학교,b8474c7b-8e0c-4505-9c8e-a2daad96a6d1,J100008080,04,경기도,평택시,4100000000,4122000000,공립,경기도 평택시 용이동
세경고등학교,e624b80a-9ab6-4460-af39-342d5261d630,J100000829,04,경기도,파주시,4100000000,4148000000,사립,경기도 파주시 파주읍 연풍리
율곡고등학교,3fbfb0ff-39b4-4bc6-9633-ca940e415886,J100000751,04,경기도,파주시,4100000000,4148000000,사립,경기도 파주시 법원읍 법원리
봉일천고등학교,b7ba0614-64ad-495a-8301-ce615b46ad3c,J100004921,04,경기도,파주시,4100000000,4148000000,공립,경기도 파주시 조리읍
구미제일고등학교,441a3c37-60a6-474d-8f1b-5d81f4d8a5d5,R100000770,04,경상북도,구미시,4700000000,4719000000,사립,경상북도 구미시 지산동
동두천고등학교,a9b89e72-d5c7-420c-8be9-5f2642632005,J100000536,04,경기도,동두천시,4100000000,4125000000,사립,경기도 동두천시 생연동
한빛누리고등학교,5dd70a27-f8d7-4ae2-90e9-ad387e7cf47a,J100000572,04,경기도,동두천시,4100000000,4125000000,사립,경기도 동두천시 생연동
한국문화영상고등학교,d638bbdb-895b-4aae-89cf-33c214294839,J100000538,04,경기도,동두천시,4100000000,4125000000,사립,경기도 동두천시 생연동
정목고등학교,74f7283a-c981-4ed8-be7f-939cc44e9d19,J100000831,04,경기도,파주시,4100000000,4148000000,사립,경기도 파주시 월롱면 영태리
죽변고등학교,326f83b5-31c0-4dfa-b658-e2ee685801b4,R100000955,04,경상북도,울진군,4700000000,4793000000,공립,경상북도 울진군 죽변면 죽변리
안산동산고등학교,60829f43-2f13-455f-bbab-f06a381f7541,J100000677,04,경기도,안산시 상록구,4100000000,4127000000,사립,경기도 안산시 상록구 본오동
안산디자인문화고등학교,2c451cdc-140f-4429-8bc5-42b53df0b8e6,J100000680,04,경기도,안산시 상록구,4100000000,4127000000,사립,경기도 안산시 상록구 본오동
상록고등학교,8bb24382-3a68-4ae5-83f3-80af52213458,J100005801,04,경기도,안산시 상록구,4100000000,4127000000,공립,경기도 안산시 상록구 본오동
성포고등학교,27177f4d-271f-4ee1-bfd8-90d7cc0f80f8,J100005283,04,경기도,안산시 상록구,4100000000,4127000000,공립,경기도 안산시 상록구 성포동
광덕고등학교,092f2927-5718-4b03-bce1-0d832a3363e5,J100005676,04,경기도,안산시 상록구,4100000000,4127000000,공립,경기도 안산시 상록구 월피동
경기모바일과학고등학교,1d105740-3bf2-453d-93af-60a02f2d500f,J100000558,04,경기도,안산시 상록구,4100000000,4127000000,공립,경기도 안산시 상록구 팔곡일동
안산국제비즈니스고등학교,6c681ad0-caa8-4c69-a425-bec53d526ea4,J100000674,04,경기도,안산시 상록구,4100000000,4127000000,사립,경기도 안산시 상록구 장상동
안산고등학교,3e5c46c1-114a-4c18-92db-18db6e3d7edb,J100000675,04,경기도,안산시 상록구,4100000000,4127000000,사립,경기도 안산시 상록구 장상동
고잔고등학교,18ceb2bf-a7d1-4e49-8d0d-7c5102f9e269,J100000471,04,경기도,안산시 단원구,4100000000,4127000000,공립,경기도 안산시 단원구 고잔동
단원고등학교,e8f15113-1e33-4609-b348-cc76a87c30ba,J100004909,04,경기도,안산시 단원구,4100000000,4127000000,공립,경기도 안산시 단원구 고잔동
경안고등학교,76ade216-fe62-445a-80c2-9965ce67f1fa,J100000457,04,경기도,안산시 단원구,4100000000,4127000000,사립,경기도 안산시 단원구 고잔동
양지고등학교,90c3c448-0cb8-4d57-9111-eb4604bb977c,J100000713,04,경기도,안산시 단원구,4100000000,4127000000,공립,경기도 안산시 단원구 고잔동
안산강서고등학교,a285e3ea-a793-41e8-809e-875374b7fd61,J100000673,04,경기도,안산시 단원구,4100000000,4127000000,사립,경기도 안산시 단원구 와동
한국디지털미디어고등학교,4d64ec8d-e130-4762-8189-f217815cf3d3,J100000855,04,경기도,안산시 단원구,4100000000,4127000000,사립,경기도 안산시 단원구 와동
안산정보산업고등학교(2년제),ed910b86-2587-423f-a0e9-bd4ac1b1e054,J100000682,05,경기도,안산시 단원구,4100000000,4127000000,사립,경기도 안산시 단원구 원시동
원곡고등학교,7d6dd394-74d2-488c-8261-b667d55aba5f,J100000747,04,경기도,안산시 단원구,4100000000,4127000000,공립,경기도 안산시 단원구 원곡동
한민고등학교,c1f99f25-09e9-465f-b751-8de197c1ba09,J100006763,04,경기도,파주시,4100000000,4148000000,사립,경기도 파주시 광탄면 용미리
적성융합고등학교,343e2ff4-8080-4162-b182-b1af6fad7341,J100000784,04,경기도,파주시,4100000000,4148000000,공립,경기도 파주시 적성면
삼광고등학교,03d6bbac-3481-4509-8aed-4cb672059429,J100000599,04,경기도,파주시,4100000000,4148000000,사립,경기도 파주시 적성면 식현리
한국조리명장고등학교,0ae218a6-3e5c-45fd-851c-87581d5abdca,R100000748,04,경상북도,고령군,4700000000,4783000000,공립,경상북도 고령군 대가야읍
구미고등학교,28c84823-7980-42a5-abad-69149d465724,R100000753,04,경상북도,구미시,4700000000,4719000000,공립,경상북도 구미시 도량동
구미여자고등학교,e541eee0-6c70-4c00-b8c0-078e7055e801,R100000756,04,경상북도,구미시,4700000000,4719000000,공립,경상북도 구미시 도량동
구미고등학교부설방송통신고등학교,d3b6528a-fb98-45bf-b7a7-7b65dd76fc7d,R100000754,04,경상북도,구미시,4700000000,4719000000,공립,경상북도 구미시 도량동
경북골프경영고등학교,8b0c3d33-858f-4c62-9446-d46a6aac189b,R100000968,04,경상북도,청송군,4700000000,4775000000,사립,경상북도 청송군 부남면 대전리
도래울고등학교,b4fdf6e9-8cc2-4b40-9b1b-f395809c03c4,J100006764,04,경기도,고양시 덕양구,4100000000,4128000000,공립,경기도 고양시 덕양구 도내동
이천양정여자고등학교,2f1864b5-36cb-46f3-bb5a-0c0d4b6d3749,J100000763,04,경기도,이천시,4100000000,4150000000,사립,경기도 이천시 관고동
이천제일고등학교,04b78eb7-a79b-4f0a-937a-9f463a742de7,J100000762,04,경기도,이천시,4100000000,4150000000,공립,경기도 이천시 안흥동
이현고등학교,9ff0e80f-56ef-4a86-8324-b870facbd57e,J100005906,04,경기도,이천시,4100000000,4150000000,공립,경기도 이천시 갈산동
이천고등학교,3dc1f1b0-c135-4ece-a578-e5db10064f98,J100000760,04,경기도,이천시,4100000000,4150000000,공립,경기도 이천시 증포동
부원고등학교,bb1d7615-7e21-4660-b991-445a30b98cb3,J100000780,04,경기도,이천시,4100000000,4150000000,사립,경기도 이천시 장호원읍
대가야고등학교,6c9c5b7e-0ba8-46e1-ac71-3d0850010268,R100000790,04,경상북도,고령군,4700000000,4783000000,사립,경상북도 고령군 대가야읍 쾌빈리
경구고등학교,1e5c3e15-e552-4675-a508-cb04ddc22748,R100000718,04,경상북도,구미시,4700000000,4719000000,사립,경상북도 구미시 봉곡동
선주고등학교,85f77cbe-5a4e-4cfe-9007-2da9c70b8e13,R100006141,04,경상북도,구미시,4700000000,4719000000,공립,경상북도 구미시 봉곡동
구미전자공업고등학교,a9b94216-c59e-49b4-bf87-9f79108acfc8,A000003539,04,경상북도,구미시,4700000000,4719000000,국립,경상북도 구미시 임수동
상주여자고등학교,be5ed880-0de1-4793-8428-f2dbe77044e9,R100000843,04,경상북도,상주시,4700000000,4725000000,공립,경상북도 상주시 복룡동
고양동산고등학교,6b854465-bc6a-44f4-a30e-822067ce388c,J100006624,04,경기도,고양시 덕양구,4100000000,4128000000,공립,경기도 고양시 덕양구 동산동
고양일고등학교,adcd7c59-0b48-478f-8888-2e74b58758fd,J100005599,04,경기도,고양시 덕양구,4100000000,4128000000,공립,경기도 고양시 덕양구 고양동
고양외국어고등학교,4b2a2b21-aa69-4013-be9b-43001e41f314,J100000469,04,경기도,고양시 덕양구,4100000000,4128000000,사립,경기도 고양시 덕양구 관산동
능곡고등학교,8f85cb12-5439-46ea-9fd5-75300e75c688,J100000521,04,경기도,고양시 덕양구,4100000000,4128000000,공립,경기도 고양시 덕양구 토당동
화정고등학교,b7fad1a0-bf2f-4b77-b5c8-13284c68d5e0,J100000869,04,경기도,고양시 덕양구,4100000000,4128000000,공립,경기도 고양시 덕양구 화정동
화수고등학교,1d854bd5-4e22-432f-b9dc-e13336faf702,J100000868,04,경기도,고양시 덕양구,4100000000,4128000000,공립,경기도 고양시 덕양구 화정동
향동고등학교,30f593ce-38b3-49fb-b5ea-06567d97c257,J100007445,04,경기도,고양시 덕양구,4100000000,4128000000,공립,경기도 고양시 덕양구 향동동
백신고등학교,ab5ea181-969b-4d78-9824-a45972f23314,J100000565,04,경기도,고양시 일산동구,4100000000,4128000000,공립,경기도 고양시 일산동구 백석동
백마고등학교,e891ad94-f03f-453a-91d7-50f27327b311,J100000563,04,경기도,고양시 일산동구,4100000000,4128000000,공립,경기도 고양시 일산동구 백석동
신일비즈니스고등학교,4722484c-0c1f-4128-9e25-8b09f583bf0d,J100000665,04,경기도,고양시 일산서구,4100000000,4128000000,공립,경기도 고양시 일산서구 일산동
일산고등학교,df8ae281-3747-4b3e-b095-ffa484ce860b,J100000771,04,경기도,고양시 일산서구,4100000000,4128000000,공립,경기도 고양시 일산서구 일산동
주엽고등학교,2e90a956-6f46-4826-b56c-aa1ed6905e41,J100000797,04,경기도,고양시 일산서구,4100000000,4128000000,공립,경기도 고양시 일산서구 대화동
대화고등학교,3f563f21-23fb-4cf8-87f8-5d3dbcff010d,J100005905,04,경기도,고양시 일산서구,4100000000,4128000000,공립,경기도 고양시 일산서구 대화동
일산대진고등학교,61943a34-a683-42dc-a5f4-611fd0255dd4,J100000772,04,경기도,고양시 일산서구,4100000000,4128000000,사립,경기도 고양시 일산서구 대화동
백송고등학교,c8947b13-d8a3-4a7b-9dfa-173b225e0071,J100000468,04,경기도,고양시 일산서구,4100000000,4128000000,사립,경기도 고양시 일산서구 덕이동
고양예술고등학교,63ae4665-1f3f-4655-b968-91b8619fe4fa,J100005418,04,경기도,고양시 일산서구,4100000000,4128000000,사립,경기도 고양시 일산서구 덕이동
덕이고등학교,e030bf17-9a92-4afd-b3a5-6e963e0fe736,J100006518,04,경기도,고양시 일산서구,4100000000,4128000000,공립,경기도 고양시 일산서구 덕이동
장호원고등학교,b11adf37-9d0a-4031-ad12-54501bfb0d84,J100000781,04,경기도,이천시,4100000000,4150000000,공립,경기도 이천시 장호원읍 노탑리
효양고등학교,2495a3c7-33f8-4592-b557-926bae4aae0e,J100004917,04,경기도,이천시,4100000000,4150000000,공립,경기도 이천시 부발읍 신하리
한국도예고등학교,4aca12d1-a238-4266-b351-4fb2b36f77eb,J100000854,04,경기도,이천시,4100000000,4150000000,공립,경기도 이천시 신둔면 수남리
금오공업고등학교,cdca88b5-688f-40a7-8daf-2e6c8d93b110,R100000769,04,경상북도,구미시,4700000000,4719000000,공립,경상북도 구미시 공단동
김포외국어고등학교,fef784bd-0a0c-4675-87be-955828b5c342,J100005292,04,경기도,김포시,4100000000,4157000000,사립,경기도 김포시 월곶면 갈산리
근명고등학교,9c41da99-b42d-4b70-81fc-666c3651bbcc,J100000507,04,경기도,안양시 만안구,4100000000,4117000000,사립,경기도 안양시 만안구 안양동
신성고등학교,ca4a51df-c54c-4435-bb41-c953c263014b,J100000662,04,경기도,안양시 만안구,4100000000,4117000000,사립,경기도 안양시 만안구 안양동
양명여자고등학교,5fbf15a2-2911-4fff-acfa-11887598d084,J100000706,04,경기도,안양시 만안구,4100000000,4117000000,사립,경기도 안양시 만안구 안양동
안양여자고등학교,fadffc98-3739-4049-87d1-93511cb03a77,J100000693,04,경기도,안양시 만안구,4100000000,4117000000,사립,경기도 안양시 만안구 안양동
안양문화고등학교,c68c12c7-2b34-4e80-81ef-f523a85748c3,J100000694,04,경기도,안양시 만안구,4100000000,4117000000,사립,경기도 안양시 만안구 안양동
안양예술고등학교,b2544192-be56-46f2-8e36-63fbb61c4405,J100000696,04,경기도,안양시 만안구,4100000000,4117000000,사립,경기도 안양시 만안구 안양동
안양공업고등학교,5ad5ec89-82f6-4811-9cf9-79fe30673b2d,J100000691,04,경기도,안양시 만안구,4100000000,4117000000,공립,경기도 안양시 만안구 안양동
안양외국어고등학교,4ef1d0d4-8ee6-49ae-a74c-9e76b18c6cbf,J100000697,04,경기도,안양시 만안구,4100000000,4117000000,사립,경기도 안양시 만안구 안양동
성문고등학교,b7b7255b-a917-4fb0-bc72-711e554dc5cb,J100000614,04,경기도,안양시 만안구,4100000000,4117000000,사립,경기도 안양시 만안구 안양동
양명고등학교,cd5d33f7-5a31-4666-9114-a2d25b0310cb,J100000705,04,경기도,안양시 만안구,4100000000,4117000000,사립,경기도 안양시 만안구 안양동
영신여자고등학교,6fdb6c86-cee1-4228-bc8b-59ea12d17e0e,J100000734,04,경기도,수원시 권선구,4100000000,4111000000,사립,경기도 수원시 권선구 오목천동
성지고등학교,b39365bb-4369-45a0-8923-f84545ebb749,J100005414,04,경기도,용인시 기흥구,4100000000,4146000000,공립,경기도 용인시 기흥구 구갈동
경기관광고등학교,bd5deb48-b49e-4e50-bbd7-e22f69f2740c,J100000811,04,경기도,여주시,4100000000,4167000000,사립,경기도 여주시 대신면 율촌리
진건고등학교,883fef1c-65df-4cee-b198-a0fcc108aaba,J100000806,04,경기도,남양주시,4100000000,4136000000,공립,경기도 남양주시 진건읍
금오고등학교,fcf75dfc-ac1c-45d5-bd3e-02a37caeaeef,R100000768,04,경상북도,구미시,4700000000,4719000000,공립,경상북도 구미시 광평동
안양고등학교,ee61f91b-d59c-41f2-9112-7040c87786bc,J100000690,04,경기도,안양시 만안구,4100000000,4117000000,공립,경기도 안양시 만안구 박달동
한국외식과학고등학교,3f6a5278-07f3-4c5e-92e0-c2ff9591ab58,J100000517,04,경기도,양주시,4100000000,4163000000,사립,경기도 양주시 남면 신산리
심석고등학교,795daeb1-3875-4a53-a9c9-3fdd22651932,J100000669,04,경기도,남양주시,4100000000,4136000000,사립,경기도 남양주시 화도읍 마석우리
초당고등학교,3bcfb6c5-d0e3-4515-8c50-02d7e695f6a0,J100005658,04,경기도,용인시 기흥구,4100000000,4146000000,공립,경기도 용인시 기흥구 중동
수원고등학교,39261d48-806b-4560-a114-58a532b9ff6d,J100000645,04,경기도,수원시 팔달구,4100000000,4111000000,사립,경기도 수원시 팔달구 매교동
여강고등학교,0c8cd754-0d71-436d-9294-a2ecc31a2857,J100000717,04,경기도,여주시,4100000000,4167000000,사립,경기도 여주시 북내면 신접리
포천일고등학교,2aa0e76b-e36c-491f-995e-566adf4821ab,J100000843,04,경기도,포천시,4100000000,4165000000,공립,경기도 포천시 군내면 하성북리
풍덕고등학교,abe7460e-bd58-4a59-a374-4cd7c52d71c8,J100000844,04,경기도,용인시 수지구,4100000000,4146000000,공립,경기도 용인시 수지구 풍덕천동
수지고등학교,a80fd2f5-9177-4a84-9d19-3935dddebbf7,J100000655,04,경기도,용인시 수지구,4100000000,4146000000,공립,경기도 용인시 수지구 풍덕천동
경기게임마이스터고등학교,42c35af8-b955-4d44-a972-2e088669587c,J100000476,04,경기도,안양시 동안구,4100000000,4117000000,공립,경기도 안양시 동안구 비산동
부흥고등학교,971234cc-e5f5-407e-a47e-6542a308635a,J100000586,04,경기도,안양시 동안구,4100000000,4117000000,공립,경기도 안양시 동안구 비산동
호매실고등학교,18048ac1-744c-4fc6-8b09-967e81f3a23f,J100006542,04,경기도,수원시 권선구,4100000000,4111000000,공립,경기도 수원시 권선구 호매실동
청북고등학교,c965c0b8-a5c2-489b-a8bb-ba7f5e6a0107,J100005804,04,경기도,평택시,4100000000,4122000000,공립,경기도 평택시 청북읍 옥길리
남양주고등학교,66450902-6c6b-469d-b135-b64b164fc3ac,J100000519,04,경기도,남양주시,4100000000,4136000000,공립,경기도 남양주시 화도읍 월산리
수원여자고등학교,f0686f09-afec-4ebb-8370-1a2d08bdfdf6,J100000649,04,경기도,수원시 팔달구,4100000000,4111000000,공립,경기도 수원시 팔달구 고등동
수원여자고등학교부설방송통신고등학교,582106a7-96fd-4fdc-a2e6-b256032fca9b,J100000650,04,경기도,수원시 팔달구,4100000000,4111000000,공립,경기도 수원시 팔달구 고등동
판곡고등학교,c8153bf6-dd7d-4616-a675-ab68b13ec9e7,J100005910,04,경기도,남양주시,4100000000,4136000000,공립,경기도 남양주시 호평동
호평고등학교,c68f4e47-c10b-4ec0-bb3d-1315a1e2bfb4,J100005291,04,경기도,남양주시,4100000000,4136000000,공립,경기도 남양주시 호평동
청운고등학교,96258df9-bb97-4e9a-bde7-6a07e564d15d,J100000816,04,경기도,양평군,4100000000,4183000000,공립,경기도 양평군 청운면 용두리
여주자영농업고등학교,e0502faf-2a44-4091-8e29-709c15060bfc,J100000722,04,경기도,여주시,4100000000,4167000000,공립,경기도 여주시 세종대왕면 왕대리
후포고등학교,7bccb639-f2ef-448f-9f21-f4b00784492e,R100001016,04,경상북도,울진군,4700000000,4793000000,공립,경상북도 울진군 후포면 후포리
매향여자정보고등학교,254e2c9d-b1e7-4b81-9a95-55c3eeef332c,J100000552,04,경기도,수원시 팔달구,4100000000,4111000000,사립,경기도 수원시 팔달구 매향동
삼일공업고등학교,9e40a5b6-627f-4b5f-be37-de1d8121af16,J100000602,04,경기도,수원시 팔달구,4100000000,4111000000,사립,경기도 수원시 팔달구 매향동
삼일고등학교,f8201b5c-54d6-4d8f-aa35-5faa1535447e,J100000603,04,경기도,수원시 팔달구,4100000000,4111000000,사립,경기도 수원시 팔달구 매향동
태안여자고등학교,81aa2395-f5dd-408a-8d33-4bdfcf58845b,N100000260,04,충청남도,태안군,4400000000,4482000000,사립,충청남도 태안군 태안읍 남문리
태안고등학교,6ff1e571-e6af-4654-9318-cbe081b5f231,N100000259,04,충청남도,태안군,4400000000,4482000000,공립,충청남도 태안군 태안읍 평천리
안면고등학교,447e84df-0927-4e3c-bf93-0a997d686b3b,N100000195,04,충청남도,태안군,4400000000,4482000000,공립,충청남도 태안군 안면읍 승언리
진위고등학교,0e8435a8-c374-43c1-9c98-42e096f4f572,J100000810,04,경기도,평택시,4100000000,4122000000,사립,경기도 평택시 진위면 가곡리
금호고등학교,69887355-2400-4736-a33b-4fb0fbdf876d,B100006381,04,서울특별시,성동구,1100000000,1120000000,공립,서울특별시 성동구 금호동1가
만리포고등학교,5b4cfdb5-453a-41d5-8ff7-d54de7b26437,N100000165,04,충청남도,태안군,4400000000,4482000000,공립,충청남도 태안군 소원면 신덕리
양동고등학교,03c4bc40-b3a9-4fbe-ab8d-5efde144006b,J100000704,04,경기도,양평군,4100000000,4183000000,사립,경기도 양평군 양동면 쌍학리
백암고등학교,e589c624-936c-477e-ba98-ada4e4c7b651,J100000566,04,경기도,용인시 처인구,4100000000,4146000000,공립,경기도 용인시 처인구 백암면 근창리
와부고등학교,97a60f1b-b217-4a22-a15b-1111c46abf49,J100005601,04,경기도,남양주시,4100000000,4136000000,공립,경기도 남양주시 와부읍 덕소리
대신고등학교,c83885ed-b7bf-4330-9d01-9ad9e4b23568,J100000525,04,경기도,여주시,4100000000,4167000000,사립,경기도 여주시 대신면 후포리
운정고등학교,ae76176f-c267-4855-8af9-c356b08d6959,J100005799,04,경기도,파주시,4100000000,4148000000,공립,경기도 파주시 목동동
광주중앙고등학교,d16a9e18-815b-4a5a-88ab-0cfd62837753,J100000493,04,경기도,광주시,4100000000,4161000000,공립,경기도 광주시 역동
지산고등학교,7fe827db-b4ab-4e8f-856c-3f8e813a88ec,J100006903,04,경기도,파주시,4100000000,4148000000,공립,경기도 파주시 와동동
삼성생활예술고등학교,67b5e918-5c37-49a8-b519-a0daf74a0d37,R100000838,04,경상북도,경주시,4700000000,4713000000,사립,경상북도 경주시 내남면 이조리
송우고등학교,429bd3e3-e258-44f6-a46a-fe7d0a61ad81,J100005382,04,경기도,포천시,4100000000,4165000000,공립,경기도 포천시 소흘읍
인창고등학교,2d85d9f4-167b-4033-a819-c2a24563cf55,B100000518,04,서울특별시,서대문구,1100000000,1141000000,사립,서울특별시 서대문구 충정로2가
여의도여자고등학교,6f5be02a-37c0-4816-aafa-7bdc2a98d658,B100000493,04,서울특별시,영등포구,1100000000,1156000000,공립,서울특별시 영등포구 여의도동
여의도고등학교,45bddaa8-8a8f-430b-ab2d-f1721c6c4f07,B100000492,04,서울특별시,영등포구,1100000000,1156000000,공립,서울특별시 영등포구 여의도동
용산고등학교,f84889f4-b378-4ee3-8d1a-2fb89bb32c2e,B100000511,04,서울특별시,용산구,1100000000,1117000000,공립,서울특별시 용산구 용산동2가
보성여자고등학교,af47769a-1422-4481-ad4b-fc810bf0bb5e,B100000447,04,서울특별시,용산구,1100000000,1117000000,사립,서울특별시 용산구 용산동2가
대원고등학교,bac7a4e8-575a-4b4a-9b69-ec413b78db0d,B100000411,04,서울특별시,광진구,1100000000,1121500000,사립,서울특별시 광진구 중곡동
대원여자고등학교,4876d697-ff0f-4f4d-91cf-af57e994cb9b,B100000412,04,서울특별시,광진구,1100000000,1121500000,사립,서울특별시 광진구 중곡동
대원외국어고등학교,8b9cd11f-cff2-4671-ac56-f42c534b5fdc,B100000571,04,서울특별시,광진구,1100000000,1121500000,사립,서울특별시 광진구 중곡동
선화예술고등학교,3a7c18b1-48a0-458c-874b-2de6231f71a2,B100000626,04,서울특별시,광진구,1100000000,1121500000,사립,서울특별시 광진구 능동
동국대학교사범대학부속가람고등학교,618002e6-44ce-4eb9-af09-8ce27cd09612,B100000433,04,서울특별시,광진구,1100000000,1121500000,사립,서울특별시 광진구 구의동
광남고등학교,ffd5b5e6-74ca-43e2-ad98-5e89f6a50e52,B100000391,04,서울특별시,광진구,1100000000,1121500000,공립,서울특별시 광진구 광장동
대신고등학교,856240f4-4a72-44c6-a032-3230ad66b9ea,B100000409,04,서울특별시,종로구,1100000000,1111000000,사립,서울특별시 종로구 행촌동
건국대학교사범대학부속고등학교,887599fa-1c51-4b48-a8d3-f141bbf80d81,B100000374,04,서울특별시,광진구,1100000000,1121500000,사립,서울특별시 광진구 화양동
상명대학교사범대학부속여자고등학교,f2cf0aeb-1cd1-49d5-bf9f-e0fce5b1b012,B100000450,04,서울특별시,종로구,1100000000,1111000000,사립,서울특별시 종로구 홍지동
전곡고등학교,110806d4-eea5-4a25-a85d-8ac81c197ad5,J100000786,04,경기도,연천군,4100000000,4180000000,공립,경기도 연천군 전곡읍 은대리
초월고등학교,a8a0a01a-7626-495a-b201-96097e775338,J100005908,04,경기도,광주시,4100000000,4161000000,공립,경기도 광주시 초월읍 대쌍령리
연천고등학교,7d9e3c57-e97d-47d7-ae53-f92836671171,J100000726,04,경기도,연천군,4100000000,4180000000,공립,경기도 연천군 연천읍 현가리
한성고등학교,be41a055-9a84-48a6-89e7-1b8b68f2b61c,B100000555,04,서울특별시,서대문구,1100000000,1141000000,사립,서울특별시 서대문구 북아현동
중앙여자고등학교,64bc21dc-6f42-46c3-90df-cdda59fbe0fa,B100000535,04,서울특별시,서대문구,1100000000,1141000000,사립,서울특별시 서대문구 북아현동
배문고등학교,2d46c8ec-a07c-4939-a9bd-3323d9e52758,B100000442,04,서울특별시,용산구,1100000000,1117000000,사립,서울특별시 용산구 서계동
명지고등학교,0a26db53-f20d-4594-a743-af4fe96128e0,B100000435,04,서울특별시,서대문구,1100000000,1141000000,사립,서울특별시 서대문구 홍은동
가재울고등학교,808c9e70-68f8-4682-a8a9-bd1178870e31,B100005591,04,서울특별시,서대문구,1100000000,1141000000,공립,서울특별시 서대문구 북가좌동
선유고등학교,38ea9c10-f9d4-45a2-8934-0acb279cba97,B100005261,04,서울특별시,영등포구,1100000000,1156000000,공립,서울특별시 영등포구 양평동4가
한강미디어고등학교,2553f960-6e37-4582-abc7-d38717bb2250,B100000550,04,서울특별시,영등포구,1100000000,1156000000,공립,서울특별시 영등포구 양평동4가
가평고등학교,df1c03c2-b30d-424c-9e2a-152a01714b65,J100000445,04,경기도,가평군,4100000000,4182000000,공립,경기도 가평군 가평읍 대곡리
운암고등학교,4a3d6e31-a69a-4dda-9243-4fcadfd22eb4,J100005461,04,경기도,오산시,4100000000,4137000000,공립,경기도 오산시 원동
성호고등학교,dfeab50c-dbfe-4683-a764-b547a8a1ab2a,J100000626,04,경기도,오산시,4100000000,4137000000,공립,경기도 오산시 원동
성심여자고등학교,41f48fd5-4899-4165-8190-ef6054f290ce,B100000472,04,서울특별시,용산구,1100000000,1117000000,사립,서울특별시 용산구 원효로4가
신현고등학교,79d10a0a-16af-40af-b056-234ff977a29d,B100005204,04,서울특별시,중랑구,1100000000,1126000000,공립,서울특별시 중랑구 상봉동
영신고등학교,223f15fc-27e3-408c-adec-073af684e676,B100000501,04,서울특별시,영등포구,1100000000,1156000000,공립,서울특별시 영등포구 신길동
영등포여자고등학교,011ccaa5-4631-40f7-af43-115547c78a47,B100000498,04,서울특별시,영등포구,1100000000,1156000000,공립,서울특별시 영등포구 신길동
장훈고등학교,17865899-52d6-4bfd-9826-a950e0e05699,B100000526,04,서울특별시,영등포구,1100000000,1156000000,사립,서울특별시 영등포구 신길동
대영고등학교,acc0a78b-40d4-40ba-9e57-ffcdfae67b18,B100000410,04,서울특별시,영등포구,1100000000,1156000000,공립,서울특별시 영등포구 신길동
원묵고등학교,c764ee83-d85c-4315-ac07-fd28c83d2463,B100005364,04,서울특별시,중랑구,1100000000,1126000000,공립,서울특별시 중랑구 묵동
태릉고등학교,3a2c088f-e9a5-4f55-b9a2-ee30112b5c2f,B100000547,04,서울특별시,중랑구,1100000000,1126000000,공립,서울특별시 중랑구 묵동
월계고등학교,ed66222e-e88e-4a9b-bc25-cb826d124014,B100005262,04,서울특별시,노원구,1100000000,1135000000,공립,서울특별시 노원구 월계동
인덕과학기술고등학교,74e58f2f-87c8-477b-93a6-76836e166676,B100000600,04,서울특별시,노원구,1100000000,1135000000,사립,서울특별시 노원구 월계동
염광고등학교,1601aca8-182b-42a0-870e-3606e465c928,B100000494,04,서울특별시,노원구,1100000000,1135000000,사립,서울특별시 노원구 월계동
광운인공지능고등학교,2fd1c83d-4509-454b-a124-88cf5dc194bb,B100000580,04,서울특별시,노원구,1100000000,1135000000,사립,서울특별시 노원구 월계동
염광메디텍고등학교,3283d442-ce2b-4d7e-8e30-0389b765f75b,B100000649,04,서울특별시,노원구,1100000000,1135000000,사립,서울특별시 노원구 월계동
진선여자고등학교,d2861d20-150a-4d1a-b4a0-3ec823421ffc,B100000538,04,서울특별시,강남구,1100000000,1168000000,사립,서울특별시 강남구 역삼동
용화여자고등학교,cb5ad794-887e-4037-aeed-52aaa3f4b204,B100000512,04,서울특별시,노원구,1100000000,1135000000,사립,서울특별시 노원구 상계동
상계고등학교,f26148f5-2cba-43f8-84de-0e5e71e98339,B100000449,04,서울특별시,노원구,1100000000,1135000000,공립,서울특별시 노원구 상계동
청원고등학교,7742dad9-ab7b-4114-a0ee-c76afb830651,B100000544,04,서울특별시,노원구,1100000000,1135000000,사립,서울특별시 노원구 상계동
청원여자고등학교,8faabb64-41a7-4313-9947-5c76b2cd3147,B100000545,04,서울특별시,노원구,1100000000,1135000000,사립,서울특별시 노원구 상계동
수락고등학교,3b2bc1fd-ff08-4885-b7ea-92ff880a6092,B100000478,04,서울특별시,노원구,1100000000,1135000000,공립,서울특별시 노원구 상계동
노원고등학교,a07e3a67-2c80-4899-908b-b405d8889eb4,B100000404,04,서울특별시,노원구,1100000000,1135000000,공립,서울특별시 노원구 상계동
영동고등학교,555d81d6-7a47-41fb-982e-8e801112ba96,B100000495,04,서울특별시,강남구,1100000000,1168000000,사립,서울특별시 강남구 청담동
경기고등학교,5bb799cd-2782-4aee-9ae5-c03aef73f712,B100000375,04,서울특별시,강남구,1100000000,1168000000,공립,서울특별시 강남구 삼성동
독산고등학교,fd67ca30-24fe-400a-9c96-feaae23e4c3f,B100000419,04,서울특별시,금천구,1100000000,1154500000,공립,서울특별시 금천구 독산동
휘문고등학교,eccbb3e4-dace-4f32-8f02-4c4858dc6c53,B100000568,04,서울특별시,강남구,1100000000,1168000000,사립,서울특별시 강남구 대치동
단국대학교부속소프트웨어고등학교,6f30c237-a602-44df-848e-0dcb040fcb24,B100000581,04,서울특별시,강남구,1100000000,1168000000,사립,서울특별시 강남구 대치동
단국대학교사범대학부속고등학교,1b6c2545-0780-4d24-9c61-511816cf5b5f,B100000405,04,서울특별시,강남구,1100000000,1168000000,사립,서울특별시 강남구 대치동
문일고등학교,e5919f03-c8c9-45bb-82c7-4889cda020a0,B100000438,04,서울특별시,금천구,1100000000,1154500000,사립,서울특별시 금천구 시흥동
동일여자고등학교,d57ad641-0e71-4483-98dc-67837448f510,B100000425,04,서울특별시,금천구,1100000000,1154500000,사립,서울특별시 금천구 시흥동
서울매그넷고등학교,2592ac26-18bc-4867-a32c-840d6b780eda,B100000426,04,서울특별시,금천구,1100000000,1154500000,사립,서울특별시 금천구 시흥동
금천고등학교,5a6440fb-9339-4508-9e39-4c584af64d8f,B100000402,04,서울특별시,금천구,1100000000,1154500000,공립,서울특별시 금천구 시흥동
국립전통예술고등학교,c10aaa4d-9386-4b8a-b034-16cdb8421f87,A000005401,04,서울특별시,금천구,1100000000,1154500000,국립,서울특별시 금천구 시흥동
신천고등학교,4ce63da5-cda2-46db-8ccc-6df4b7e71e46,J100005668,04,경기도,시흥시,4100000000,4139000000,공립,경기도 시흥시 신천동
일동고등학교,9e23159e-731e-4e8a-9bea-e9ab8364b4c0,J100000770,04,경기도,포천시,4100000000,4165000000,공립,경기도 포천시 일동면 기산리
용산철도고등학교,93c5cec7-236d-4298-9784-92dd9f3ae6ce,B100000597,04,서울특별시,용산구,1100000000,1117000000,공립,서울특별시 용산구 한강로3가
서울디지텍고등학교,23ec47fa-7763-45ea-8398-0d849503c5fa,B100000589,04,서울특별시,용산구,1100000000,1117000000,사립,서울특별시 용산구 이태원동
압구정고등학교,26d398fe-7e63-4ed2-b1e5-7e8289b1ccc6,B100000400,04,서울특별시,강남구,1100000000,1168000000,공립,서울특별시 강남구 압구정동
현대고등학교,e7624b61-e239-48af-b9e1-a91ccfa9b61c,B100000559,04,서울특별시,강남구,1100000000,1168000000,사립,서울특별시 강남구 압구정동
서울로봇고등학교,f201ee70-d519-4209-b849-f09ca49ea214,B100000577,04,서울특별시,강남구,1100000000,1168000000,공립,서울특별시 강남구 일원동
중산고등학교,c139113e-5766-4326-a674-701cbdc9d03e,B100000532,04,서울특별시,강남구,1100000000,1168000000,사립,서울특별시 강남구 일원동
중동고등학교,5d7e5684-e466-46e6-aa67-90e5dcb7423b,B100000531,04,서울특별시,강남구,1100000000,1168000000,사립,서울특별시 강남구 일원동
서울세종고등학교,60ebed9a-823f-4ff1-a379-796333c10c9d,B100000459,04,서울특별시,강남구,1100000000,1168000000,사립,서울특별시 강남구 수서동
대진디자인고등학교,fdf3c5f6-5cdf-4fa0-97f0-b08565d4fedc,B100000416,04,서울특별시,강남구,1100000000,1168000000,사립,서울특별시 강남구 수서동
대광고등학교,ad51d3a9-c5a2-49ed-9b68-a3d0b57c66c9,B100000407,04,서울특별시,동대문구,1100000000,1123000000,사립,서울특별시 동대문구 신설동
은광여자고등학교,657b43e6-fbff-481b-9b8f-220dfbf8a249,B100000514,04,서울특별시,강남구,1100000000,1168000000,사립,서울특별시 강남구 도곡동
중앙대학교사범대학부속고등학교,214c9bfb-5f3b-47c8-9bb0-9af842be9504,B100000534,04,서울특별시,강남구,1100000000,1168000000,사립,서울특별시 강남구 도곡동
숙명여자고등학교,94bd916b-c7da-413b-b26c-96c5b1b90eac,B100000479,04,서울특별시,강남구,1100000000,1168000000,사립,서울특별시 강남구 도곡동
해성국제컨벤션고등학교,6d7a3dd8-e2ab-4ec1-8e93-2f529ad4151d,B100000614,04,서울특별시,동대문구,1100000000,1123000000,사립,서울특별시 동대문구 전농동
학력인정 청량정보고등학교,c03163dd-812c-48ee-8d12-69a95cea691d,B100000653,05,서울특별시,동대문구,1100000000,1123000000,사립,서울특별시 동대문구 전농동
해성여자고등학교,8b8f3a17-975a-4f16-9eb6-c84572e4abe5,B100005536,04,서울특별시,동대문구,1100000000,1123000000,사립,서울특별시 동대문구 전농동
청평고등학교,159cdf7a-69c0-4062-b6ec-9edb74c03cae,J100000817,04,경기도,가평군,4100000000,4182000000,공립,경기도 가평군 청평면 청평리
성사고등학교,2fa9b209-d3b9-469f-bcf1-10cf27bb4e17,J100005413,04,경기도,고양시 덕양구,4100000000,4128000000,공립,경기도 고양시 덕양구 성사동
신원고등학교,a526ea1d-21df-41cd-9975-37c89f3b94cf,J100007444,04,경기도,고양시 덕양구,4100000000,4128000000,공립,경기도 고양시 덕양구 신원동
동국대학교사범대학부속고등학교,25240420-e417-4311-87c6-fe6af9d7b9dc,B100000420,04,서울특별시,동대문구,1100000000,1123000000,사립,서울특별시 동대문구 장안동
경희고등학교,d6a594c6-bfd0-4081-8f82-ebece50e2bee,B100000384,04,서울특별시,동대문구,1100000000,1123000000,사립,서울특별시 동대문구 회기동
경희여자고등학교,3ef9525b-c1b8-4461-b4e2-6d09f8c6e008,B100000385,04,서울특별시,동대문구,1100000000,1123000000,사립,서울특별시 동대문구 회기동
휘경여자고등학교,22af7def-1885-4221-a1b7-5f739a0ccfb2,B100000567,04,서울특별시,동대문구,1100000000,1123000000,사립,서울특별시 동대문구 휘경동
서울반도체고등학교,67d4da11-5e22-439d-8cf3-bbfe300cd04c,B100000602,04,서울특별시,동대문구,1100000000,1123000000,공립,서울특별시 동대문구 휘경동
휘봉고등학교,b61b4a0c-fd93-433a-a09a-ebacb1df7414,B100005573,04,서울특별시,동대문구,1100000000,1123000000,공립,서울특별시 동대문구 휘경동
매홀고등학교,c4450ed0-8c38-4840-9b2b-62276689b5ce,J100006701,04,경기도,오산시,4100000000,4137000000,공립,경기도 오산시 수청동
숭문고등학교,7e8bb116-3383-4ea7-9a2d-fe93e67d0a77,B100000480,04,서울특별시,마포구,1100000000,1144000000,사립,서울특별시 마포구 대흥동
경문고등학교,0fc9d0f0-fb30-4ee9-a00a-8eab46dba570,B100000378,04,서울특별시,동작구,1100000000,1159000000,사립,서울특별시 동작구 동작동
서울디자인고등학교,d2535d40-e469-4fc6-b77d-e8152457db2f,B100000583,04,서울특별시,마포구,1100000000,1144000000,사립,서울특별시 마포구 염리동
서울여자고등학교,82d33945-5346-498a-a024-73251fb08c33,B100000460,04,서울특별시,마포구,1100000000,1144000000,공립,서울특별시 마포구 염리동
동작고등학교,01a88355-27e6-4255-9137-13463e1e86ca,B100000427,04,서울특별시,동작구,1100000000,1159000000,공립,서울특별시 동작구 사당동
수도여자고등학교,1404ed56-a32f-4b0f-835a-f940b58598d1,B100000477,04,서울특별시,동작구,1100000000,1159000000,공립,서울특별시 동작구 신대방동
수도여자고등학교부설방송통신고등학교,e3dfc5e5-c0ff-4877-a3b8-278a32d7eae1,B100002503,04,서울특별시,동작구,1100000000,1159000000,공립,서울특별시 동작구 신대방동
서울동구고등학교,f8975288-9d86-4bda-b14c-d8b907014063,B100000605,04,서울특별시,성북구,1100000000,1129000000,사립,서울특별시 성북구 성북동
홍익대학교사범대학부속고등학교,448300f0-f2f6-439a-b798-8a03cf0af3a0,B100000563,04,서울특별시,성북구,1100000000,1129000000,사립,서울특별시 성북구 성북동
성신여자고등학교,4ea7df67-03b0-4cd4-8345-61c9c1ae7162,B100000471,04,서울특별시,성북구,1100000000,1129000000,사립,서울특별시 성북구 돈암동
고명외식고등학교,4ffa010d-1aee-40c3-9e32-60cca06fdb83,B100000629,04,서울특별시,성북구,1100000000,1129000000,사립,서울특별시 성북구 돈암동
선일여자고등학교,6865a705-9a6b-425c-b67a-40d7c29abfb8,B100000466,04,서울특별시,은평구,1100000000,1138000000,사립,서울특별시 은평구 갈현동
대성고등학교,aac20c1c-5aa3-4b0e-98c3-2cc3ee0db23c,B100000408,04,서울특별시,은평구,1100000000,1138000000,사립,서울특별시 은평구 갈현동
선정고등학교,90c3b3d3-6df1-4f1d-94c1-4f7e1f7f0fef,B100000467,04,서울특별시,은평구,1100000000,1138000000,사립,서울특별시 은평구 갈현동
선정국제관광고등학교,77ad25f7-3108-493e-b3b7-1c22598956b0,B100000616,04,서울특별시,은평구,1100000000,1138000000,사립,서울특별시 은평구 갈현동
선일빅데이터고등학교,1b9f6bbe-ef34-4f59-82ad-823ea07059f2,B100000608,04,서울특별시,은평구,1100000000,1138000000,사립,서울특별시 은평구 갈현동
동명생활경영고등학교,21df3e5a-f478-402f-9396-750bf185e2f6,B100000638,04,서울특별시,은평구,1100000000,1138000000,사립,서울특별시 은평구 대조동
동명여자고등학교,511e3185-e65a-40a9-86c6-bb2043767558,B100000422,04,서울특별시,은평구,1100000000,1138000000,사립,서울특별시 은평구 대조동
충암고등학교,640b4c22-7836-4cd6-b616-cda3ea4c0e8a,B100000546,04,서울특별시,은평구,1100000000,1138000000,사립,서울특별시 은평구 응암동
신진과학기술고등학교,f4173d34-f310-4830-8313-7ee49764da82,B100000595,04,서울특별시,은평구,1100000000,1138000000,사립,서울특별시 은평구 응암동
숭실고등학교,8789d185-683d-4f2a-875d-dcd00cbf1d1a,B100000481,04,서울특별시,은평구,1100000000,1138000000,사립,서울특별시 은평구 신사동
잠실고등학교,aae10552-a2b4-4854-a43e-52ded43821df,B100000523,04,서울특별시,송파구,1100000000,1171000000,공립,서울특별시 송파구 신천동
경성고등학교,9dd76952-2533-4f7d-86c8-50b0b0a8889b,B100000381,04,서울특별시,마포구,1100000000,1144000000,사립,서울특별시 마포구 연남동
홍익디자인고등학교,f0a2fbd5-d3c3-4a5d-8284-9f5366b5336b,B100000615,04,서울특별시,마포구,1100000000,1144000000,사립,서울특별시 마포구 연남동
홍익대학교사범대학부속여자고등학교,6013f224-e316-4c35-aa4d-a330717330ee,B100000564,04,서울특별시,마포구,1100000000,1144000000,사립,서울특별시 마포구 성산동
한성여자고등학교,61f248ac-ea08-432f-b4b2-b964678d6545,B100000556,04,서울특별시,성북구,1100000000,1129000000,사립,서울특별시 성북구 삼선동2가
상암고등학교,03618181-0072-41c0-bfda-bf3bfec5d9c2,B100005365,04,서울특별시,마포구,1100000000,1144000000,공립,서울특별시 마포구 상암동
영파여자고등학교,4b6a5a69-d82f-4354-a822-517f960c8c5d,B100000504,04,서울특별시,송파구,1100000000,1171000000,사립,서울특별시 송파구 풍납동
배명고등학교,a278179b-d2fd-4d64-9e66-10f9c54f5904,B100000441,04,서울특별시,송파구,1100000000,1171000000,사립,서울특별시 송파구 삼전동
리라아트고등학교,e9464dd2-e7a4-4468-bfb3-9d81b06dff7e,B100000656,04,서울특별시,중구,1100000000,1114000000,사립,서울특별시 중구 예장동
문정고등학교,fe13bdd6-7a2e-404e-bcae-cef07c1eb1ec,B100005498,04,서울특별시,송파구,1100000000,1171000000,공립,서울특별시 송파구 문정동
문현고등학교,06e2f7ba-2ba8-4a16-bc27-0fcbf1098173,B100005524,04,서울특별시,송파구,1100000000,1171000000,공립,서울특별시 송파구 장지동
학력인정 한림연예예술고등학교,87cdef25-70a3-4f63-946d-59552402a037,B100005585,05,서울특별시,송파구,1100000000,1171000000,사립,서울특별시 송파구 장지동
보성고등학교,06fed21e-90a4-4ff8-a3db-49196e8b0f00,B100000446,04,서울특별시,송파구,1100000000,1171000000,사립,서울특별시 송파구 방이동
서울체육고등학교,71eafcff-7513-4bc9-9e01-2ecdb9c7ecd3,B100000461,04,서울특별시,송파구,1100000000,1171000000,공립,서울특별시 송파구 방이동
방산고등학교,5a6db67d-7535-4b7e-a9ef-d987188ae02b,B100005182,04,서울특별시,송파구,1100000000,1171000000,공립,서울특별시 송파구 방이동
창덕여자고등학교,b682a4b8-a7d9-489b-9ce0-ecfdd5a288cc,B100000539,04,서울특별시,송파구,1100000000,1171000000,공립,서울특별시 송파구 방이동
오금고등학교,284a3fa5-1479-4fdd-9419-b03cbd28e619,B100000507,04,서울특별시,송파구,1100000000,1171000000,공립,서울특별시 송파구 오금동
보인고등학교,323a202d-3bd3-44a7-8692-00cdeebb3d3d,B100000640,04,서울특별시,송파구,1100000000,1171000000,사립,서울특별시 송파구 오금동
경복고등학교,7334aee9-119c-4735-8a26-d5e582e146be,B100000379,04,서울특별시,종로구,1100000000,1111000000,공립,서울특별시 종로구 청운동
경복고등학교부설방송통신고등학교,b89235e0-36d4-4c88-bca4-d1ff332ac465,B100002502,04,서울특별시,종로구,1100000000,1111000000,공립,서울특별시 종로구 청운동
경기상업고등학교,9baf36f5-9595-4e59-8fcb-5b8cdc5ad7fb,B100000603,04,서울특별시,종로구,1100000000,1111000000,공립,서울특별시 종로구 청운동
용문고등학교,158e9178-5cd4-4085-8f25-6b0f908c6c9b,B100000510,04,서울특별시,성북구,1100000000,1129000000,사립,서울특별시 성북구 안암동2가
인헌고등학교,9bb2184b-f079-4da5-92a5-54946c78e180,B100000519,04,서울특별시,관악구,1100000000,1162000000,공립,서울특별시 관악구 봉천동
서울문영여자고등학교,aeb6196c-a381-480e-b389-081c4bf1bef5,B100000437,04,서울특별시,관악구,1100000000,1162000000,사립,서울특별시 관악구 봉천동
서울미술고등학교,66eacaf5-8add-4da6-9de3-362a60d656c0,B100000458,04,서울특별시,관악구,1100000000,1162000000,사립,서울특별시 관악구 봉천동
서울관광고등학교,f56edce7-5d93-43ec-96aa-146df738ad26,B100000630,04,서울특별시,관악구,1100000000,1162000000,사립,서울특별시 관악구 봉천동
영락고등학교,b8a0d0d0-7be9-42c4-93c3-409a1f23c1a0,B100000499,04,서울특별시,관악구,1100000000,1162000000,사립,서울특별시 관악구 봉천동
서울여자상업고등학교,87480445-0c24-439e-add9-5712e06ecf39,B100000607,04,서울특별시,관악구,1100000000,1162000000,사립,서울특별시 관악구 봉천동
당곡고등학교,e56a25fd-c70f-43b4-bf35-7652932c0f94,B100000406,04,서울특별시,관악구,1100000000,1162000000,공립,서울특별시 관악구 봉천동
영락의료과학고등학교,91b1c1ff-c80d-465a-bbd4-ad1464cc2597,B100000611,04,서울특별시,관악구,1100000000,1162000000,사립,서울특별시 관악구 봉천동
구암고등학교,b70b4f8e-306e-4a07-ad6b-f541b343b763,B100005528,04,서울특별시,관악구,1100000000,1162000000,공립,서울특별시 관악구 봉천동
백암고등학교,3e76402a-b677-4ebd-95f0-d581f357c36b,B100000445,04,서울특별시,양천구,1100000000,1147000000,사립,서울특별시 양천구 신정동
서울영상고등학교,bf1d6c32-6d16-4190-9cc2-0d253ce0efa7,B100000500,04,서울특별시,양천구,1100000000,1147000000,사립,서울특별시 양천구 신정동
신목고등학교,78be01ae-2e6d-4d6e-84fa-51b87125b718,B100000485,04,서울특별시,양천구,1100000000,1147000000,공립,서울특별시 양천구 신정동
신서고등학교,5370ba6d-0465-4af1-aaa0-8cb7dd41e659,B100005285,04,서울특별시,양천구,1100000000,1147000000,공립,서울특별시 양천구 신정동
양천고등학교,5167e2d4-a3c8-459f-9eb6-ae5f11d1b22c,B100000489,04,서울특별시,양천구,1100000000,1147000000,사립,서울특별시 양천구 신정동
목동고등학교,6a311d5a-e581-48b1-b4a1-6fbbf750a485,B100000490,04,서울특별시,양천구,1100000000,1147000000,사립,서울특별시 양천구 신정동
금옥여자고등학교,5d2eb5f7-0b82-41b0-8004-2c32175096b4,B100000401,04,서울특별시,양천구,1100000000,1147000000,공립,서울특별시 양천구 신정동
대일관광고등학교,11adbeed-cf56-49e5-bda0-2342544b77ec,B100000635,04,서울특별시,양천구,1100000000,1147000000,사립,서울특별시 양천구 신정동
광영여자고등학교,fe5875d1-9a52-4fca-b1c7-bc09cc537505,B100000397,04,서울특별시,양천구,1100000000,1147000000,사립,서울특별시 양천구 신월동
광영고등학교,9facddb3-4c75-4126-b1db-b4c12e39f4ae,B100000396,04,서울특별시,양천구,1100000000,1147000000,사립,서울특별시 양천구 신월동
서울금융고등학교,e3e9ce36-9f70-46b4-b78e-a67717436204,B100000642,04,서울특별시,양천구,1100000000,1147000000,공립,서울특별시 양천구 신월동
배화여자고등학교,3a078674-b3b1-4e27-9cbc-5a6031b3f2e4,B100000444,04,서울특별시,종로구,1100000000,1111000000,사립,서울특별시 종로구 필운동
한양과학기술고등학교,5709adac-3dd4-417e-b6e6-45e8aa8d93d5,B100000601,04,서울특별시,중구,1100000000,1114000000,사립,서울특별시 중구 신당동
대경생활과학고등학교,d121c0bc-ac93-435c-a16d-e6eb4bac5299,B100000633,04,서울특별시,중구,1100000000,1114000000,사립,서울특별시 중구 신당동
장충고등학교,c1a32302-8b66-4828-8e4e-614931232180,B100000525,04,서울특별시,중구,1100000000,1114000000,사립,서울특별시 중구 신당동
성동고등학교,a55d0a2b-2ce7-4c3b-a6e8-5c69912bc166,B100000469,04,서울특별시,중구,1100000000,1114000000,공립,서울특별시 중구 신당동
서울실용음악고등학교,f2f76fa0-d689-4444-9417-972f2549a395,B100005586,05,서울특별시,중구,1100000000,1114000000,사립,서울특별시 중구 신당동
성동글로벌경영고등학교,d960a6cf-5674-433f-8601-9401fcac0ffa,B100000617,04,서울특별시,중구,1100000000,1114000000,공립,서울특별시 중구 신당동
성동공업고등학교,a55528ec-033d-4b36-8837-7933f5580591,B100000591,04,서울특별시,중구,1100000000,1114000000,공립,서울특별시 중구 흥인동
명일여자고등학교,4cfc0bf5-efdf-4685-af45-361ec1a39630,B100000434,04,서울특별시,강동구,1100000000,1174000000,공립,서울특별시 강동구 명일동
서울컨벤션고등학교,aae7c378-00f9-4e70-8540-3cae235a0673,B100000606,04,서울특별시,강동구,1100000000,1174000000,사립,서울특별시 강동구 고덕동
배재고등학교,83d58ad5-e835-4220-8847-b407620dbc7f,B100000443,04,서울특별시,강동구,1100000000,1174000000,사립,서울특별시 강동구 고덕동
광문고등학교,9d76b5b7-33bc-4f73-948f-549db40fd52e,B100000392,04,서울특별시,강동구,1100000000,1174000000,사립,서울특별시 강동구 고덕동
이화여자외국어고등학교,f4ce4fa5-3fd1-4b0b-a312-14b6defe2faf,B100000575,04,서울특별시,중구,1100000000,1114000000,사립,서울특별시 중구 순화동
선사고등학교,df5cd09f-e33f-442e-8eb9-6b14ed762fc6,B100005563,04,서울특별시,강동구,1100000000,1174000000,공립,서울특별시 강동구 암사동
설악고등학교,a14f668d-2e89-4c86-b01b-7f889fb7f3db,J100000609,04,경기도,가평군,4100000000,4182000000,공립,경기도 가평군 설악면 신천리
고려대학교사범대학부속고등학교,8b1eb3a0-76dd-486a-9b5b-ca3836a3f264,B100000387,04,서울특별시,성북구,1100000000,1129000000,사립,서울특별시 성북구 정릉동
대일외국어고등학교,3857fe5b-366c-4b28-bd1b-d179483b81a8,B100000572,04,서울특별시,성북구,1100000000,1129000000,사립,서울특별시 성북구 정릉동
서울대학교사범대학부설고등학교,b6fc85c4-5c53-4587-8459-4c005f37a5b8,A000003561,04,서울특별시,성북구,1100000000,1129000000,국립,서울특별시 성북구 종암동
서울도시과학기술고등학교,df3e0d52-e7f6-4f5e-9619-7d763d3cda90,B100000590,04,서울특별시,성북구,1100000000,1129000000,공립,서울특별시 성북구 하월곡동
석관고등학교,1bedffd7-0537-472f-8869-785ff01ec9e0,B100000464,04,서울특별시,성북구,1100000000,1129000000,공립,서울특별시 성북구 석관동
성덕고등학교,2b63064f-f486-401c-be6b-fdf3949f67ab,B100000609,04,서울특별시,강동구,1100000000,1174000000,사립,서울특별시 강동구 천호동
서울의료보건고등학교,73251219-6d78-4927-a1e5-d164f54b02b1,B100000604,04,서울특별시,중구,1100000000,1114000000,사립,서울특별시 중구 만리동1가
강일고등학교,4d12fa54-da72-4cba-9212-2ca805da9d19,B100005522,04,서울특별시,강동구,1100000000,1174000000,공립,서울특별시 강동구 강일동
경신정보과학고등학교,eb09d8fd-99c3-4352-b351-2be4d0ec35b7,D100000264,05,대구광역시,중구,2700000000,2711000000,사립,대구광역시 중구 장관동
청심국제고등학교,5469995a-3ae3-4c27-a7fc-1306015480c2,J100005286,04,경기도,가평군,4100000000,4182000000,사립,경기도 가평군 설악면 송산리
대구공업고등학교 테크노폴리스 캠퍼스,e317c799-8f98-4a93-a915-4addac5518d8,D100002155,04,대구광역시,달성군,2700000000,2771000000,공립,대구광역시 달성군 유가읍 유곡리
영일고등학교,3c0b541f-f311-4bd5-a67a-f385b09e9c32,B100000503,04,서울특별시,강서구,1100000000,1150000000,사립,서울특별시 강서구 등촌동
마포고등학교,151faf9e-749b-40a7-9035-f94688b4aa59,B100000429,04,서울특별시,강서구,1100000000,1150000000,사립,서울특별시 강서구 등촌동
경복여자고등학교,bab2b65f-daa7-48f0-bf96-d72bec8efddf,B100000380,04,서울특별시,강서구,1100000000,1150000000,사립,서울특별시 강서구 등촌동
경복비즈니스고등학교,a1e7e037-4361-4ca1-85be-5dd1844d6d66,B100000628,04,서울특별시,강서구,1100000000,1150000000,사립,서울특별시 강서구 등촌동
등촌고등학교,4978eee4-688a-4681-8782-702aced3ddc1,B100005208,04,서울특별시,강서구,1100000000,1150000000,공립,서울특별시 강서구 등촌동
대일고등학교,ec1aba9d-42c1-4781-9220-0c3f7fb1c445,B100000413,04,서울특별시,강서구,1100000000,1150000000,사립,서울특별시 강서구 등촌동
서울신정고등학교,a5398ffe-ee03-42f0-a8b3-d312c1671940,B100000610,04,서울특별시,강서구,1100000000,1150000000,사립,서울특별시 강서구 화곡동
한광고등학교,3b6a9c5d-13db-42d9-afb1-79673818be96,B100000551,04,서울특별시,강서구,1100000000,1150000000,사립,서울특별시 강서구 화곡동
학력인정 성지중.고등학교(고),e387973c-4b56-4724-80f4-6e7361f5870a,B100000462,05,서울특별시,강서구,1100000000,1150000000,사립,서울특별시 강서구 화곡동
한양대학교사범대학부속고등학교,9dfa1e61-c0a6-4f27-b629-a4f8b5db61c9,B100000557,04,서울특별시,성동구,1100000000,1120000000,사립,서울특별시 성동구 사근동
세현고등학교,0a72400a-9caa-43ce-b2e9-8879aeec0168,B100005270,04,서울특별시,강서구,1100000000,1150000000,공립,서울특별시 강서구 가양동
영등포공업고등학교,afe7927f-ba61-4929-9023-db2a5beac600,B100000596,04,서울특별시,강서구,1100000000,1150000000,사립,서울특별시 강서구 가양동
동양고등학교,5c850baf-815b-48cc-aa83-c7b6f15e15ca,B100000584,04,서울특별시,강서구,1100000000,1150000000,사립,서울특별시 강서구 가양동
상문고등학교,bba6fb56-febc-49c1-b8cd-b1960f2391ad,B100000452,04,서울특별시,서초구,1100000000,1165000000,사립,서울특별시 서초구 방배동
서문여자고등학교,55090a62-d6a8-4a94-80e6-aa731c86bbba,B100000455,04,서울특별시,서초구,1100000000,1165000000,사립,서울특별시 서초구 방배동
서울웹툰애니메이션고등학교,fe3d8edc-f4bf-47f2-92de-9231feeea64c,B100000657,04,서울특별시,서초구,1100000000,1165000000,공립,서울특별시 서초구 방배동
동덕여자고등학교,f913e1d4-e71f-42dc-b01b-c702f4935c4c,B100000421,04,서울특별시,서초구,1100000000,1165000000,사립,서울특별시 서초구 방배동
공항고등학교,eb90beb2-e67d-496c-adb8-f139f0563513,B100000389,04,서울특별시,강서구,1100000000,1150000000,공립,서울특별시 강서구 마곡동
언남고등학교,20539a71-904d-4daf-9e8d-be51e46e3cca,B100000491,04,서울특별시,서초구,1100000000,1165000000,공립,서울특별시 서초구 양재동
서울홍신고등학교,9964e3f8-fd61-4bcb-81b4-098c41c2ebce,B100000655,04,서울특별시,강서구,1100000000,1150000000,사립,서울특별시 강서구 내발산동
덕원여자고등학교,76b5de74-0f99-4101-9f94-90da07aea85c,B100000418,04,서울특별시,강서구,1100000000,1150000000,사립,서울특별시 강서구 내발산동
덕원예술고등학교,f854bc5e-57c9-4289-a7c0-9868378a59fb,B100000622,04,서울특별시,강서구,1100000000,1150000000,사립,서울특별시 강서구 내발산동
명덕고등학교,c935ba37-7c22-41c9-a1d3-ea11e743d4de,B100000431,04,서울특별시,강서구,1100000000,1150000000,사립,서울특별시 강서구 내발산동
명덕여자고등학교,7d3d4288-e959-4457-99fa-2ec9a32673ee,B100000432,04,서울특별시,강서구,1100000000,1150000000,사립,서울특별시 강서구 내발산동
명덕외국어고등학교,519d7f09-9ca5-4d90-b41b-747746a154fd,B100000573,04,서울특별시,강서구,1100000000,1150000000,사립,서울특별시 강서구 내발산동
화곡고등학교,f6d0d487-1a04-46eb-be26-7b396698b4e0,B100000565,04,서울특별시,강서구,1100000000,1150000000,사립,서울특별시 강서구 내발산동
수명고등학교,458ef682-5394-469d-97c0-12f1d839b91d,B100005582,04,서울특별시,강서구,1100000000,1150000000,공립,서울특별시 강서구 내발산동
한서고등학교,ab1cfca5-5000-45e3-af52-d4cfcc2d8455,B100000554,04,서울특별시,강서구,1100000000,1150000000,사립,서울특별시 강서구 방화동
서울백영고등학교,4fa3ecdb-2672-4a33-935d-e324ce556044,B100000646,04,서울특별시,강서구,1100000000,1150000000,사립,서울특별시 강서구 방화동
서울디지털콘텐츠고등학교,c7e1d35f-a688-43b1-ba74-b5601a2a59f0,B100000578,04,서울특별시,강서구,1100000000,1150000000,공립,서울특별시 강서구 방화동
학력인정 성지고등학교(2년제),b6452e45-5778-4738-83d1-37d7a1235044,B100005380,05,서울특별시,강서구,1100000000,1150000000,사립,서울특별시 강서구 방화동
덕성여자고등학교,be2d2a04-e722-46fc-bfc4-11bce4e6e839,B100000417,04,서울특별시,종로구,1100000000,1111000000,사립,서울특별시 종로구 안국동
노비따스음악중고등학교(중),6712d251-274e-4e07-93a0-629ba74d5092,J100007585,05,경기도,가평군,4100000000,4182000000,사립,경기도 가평군 설악면 위곡리
노비따스음악중고등학교,5295d3c2-7972-4580-a160-56d76da60bc0,J100007586,05,경기도,가평군,4100000000,4182000000,사립,경기도 가평군 설악면 위곡리
대구공업고등학교,ba80ef2e-1f95-433f-bc48-9a7f5c54f897,D100000286,04,대구광역시,동구,2700000000,2714000000,공립,대구광역시 동구 신암동
대구관광고등학교,b67c8174-f1da-40c8-a17e-d8fb7ee343c3,D100000305,04,대구광역시,동구,2700000000,2714000000,사립,대구광역시 동구 신암동
청구고등학교,dca77042-797e-41ec-be1a-453c203adee8,D100000350,04,대구광역시,동구,2700000000,2714000000,사립,대구광역시 동구 신천동
영신고등학교,c1d8baed-4dee-4d2c-87f1-1f9b4abd4eef,D100000334,04,대구광역시,동구,2700000000,2714000000,사립,대구광역시 동구 봉무동
청담고등학교,be383e4e-8d2d-4ef5-b3cc-e38c0ce277c0,B100000542,04,서울특별시,서초구,1100000000,1165000000,공립,서울특별시 서초구 잠원동
서울방송고등학교,1980f590-c597-49e3-9a1c-37e5effa0145,B100000585,04,서울특별시,성동구,1100000000,1120000000,공립,서울특별시 성동구 옥수동
서울고등학교,7b1ec863-4e56-4ff8-9c66-bb7dee0891ce,B100000456,04,서울특별시,서초구,1100000000,1165000000,공립,서울특별시 서초구 서초동
서초고등학교,5c571812-c664-4495-be26-6b9fb997a233,B100000463,04,서울특별시,서초구,1100000000,1165000000,공립,서울특별시 서초구 서초동
양재고등학교,9dfe0125-996c-4ba6-8400-08e1ff1759ec,B100000487,04,서울특별시,서초구,1100000000,1165000000,공립,서울특별시 서초구 서초동
경일고등학교,e154002c-4ba7-45dd-8a51-394ef3a031de,B100005209,04,서울특별시,성동구,1100000000,1120000000,공립,서울특별시 성동구 성수동1가
성수고등학교,397f7d79-db13-4d4d-852e-0534e1ebb0af,B100005523,04,서울특별시,성동구,1100000000,1120000000,공립,서울특별시 성동구 성수동1가
성수공업고등학교,d0049b19-884a-4524-98ca-15f91de2c485,B100000592,04,서울특별시,성동구,1100000000,1120000000,공립,서울특별시 성동구 성수동2가
중앙고등학교,acecb049-4bb3-4347-bf65-cd88cbeab743,B100000533,04,서울특별시,종로구,1100000000,1111000000,사립,서울특별시 종로구 계동
대동세무고등학교,795ceeb8-37dd-462e-8a17-af382f2ee955,B100000634,04,서울특별시,종로구,1100000000,1111000000,사립,서울특별시 종로구 계동
삼각산고등학교,efb39be2-c2b0-48ed-bd21-2e136ddbf74b,B100005518,04,서울특별시,강북구,1100000000,1130500000,공립,서울특별시 강북구 미아동
성암국제무역고등학교,2eec6c00-f549-4036-a509-1d00f747006f,B100000645,04,서울특별시,강북구,1100000000,1130500000,사립,서울특별시 강북구 미아동
영훈고등학교,803d870b-4cbc-46c3-9e4b-e05d24167f20,B100000505,04,서울특별시,강북구,1100000000,1130500000,사립,서울특별시 강북구 미아동
신일고등학교,a191b91b-cbaa-49f8-bf9c-ff41bd404a31,B100000486,04,서울특별시,강북구,1100000000,1130500000,사립,서울특별시 강북구 미아동
창문여자고등학교,e3f084b5-c164-4e71-a613-9b1d336fcba3,B100000541,04,서울특별시,강북구,1100000000,1130500000,사립,서울특별시 강북구 미아동
솔샘고등학교,42b15bcb-6032-4b0f-83e9-c62a2e8be9c6,B100005541,04,서울특별시,강북구,1100000000,1130500000,공립,서울특별시 강북구 미아동
혜화여자고등학교,d090873a-0175-415b-a2e9-2cee7ac512dc,B100000562,04,서울특별시,강북구,1100000000,1130500000,공립,서울특별시 강북구 수유동
신도림고등학교,db137d88-4702-415c-b4fa-65f86a6f9969,B100005521,04,서울특별시,구로구,1100000000,1153000000,공립,서울특별시 구로구 신도림동
달성고등학교,96109c01-4450-47c3-a867-6ee99389e17f,D100000281,04,대구광역시,서구,2700000000,2717000000,공립,대구광역시 서구 내당동
대구과학기술고등학교,47236515-f4c4-4f01-a719-a423ca4aaace,D100000297,04,대구광역시,서구,2700000000,2717000000,공립,대구광역시 서구 내당동
대구제일고등학교,265b3ce4-7f57-4685-98a1-10dbf76634b6,D100000306,04,대구광역시,서구,2700000000,2717000000,사립,대구광역시 서구 비산동
시지고등학교,e1c40f77-a982-4377-a946-e0531fd1b2f5,D100000327,04,대구광역시,수성구,2700000000,2726000000,공립,대구광역시 수성구 신매동
덕원고등학교,cec598c0-b663-4633-b32d-c61a9639baf7,D100000313,04,대구광역시,수성구,2700000000,2726000000,사립,대구광역시 수성구 욱수동
대구농업마이스터고등학교,a7f62f99-728d-415b-ac00-70ff07f6bc20,D100000303,04,대구광역시,수성구,2700000000,2726000000,공립,대구광역시 수성구 노변동
대구해올고등학교,7b461e4f-4588-4772-bf24-077a2dca5d3f,D100002110,05,대구광역시,달서구,2700000000,2729000000,공립,대구광역시 달서구 성당동
원화여자고등학교,5c955370-01af-4390-baea-8124f80456ba,D100000342,04,대구광역시,달서구,2700000000,2729000000,사립,대구광역시 달서구 성당동
상서고등학교,e94ca481-dc65-4e63-a90a-24fcf7001e19,D100000318,04,대구광역시,달서구,2700000000,2729000000,사립,대구광역시 달서구 성당동
경화여자고등학교,fbe3fc89-dcac-4692-b521-34d815a72bb6,D100000268,04,대구광역시,달서구,2700000000,2729000000,사립,대구광역시 달서구 성당동
구로고등학교,828d2d3c-8650-449a-89cc-434993ad4b3c,B100000398,04,서울특별시,구로구,1100000000,1153000000,공립,서울특별시 구로구 구로동
구일고등학교,a0f12736-1295-49d7-9b85-5ccc1cac0e44,B100000399,04,서울특별시,구로구,1100000000,1153000000,공립,서울특별시 구로구 구로동
구현고등학교,42466ac1-1101-4b3c-8e46-f54f69b9484e,B100005501,04,서울특별시,구로구,1100000000,1153000000,공립,서울특별시 구로구 구로동
선덕고등학교,196e26ba-ef32-4f73-a10f-a27ce46cc6e7,B100000465,04,서울특별시,도봉구,1100000000,1132000000,사립,서울특별시 도봉구 쌍문동
정의여자고등학교,777f225d-64be-496c-b180-005e7375eb45,B100000529,04,서울특별시,도봉구,1100000000,1132000000,사립,서울특별시 도봉구 쌍문동
세그루패션디자인고등학교,8fdf98ad-04d6-4c84-8d45-ad00542793cf,B100000618,04,서울특별시,도봉구,1100000000,1132000000,사립,서울특별시 도봉구 쌍문동
효문고등학교,8d1cab1b-f2b2-4fad-98c2-12fd0446c75e,B100005288,04,서울특별시,도봉구,1100000000,1132000000,공립,서울특별시 도봉구 쌍문동
덕일전자공업고등학교,58fc6443-e208-430d-88f6-183a6e604fcc,B100000582,04,서울특별시,구로구,1100000000,1153000000,사립,서울특별시 구로구 오류동
서울외국어고등학교,4db17234-1761-4605-aa68-c461636037f9,B100000574,04,서울특별시,도봉구,1100000000,1132000000,사립,서울특별시 도봉구 창동
자운고등학교,dde6236b-6d28-4e0f-bd28-d576b2decf9a,B100005205,04,서울특별시,도봉구,1100000000,1132000000,공립,서울특별시 도봉구 창동
창동고등학교,ba1fe970-7fc0-411a-b5b2-58d03ee1f49d,B100000540,04,서울특별시,도봉구,1100000000,1132000000,공립,서울특별시 도봉구 창동
누원고등학교,426c9d46-d0e9-4a34-a62c-75ad7e00f3ad,B100005181,04,서울특별시,도봉구,1100000000,1132000000,공립,서울특별시 도봉구 도봉동
도봉고등학교,32a686a5-66b0-490f-9796-d7a9b5e4ad81,B100005206,04,서울특별시,도봉구,1100000000,1132000000,공립,서울특별시 도봉구 도봉동
대구보건고등학교,60b805bb-6483-474f-b1f0-f06011f0b15b,D100000274,04,대구광역시,달서구,2700000000,2729000000,사립,대구광역시 달서구 두류동
와룡고등학교,c3310400-55e9-458c-87ab-e1289bf5b10b,D100000340,04,대구광역시,달서구,2700000000,2729000000,공립,대구광역시 달서구 이곡동
대구반도체마이스터고등학교,04362da6-af0f-49ef-bedb-d6e53e930944,D100000304,04,대구광역시,달서구,2700000000,2729000000,공립,대구광역시 달서구 장기동
대구제일여자상업고등학교,24a0c616-2df2-4134-82a9-28fd103fdccb,D100000308,04,대구광역시,달서구,2700000000,2729000000,공립,대구광역시 달서구 본리동
도원고등학교,ab79a39a-2d3d-461e-9490-ddd509e24207,D100001662,04,대구광역시,달서구,2700000000,2729000000,공립,대구광역시 달서구 도원동
대곡고등학교,b05d1c66-9173-47b7-811f-23d0dbf7e9da,D100001659,04,대구광역시,달서구,2700000000,2729000000,공립,대구광역시 달서구 도원동
효성여자고등학교,65528c27-1014-461d-9a9a-7d6100a61837,D100000362,04,대구광역시,달서구,2700000000,2729000000,사립,대구광역시 달서구 월성동
대건고등학교,91991401-0940-4ae2-b8c4-88c0cc797524,D100000283,04,대구광역시,달서구,2700000000,2729000000,사립,대구광역시 달서구 월성동
송현여자고등학교,81c308bc-6471-4eda-acc4-d5d9b043811d,D100000326,04,대구광역시,달서구,2700000000,2729000000,사립,대구광역시 달서구 송현동
호산고등학교,477bf975-3788-4540-ae86-4c9009ca8626,D100001817,04,대구광역시,달서구,2700000000,2729000000,공립,대구광역시 달서구 호산동
한남중미용정보고등학교,2531c811-fd2d-4e3b-84f4-faef1483d265,D100000352,05,대구광역시,달성군,2700000000,2771000000,사립,대구광역시 달성군 화원읍 천내리
학력인정한남중미용정보고등학교,9dca4b02-868b-4bde-9369-1a533ab1f13c,D100001760,05,대구광역시,달성군,2700000000,2771000000,사립,대구광역시 달성군 화원읍 천내리
서울다솜관광고등학교,20ce83a7-d60b-40ba-aca3-bd4595cfa8a2,B100005841,05,서울특별시,종로구,1100000000,1111000000,공립,서울특별시 종로구 숭인동
세종고등학교,19db2ef6-7e08-4f4a-b066-20e2cf45197c,J100000720,04,경기도,여주시,4100000000,4167000000,공립,경기도 여주시 상동
함현고등학교,191af7ba-11a2-465b-98b8-85b7059b6ee7,J100000862,04,경기도,시흥시,4100000000,4139000000,공립,경기도 시흥시 정왕동
정왕고등학교,e1d10d41-de43-48a7-8858-c2e5c7ba6864,J100000792,04,경기도,시흥시,4100000000,4139000000,공립,경기도 시흥시 정왕동
배곧고등학교,df930de0-bbe4-483c-9c4d-d3fd84c1d598,J100006925,04,경기도,시흥시,4100000000,4139000000,공립,경기도 시흥시 정왕동
군서고등학교,d0ed5cb1-b24c-4600-9aad-f6a651854577,J100004910,04,경기도,시흥시,4100000000,4139000000,공립,경기도 시흥시 정왕동
경기스마트고등학교,bddcb68b-e6a4-4068-a0ec-fe0e90d4a848,J100000660,04,경기도,시흥시,4100000000,4139000000,공립,경기도 시흥시 정왕동
서해고등학교,f1891162-20af-4ddf-badf-88aacf1d810c,J100000607,04,경기도,시흥시,4100000000,4139000000,공립,경기도 시흥시 정왕동
양일고등학교,9d97d88e-0fc5-435b-86d3-04b62fc6c317,J100000711,04,경기도,양평군,4100000000,4183000000,사립,경기도 양평군 양평읍 양근리
양평고등학교,ffcd5d3d-3ce1-4178-b4bf-cca2bb966871,J100000716,04,경기도,양평군,4100000000,4183000000,공립,경기도 양평군 양평읍 양근리
이포고등학교,93e19238-1c7b-45d1-ad69-52382153f811,J100000767,04,경기도,여주시,4100000000,4167000000,공립,경기도 여주시 흥천면 계신리
조종고등학교,b824a413-8e6e-4218-a81a-9d757a6f9292,J100000796,04,경기도,가평군,4100000000,4182000000,공립,경기도 가평군 조종면
일산국제컨벤션고등학교,8eeec2e9-cf47-4f8e-b91d-67dc635d7a3f,J100000775,04,경기도,고양시 일산서구,4100000000,4128000000,공립,경기도 고양시 일산서구 주엽동
경기영상과학고등학교,bc823d23-7da1-4e47-ae81-dd1f01d82508,J100000798,04,경기도,고양시 일산서구,4100000000,4128000000,공립,경기도 고양시 일산서구 주엽동
율면고등학교,e32463f2-a524-4d5d-bc5a-135981a1cfca,J100000753,04,경기도,이천시,4100000000,4150000000,공립,경기도 이천시 율면 고당리
안산공업고등학교,1aa99aad-d21f-4b9b-a1ab-6b42a4a046f0,J100000676,04,경기도,안산시 상록구,4100000000,4127000000,사립,경기도 안산시 상록구 부곡동
부곡고등학교,2a46bd7a-b897-4470-9dc4-e83c29419826,J100006540,04,경기도,안산시 상록구,4100000000,4127000000,공립,경기도 안산시 상록구 부곡동
여주고등학교,5399f58e-bcfe-43cf-8a38-c604ccfbdd03,J100000718,04,경기도,여주시,4100000000,4167000000,사립,경기도 여주시 교동
남한고등학교,6c4733a9-355f-4148-8fbc-7e0061daefb1,J100000520,04,경기도,하남시,4100000000,4145000000,공립,경기도 하남시 덕풍동
풍산고등학교,23df4b8f-dbdd-4754-8340-0245dc3a0eb0,J100006541,04,경기도,하남시,4100000000,4145000000,공립,경기도 하남시 덕풍동
군포중앙고등학교,c534da45-321e-4f10-8bdf-80ff11f0f22e,J100006521,04,경기도,군포시,4100000000,4141000000,공립,경기도 군포시 부곡동
경주디자인고등학교,0ed8d6d7-ee67-4381-b0a1-553579fe459e,R100000736,04,경상북도,경주시,4700000000,4713000000,공립,경상북도 경주시 현곡면 가정리
덕현고등학교,c4c01f13-b153-4f0f-b6cc-66afc01cf5f2,J100005796,04,경기도,양주시,4100000000,4163000000,공립,경기도 양주시 만송동
성안고등학교,a4540dc4-9e50-4855-add2-a05641fa6f19,J100000618,04,경기도,안산시 상록구,4100000000,4127000000,공립,경기도 안산시 상록구 사동
송호고등학교,a671bbca-79b0-4f11-ac44-0134585b1a13,J100004833,04,경기도,안산시 상록구,4100000000,4127000000,공립,경기도 안산시 상록구 사동
경북에너지기술고등학교,4f81d940-4be6-4e2d-add7-dafe164e4222,R100000840,04,경상북도,상주시,4700000000,4725000000,공립,경상북도 상주시 계산동
우석여자고등학교,35f53781-c9af-483c-a9a2-574bfb1cad22,R100000844,04,경상북도,상주시,4700000000,4725000000,사립,경상북도 상주시 계산동
고림고등학교,8c76f1a3-ec12-4044-8acf-1ca46d722cc4,J100006924,04,경기도,용인시 처인구,4100000000,4146000000,공립,경기도 용인시 처인구 고림동
진덕고등학교,78a8d645-8d9d-4805-bbc5-9bb85b67878c,J100007132,04,경기도,용인시 처인구,4100000000,4146000000,공립,경기도 용인시 처인구 고림동
덕영고등학교,fc95256d-c21d-4704-bee4-c030baa9f0bd,J100000744,04,경기도,용인시 처인구,4100000000,4146000000,사립,경기도 용인시 처인구 고림동
감일고등학교,ef98f1ec-d607-42a7-9748-4f937ffe3339,J100007408,04,경기도,하남시,4100000000,4145000000,공립,경기도 하남시 감이동
양서고등학교,111b04e5-1cd0-4fee-b2ca-bb1ec7f0be82,J100000707,04,경기도,양평군,4100000000,4183000000,사립,경기도 양평군 양서면 용담리
화원고등학교,cba62285-6332-43b8-8c98-566dd9e8dada,D100000360,04,대구광역시,달성군,2700000000,2771000000,공립,대구광역시 달성군 화원읍 설화리
신흥고등학교,e4ae1b1a-b40c-4b9c-a21d-459f6602ba0e,J100000667,04,경기도,동두천시,4100000000,4125000000,사립,경기도 동두천시 안흥동
과천중앙고등학교,5253b326-25c2-473d-83f0-c7145eb29cc2,J100000475,04,경기도,과천시,4100000000,4129000000,공립,경기도 과천시 갈현동
천천고등학교,4130489e-9c88-4ab3-a23a-839349bed102,J100004895,04,경기도,수원시 장안구,4100000000,4111000000,공립,경기도 수원시 장안구 천천동
경기체육고등학교,c422e8e5-bf43-4c54-a32e-23510ec1b1c1,J100000449,04,경기도,수원시 장안구,4100000000,4111000000,공립,경기도 수원시 장안구 천천동
영생고등학교,b7cdeb13-54f0-423a-9b5b-e7cd147ff0bf,J100000732,04,경기도,수원시 장안구,4100000000,4111000000,사립,경기도 수원시 장안구 천천동
대구소프트웨어마이스터고등학교,f9a16df4-e815-4088-911b-61439862d6f2,D100000282,04,대구광역시,달성군,2700000000,2771000000,공립,대구광역시 달성군 구지면 창리
분당대진고등학교,aa17077c-ee3a-4cf9-93ce-d99af3173193,J100000588,04,경기도,성남시 분당구,4100000000,4113000000,사립,경기도 성남시 분당구 분당동
시흥능곡고등학교,589cbf16-c321-4148-8aa9-f0858e7a54b9,J100005665,04,경기도,시흥시,4100000000,4139000000,공립,경기도 시흥시 능곡동
김포호수고등학교,440f12c9-7cfe-49c0-8d52-e9d56152b1ec,J100007922,04,경기도,김포시,4100000000,4157000000,공립,경기도 김포시 구래동
선산고등학교,6c61b3cb-8aeb-4ca2-8a1e-729561d20616,R100000850,04,경상북도,구미시,4700000000,4719000000,공립,경상북도 구미시 선산읍 노상리
선산여자고등학교,d799cc1e-b47d-4e60-8f81-0364bcfb968c,R100000851,04,경상북도,구미시,4700000000,4719000000,공립,경상북도 구미시 선산읍 이문리
낙생고등학교,3389f914-f033-4124-8a74-1a8925c19179,J100000515,04,경기도,성남시 분당구,4100000000,4113000000,사립,경기도 성남시 분당구 판교동
통진고등학교,5d46e15d-ea56-4273-a89e-f8e672b8100d,J100000826,04,경기도,김포시,4100000000,4157000000,사립,경기도 김포시 통진읍 마송리
마송고등학교,d3efb19f-622a-4409-bc4f-b3da3b0e4e73,J100005811,04,경기도,김포시,4100000000,4157000000,공립,경기도 김포시 통진읍 마송리
한겨레고등학교,a97394e6-acee-4d9e-a141-c36cf28af584,J100005320,04,경기도,안성시,4100000000,4155000000,사립,경기도 안성시 죽산면 칠장리
관인고등학교,6a82c52a-5e35-4fe9-8760-629ed7c27a36,J100000478,04,경기도,포천시,4100000000,4165000000,공립,경기도 포천시 관인면 탄동리
목감고등학교,df9bf22d-e624-4191-a031-7996c7df1e80,J100007318,04,경기도,시흥시,4100000000,4139000000,공립,경기도 시흥시 조남동
분당경영고등학교,a397cadd-74f5-4458-8490-498fec728207,J100000589,04,경기도,성남시 분당구,4100000000,4113000000,공립,경기도 성남시 분당구 금곡동
저동고등학교,070ef986-8f19-4076-8477-df97546fd731,J100000783,04,경기도,고양시 일산동구,4100000000,4128000000,공립,경기도 고양시 일산동구 정발산동
경북기계명장고등학교,359098a0-35dc-4f94-8fe7-540832582cbc,R100000974,04,경상북도,칠곡군,4700000000,4785000000,공립,경상북도 칠곡군 지천면 신리
이천세무고등학교,4f17da85-739b-4890-a176-a5292f4338f1,J100000450,04,경기도,이천시,4100000000,4150000000,공립,경기도 이천시 설성면 금당리
여주제일고등학교,4918d50d-3317-4ab7-814d-8fccf9e344a7,J100000723,04,경기도,여주시,4100000000,4167000000,사립,경기도 여주시 가남읍 심석리
군자디지털과학고등학교,fc3dff24-8bc8-4c44-b8da-aa707d9161bd,J100000499,04,경기도,시흥시,4100000000,4139000000,공립,경기도 시흥시 거모동
세원고등학교,826c3489-9857-4eb1-87bf-c80493e847c6,J100000627,04,경기도,고양시 일산동구,4100000000,4128000000,사립,경기도 고양시 일산동구 풍동
풍동고등학교,91dd45dc-9eea-45fc-a1ad-e2ea8a9200cb,J100004912,04,경기도,고양시 일산동구,4100000000,4128000000,공립,경기도 고양시 일산동구 풍동
가곡고등학교,50fb771b-1499-4f59-8a6a-dc460776768b,K100000350,04,강원특별자치도,삼척시,5100000000,5123000000,공립,강원특별자치도 삼척시 가곡면 오저리
경일고등학교,198f0e8a-7331-4d71-a801-2ec26f51ea79,J100000458,04,경기도,안산시 단원구,4100000000,4127000000,사립,경기도 안산시 단원구 선부동
선부고등학교,5ce79f83-f5d2-460c-9bc4-de265d024062,J100005669,04,경기도,안산시 단원구,4100000000,4127000000,공립,경기도 안산시 단원구 선부동
강원애니고등학교,47ab0d05-e8aa-437b-8957-4bf661dd778b,K100003814,04,강원특별자치도,춘천시,5100000000,5111000000,공립,강원특별자치도 춘천시 서면 금산리
홍천고등학교,5121fe33-4c77-4dba-b315-a7fb57defa84,K100000530,04,강원특별자치도,홍천군,5100000000,5172000000,공립,강원특별자치도 홍천군 홍천읍 희망리
홍천여자고등학교,802a560f-9b1e-4c1d-be81-a4823fc76ecf,K100000532,04,강원특별자치도,홍천군,5100000000,5172000000,공립,강원특별자치도 홍천군 홍천읍 희망리
홍천농업고등학교,ae57dd81-5a98-47c5-9fb6-417faddf5f99,K100000531,04,강원특별자치도,홍천군,5100000000,5172000000,공립,강원특별자치도 홍천군 홍천읍 결운리
상동고등학교,ee8f0382-c94c-43ec-9e13-160fe34979a9,K100000429,04,강원특별자치도,영월군,5100000000,5175000000,공립,강원특별자치도 영월군 상동읍 천평리
인제고등학교,86a8f06f-722e-40c4-ab02-a3eb6aa703c6,K100000480,04,강원특별자치도,인제군,5100000000,5181000000,공립,강원특별자치도 인제군 인제읍 합강리
신남고등학교,d0274930-07a3-40ab-956b-b5e7d8efaa9c,K100000448,04,강원특별자치도,인제군,5100000000,5181000000,공립,강원특별자치도 인제군 남면 신남리
팔렬고등학교,60b12019-2524-4ce7-8d1e-c2e5786f4137,K100003746,04,강원특별자치도,홍천군,5100000000,5172000000,사립,강원특별자치도 홍천군 내촌면 물걸리
서석고등학교,d10e835c-0b91-4859-985e-d1f08ce80795,K100000432,04,강원특별자치도,홍천군,5100000000,5172000000,공립,강원특별자치도 홍천군 서석면 풍암리
마차고등학교,c434bc3a-f939-4fd3-97e5-d6a34bf0314f,K100000406,04,강원특별자치도,영월군,5100000000,5175000000,공립,강원특별자치도 영월군 북면 마차리
원통고등학교,da760ae6-1146-4678-bf63-62c95beeb6a4,K100000475,04,강원특별자치도,인제군,5100000000,5181000000,공립,강원특별자치도 인제군 북면 원통리
기린고등학교,2d3fb8b8-ff51-4a33-a15c-037ca8a704b1,K100000381,04,강원특별자치도,인제군,5100000000,5181000000,공립,강원특별자치도 인제군 기린면 현리
원주고등학교,e284b6d6-abaf-4107-8c73-3e04cb4b3c8e,K100000466,04,강원특별자치도,원주시,5100000000,5113000000,공립,강원특별자치도 원주시 개운동
원주고등학교부설방송통신고등학교,636be355-523a-428e-8db6-61d085c8f84a,K100000467,04,강원특별자치도,원주시,5100000000,5113000000,공립,강원특별자치도 원주시 개운동
상지여자고등학교,0619fb1e-5491-49ee-8d93-8ab83c3049ef,K100000430,04,강원특별자치도,원주시,5100000000,5113000000,사립,강원특별자치도 원주시 개운동
북원여자고등학교,7a73e51b-25ff-4f92-bfc7-701cb22dc2d8,K100000418,04,강원특별자치도,원주시,5100000000,5113000000,공립,강원특별자치도 원주시 단계동
학력인정 한국YMCA원주고등학교,fa11ccab-3151-4523-8a36-f6015a2b1a4d,K100000465,05,강원특별자치도,원주시,5100000000,5113000000,사립,강원특별자치도 원주시 단계동
진광고등학교,01770955-154a-4e69-9f56-f8568644e020,K100000501,04,강원특별자치도,원주시,5100000000,5113000000,사립,강원특별자치도 원주시 우산동
강원과학고등학교,b274819e-3c83-4b36-8bb1-a9617a3ca585,K100000365,04,강원특별자치도,원주시,5100000000,5113000000,공립,강원특별자치도 원주시 태장동
미래고등학교,bfad707f-bb21-4026-bc6a-f6c7c5a1c07c,K100000468,04,강원특별자치도,원주시,5100000000,5113000000,공립,강원특별자치도 원주시 행구동
원주삼육고등학교,30d9a2a7-8d86-4251-ba5f-850378a3a927,K100000470,04,강원특별자치도,원주시,5100000000,5113000000,사립,강원특별자치도 원주시 무실동
대성고등학교,c40b78e2-4af4-4d2b-9c55-7a8e533033d6,K100000389,04,강원특별자치도,원주시,5100000000,5113000000,사립,강원특별자치도 원주시 무실동
치악고등학교,b199fac9-3e98-4eff-9f91-8067703f5350,K100003702,04,강원특별자치도,원주시,5100000000,5113000000,공립,강원특별자치도 원주시 관설동
원주여자고등학교,24768e92-f60f-4479-89fc-4fe5f801a07b,K100000471,04,강원특별자치도,원주시,5100000000,5113000000,공립,강원특별자치도 원주시 반곡동
영서고등학교,46591d3f-9bf9-48ce-8904-0369a9b359c4,K100000469,04,강원특별자치도,원주시,5100000000,5113000000,공립,강원특별자치도 원주시 반곡동
한국의료마이스터고등학교,2c113e72-620c-427d-8392-b8ea7e78f4e2,K100000474,04,강원특별자치도,원주시,5100000000,5113000000,공립,강원특별자치도 원주시 문막읍
문막고등학교,ea97d107-4c0c-400b-986c-b40aa3b8cde3,K100003835,04,강원특별자치도,원주시,5100000000,5113000000,공립,강원특별자치도 원주시 문막읍 문막리
강원생활과학고등학교,3ddbb6f6-d1fa-4148-806f-24b071abf73b,K100000533,04,강원특별자치도,홍천군,5100000000,5172000000,공립,강원특별자치도 홍천군 남면 양덕원리
주천고등학교,3cc11a21-f470-4ac9-8fb8-5b4399106696,K100000499,04,강원특별자치도,영월군,5100000000,5175000000,공립,강원특별자치도 영월군 주천면 주천리
평창고등학교,a72f2fbf-b18d-451e-8f6b-94c8e80cea60,K100000522,04,강원특별자치도,평창군,5100000000,5176000000,공립,강원특별자치도 평창군 평창읍 중리
고성고등학교,f888def7-9088-4c56-b33f-744dc46f0875,K100000376,04,강원특별자치도,고성군,5100000000,5182000000,공립,강원특별자치도 고성군 간성읍 상리
거진고등학교,57536908-1702-432f-8fa3-9fc0ba4c8404,K100000374,04,강원특별자치도,고성군,5100000000,5182000000,공립,강원특별자치도 고성군 거진읍 거진리
대진고등학교,f3ad5573-4cc8-4eb3-bf36-f6f1c2b98a22,K100000390,04,강원특별자치도,고성군,5100000000,5182000000,공립,강원특별자치도 고성군 현내면 초도리
섬강고등학교,0bd401b6-dfba-4575-9f7e-323a66e09e0f,K100004032,04,강원특별자치도,원주시,5100000000,5113000000,공립,강원특별자치도 원주시 지정면 가곡리
원주금융회계고등학교,53503d0f-0e02-4318-a757-0c74d25c34d2,K100000417,04,강원특별자치도,원주시,5100000000,5113000000,공립,강원특별자치도 원주시 부론면 법천리
육민관고등학교,508bf6aa-aab5-4bca-b95f-301d3e5d6cc4,K100000477,04,강원특별자치도,원주시,5100000000,5113000000,사립,강원특별자치도 원주시 흥업면 흥업리
내면고등학교,d998edee-85d7-4846-88d3-059c05f794ac,K100000386,04,강원특별자치도,홍천군,5100000000,5172000000,공립,강원특별자치도 홍천군 내면 창촌리
횡성고등학교,b71a6694-acdf-4d81-803e-bed48e6b3185,K100000546,04,강원특별자치도,횡성군,5100000000,5173000000,공립,강원특별자치도 횡성군 횡성읍 읍하리
대화고등학교,1a50ee59-8958-4134-963a-899526b37c5a,K100000391,04,강원특별자치도,평창군,5100000000,5176000000,공립,강원특별자치도 평창군 대화면 대화리
봉평고등학교,2e1f726c-8b8b-432f-b1f7-12235559c128,K100000416,04,강원특별자치도,평창군,5100000000,5176000000,공립,강원특별자치도 평창군 봉평면 창동리
동광산업과학고등학교,e6711274-e8c9-4b0a-a272-8e24fb7e42d7,K100000398,04,강원특별자치도,고성군,5100000000,5182000000,공립,강원특별자치도 고성군 토성면 백촌리
학력인정 강릉인문중고등학교,09778a6d-7e99-46c9-9c90-53c3570eee12,K100000361,05,강원특별자치도,강릉시,5100000000,5115000000,사립,강원특별자치도 강릉시 홍제동
강릉여자고등학교,0af8eb29-66e9-4c99-aa59-101bac08086f,K100000360,04,강원특별자치도,강릉시,5100000000,5115000000,공립,강원특별자치도 강릉시 옥천동
강릉제일고등학교부설방송통신고등학교,96799ef8-fb70-4b7f-8675-edbbdc0d027b,K100003159,04,강원특별자치도,강릉시,5100000000,5115000000,공립,강원특별자치도 강릉시 교동
강릉명륜고등학교,300d13d4-fbae-4f6b-b060-be4a916d455e,K100000356,04,강원특별자치도,강릉시,5100000000,5115000000,사립,강원특별자치도 강릉시 교동
강일여자고등학교,d0caa383-560d-4f0a-b110-6564857204a8,K100000371,04,강원특별자치도,강릉시,5100000000,5115000000,사립,강원특별자치도 강릉시 교동
강릉제일고등학교,f27fb77d-ddda-4263-b3e2-d9c8c4b1f968,K100000363,04,강원특별자치도,강릉시,5100000000,5115000000,공립,강원특별자치도 강릉시 교동
경포고등학교,f0e37234-e5a4-48e1-a5c0-078ccd24066c,K100000375,04,강원특별자치도,강릉시,5100000000,5115000000,공립,강원특별자치도 강릉시 포남동
강릉고등학교,03a581da-7b43-426a-a760-b317c99f8562,K100000354,04,강원특별자치도,강릉시,5100000000,5115000000,공립,강원특별자치도 강릉시 초당동
횡성여자고등학교,a1d08e46-087c-4362-9295-496b4f20f448,K100000548,04,강원특별자치도,횡성군,5100000000,5173000000,공립,강원특별자치도 횡성군 횡성읍 입석리
진부고등학교,4bf7afa2-8b19-4195-b162-e40c73e2e437,K100000503,04,강원특별자치도,평창군,5100000000,5176000000,공립,강원특별자치도 평창군 진부면 하진부리
상지대관령고등학교,8c5cf3a5-dcb1-4e96-92ba-0adab4c46d60,K100000387,04,강원특별자치도,평창군,5100000000,5176000000,사립,강원특별자치도 평창군 대관령면 횡계리
강릉중앙고등학교,9af0d082-75a9-40e8-a56f-bdf7639f2f90,K100000355,04,강원특별자치도,강릉시,5100000000,5115000000,공립,강원특별자치도 강릉시 입암동
강릉문성고등학교,315c1e91-3482-4016-9bcc-40a70be6ee57,K100000357,04,강원특별자치도,강릉시,5100000000,5115000000,사립,강원특별자치도 강릉시 지변동
주문진고등학교,feeaa058-cc50-4b25-afc3-2ff5fe10e198,K100000492,04,강원특별자치도,강릉시,5100000000,5115000000,공립,강원특별자치도 강릉시 주문진읍
강릉정보공업고등학교,961c11cd-25f8-43f7-883d-6240963277b2,K100000362,04,강원특별자치도,강릉시,5100000000,5115000000,공립,강원특별자치도 강릉시 주문진읍 교항리
안흥고등학교,365fea70-af5d-450d-8850-3b02d7a53e81,K100000451,04,강원특별자치도,횡성군,5100000000,5173000000,공립,강원특별자치도 횡성군 안흥면
민족사관고등학교,74b55878-752d-4a21-94a9-295f83618331,K100000414,04,강원특별자치도,횡성군,5100000000,5173000000,사립,강원특별자치도 횡성군 안흥면 소사리
현천고등학교,cce2a691-72bc-4c03-9cd6-a39a94595860,K100003910,04,강원특별자치도,횡성군,5100000000,5173000000,공립,강원특별자치도 횡성군 둔내면 현천리
둔내고등학교,dca05868-39f9-452b-ae4c-d68b4a050214,K100000404,04,강원특별자치도,횡성군,5100000000,5173000000,공립,강원특별자치도 횡성군 둔내면 둔방내리
정선고등학교,5e85902c-884a-42ea-bb00-6645a2264aca,K100000486,04,강원특별자치도,정선군,5100000000,5177000000,공립,강원특별자치도 정선군 정선읍
정선정보공업고등학교,4ec3543e-ced2-460e-8fd8-95ccc8b56d82,K100000488,04,강원특별자치도,정선군,5100000000,5177000000,공립,강원특별자치도 정선군 정선읍 북실리
고한고등학교,f2fffc64-82dc-4416-b647-8e19fd8157fe,K100000379,04,강원특별자치도,정선군,5100000000,5177000000,공립,강원특별자치도 정선군 고한읍 고한리
사북고등학교,3baae2fb-2754-4beb-af50-c0b11be3a1f5,K100000424,04,강원특별자치도,정선군,5100000000,5177000000,공립,강원특별자치도 정선군 사북읍
함백여자고등학교,6989ef37-0cd0-4922-ba61-59eb81219666,K100000528,04,강원특별자치도,정선군,5100000000,5177000000,공립,강원특별자치도 정선군 신동읍 조동리
함백고등학교,2e849107-270b-4938-901d-033f139af5e7,K100000529,04,강원특별자치도,정선군,5100000000,5177000000,공립,강원특별자치도 정선군 신동읍 조동리
양양여자고등학교,f95a16c0-0e5a-4f26-9d8d-29d5b8050766,K100000457,04,강원특별자치도,양양군,5100000000,5183000000,공립,강원특별자치도 양양군 양양읍 서문리
양양고등학교,7342eb73-1283-4b2b-9c54-262f18424078,K100000456,04,강원특별자치도,양양군,5100000000,5183000000,공립,강원특별자치도 양양군 양양읍 서문리
강원예술고등학교,43ed9352-300d-4f26-b823-2d5cd62e1934,K100000368,04,강원특별자치도,강릉시,5100000000,5115000000,공립,강원특별자치도 강릉시 구정면 제비리
갑천고등학교,352b50b0-22d6-4d58-bb7d-75bf69c8721f,K100000352,04,강원특별자치도,횡성군,5100000000,5173000000,공립,강원특별자치도 횡성군 갑천면 매일리
임계고등학교,362cb648-5ab5-4824-86d1-c89cc6056508,K100000481,04,강원특별자치도,정선군,5100000000,5177000000,공립,강원특별자치도 정선군 임계면 봉산리
영월고등학교,5429176b-b35d-4743-b623-0932a0431206,K100000460,04,강원특별자치도,영월군,5100000000,5175000000,공립,강원특별자치도 영월군 영월읍 영흥리
한국소방마이스터고등학교,58bce3e5-4cdd-4efc-bfb7-f290643e500f,K100000461,04,강원특별자치도,영월군,5100000000,5175000000,공립,강원특별자치도 영월군 영월읍 영흥리
석정여자고등학교,8dedd95d-47fe-446a-91c5-a819531623af,K100000435,04,강원특별자치도,영월군,5100000000,5175000000,사립,강원특별자치도 영월군 영월읍 하송리
여량고등학교,071b831e-b33f-4878-b4ce-0b835362ce05,K100000458,04,강원특별자치도,정선군,5100000000,5177000000,공립,강원특별자치도 정선군 여량면 여량리
철원고등학교,06d80795-57f0-4062-b8ad-492143b9f430,K100000506,04,강원특별자치도,철원군,5100000000,5178000000,공립,강원특별자치도 철원군 철원읍 화지리
북평여자고등학교,685a592f-05e5-47ea-b311-5d66d7b68a3f,K100000421,04,강원특별자치도,동해시,5100000000,5117000000,공립,강원특별자치도 동해시 천곡동
동해삼육고등학교,a9a80f64-f5f4-41ee-82db-2d4878719534,K100000401,04,강원특별자치도,동해시,5100000000,5117000000,사립,강원특별자치도 동해시 천곡동
북평고등학교,5974dba5-d6bc-44fb-b411-0814048ca35c,K100000419,04,강원특별자치도,동해시,5100000000,5117000000,공립,강원특별자치도 동해시 동회동
동해광희고등학교,d3747fb0-2159-46b0-a7f9-26cc001ce479,K100000400,04,강원특별자치도,동해시,5100000000,5117000000,사립,강원특별자치도 동해시 동회동
묵호고등학교,a9dd1c6e-09b0-4bdf-8ec2-f82f137b4e01,K100000407,04,강원특별자치도,동해시,5100000000,5117000000,공립,강원특별자치도 동해시 부곡동
묵호고등학교부설방송통신고등학교,708541bc-c16b-4e23-aeba-73a8b696e8eb,K100000408,04,강원특별자치도,동해시,5100000000,5117000000,공립,강원특별자치도 동해시 부곡동
동해상업고등학교,3f6e68eb-60fb-422b-a731-6814c401a162,K100000402,04,강원특별자치도,동해시,5100000000,5117000000,공립,강원특별자치도 동해시 발한동
덕정고등학교,b05f71c2-d3c8-4a73-a6c2-996cecb10bff,J100000532,04,경기도,양주시,4100000000,4163000000,공립,경기도 양주시 고암동
덕계고등학교,49055e6d-1db6-4638-beab-d8b517ad9a59,J100004908,04,경기도,양주시,4100000000,4163000000,공립,경기도 양주시 덕계동
신철원고등학교,8a49d009-131e-4eff-8696-5d54087c3114,K100000450,04,강원특별자치도,철원군,5100000000,5178000000,공립,강원특별자치도 철원군 갈말읍 지포리
철원여자고등학교,d63d65c5-e907-4fb1-b6aa-f40690df9050,K100000507,04,강원특별자치도,철원군,5100000000,5178000000,공립,강원특별자치도 철원군 동송읍 이평리
황지고등학교부설방송통신고등학교,1704bb7a-b49a-4ebc-93b3-2cb19dad667b,K100000540,04,강원특별자치도,태백시,5100000000,5119000000,공립,강원특별자치도 태백시 황지동
황지고등학교,1385101b-d341-4af5-9f21-4c1e31d09fb0,K100000539,04,강원특별자치도,태백시,5100000000,5119000000,공립,강원특별자치도 태백시 황지동
황지정보산업고등학교,15f58d1d-c753-461f-8758-d4aaec6f77d8,K100000544,04,강원특별자치도,태백시,5100000000,5119000000,공립,강원특별자치도 태백시 황지동
한국항공고등학교,4641eab5-7d0f-4861-a74d-6d805a54882a,K100000521,04,강원특별자치도,태백시,5100000000,5119000000,공립,강원특별자치도 태백시 장성동
철암고등학교,7731545d-d18b-4517-832d-e60130eaa92f,K100000505,04,강원특별자치도,태백시,5100000000,5119000000,공립,강원특별자치도 태백시 철암동
장성여자고등학교,01a64702-e1d8-4f03-82c9-89902a6187ec,K100000483,04,강원특별자치도,태백시,5100000000,5119000000,공립,강원특별자치도 태백시 문곡동
김화고등학교,5e06025b-ddcc-4156-a92e-2457c0e4d663,K100000382,04,강원특별자치도,철원군,5100000000,5178000000,공립,강원특별자치도 철원군 서면
한국국방과학고등학교,6411123e-520e-48b3-bbc0-9aa24f175a20,K100000383,04,강원특별자치도,철원군,5100000000,5178000000,공립,강원특별자치도 철원군 서면 와수리
군위고등학교,5b90738f-7152-45bd-b1f5-6a67af1217bb,D100002172,04,대구광역시,군위군,2700000000,2772000000,공립,대구광역시 군위군 군위읍 정리
속초여자고등학교,a561ebf0-316c-4aa5-b0ca-24d8c02f7c5b,K100000447,04,강원특별자치도,속초시,5100000000,5121000000,공립,강원특별자치도 속초시 교동
설악고등학교부설방송통신고등학교,eec70417-3a8d-4bd1-8c42-2bb79d538885,K100000445,04,강원특별자치도,속초시,5100000000,5121000000,공립,강원특별자치도 속초시 조양동
설악고등학교,cf879e2a-53e0-4fb2-8a45-ba2c96783b95,K100000444,04,강원특별자치도,속초시,5100000000,5121000000,공립,강원특별자치도 속초시 조양동
속초고등학교,c42a6d41-6306-460e-871c-36c266a705e7,K100000443,04,강원특별자치도,속초시,5100000000,5121000000,공립,강원특별자치도 속초시 장사동
삼척고등학교,3a514c03-dbe8-49e3-ac6a-f44f3cb6e566,K100000426,04,강원특별자치도,삼척시,5100000000,5123000000,공립,강원특별자치도 삼척시 당저동
화천정보산업고등학교,3f18f4a0-593d-4dcb-8f05-a04bd2e3480d,K100000536,04,강원특별자치도,화천군,5100000000,5179000000,공립,강원특별자치도 화천군 화천읍 하리
군위정보고등학교,0d621990-a3d4-4257-965e-c2a305758138,D100002238,04,대구광역시,군위군,2700000000,2772000000,공립,대구광역시 군위군 의흥면 읍내리
삼일고등학교,85b668fd-809a-4998-b1cf-1d392c913449,K100000425,04,강원특별자치도,삼척시,5100000000,5123000000,사립,강원특별자치도 삼척시 남양동
삼척여자고등학교,6737f0f3-6283-43b7-ad23-9a4984b56d8f,K100000427,04,강원특별자치도,삼척시,5100000000,5123000000,공립,강원특별자치도 삼척시 남양동
도계고등학교,a5e4711d-efd2-4c2b-92d3-0334211ce837,K100000393,04,강원특별자치도,삼척시,5100000000,5123000000,공립,강원특별자치도 삼척시 도계읍 도계리
도계전산정보고등학교,e76eaf4a-2cb4-4c0a-9a1e-6af18c599442,K100000394,04,강원특별자치도,삼척시,5100000000,5123000000,공립,강원특별자치도 삼척시 도계읍 도계리
간동고등학교,45549c3c-b42c-4667-b977-8fbd5b874354,K100000351,04,강원특별자치도,화천군,5100000000,5179000000,공립,강원특별자치도 화천군 간동면 유촌리
화천고등학교,e547bcdb-42a2-4f7a-8bff-4d6cd4c052a1,K100000534,04,강원특별자치도,화천군,5100000000,5179000000,공립,강원특별자치도 화천군 하남면 위라리
성수여자고등학교,913084f0-023f-4106-9b7c-d0861eade647,K100000440,04,강원특별자치도,춘천시,5100000000,5111000000,사립,강원특별자치도 춘천시 낙원동
성수고등학교,8f39ac4f-3de8-407d-aacc-685b4a082235,K100000436,04,강원특별자치도,춘천시,5100000000,5111000000,사립,강원특별자치도 춘천시 낙원동
춘천고등학교,44b037bc-d0ca-4ffc-a192-3d5fcd4629d5,K100000510,04,강원특별자치도,춘천시,5100000000,5111000000,공립,강원특별자치도 춘천시 소양로3가
춘천고등학교부설방송통신고등학교,08d632b8-5072-42fd-9084-40298dd0b642,K100000511,04,강원특별자치도,춘천시,5100000000,5111000000,공립,강원특별자치도 춘천시 소양로3가
강원생명과학고등학교,ae0e74ae-8d20-4ef1-82fa-6e907f53b664,K100000514,04,강원특별자치도,춘천시,5100000000,5111000000,공립,강원특별자치도 춘천시 사농동
강원대학교사범대학부설고등학교,e30f2bde-1293-4f7e-a1b1-f03ef07c1a95,A000003488,04,강원특별자치도,춘천시,5100000000,5111000000,국립,강원특별자치도 춘천시 후평동
봉의고등학교,eb51a75f-68b6-4b6f-91cf-dfce0e027e37,K100000415,04,강원특별자치도,춘천시,5100000000,5111000000,공립,강원특별자치도 춘천시 후평동
춘천기계공업고등학교,5ac1397a-0298-4da9-b3ca-f7b3a49886ac,K100000513,04,강원특별자치도,춘천시,5100000000,5111000000,공립,강원특별자치도 춘천시 후평동
유봉여자고등학교,99961d8f-fc85-4d01-925c-aea33fcfa33d,K100000476,04,강원특별자치도,춘천시,5100000000,5111000000,사립,강원특별자치도 춘천시 교동
강원체육고등학교,f594f11b-0bf1-4db2-a393-20968db68df0,K100000370,04,강원특별자치도,춘천시,5100000000,5111000000,공립,강원특별자치도 춘천시 송암동
원덕고등학교,619acd15-6f91-4870-95fc-5174a2d9a919,K100000462,04,강원특별자치도,삼척시,5100000000,5123000000,공립,강원특별자치도 삼척시 원덕읍 호산리
한국에너지마이스터고등학교,b282fec1-0772-470e-b7ab-8ab1002ea1ca,K100000428,04,강원특별자치도,삼척시,5100000000,5123000000,공립,강원특별자치도 삼척시 근덕면 교가리
사내고등학교,c277cd55-ae9a-4e2b-ba84-2bb15e1ed007,K100000423,04,강원특별자치도,화천군,5100000000,5179000000,공립,강원특별자치도 화천군 사내면 사창리
양구고등학교,488f1e11-4a47-4061-8a3d-d0cec8af49d1,K100000454,04,강원특별자치도,양구군,5100000000,5180000000,공립,강원특별자치도 양구군 양구읍
강원외국어고등학교,495a8fba-efea-43f1-97c0-3c22335ac2a7,K100003837,04,강원특별자치도,양구군,5100000000,5180000000,사립,강원특별자치도 양구군 양구읍 하리
양구여자고등학교,0e074a74-116c-4daa-b866-3fb283964e50,K100000453,04,강원특별자치도,양구군,5100000000,5180000000,공립,강원특별자치도 양구군 양구읍 정림리
춘천한샘고등학교,d72c86e5-67d8-4ddb-bce4-085819df33e3,K100000516,04,강원특별자치도,춘천시,5100000000,5111000000,공립,강원특별자치도 춘천시 신북읍 율문리
춘천여자고등학교부설방송통신고등학교,0767850d-72b4-4bac-a5fd-6a71a6bbec74,K100000518,04,강원특별자치도,춘천시,5100000000,5111000000,공립,강원특별자치도 춘천시 동면
춘천여자고등학교,24a0117f-1697-4c25-860d-f0a4077acacb,K100000517,04,강원특별자치도,춘천시,5100000000,5111000000,공립,강원특별자치도 춘천시 동면 만천리
강원고등학교,c6083e12-680e-4d3c-93c0-4428753e7f8a,K100000364,04,강원특별자치도,춘천시,5100000000,5111000000,사립,강원특별자치도 춘천시 동면 장학리
전인고등학교,070248d6-0011-4bd1-9969-5036f066c4bb,K100003735,04,강원특별자치도,춘천시,5100000000,5111000000,사립,강원특별자치도 춘천시 동산면 원창리
하장고등학교,1d2b55f1-ae9b-43d3-89a7-a945dd9fdc0b,K100000525,04,강원특별자치도,삼척시,5100000000,5123000000,공립,강원특별자치도 삼척시 하장면 광동리
성원고등학교,900b036b-d183-470e-880b-5cacd2653588,P100000358,04,전북특별자치도,남원시,5200000000,5219000000,사립,전북특별자치도 남원시 왕정동
남원여자고등학교,b8f71848-039b-4a08-8754-18c6e8449e93,P100000329,04,전북특별자치도,남원시,5200000000,5219000000,공립,전북특별자치도 남원시 왕정동
남원고등학교,f539b299-7da5-425e-b156-817fa268bd0e,P100000325,04,전북특별자치도,남원시,5200000000,5219000000,공립,전북특별자치도 남원시 향교동
남원용성고등학교,ce465db0-1048-4cdc-a547-7f55f3c879dd,P100000326,04,전북특별자치도,남원시,5200000000,5219000000,공립,전북특별자치도 남원시 도통동
남원서진고등학교,76354fd2-9ecf-433e-9476-70a33b9a2afe,P100000328,04,전북특별자치도,남원시,5200000000,5219000000,사립,전북특별자치도 남원시 월락동
남원국악예술고등학교,f2e934ee-6783-43da-8582-26e71be16751,P100000332,04,전북특별자치도,남원시,5200000000,5219000000,사립,전북특별자치도 남원시 월락동
원광고등학교,d06414ac-175a-4779-a158-55db07bc190d,P100000382,04,전북특별자치도,익산시,5200000000,5214000000,사립,전북특별자치도 익산시 부송동
함열고등학교,3ed8dfeb-6afb-496d-a9c0-72dd0fdcec90,P100000460,04,전북특별자치도,익산시,5200000000,5214000000,공립,전북특별자치도 익산시 함열읍 와리
함열여자고등학교,f041a5fc-61f7-4419-a7ce-9154bb0673d3,P100000461,04,전북특별자치도,익산시,5200000000,5214000000,사립,전북특별자치도 익산시 함열읍 남당리
만경고등학교,4357d233-9af0-43ae-97d7-a7bee419f2c0,P100000339,04,전북특별자치도,김제시,5200000000,5221000000,사립,전북특별자치도 김제시 만경읍 만경리
만경여자고등학교,0901dfca-1348-488a-ad92-8f798f2042b3,P100000340,04,전북특별자치도,김제시,5200000000,5221000000,사립,전북특별자치도 김제시 만경읍 만경리
완주고등학교,3d7ea331-dcd8-4698-bacb-5363d44e84df,P100000377,04,전북특별자치도,완주군,5200000000,5271000000,사립,전북특별자치도 완주군 봉동읍 장기리
부안고등학교,a8f0f72b-0b66-488a-b68e-22d0bd3f7d59,P100000348,04,전북특별자치도,부안군,5200000000,5280000000,공립,전북특별자치도 부안군 부안읍 봉덕리
부안여자고등학교,58aad506-87cf-4112-a4fe-41803ff89c67,P100000350,04,전북특별자치도,부안군,5200000000,5280000000,사립,전북특별자치도 부안군 부안읍 봉덕리
서림고등학교,79be6270-2e73-4771-a167-00f081774567,P100000351,04,전북특별자치도,부안군,5200000000,5280000000,공립,전북특별자치도 부안군 부안읍 봉덕리
백제고등학교,d310655c-0180-443f-9b3a-04f688db6a4b,P100002508,05,전북특별자치도,익산시,5200000000,5214000000,사립,전북특별자치도 익산시 오산면 장신리
진경여자고등학교,74155311-bf4e-4be7-981c-c879cde2c68b,P100000443,04,전북특별자치도,익산시,5200000000,5214000000,사립,전북특별자치도 익산시 황등면
김제서고등학교,2efed7ee-0aae-418d-b988-dcbe63863e79,P100000321,04,전북특별자치도,김제시,5200000000,5221000000,사립,전북특별자치도 김제시 죽산면 죽산리
무주고등학교,f3738c74-aaf0-4e0c-9e13-f9a7f9a12d29,P100000342,04,전북특별자치도,무주군,5200000000,5273000000,공립,전북특별자치도 무주군 무주읍 읍내리
전북베이커리고등학교,86391001-7a27-4b79-964a-4c8a75232097,P100000349,04,전북특별자치도,부안군,5200000000,5280000000,공립,전북특별자치도 부안군 행안면 신기리
성일고등학교,f887323d-944c-4a01-aaf5-529d24dda244,P100000359,04,전북특별자치도,익산시,5200000000,5214000000,사립,전북특별자치도 익산시 황등면 황등리
한들고등학교,ec819d02-69bd-4f3e-92b5-d0351309437b,P100000307,04,전북특별자치도,군산시,5200000000,5213000000,공립,전북특별자치도 군산시 대야면
세인고등학교,1139fc5a-b6be-421b-a647-007d54f87e05,P100000360,04,전북특별자치도,완주군,5200000000,5271000000,사립,전북특별자치도 완주군 화산면 운산리
한국기술부사관고등학교,a84c5c9b-058c-47c1-a70f-d107975afcdc,P100000446,04,전북특별자치도,진안군,5200000000,5272000000,공립,전북특별자치도 진안군 진안읍 군상리
진안제일고등학교,e59bf7ed-6e5c-45e9-b557-376b9c9245ce,P100000447,04,전북특별자치도,진안군,5200000000,5272000000,공립,전북특별자치도 진안군 진안읍 군하리
군산중앙고등학교,d5654ad4-2ada-4a0e-9b98-341e0c3fb7ac,P100000314,04,전북특별자치도,군산시,5200000000,5213000000,사립,전북특별자치도 군산시 성산면 도암리
효령고등학교,0df0b022-5a63-4339-8f74-1cf7a39ecf12,D100002175,04,대구광역시,군위군,2700000000,2772000000,공립,대구광역시 군위군 효령면 중구리
한국한방고등학교,bc4a8037-295b-4a84-ab75-82fdbd8f896a,P100002635,04,전북특별자치도,진안군,5200000000,5272000000,사립,전북특별자치도 진안군 진안읍 연장리
안천고등학교,0f821fb9-f5e0-422b-ab3f-a4ec3931f8fa,P100000366,04,전북특별자치도,진안군,5200000000,5272000000,공립,전북특별자치도 진안군 안천면 백화리
한국치즈과학고등학교,b24c72e7-8cf7-48b4-9d28-d7e2872d9f66,P100000400,04,전북특별자치도,임실군,5200000000,5275000000,공립,전북특별자치도 임실군 강진면 갈담리
전북제일고등학교,52fdb3bf-7754-4de5-a420-f91acf87e019,P100000410,04,전북특별자치도,익산시,5200000000,5214000000,사립,전북특별자치도 익산시 평화동
이일여자고등학교,c6d9ad87-7d95-4992-8a0f-331f237e88c0,P100000394,04,전북특별자치도,익산시,5200000000,5214000000,사립,전북특별자치도 익산시 인화동1가
전북기계공업고등학교,0457c71f-3d43-47cf-b329-48c2eccba382,A000003550,04,전북특별자치도,익산시,5200000000,5214000000,국립,전북특별자치도 익산시 남중동
이리공업고등학교,35c006ca-64c0-4f11-9c8a-72748f60a37a,P100000389,04,전북특별자치도,익산시,5200000000,5214000000,공립,전북특별자치도 익산시 남중동
이리고등학교,26a06e87-9b58-497b-a0e7-cefe2f627ba9,P100000388,04,전북특별자치도,익산시,5200000000,5214000000,공립,전북특별자치도 익산시 남중동
이리여자고등학교,171156b7-2c6d-4eed-8157-4ba10eba33b1,P100000392,04,전북특별자치도,익산시,5200000000,5214000000,공립,전북특별자치도 익산시 남중동
원광여자고등학교,12d3b16a-40c6-4fed-a466-2102da03af91,P100000383,04,전북특별자치도,익산시,5200000000,5214000000,사립,전북특별자치도 익산시 모현동1가
원광보건고등학교,436ce2e3-9f3a-4127-adf3-6bc19c29afd9,P100000385,04,전북특별자치도,익산시,5200000000,5214000000,사립,전북특별자치도 익산시 모현동1가
지평선고등학교,16f94911-405f-48bb-a583-eb953296c85d,P100002634,04,전북특별자치도,김제시,5200000000,5221000000,사립,전북특별자치도 김제시 성덕면 묘라리
마령고등학교,9d0495a0-56e4-4af0-a2a3-9dac30a11d5e,P100000338,04,전북특별자치도,진안군,5200000000,5272000000,공립,전북특별자치도 진안군 마령면 평지리
순창고등학교,842c8092-55e2-477c-8020-3ac1121e2697,P100000362,04,전북특별자치도,순창군,5200000000,5277000000,사립,전북특별자치도 순창군 순창읍 순화리
남성고등학교,d554d766-0533-4154-90cb-d749e208b0c2,P100000324,04,전북특별자치도,익산시,5200000000,5214000000,사립,전북특별자치도 익산시 신동
이리남성여자고등학교,40d54524-1940-4478-a760-fbc47faa4b49,P100000390,04,전북특별자치도,익산시,5200000000,5214000000,사립,전북특별자치도 익산시 영등동
정주고등학교,2c998689-2233-4ec1-8c42-1d11a280d54d,P100000438,04,전북특별자치도,정읍시,5200000000,5218000000,사립,전북특별자치도 정읍시 금붕동
배영고등학교,79b9217c-f25d-49d8-9347-2129f7f38764,P100000344,04,전북특별자치도,정읍시,5200000000,5218000000,사립,전북특별자치도 정읍시 흑암동
전북체육고등학교,083cd374-c010-43c8-9524-9992ac590576,P100000411,04,전북특별자치도,완주군,5200000000,5271000000,공립,전북특별자치도 완주군 소양면 해월리
전북유니텍고등학교,f2f1ae6e-d7a6-4a44-8572-f26fac02d683,P100000401,04,전북특별자치도,장수군,5200000000,5274000000,공립,전북특별자치도 장수군 장계면 장계리
백화고등학교,ae9bb45b-1426-45a1-86e6-6bd812946079,P100000346,04,전북특별자치도,장수군,5200000000,5274000000,사립,전북특별자치도 장수군 장계면 장계리
위도고등학교,f85bef3d-c801-40a3-9923-fbfbdea7db1c,P100000386,04,전북특별자치도,부안군,5200000000,5280000000,공립,전북특별자치도 부안군 위도면 진리
임실고등학교,d6140713-93e5-4856-8135-8835be918bb5,P100000399,04,전북특별자치도,임실군,5200000000,5275000000,공립,전북특별자치도 임실군 임실읍 이도리
한국게임과학고등학교,8d36a189-c3df-41bf-9c0e-22f84384797a,P100002471,04,전북특별자치도,완주군,5200000000,5271000000,사립,전북특별자치도 완주군 운주면 장선리
전주예술고등학교,338f04cd-afb7-417c-b516-f0b7e8feffdf,P100000430,04,전북특별자치도,완주군,5200000000,5271000000,사립,전북특별자치도 완주군 구이면 항가리
고산고등학교,9a45a0f5-8601-440a-a789-61d0fef2cf53,P100000300,04,전북특별자치도,완주군,5200000000,5271000000,공립,전북특별자치도 완주군 고산면 서봉리
한국마사고등학교,889687db-b0ec-43ad-8ff3-fb35b2fab7f8,P100002456,04,전북특별자치도,장수군,5200000000,5274000000,사립,전북특별자치도 장수군 장계면 명덕리
여산고등학교,5881cb85-750b-4a0b-b391-3367c2bcdfd8,P100000367,04,전북특별자치도,익산시,5200000000,5214000000,공립,전북특별자치도 익산시 여산면 두여리
익산고등학교,e190c75d-7de1-4cd3-a413-9c2f63e4820d,P100000395,04,전북특별자치도,익산시,5200000000,5214000000,사립,전북특별자치도 익산시 금마면 동고도리
전북과학고등학교,b244b053-030a-417d-a9b3-af15cb94f956,P100000408,04,전북특별자치도,익산시,5200000000,5214000000,공립,전북특별자치도 익산시 금마면 용순리
동국대학교사범대학부속금산고등학교,410abe2b-24ca-4bbf-a2cf-4db6365fe679,P100000316,04,전북특별자치도,김제시,5200000000,5221000000,사립,전북특별자치도 김제시 금산면 쌍용리
무풍고등학교,d2f183d4-6f2b-457e-bf11-fc7a0f2861ed,P100000343,04,전북특별자치도,무주군,5200000000,5273000000,공립,전북특별자치도 무주군 무풍면 현내리
설천고등학교,38d38281-de0e-4a50-b631-9c92950ea092,P100000357,04,전북특별자치도,무주군,5200000000,5273000000,공립,전북특별자치도 무주군 설천면 소천리
백산고등학교,41372588-e914-4765-83f7-6b40d59ef20d,P100000345,04,전북특별자치도,부안군,5200000000,5280000000,사립,전북특별자치도 부안군 백산면 오곡리
전북자동차고등학교,1dff3aac-edb1-4bab-97d3-6016994bc07f,P100000442,04,전북특별자치도,부안군,5200000000,5280000000,공립,전북특별자치도 부안군 줄포면 우포리
한별고등학교,699ffde4-06c9-453c-94ac-42bda7e10501,P100000459,04,전북특별자치도,완주군,5200000000,5271000000,공립,전북특별자치도 완주군 삼례읍 삼례리
수소에너지고등학교,aabdfa7c-7ac8-444c-8024-99f0ab8a4ecb,P100000353,04,전북특별자치도,완주군,5200000000,5271000000,공립,전북특별자치도 완주군 삼례읍 후정리
안성고등학교,d87c29fe-7535-415e-be8e-47ca299ee339,P100000365,04,전북특별자치도,무주군,5200000000,5273000000,공립,전북특별자치도 무주군 안성면 사전리
푸른꿈고등학교,eb29f13a-b197-440e-8b68-59fdf9c68e08,P100000452,04,전북특별자치도,무주군,5200000000,5273000000,사립,전북특별자치도 무주군 안성면 진도리
부천북고등학교,5724a29b-b3fd-43b0-bcc6-de91df608a19,J100000581,04,경기도,부천시 원미구,4100000000,4119000000,공립,경기도 부천시 원미구 도당동
도당고등학교,1538ca56-ef03-4a6f-ad78-4bb9c23bff1a,J100000533,04,경기도,부천시 원미구,4100000000,4119000000,공립,경기도 부천시 원미구 도당동
소명여자고등학교,746eb2c3-e14e-45fd-86e2-b05d5f76ad8d,J100000630,04,경기도,부천시 원미구,4100000000,4119000000,사립,경기도 부천시 원미구 소사동
역곡고등학교,3b8ee35d-2c26-4145-82ee-f4eca6e3a666,J100005900,04,경기도,부천시 원미구,4100000000,4119000000,공립,경기도 부천시 원미구 역곡동
경기예술고등학교,79a35555-a0d1-43f9-b430-69af0eb1e195,J100004832,04,경기도,부천시 원미구,4100000000,4119000000,공립,경기도 부천시 원미구 중동
계남고등학교,d72625af-f486-41a0-9f2e-341cb4033089,J100000463,04,경기도,부천시 원미구,4100000000,4119000000,공립,경기도 부천시 원미구 중동
심원고등학교,4fc5b4ab-9267-4dce-8cda-9dc4d07f6b4b,J100000671,04,경기도,부천시 원미구,4100000000,4119000000,공립,경기도 부천시 원미구 중동
부명고등학교,456c1a12-640a-4172-a34e-fc3ba2403416,J100000576,04,경기도,부천시 원미구,4100000000,4119000000,공립,경기도 부천시 원미구 중동
중원고등학교,5456cd3d-d80a-41a1-838c-b29473af1265,J100000803,04,경기도,부천시 원미구,4100000000,4119000000,공립,경기도 부천시 원미구 중동
중흥고등학교,92c3b407-e6fc-4dbc-9c2c-fb32bf3c3950,J100000804,04,경기도,부천시 원미구,4100000000,4119000000,공립,경기도 부천시 원미구 중동
원미고등학교,0d915fa3-b60e-4563-b310-1da8e4cb1251,J100000748,04,경기도,부천시 원미구,4100000000,4119000000,공립,경기도 부천시 원미구 중동
경기국제통상고등학교,ebfc7611-9002-4b65-a9f7-558a5a62820a,J100000577,04,경기도,부천시 원미구,4100000000,4119000000,공립,경기도 부천시 원미구 중동
부천여자고등학교,963ebc93-13e6-4c58-8d90-3ae117bb52b2,J100000584,04,경기도,부천시 원미구,4100000000,4119000000,공립,경기도 부천시 원미구 상동
부천정보산업고등학교,9ae5e8f2-e31d-4696-989f-1f27e6dd12c0,J100000585,04,경기도,부천시 원미구,4100000000,4119000000,공립,경기도 부천시 원미구 상동
상일고등학교,f7c02ce2-5d09-4fa9-a05d-0253458af6b2,J100004899,04,경기도,부천시 원미구,4100000000,4119000000,공립,경기도 부천시 원미구 상동
상동고등학교부설방송통신고등학교,9fec3a38-c42d-4f9d-9d2a-491031755c32,J100006965,04,경기도,부천시 원미구,4100000000,4119000000,공립,경기도 부천시 원미구 상동
상동고등학교,f487f835-79c0-4474-8dfc-8650bf0d76e6,J100000578,04,경기도,부천시 원미구,4100000000,4119000000,공립,경기도 부천시 원미구 상동
상원고등학교,335c527f-7199-40cd-90b0-91af191fde12,J100005399,04,경기도,부천시 원미구,4100000000,4119000000,공립,경기도 부천시 원미구 상동
소사고등학교,ecea006a-5ac9-496e-8658-85a74273c827,J100000631,04,경기도,부천시 소사구,4100000000,4119000000,공립,경기도 부천시 소사구 소사본동
정명고등학교,35a46e6c-9ccc-4857-a12c-8c4715d97e93,J100000788,04,경기도,부천시 소사구,4100000000,4119000000,사립,경기도 부천시 소사구 심곡본동
경기경영고등학교,d52470e5-0001-407f-95ff-7ec381805b71,J100000790,04,경기도,부천시 소사구,4100000000,4119000000,사립,경기도 부천시 소사구 심곡본동
시온고등학교,ef719194-9956-4371-9590-733726b6d4cb,J100000659,04,경기도,부천시 소사구,4100000000,4119000000,사립,경기도 부천시 소사구 범박동
범박고등학교,5d4a33e8-359d-483e-bca3-f4d7acc8acfe,J100004906,04,경기도,부천시 소사구,4100000000,4119000000,공립,경기도 부천시 소사구 범박동
부천고등학교,3980e939-ce63-46e9-b5f1-a35668f4d578,J100000579,04,경기도,부천시 소사구,4100000000,4119000000,공립,경기도 부천시 소사구 송내동
부천공업고등학교,3bf7757d-8634-4c52-b6d4-7f8698dea9a5,J100000580,04,경기도,부천시 소사구,4100000000,4119000000,공립,경기도 부천시 소사구 송내동
송내고등학교,e53689cd-8a71-4b94-add5-62cdf66f72ac,J100004900,04,경기도,부천시 소사구,4100000000,4119000000,공립,경기도 부천시 소사구 송내동
옥길새길고등학교,853b9c29-0331-482c-8801-4a3239b6c9b2,J100008082,04,경기도,부천시 소사구,4100000000,4119000000,공립,경기도 부천시 소사구 옥길동
덕산고등학교,17da3370-e370-4888-a8ce-c1f0ca970c40,J100000528,04,경기도,부천시 오정구,4100000000,4119000000,공립,경기도 부천시 오정구 오정동
원종고등학교,293305d6-3fc7-4b19-b622-dfa252e9dffb,J100000749,04,경기도,부천시 오정구,4100000000,4119000000,공립,경기도 부천시 오정구 원종동
수주고등학교,97d52ac8-d686-4f22-aa04-afb83cea70b8,J100005581,04,경기도,부천시 오정구,4100000000,4119000000,공립,경기도 부천시 오정구 고강동
서영여자고등학교,521c2e23-a2fb-4df1-bb50-53620c51f691,P100000356,04,전북특별자치도,정읍시,5200000000,5218000000,사립,전북특별자치도 정읍시 수성동
정읍제일고등학교,cc3b6699-51fd-4201-b221-28f5a2b796f2,P100000436,04,전북특별자치도,정읍시,5200000000,5218000000,공립,전북특별자치도 정읍시 수성동
글로벌학산고등학교,486d6aca-9dfa-4326-a5a8-32127160014e,P100000454,04,전북특별자치도,정읍시,5200000000,5218000000,사립,전북특별자치도 정읍시 상동
정읍여자고등학교,217aaa1e-c8e4-4e33-bede-8586ada61508,P100000437,04,전북특별자치도,정읍시,5200000000,5218000000,공립,전북특별자치도 정읍시 상동
정읍고등학교,04d96084-f909-4db9-8d14-56d4e73f58f1,P100000435,04,전북특별자치도,정읍시,5200000000,5218000000,공립,전북특별자치도 정읍시 시기동
호남고등학교,bc300ff0-f043-4e4e-bf5a-844d86cf298b,P100000464,04,전북특별자치도,정읍시,5200000000,5218000000,사립,전북특별자치도 정읍시 시기동
남원제일고등학교,4f3facd7-4bac-422a-b952-49dd364031bd,P100000331,04,전북특별자치도,남원시,5200000000,5219000000,사립,전북특별자치도 남원시 노암동
한국경마축산고등학교,7baca947-1508-4038-9424-806f8aec92ce,P100000457,04,전북특별자치도,남원시,5200000000,5219000000,공립,전북특별자치도 남원시 운봉읍 준향리
장수고등학교,dde984d8-3c4e-4aff-9f18-361e788b6b7b,P100000402,04,전북특별자치도,장수군,5200000000,5274000000,공립,전북특별자치도 장수군 장수읍 선창리
전주신흥고등학교,1cffbdb4-2e67-48f9-9f79-6dfd5fdcc43f,P100000425,04,전북특별자치도,전주시 완산구,5200000000,5211000000,사립,전북특별자치도 전주시 완산구 중화산동1가
전주여자상업고등학교,c64fcfb0-8344-496b-8489-749ec75998bf,P100000428,04,전북특별자치도,전주시 완산구,5200000000,5211000000,공립,전북특별자치도 전주시 완산구 중화산동2가
전주근영여자고등학교,a5d04aa2-d1c0-4dd8-bd9e-153085d731a9,P100000417,04,전북특별자치도,전주시 완산구,5200000000,5211000000,사립,전북특별자치도 전주시 완산구 중화산동2가
전주한일고등학교,88724670-c5f7-43b0-aeee-ac0867e258d6,P100000432,04,전북특별자치도,전주시 완산구,5200000000,5211000000,사립,전북특별자치도 전주시 완산구 서신동
완산여자고등학교,2e1cd9f7-0e89-4a98-a62a-9c7847cb0afa,P100000376,04,전북특별자치도,전주시 완산구,5200000000,5211000000,사립,전북특별자치도 전주시 완산구 평화동1가
한국전통문화고등학교,0a206ec1-2b56-4851-8019-fe93886042ea,P100000456,04,전북특별자치도,전주시 완산구,5200000000,5211000000,공립,전북특별자치도 전주시 완산구 중인동
전주해성고등학교,4d5673d6-b8ef-4f81-b8d1-1f8aeaf8f464,P100000433,04,전북특별자치도,전주시 완산구,5200000000,5211000000,사립,전북특별자치도 전주시 완산구 삼천동2가
완산고등학교,0b6722a9-a10d-4f50-8ef9-0c11833dacac,P100000374,04,전북특별자치도,전주시 완산구,5200000000,5211000000,사립,전북특별자치도 전주시 완산구 삼천동3가
상산고등학교,ddda6440-86b2-4452-8286-260f760adf21,P100000355,04,전북특별자치도,전주시 완산구,5200000000,5211000000,사립,전북특별자치도 전주시 완산구 효자동1가
동암고등학교,0735ae5f-a450-4907-a259-bc7c88ebb774,P100000337,04,전북특별자치도,전주시 완산구,5200000000,5211000000,사립,전북특별자치도 전주시 완산구 효자동2가
전일고등학교,75ae2ce8-5a91-4d7f-8a33-55b5b5f57dac,P100000413,04,전북특별자치도,전주시 완산구,5200000000,5211000000,사립,전북특별자치도 전주시 완산구 효자동2가
전주영생고등학교,5a4ed21a-dbdc-4437-8606-166f2158e425,P100000429,04,전북특별자치도,전주시 완산구,5200000000,5211000000,사립,전북특별자치도 전주시 완산구 효자동3가
호남제일고등학교,a8860794-e5dd-4cff-a11e-ded097b23212,P100000465,04,전북특별자치도,전주시 완산구,5200000000,5211000000,사립,전북특별자치도 전주시 완산구 효자동3가
전주기전여자고등학교,2604858a-37ef-4061-99e2-e9cc22f7c2e6,P100000419,04,전북특별자치도,전주시 완산구,5200000000,5211000000,사립,전북특별자치도 전주시 완산구 효자동3가
전주대학교사범대학부설고등학교,bc13f015-91a8-4fa2-a88a-f4c6c2a7b807,P100000373,04,전북특별자치도,전주시 완산구,5200000000,5211000000,사립,전북특별자치도 전주시 완산구 효자동3가
진북고등학교,ec96429d-4797-485a-a5c5-2f13ca46d722,P100000445,05,전북특별자치도,전주시 덕진구,5200000000,5211000000,사립,전북특별자치도 전주시 덕진구 진북동
유일여자고등학교,a0cee0b4-900f-46bc-9c3b-d2a18c9ea0af,P100000387,04,전북특별자치도,전주시 덕진구,5200000000,5211000000,사립,전북특별자치도 전주시 덕진구 인후동1가
전주생명과학고등학교,3c3c5dc4-5557-400f-b3a7-e730f046c4c3,P100000420,04,전북특별자치도,전주시 덕진구,5200000000,5211000000,공립,전북특별자치도 전주시 덕진구 인후동2가
전주여자고등학교,a60e4a35-5811-43dd-b730-05e70f63c86e,P100000426,04,전북특별자치도,전주시 덕진구,5200000000,5211000000,공립,전북특별자치도 전주시 덕진구 인후동2가
전주여자고등학교부설방송통신고등학교,65ed531d-9f16-436a-be10-6591832cde4b,P100000427,04,전북특별자치도,전주시 덕진구,5200000000,5211000000,공립,전북특별자치도 전주시 덕진구 인후동2가
산서고등학교,30951584-99d6-41c0-ae6b-a429bb73ab30,P100000352,04,전북특별자치도,장수군,5200000000,5274000000,공립,전북특별자치도 장수군 산서면 동화리
전주금암고등학교,95ce8c62-a9f8-46aa-b198-261667a08ce9,P100000418,05,전북특별자치도,전주시 덕진구,5200000000,5211000000,사립,전북특별자치도 전주시 덕진구 금암동
전북대학교사범대학부설고등학교,f9533aba-9d8e-4ac9-8644-f0eb61a77d79,A000003520,04,전북특별자치도,전주시 덕진구,5200000000,5211000000,국립,전북특별자치도 전주시 덕진구 금암동
태인고등학교,0730b8c2-23f2-425c-a571-a3a158dbf669,P100000450,04,전북특별자치도,정읍시,5200000000,5218000000,사립,전북특별자치도 정읍시 태인면 태성리
왕신여자고등학교,265813ec-0775-44b2-b9f6-a19980ad4632,P100000378,04,전북특별자치도,정읍시,5200000000,5218000000,사립,전북특별자치도 정읍시 신태인읍 신태인리
신태인고등학교,56251100-058d-46bf-bbff-1687c4cb9e2a,P100000364,04,전북특별자치도,정읍시,5200000000,5218000000,사립,전북특별자치도 정읍시 신태인읍 신태인리
인상고등학교,5c0c4c03-fa68-47f4-b448-c31f28121b29,P100000397,04,전북특별자치도,정읍시,5200000000,5218000000,사립,전북특별자치도 정읍시 신태인읍 화호리
덕암고등학교,b686381c-01e7-4ad6-88c8-3cc09f8ee67e,P100000333,04,전북특별자치도,김제시,5200000000,5221000000,사립,전북특별자치도 김제시 서암동
덕암정보고등학교,8f4be2df-935d-4f35-b3f9-4244e0f1d200,P100000334,04,전북특별자치도,김제시,5200000000,5221000000,사립,전북특별자치도 김제시 서암동
강호항공고등학교,92b21328-c63f-4017-85f4-bebdca338683,P100000299,04,전북특별자치도,고창군,5200000000,5279000000,사립,전북특별자치도 고창군 고창읍 덕산리
전주성심여자고등학교,6cd2bd8e-ea59-46e5-8ba9-e289788f4fd3,P100000422,04,전북특별자치도,전주시 완산구,5200000000,5211000000,사립,전북특별자치도 전주시 완산구 교동
전주고등학교,dc4ca2aa-8c21-4ec9-94f0-b4abe51d38f4,P100000414,04,전북특별자치도,전주시 완산구,5200000000,5211000000,공립,전북특별자치도 전주시 완산구 중노송동
전주고등학교부설방송통신고등학교,b284a5c7-8847-4076-ab4b-df64d0d494da,P100000415,04,전북특별자치도,전주시 완산구,5200000000,5211000000,공립,전북특별자치도 전주시 완산구 중노송동
전주제일고등학교,0ca92ea8-22d8-4803-a8d5-a52b47e810a1,P100002014,04,전북특별자치도,전주시 완산구,5200000000,5211000000,공립,전북특별자치도 전주시 완산구 남노송동
전주중앙여자고등학교,dbafb690-c1cc-49b3-8009-da0e97b32ef1,P100000431,04,전북특별자치도,전주시 덕진구,5200000000,5211000000,사립,전북특별자치도 전주시 덕진구 우아동1가
인월고등학교,aff9607a-50b1-4b82-b863-32317df68fe8,P100000398,04,전북특별자치도,남원시,5200000000,5219000000,공립,전북특별자치도 남원시 인월면 서무리
김제고등학교,2c7dcc44-fe9e-444e-9795-3617a184a2ca,P100000317,04,전북특별자치도,김제시,5200000000,5221000000,공립,전북특별자치도 김제시 신풍동
김제여자고등학교,a4f097a8-22b2-490e-b0da-3f867872b93b,P100000322,04,전북특별자치도,김제시,5200000000,5221000000,공립,전북특별자치도 김제시 신풍동
김제농생명마이스터고등학교,2e772bc9-feb2-499d-aa70-a95e3b66fffb,P100000323,04,전북특별자치도,김제시,5200000000,5221000000,공립,전북특별자치도 김제시 신풍동
전라고등학교,2b7b7ccd-1ff0-4c5f-b4cb-1e409a9d45f1,P100000403,04,전북특별자치도,전주시 덕진구,5200000000,5211000000,공립,전북특별자치도 전주시 덕진구 송천동1가
전라북도립여성중고등학교(고),06467ca4-31f0-42d0-b3fc-875de058a096,P100000404,05,전북특별자치도,전주시 덕진구,5200000000,5211000000,사립,전북특별자치도 전주시 덕진구 송천동1가
전주솔내고등학교,c09d4797-30be-4222-b034-0b2b801d45f0,P100000361,04,전북특별자치도,전주시 덕진구,5200000000,5211000000,공립,전북특별자치도 전주시 덕진구 송천동1가
전북여자고등학교,202f0e75-e850-4551-a928-68d21d0a0a31,P100000381,04,전북특별자치도,전주시 덕진구,5200000000,5211000000,사립,전북특별자치도 전주시 덕진구 고랑동
전주공업고등학교,e085bb4b-6187-40b6-bbe8-c4cd215d257d,P100000416,04,전북특별자치도,전주시 덕진구,5200000000,5211000000,공립,전북특별자치도 전주시 덕진구 여의동
양현고등학교,41672698-f0f4-42b2-990e-f8be6e5829de,P100002706,04,전북특별자치도,전주시 덕진구,5200000000,5211000000,공립,전북특별자치도 전주시 덕진구 장동
우석고등학교,1f644b73-3745-4a07-8325-e42c4f5c55b9,P100000380,04,전북특별자치도,전주시 덕진구,5200000000,5211000000,사립,전북특별자치도 전주시 덕진구 여의동2가
고창북고등학교,5cc6f4ff-f807-4302-b007-16842056b83c,P100000303,04,전북특별자치도,고창군,5200000000,5279000000,사립,전북특별자치도 고창군 흥덕면 흥덕리
군산여자고등학교,a053c900-a8b9-4603-b3b8-dc2818e5abcc,P100000310,04,전북특별자치도,군산시,5200000000,5213000000,공립,전북특별자치도 군산시 월명동
군산기계공업고등학교,68ad397b-712e-429a-a57f-89d0b8c62f6b,P100000306,04,전북특별자치도,군산시,5200000000,5213000000,공립,전북특별자치도 군산시 송풍동
군산상일고등학교,05aaf379-73d7-451c-91da-fe0a07ee2f56,P100000309,04,전북특별자치도,군산시,5200000000,5213000000,공립,전북특별자치도 군산시 문화동
군산영광여자고등학교,68caa9cb-a9de-4268-9aba-0e244a005f9d,P100000312,04,전북특별자치도,군산시,5200000000,5213000000,사립,전북특별자치도 군산시 중앙로2가
군산고등학교,408b1e56-8a74-46da-aa17-59ed7406e08a,P100000305,04,전북특별자치도,군산시,5200000000,5213000000,공립,전북특별자치도 군산시 동흥남동
군산제일고등학교,629fe19c-2985-4c66-95f9-fedef2947583,P100000313,04,전북특별자치도,군산시,5200000000,5213000000,사립,전북특별자치도 군산시 조촌동
군산동고등학교,7a2720c6-c575-4804-beed-160d8f6a9e18,P100000308,04,전북특별자치도,군산시,5200000000,5213000000,공립,전북특별자치도 군산시 개정동
군산중앙여자고등학교,7cef649c-88d9-44ae-b9fb-d3a2504bf91b,P100000315,04,전북특별자치도,군산시,5200000000,5213000000,사립,전북특별자치도 군산시 수송동
군산여자상업고등학교,feab0f58-0837-467c-98ed-87eb6c15bea3,P100000311,04,전북특별자치도,군산시,5200000000,5213000000,공립,전북특별자치도 군산시 지곡동
전북외국어고등학교,e8058846-de44-45bc-97d5-c8b95022aa19,P100002489,04,전북특별자치도,군산시,5200000000,5213000000,공립,전북특별자치도 군산시 소룡동
칠보고등학교,fff47522-d079-4ac6-9f58-c562f3f1cf38,P100000448,04,전북특별자치도,정읍시,5200000000,5218000000,공립,전북특별자치도 정읍시 칠보면 시산리
자유고등학교,a90b9bee-8dc1-4f31-9b24-0e62e8269f5a,P100000304,04,전북특별자치도,고창군,5200000000,5279000000,사립,전북특별자치도 고창군 고창읍 교촌리
고창고등학교,5828ffd7-7e70-4fea-9925-548c3ce8b450,P100000301,04,전북특별자치도,고창군,5200000000,5279000000,공립,전북특별자치도 고창군 고창읍 교촌리
해리고등학교,1def1143-534f-4a7f-8177-7b86ffd103a3,P100000463,04,전북특별자치도,고창군,5200000000,5279000000,공립,전북특별자치도 고창군 해리면 하련리
경북일고등학교,d6a42e6f-6612-45cd-a749-241a9db79405,R100000714,04,경상북도,예천군,4700000000,4790000000,공립,경상북도 예천군 호명읍 산합리
전북인공지능고등학교,1045fac1-871a-4204-9b87-03cc1a912a18,P100000369,04,전북특별자치도,고창군,5200000000,5279000000,사립,전북특별자치도 고창군 무장면 무장리
순창제일고등학교,79a5b013-2bc4-4b68-b610-fbbc64b3759e,P100000363,04,전북특별자치도,순창군,5200000000,5277000000,공립,전북특별자치도 순창군 순창읍 장덕리
전북펫고등학교,1828d7eb-f264-4662-8946-40b43752fa05,P100000372,04,전북특별자치도,임실군,5200000000,5275000000,공립,전북특별자치도 임실군 오수면 오수리
동계고등학교,3f160b5a-7ddd-4e43-8740-e21440a834ed,P100000336,04,전북특별자치도,순창군,5200000000,5277000000,공립,전북특별자치도 순창군 동계면 관전리
새솔고등학교,6613b0c0-92fa-4fb2-83b6-0c46126f40ec,J100007315,04,경기도,화성시 만세구,4100000000,4159000000,공립,경기도 화성시 만세구 새솔동
삼괴고등학교,df11b8cc-1acd-456a-9fda-fe4fc0c99b2a,J100000600,04,경기도,화성시 만세구,4100000000,4159000000,사립,경기도 화성시 만세구 우정읍 조암리
발안바이오과학고등학교,75b55d0a-b2b6-4cc7-a118-e517bc9ca61b,J100000559,04,경기도,화성시 만세구,4100000000,4159000000,공립,경기도 화성시 만세구 향남읍 평리
하길고등학교,7dfb500d-2825-4b72-a63f-07ca7f67196d,J100007015,04,경기도,화성시 만세구,4100000000,4159000000,공립,경기도 화성시 만세구 향남읍 하길리
송산고등학교,436597f9-f04f-459c-a59c-92bc0e516161,J100000634,04,경기도,화성시 만세구,4100000000,4159000000,사립,경기도 화성시 만세구 송산면 사강리
화담고등학교,1c223fe4-a196-45cc-be42-e30031773482,J100007907,04,경기도,화성시 효행구,4100000000,4159000000,공립,경기도 화성시 효행구 봉담읍 상리
봉담고등학교,bfd1ae47-8d9a-498d-b55f-1357607b1a87,J100005579,04,경기도,화성시 효행구,4100000000,4159000000,공립,경기도 화성시 효행구 봉담읍 동화리
와우고등학교,7499f1ac-7b14-496b-bb6e-50d541be62e3,J100007278,04,경기도,화성시 효행구,4100000000,4159000000,공립,경기도 화성시 효행구 봉담읍 와우리
안화고등학교,c12b6f00-d07e-47f2-b5a9-c0bd3d13b362,J100005460,04,경기도,화성시 병점구,4100000000,4159000000,공립,경기도 화성시 병점구 병점동
화성반월고등학교,abb57f63-518a-4a9a-86b8-49eb9c27bcfa,J100006700,04,경기도,화성시 병점구,4100000000,4159000000,공립,경기도 화성시 병점구 반월동
동탄국제고등학교,ca64e6bb-a215-4962-9c54-88f299c56a35,J100006577,04,경기도,화성시 동탄구,4100000000,4159000000,공립,경기도 화성시 동탄구 반송동
예당고등학교,55f9345a-af25-4b4d-afc8-45f3a3cd3213,J100005580,04,경기도,화성시 동탄구,4100000000,4159000000,공립,경기도 화성시 동탄구 석우동
동탄중앙고등학교,30d79a61-ce36-42df-a986-c92307b3c8ec,J100006812,04,경기도,화성시 동탄구,4100000000,4159000000,공립,경기도 화성시 동탄구 청계동
한백고등학교,d1492c35-12fe-453a-867e-093aced637d7,J100006811,04,경기도,화성시 동탄구,4100000000,4159000000,공립,경기도 화성시 동탄구 영천동
치동고등학교,08c827d7-74a3-47a7-a94b-1b17f828d2ed,J100007863,04,경기도,화성시 동탄구,4100000000,4159000000,공립,경기도 화성시 동탄구 영천동
신동고등학교,f704243f-b9ae-4dcb-b6be-13442438b706,J100007916,04,경기도,화성시 동탄구,4100000000,4159000000,공립,경기도 화성시 동탄구 신동
창의고등학교,f56d4a05-262c-4a0a-b303-666955907fd0,J100007131,04,경기도,화성시 동탄구,4100000000,4159000000,공립,경기도 화성시 동탄구 목동
이솔고등학교,b96229d1-99c5-4121-b567-dd8aa06163fa,J100007568,04,경기도,화성시 동탄구,4100000000,4159000000,공립,경기도 화성시 동탄구 산척동
호연고등학교,445895cc-07cd-454b-ae86-b0c986e8bd1c,J100007955,04,경기도,화성시 동탄구,4100000000,4159000000,공립,경기도 화성시 동탄구 장지동
서연고등학교,e0f9d93d-b1c9-4829-8764-54fdd8fbfd60,J100007316,04,경기도,화성시 동탄구,4100000000,4159000000,공립,경기도 화성시 동탄구 장지동
능동고등학교,5f332979-890a-4bf0-b451-e306386329cd,J100005808,04,경기도,화성시 동탄구,4100000000,4159000000,공립,경기도 화성시 동탄구 송동
향일고등학교,dc907e15-8777-4bd0-b20d-a0c5a66447a5,J100005909,04,경기도,화성시 만세구,4100000000,4159000000,공립,경기도 화성시 만세구 향남읍 행정리
향남고등학교,f6690cd6-6bd4-45d2-a1e3-20cd73bf0a52,J100005663,04,경기도,화성시 만세구,4100000000,4159000000,공립,경기도 화성시 만세구 향남읍 행정리
화성고등학교,8d85f282-2ad6-4ba6-bf7b-593bf70b4aeb,J100000867,04,경기도,화성시 만세구,4100000000,4159000000,사립,경기도 화성시 만세구 향남읍 장짐리
이산고등학교,34e4409b-3df6-49af-b59e-0e586897a917,J100007130,04,경기도,화성시 동탄구,4100000000,4159000000,공립,경기도 화성시 동탄구 여울동
